date,home_team,away_team,tournament,city,country,neutral,year,month,day,result,home_points,away_points,home_capital,away_capital,home_comb,away_comb,stadium_comb,home_lat,home_lon,away_lat,away_lon,stadium_lat,stadium_lon,home_stadium_distance_km,away_stadium_distance_km,home_fix_1,home_fix_2,home_shots_1,home_shots_2,home_shots_against_1,home_shots_against_2,home_scored_1,home_scored_2,home_conceded_1,home_conceded_2,home_relative_shots_1,home_relative_shots_2,home_relative_goals_1,home_relative_goals_2,away_fix_1,away_fix_2,away_shots_1,away_shots_2,away_shots_against_1,away_shots_against_2,away_scored_1,away_scored_2,away_conceded_1,away_conceded_2,away_relative_shots_1,away_relative_shots_2,away_relative_goals_1,away_relative_goals_2,home_ranking,away_ranking,home_temperature_max,home_temperature_min,home_precipitation,home_wind_speed,away_temperature_max,away_temperature_min,away_precipitation,away_wind_speed,stadium_temperature_max,stadium_temperature_min,stadium_precipitation,stadium_wind_speed,home_stadium_temp_max,home_stadium_temp_min,home_stadium_temp_avg,away_stadium_temp_max,away_stadium_temp_min,away_stadium_temp_avg
1994-06-18,Italy,Republic of Ireland,FWC,East Rutherford,United States,True,1994,6,18,2,57.0,53.0,Rome,Dublin,"Rome, Italy","Dublin, Republic of Ireland","East Rutherford, United States",41.8933203,12.4829321,53.3493795,-6.2605593,40.833989,-74.0970865,6888.707848815244,5112.149482805676,7.236,7.255,20,14,9,14,2,4,1,5,0.6897,0.5,0.6667,0.4444,6.873,7.482,8,15,13,21,0,5,1,4,0.381,0.4167,0.0,0.5556,15,55,25.5,14.5,0.0,9.5,19.4,12.0,0.3,25.7,32.2,21.3,0.4,11.2,6.700000000000003,6.800000000000001,6.750000000000002,12.800000000000004,9.3,11.050000000000002
1994-06-19,Belgium,Morocco,FWC,Orlando,United States,True,1994,6,19,1,44.0,44.0,Brussels,Rabat,"Brussels, Belgium","Rabat, Morocco","Orlando, United States",50.8467372,4.352493,34.0218454,-6.8408929,28.5421218,-81.379045,7303.49833222911,6951.874587075628,7.164,6.818,16,11,7,6,0,1,1,2,0.6957,0.6471,0.0,0.3333,6.955,7.336,9,12,18,26,0,3,1,1,0.3333,0.3158,0.0,0.75,8,6,22.9,11.3,0.0,19.8,25.7,15.9,0.0,17.5,30.1,21.9,6.1,11.0,7.200000000000003,10.599999999999998,8.9,4.400000000000002,5.999999999999998,5.2
1994-06-21,Argentina,Greece,FWC,Foxborough,United States,True,1994,6,21,1,55.0,41.0,Buenos Aires,Athens,"Buenos Aires, Argentina","Athens, Greece","Foxborough, United States",-34.6095579,-58.3887904,37.9755648,23.7348324,42.0653768,-71.2478308,8626.010463267072,7651.557708213434,6.536,7.255,1,14,23,14,0,5,1,4,0.0417,0.5,0.0,0.5556,7.127,6.564,13,11,13,11,0,1,0,3,0.5,0.5,0.5,0.25,2,46,14.0,8.4,3.1,25.3,35.8,21.7,0.0,22.2,24.9,16.8,1.0,17.9,10.899999999999999,8.4,9.649999999999999,10.899999999999999,4.899999999999999,7.899999999999999
1994-06-21,Germany,Spain,FWC,Chicago,United States,True,1994,6,21,0,60.0,56.0,Berlin,Madrid,"Berlin, Germany","Madrid, Spain","Chicago, United States",52.5173885,13.3951309,40.416782,-3.703507,41.8755616,-87.6244212,7082.9773460503775,6724.436927595643,7.473,6.845,13,15,6,8,1,0,0,2,0.6842,0.6522,1.0,0.0,7.018,7.055,11,24,15,12,2,1,2,2,0.4231,0.6667,0.5,0.3333,12,1,21.7,9.5,0.1,13.2,30.4,16.6,0.0,13.7,26.7,22.3,1.7,21.9,5.0,12.8,8.9,3.6999999999999993,5.699999999999999,4.699999999999999
1994-06-22,Romania,Switzerland,FWC,Pontiac,United States,True,1994,6,22,2,55.0,54.0,Bucharest,Bern,"Bucharest, Romania","Bern, Switzerland","Pontiac, United States",44.4361414,26.102684,46.9484742,7.4521749,42.6389216,-83.2910468,8067.542702570979,6756.183908195861,7.582,7.482,11,21,18,15,3,4,1,5,0.3793,0.5833,0.75,0.4444,7.082,6.964,21,11,11,17,1,0,1,2,0.6562,0.3929,0.5,0.0,52,14,24.8,16.7,0.0,15.4,22.8,11.6,0.0,9.4,27.8,15.2,0.0,10.2,3.0,1.5,2.25,5.0,3.5999999999999996,4.3
1994-06-24,Brazil,Cameroon,FWC,Palo Alto,United States,True,1994,6,24,1,59.0,46.0,Brasília,Yaoundé,"Brasília, Brazil","Yaoundé, Cameroon","Palo Alto, United States",-15.7939869,-47.8828,3.8689867,11.5213344,37.4443293,-122.1598465,9742.796850380972,13388.060924799918,7.409,7.064,17,16,8,6,2,0,0,1,0.68,0.7273,1.0,0.0,6.991,6.727,10,21,16,13,2,2,2,3,0.3846,0.6176,0.5,0.4,5,43,25.4,15.5,0.2,10.6,26.0,20.2,3.2,10.1,22.4,11.4,0.0,15.7,3.0,4.1,3.55,3.6000000000000014,8.799999999999999,6.2
1994-06-24,Mexico,Republic of Ireland,FWC,Orlando,United States,True,1994,6,24,1,51.0,53.0,Mexico City,Dublin,"Mexico City, Mexico","Dublin, Republic of Ireland","Orlando, United States",19.3207722,-99.1514678,53.3493795,-6.2605593,28.5421218,-81.379045,2073.2980607410545,6538.377088830667,7.109,7.1,17,10,10,12,0,1,1,4,0.6296,0.4545,0.0,0.2,7.109,6.873,9,8,13,13,1,0,0,1,0.4091,0.381,1.0,0.0,10,55,20.7,11.5,11.1,7.1,18.7,12.7,0.6,24.9,32.5,24.3,0.0,19.6,11.8,12.8,12.3,13.8,11.600000000000001,12.700000000000001
1994-06-25,Belgium,Netherlands,FWC,Orlando,United States,True,1994,6,25,1,44.0,59.0,Brussels,Amsterdam,"Brussels, Belgium","Amsterdam, Netherlands","Orlando, United States",50.8467372,4.352493,52.3730796,4.8924534,28.5421218,-81.379045,7303.49833222911,7293.027184125438,7.373,7.164,11,16,20,7,1,0,0,1,0.3548,0.6957,1.0,0.0,7.509,7.309,28,20,8,19,2,6,1,7,0.7778,0.5128,0.6667,0.4615,8,9,23.6,18.7,2.5,16.4,23.6,15.7,1.5,20.4,33.3,25.2,0.0,18.5,9.699999999999996,6.5,8.099999999999998,9.699999999999996,9.5,9.599999999999998
1994-06-26,Bulgaria,Greece,FWC,Chicago,United States,True,1994,6,26,1,44.0,41.0,Sofia,Athens,"Sofia, Bulgaria","Athens, Greece","Chicago, United States",42.6977028,23.3217359,37.9755648,23.7348324,41.8755616,-87.6244212,8351.411282838355,8744.421453188494,6.745,7.055,16,18,8,13,0,0,3,2,0.6667,0.5806,0.0,0.0,6.473,7.127,8,13,19,13,0,0,4,0,0.2963,0.5,0.0,0.5,85,46,26.4,14.3,0.0,8.6,30.2,20.5,0.0,22.9,22.4,19.1,9.6,20.9,4.0,4.800000000000001,4.4,7.800000000000001,1.3999999999999986,4.6
1994-06-26,Switzerland,Colombia,FWC,Palo Alto,United States,True,1994,6,26,2,54.0,51.0,Bern,Bogotá,"Bern, Switzerland","Bogotá, Colombia","Palo Alto, United States",46.9484742,7.4521749,4.6533817,-74.0836331,37.4443293,-122.1598465,9377.589222870984,6080.911710005005,7.255,7.082,10,21,12,11,4,1,1,1,0.4545,0.6562,0.8,0.5,7.155,6.8,15,18,13,11,1,1,2,3,0.5357,0.6207,0.3333,0.25,14,11,22.8,14.4,0.5,8.2,18.2,10.4,0.2,15.8,28.2,11.6,0.0,14.2,5.399999999999999,2.8000000000000007,4.1,10.0,1.1999999999999993,5.6
1994-06-27,Bolivia,Spain,FWC,Chicago,United States,True,1994,6,27,2,35.0,56.0,Sucre,Madrid,"Sucre, Bolivia","Madrid, Spain","Chicago, United States",-19.0477251,-65.2594306,40.416782,-3.703507,41.8755616,-87.6244212,7154.228639102133,6724.436927595643,7.445,6.755,21,6,14,13,0,0,0,1,0.6,0.3158,0.5,0.0,6.8,7.018,13,11,9,15,1,2,1,2,0.5909,0.4231,0.5,0.5,77,1,17.0,0.1,0.0,14.3,30.4,14.6,0.0,11.5,22.7,19.4,0.2,16.1,5.699999999999999,19.299999999999997,12.499999999999998,7.699999999999999,4.799999999999999,6.249999999999999
1994-06-27,Germany,South Korea,FWC,Dallas,United States,True,1994,6,27,1,60.0,38.0,Berlin,Seoul,"Berlin, Germany","Seoul, South Korea","Dallas, United States",52.5173885,13.3951309,37.5666791,126.9782914,32.7762719,-96.7968559,8378.04164985308,10974.270558501026,7.291,7.473,9,13,13,6,1,1,1,0,0.4091,0.6842,0.5,1.0,7.173,7.0,14,15,21,11,0,2,0,2,0.4,0.5769,0.5,0.5,12,32,27.8,16.2,0.0,10.8,27.0,19.3,0.0,12.2,38.3,26.7,0.0,32.3,10.499999999999996,10.5,10.499999999999998,11.299999999999997,7.399999999999999,9.349999999999998
1994-06-28,Russia,Cameroon,FWC,Palo Alto,United States,True,1994,6,28,1,50.0,46.0,Moscow,Yaoundé,"Moscow, Russia","Yaoundé, Cameroon","Palo Alto, United States",55.625578,37.6063916,3.8689867,11.5213344,37.4443293,-122.1598465,9489.540939006016,13388.060924799918,6.527,6.773,11,8,21,17,1,0,3,2,0.3438,0.32,0.25,0.0,6.555,6.991,5,10,10,16,0,2,3,2,0.3333,0.3846,0.0,0.5,35,43,19.6,14.7,0.3,26.2,26.3,19.9,9.8,11.0,25.4,14.0,0.0,11.0,5.799999999999997,0.6999999999999993,3.2499999999999982,0.9000000000000021,5.899999999999999,3.4000000000000004
1994-06-28,Italy,Mexico,FWC,"Washington, D.C.",United States,True,1994,6,28,0,57.0,51.0,Rome,Mexico City,"Rome, Italy","Mexico City, Mexico","Washington, D.C., United States",41.8933203,12.4829321,19.3207722,-99.1514678,38.8950982,-77.0363849,7216.999258035341,3041.788799513721,6.891,6.936,15,13,6,9,1,0,0,1,0.7143,0.5909,1.0,0.0,7.227,7.109,11,17,13,10,2,0,1,1,0.4583,0.6296,0.6667,0.0,15,10,25.1,19.2,0.3,12.2,21.0,10.2,13.7,7.7,30.5,20.3,0.0,14.3,5.399999999999999,1.1000000000000014,3.25,9.5,10.100000000000001,9.8
1994-06-28,Republic of Ireland,Norway,FWC,East Rutherford,United States,True,1994,6,28,0,53.0,56.0,Dublin,Oslo,"Dublin, Republic of Ireland","Oslo, Norway","East Rutherford, United States",53.3493795,-6.2605593,59.9133301,10.7389701,40.833989,-74.0970865,5112.149482805676,5908.5052861483755,6.691,7.109,13,9,11,13,1,1,2,0,0.5417,0.4091,0.3333,1.0,6.9,7.045,6,10,15,17,0,1,1,0,0.2857,0.3704,0.0,1.0,55,19,19.7,13.5,0.0,26.8,26.1,14.9,0.0,15.0,26.0,20.5,2.5,23.6,6.300000000000001,7.0,6.65,0.10000000000000142,5.6,2.8500000000000005
1994-06-28,Brazil,Sweden,FWC,Pontiac,United States,True,1994,6,28,0,59.0,55.0,Brasília,Stockholm,"Brasília, Brazil","Stockholm, Sweden","Pontiac, United States",-15.7939869,-47.8828,59.3251172,18.0710935,42.6389216,-83.2910468,7437.305556703418,6607.819035794877,7.582,7.409,10,17,5,8,3,2,0,0,0.6667,0.68,1.0,1.0,7.555,7.145,21,16,11,10,3,2,1,2,0.6562,0.6154,0.75,0.5,5,37,22.5,13.7,0.0,19.3,24.1,13.8,0.0,15.4,25.2,12.8,5.3,18.1,2.6999999999999993,0.8999999999999986,1.799999999999999,1.0999999999999979,1.0,1.049999999999999
1994-06-29,Morocco,Netherlands,FWC,Orlando,United States,True,1994,6,29,2,44.0,59.0,Rabat,Amsterdam,"Rabat, Morocco","Amsterdam, Netherlands","Orlando, United States",34.0218454,-6.8408929,52.3730796,4.8924534,28.5421218,-81.379045,6951.874587075628,7293.027184125438,7.045,7.027,28,20,11,11,1,0,2,1,0.7179,0.6452,0.3333,0.0,7.118,7.509,15,28,16,8,0,2,1,1,0.4839,0.7778,0.0,0.6667,6,9,29.9,19.2,0.0,13.7,22.0,14.9,1.6,22.9,31.9,23.3,4.7,8.7,2.0,4.100000000000001,3.0500000000000007,9.899999999999999,8.4,9.149999999999999
1994-06-29,Belgium,Saudi Arabia,FWC,"Washington, D.C.",United States,True,1994,6,29,2,44.0,40.0,Brussels,Riyadh,"Brussels, Belgium","Riyadh, Saudi Arabia","Washington, D.C., United States",50.8467372,4.352493,24.638916,46.7160104,38.8950982,-77.0363849,6216.968926134251,10846.386108749508,7.518,7.373,16,11,15,20,1,1,0,0,0.5161,0.3548,1.0,1.0,7.118,6.991,11,8,28,28,2,1,1,2,0.2821,0.2222,0.6667,0.3333,8,58,23.6,16.8,0.2,21.0,37.5,22.8,0.0,20.8,31.5,23.4,10.1,16.6,7.899999999999999,6.599999999999998,7.249999999999998,6.0,0.5999999999999979,3.299999999999999
1994-07-02,Germany,Belgium,FWC,Chicago,United States,True,1994,7,2,1,60.0,44.0,Berlin,Brussels,"Berlin, Germany","Brussels, Belgium","Chicago, United States",52.5173885,13.3951309,50.8467372,4.352493,41.8755616,-87.6244212,7082.9773460503775,6661.296790091495,7.173,7.291,14,9,19,13,3,1,2,1,0.4242,0.4091,0.6,0.5,7.155,7.518,19,16,13,15,0,1,1,0,0.5938,0.5161,0.0,1.0,12,8,26.0,11.8,0.0,10.9,30.3,18.0,1.6,11.9,23.8,17.4,2.1,27.4,2.1999999999999993,5.599999999999998,3.8999999999999986,6.5,0.6000000000000014,3.5500000000000007
1994-07-02,Spain,Switzerland,FWC,"Washington, D.C.",United States,True,1994,7,2,1,56.0,54.0,Madrid,Bern,"Madrid, Spain","Bern, Switzerland","Washington, D.C., United States",40.416782,-3.703507,46.9484742,7.4521749,38.8950982,-77.0363849,6088.715749472218,6598.929682468838,7.345,6.8,13,13,14,9,3,1,1,1,0.4815,0.5909,0.75,0.5,6.927,7.255,12,10,12,12,0,4,2,1,0.5,0.4545,0.0,0.8,1,14,36.7,23.2,0.0,20.7,28.6,14.7,0.0,6.3,31.3,19.7,0.0,11.9,5.400000000000002,3.5,4.450000000000001,2.6999999999999993,5.0,3.8499999999999996
1994-07-03,Romania,Argentina,FWC,Pasadena,United States,True,1994,7,3,1,55.0,55.0,Bucharest,Buenos Aires,"Bucharest, Romania","Buenos Aires, Argentina","Pasadena, United States",44.4361414,26.102684,-34.6095579,-58.3887904,34.1476507,-118.144155,10559.768367178885,9852.940781750822,7.482,6.536,15,12,17,10,1,1,0,4,0.4688,0.5455,1.0,0.2,6.873,7.327,13,17,8,12,0,2,2,1,0.619,0.5862,0.0,0.6667,52,2,27.1,18.6,0.0,10.9,15.1,4.5,0.0,14.4,27.8,15.6,0.0,12.9,0.6999999999999993,3.0000000000000018,1.8500000000000005,12.700000000000001,11.1,11.9
1994-07-03,Saudi Arabia,Sweden,FWC,Dallas,United States,True,1994,7,3,2,40.0,55.0,Riyadh,Stockholm,"Riyadh, Saudi Arabia","Stockholm, Sweden","Dallas, United States",24.638916,46.7160104,59.3251172,18.0710935,32.7762719,-96.7968559,12551.315484339952,8164.766904815777,7.445,7.118,13,11,19,28,1,2,0,1,0.4062,0.2821,1.0,0.6667,7.136,7.555,7,21,17,11,1,3,1,1,0.2917,0.6562,0.5,0.75,58,37,40.8,25.2,0.0,26.2,23.3,14.2,0.0,14.0,35.3,25.7,0.0,21.3,5.5,0.5,3.0,11.999999999999996,11.5,11.749999999999998
1994-07-04,Netherlands,Republic of Ireland,FWC,Orlando,United States,True,1994,7,4,1,59.0,53.0,Amsterdam,Dublin,"Amsterdam, Netherlands","Dublin, Republic of Ireland","Orlando, United States",52.3730796,4.8924534,53.3493795,-6.2605593,28.5421218,-81.379045,7293.027184125438,6538.377088830667,7.236,7.118,11,15,10,16,2,0,1,1,0.5238,0.4839,0.6667,0.0,7.091,6.691,7,13,12,11,0,1,0,2,0.3684,0.5417,0.5,0.3333,9,55,22.3,16.5,0.7,19.7,18.0,14.5,8.0,17.3,28.7,23.2,6.2,10.1,6.399999999999999,6.699999999999999,6.549999999999999,10.7,8.7,9.7
1994-07-05,Nigeria,Italy,FWC,Foxborough,United States,True,1994,7,5,2,54.0,57.0,Abuja,Rome,"Abuja, Nigeria","Rome, Italy","Foxborough, United States",9.0643305,7.4892974,41.8933203,12.4829321,42.0653768,-71.2478308,8406.041143267046,6614.743456954931,7.536,6.882,22,12,13,17,2,1,0,2,0.6286,0.4138,1.0,0.3333,7.155,6.891,10,15,11,6,1,1,1,0,0.4762,0.7143,0.5,1.0,26,15,25.2,21.2,14.0,13.2,31.6,19.8,0.0,9.8,29.0,16.5,0.0,18.3,3.8000000000000007,4.699999999999999,4.25,2.6000000000000014,3.3000000000000007,2.950000000000001
1994-07-05,Mexico,Bulgaria,FWC,East Rutherford,United States,True,1994,7,5,0,51.0,44.0,Mexico City,Sofia,"Mexico City, Mexico","Sofia, Bulgaria","East Rutherford, United States",19.3207722,-99.1514678,42.6977028,23.3217359,40.833989,-74.0970865,3372.3000848118954,7581.837963344749,6.936,7.227,11,11,10,13,1,2,1,1,0.5238,0.4583,0.5,0.6667,7.145,7.527,8,13,13,12,2,4,0,0,0.381,0.52,1.0,1.0,10,85,21.8,9.8,5.0,6.2,28.0,18.2,0.0,6.7,27.3,19.1,0.1,11.8,5.5,9.3,7.4,0.6999999999999993,0.9000000000000021,0.8000000000000007
1994-07-09,Italy,Spain,FWC,Foxborough,United States,True,1994,7,9,1,57.0,56.0,Rome,Madrid,"Rome, Italy","Madrid, Spain","Foxborough, United States",41.8933203,12.4829321,40.416782,-3.703507,42.0653768,-71.2478308,6614.743456954931,5497.273729792037,7.473,7.155,21,10,14,11,2,1,1,1,0.6,0.4762,0.6667,0.5,7.536,7.345,10,13,16,14,3,3,0,1,0.3846,0.4815,1.0,0.75,15,1,30.0,18.1,0.2,11.2,34.3,19.5,0.0,12.3,31.0,21.3,2.2,15.0,1.0,3.1999999999999993,2.0999999999999996,3.299999999999997,1.8000000000000007,2.549999999999999
1994-07-09,Netherlands,Brazil,FWC,Dallas,United States,True,1994,7,9,2,59.0,59.0,Amsterdam,Brasília,"Amsterdam, Netherlands","Brasília, Brazil","Dallas, United States",52.3730796,4.8924534,-15.7939869,-47.8828,32.7762719,-96.7968559,7900.296112495846,7494.149348722972,7.291,7.236,14,11,20,10,2,2,0,1,0.4118,0.5238,1.0,0.6667,7.418,7.064,20,17,4,7,1,1,0,1,0.8333,0.7083,1.0,0.5,9,5,20.2,14.5,0.0,8.2,21.4,13.6,0.0,17.7,29.6,24.7,1.2,17.3,9.400000000000002,10.2,9.8,8.200000000000003,11.1,9.650000000000002
1994-07-10,Bulgaria,Germany,FWC,East Rutherford,United States,True,1994,7,10,1,44.0,60.0,Sofia,Berlin,"Sofia, Bulgaria","Berlin, Germany","East Rutherford, United States",42.6977028,23.3217359,52.5173885,13.3951309,40.833989,-74.0970865,7581.837963344749,6380.736425313851,7.255,7.145,11,8,22,13,4,2,2,0,0.3333,0.381,0.6667,1.0,7.345,7.173,21,14,12,19,3,3,2,2,0.6364,0.4242,0.6,0.6,85,12,20.6,13.9,0.6,11.6,24.0,13.7,0.0,15.4,30.0,23.4,0.0,19.1,9.399999999999999,9.499999999999998,9.45,6.0,9.7,7.85
1994-07-10,Romania,Sweden,FWC,Palo Alto,United States,True,1994,7,10,0,55.0,55.0,Bucharest,Stockholm,"Bucharest, Romania","Stockholm, Sweden","Palo Alto, United States",44.4361414,26.102684,59.3251172,18.0710935,37.4443293,-122.1598465,10367.4951190878,8649.238460265922,7.2,7.482,13,15,22,17,3,1,2,0,0.3714,0.4688,0.6,1.0,7.582,7.136,19,7,16,17,3,1,1,1,0.5429,0.2917,0.75,0.5,52,37,20.7,17.5,21.9,12.0,26.2,15.7,0.0,17.3,26.0,14.2,0.0,13.0,5.300000000000001,3.3000000000000007,4.300000000000001,0.1999999999999993,1.5,0.8499999999999996
1994-07-13,Bulgaria,Italy,FWC,East Rutherford,United States,True,1994,7,13,2,44.0,57.0,Sofia,Rome,"Sofia, Bulgaria","Rome, Italy","East Rutherford, United States",42.6977028,23.3217359,41.8933203,12.4829321,40.833989,-74.0970865,7581.837963344749,6888.707848815244,7.255,7.255,14,11,25,22,2,4,1,2,0.359,0.3333,0.6667,0.6667,7.064,7.473,6,21,14,14,2,2,1,1,0.3,0.6,0.6667,0.6667,85,15,19.1,14.8,3.5,10.4,30.6,19.5,0.0,8.3,33.0,20.7,0.8,11.6,13.899999999999999,5.899999999999999,9.899999999999999,2.3999999999999986,1.1999999999999993,1.799999999999999
1994-07-16,Sweden,Bulgaria,FWC,Pasadena,United States,True,1994,7,16,1,55.0,44.0,Stockholm,Sofia,"Stockholm, Sweden","Sofia, Bulgaria","Pasadena, United States",59.3251172,18.0710935,42.6977028,23.3217359,34.1476507,-118.144155,8867.611022341016,10614.532616864291,6.964,7.491,2,19,28,21,0,7,1,6,0.0667,0.475,0.0,0.5385,6.918,7.255,11,14,11,25,1,2,2,1,0.5,0.359,0.3333,0.6667,37,85,24.8,18.4,2.5,16.9,22.9,15.0,1.2,14.8,31.9,15.1,0.0,12.5,7.099999999999998,3.299999999999999,5.199999999999998,9.0,0.09999999999999964,4.55
1994-07-17,Brazil,Italy,FWC,Pasadena,United States,True,1994,7,17,0,59.0,57.0,Brasília,Rome,"Brasília, Brazil","Rome, Italy","Pasadena, United States",-15.7939869,-47.8828,41.8933203,12.4829321,34.1476507,-118.144155,9265.752669542586,10175.169910480992,7.491,7.127,28,14,2,11,1,3,0,2,0.9333,0.56,1.0,0.6,7.2,7.064,11,6,11,14,2,2,1,1,0.5,0.3,0.6667,0.6667,5,15,24.4,14.7,0.0,15.8,32.5,20.6,0.0,14.3,30.4,18.1,0.0,12.0,6.0,3.400000000000002,4.700000000000001,2.1000000000000014,2.5,2.3000000000000007
1996-06-08,England,Switzerland,EURO,London,England,False,1996,6,8,0,49.0,50.0,London,Bern,"London, England","Bern, Switzerland","London, England",51.5074456,-0.1277653,46.9484742,7.4521749,51.5074456,-0.1277653,0.0,747.5905188018049,6.673,6.964,7,6,17,8,1,0,2,0,0.2917,0.4286,0.3333,0.5,6.627,6.927,16,12,10,12,0,0,3,2,0.6154,0.5,0.0,0.0,4,14,20.3,15.8,0.0,18.5,22.3,13.0,2.1,7.3,20.3,15.8,0.0,18.5,0.0,0.0,0.0,2.0,2.8000000000000007,2.4000000000000004
1996-06-09,Denmark,Portugal,EURO,Sheffield,England,True,1996,6,9,0,55.0,51.0,Copenhagen,Lisbon,"Copenhagen, Denmark","Lisbon, Portugal","Sheffield, England",55.6867243,12.5700724,38.7077507,-9.1365919,53.3806626,-1.4702278,939.5902934580558,1733.112003738684,7.282,7.282,8,19,15,20,2,7,0,6,0.3478,0.4872,1.0,0.5385,6.8,7.227,26,16,12,12,1,0,3,1,0.6842,0.5714,0.25,0.0,21,7,21.8,15.5,0.0,13.1,22.3,15.0,0.0,25.8,19.3,7.0,0.5,21.1,2.5,8.5,5.5,3.0,8.0,5.5
1996-06-09,Spain,Bulgaria,EURO,Leeds,England,True,1996,6,9,0,58.0,47.0,Madrid,Sofia,"Madrid, Spain","Sofia, Bulgaria","Leeds, England",40.416782,-3.703507,42.6977028,23.3217359,53.7974185,-1.5437941,1496.6274298096228,2198.4278864695243,6.9,7.536,14,10,6,16,1,3,2,0,0.7,0.3846,0.3333,1.0,6.518,6.918,18,11,15,11,0,1,4,2,0.5455,0.5,0.0,0.3333,1,85,29.4,14.6,0.0,8.8,28.9,17.8,0.0,9.2,19.5,5.9,0.3,19.9,9.899999999999999,8.7,9.299999999999999,9.399999999999999,11.9,10.649999999999999
1996-06-10,Romania,France,EURO,Newcastle,England,True,1996,6,10,2,52.0,58.0,Bucharest,Paris,"Bucharest, Romania","Paris, France","Newcastle, England",44.4361414,26.102684,48.8534951,2.3483915,54.9738474,-1.6131572,2289.6239738227923,732.4981603899379,7.255,7.2,21,13,19,22,6,3,7,2,0.525,0.3714,0.4615,0.6,6.482,7.055,13,8,8,6,1,0,2,0,0.619,0.5714,0.3333,0.5,52,3,31.2,18.7,0.0,10.0,27.4,13.8,0.3,9.8,17.2,12.9,1.6,30.3,14.0,5.799999999999999,9.899999999999999,10.2,0.9000000000000004,5.55
1996-06-10,Netherlands,Scotland,EURO,Birmingham,England,True,1996,6,10,0,54.0,46.0,Amsterdam,Edinburgh,"Amsterdam, Netherlands","Edinburgh, Scotland","Birmingham, England",52.3730796,4.8924534,55.9533456,-3.1883749,52.4948994,-1.8518439,457.2488622324341,394.2341587539089,6.891,7.291,11,14,14,20,2,2,3,0,0.44,0.4118,0.4,1.0,7.436,6.909,12,20,18,19,3,0,0,2,0.4,0.5128,1.0,0.0,9,42,24.2,12.4,0.0,13.9,15.8,12.2,3.2,24.5,19.0,12.0,2.1,19.8,5.199999999999999,0.40000000000000036,2.8,3.1999999999999993,0.1999999999999993,1.6999999999999993
1996-06-11,Italy,Russia,EURO,Liverpool,England,True,1996,6,11,1,57.0,60.0,Rome,Moscow,"Rome, Italy","Moscow, Russia","Liverpool, England",41.8933203,12.4829321,55.625578,37.6063916,53.3933411,-2.9166389,1714.9834719931496,2590.1934096989066,7.327,7.2,6,11,18,11,2,2,3,1,0.25,0.5,0.4,0.6667,7.536,6.527,23,11,11,21,6,1,1,3,0.6765,0.3438,0.8571,0.25,15,35,31.1,19.2,0.1,7.3,23.4,15.8,10.9,11.8,16.2,12.2,5.6,31.1,14.900000000000002,7.0,10.950000000000001,7.199999999999999,3.6000000000000014,5.4
1996-06-13,Switzerland,Netherlands,EURO,Birmingham,England,True,1996,6,13,2,50.0,54.0,Bern,Amsterdam,"Bern, Switzerland","Amsterdam, Netherlands","Birmingham, England",46.9484742,7.4521749,52.3730796,4.8924534,52.4948994,-1.8518439,908.4778030414092,457.2488622324341,6.955,6.627,13,16,15,10,1,0,1,3,0.4643,0.6154,0.5,0.0,7.209,6.891,15,11,5,14,0,2,0,3,0.75,0.44,0.5,0.4,14,9,19.1,14.6,5.4,15.5,16.2,11.3,0.0,20.0,16.7,5.9,0.0,9.2,2.400000000000002,8.7,5.550000000000001,0.5,5.4,2.95
1996-06-13,Bulgaria,Romania,EURO,Newcastle,England,True,1996,6,13,1,47.0,52.0,Sofia,Bucharest,"Sofia, Bulgaria","Bucharest, Romania","Newcastle, England",42.6977028,23.3217359,44.4361414,26.102684,54.9738474,-1.6131572,2258.609588282916,2289.6239738227923,6.991,6.518,10,18,18,15,1,0,1,4,0.3571,0.5455,0.5,0.0,6.836,7.255,11,21,13,19,0,6,1,7,0.4583,0.525,0.0,0.4615,85,52,24.1,17.5,12.5,9.9,29.0,18.7,2.5,9.4,15.4,8.0,0.0,16.8,8.700000000000001,9.5,9.100000000000001,13.6,10.7,12.149999999999999
1996-06-15,France,Spain,EURO,Leeds,England,True,1996,6,15,0,58.0,58.0,Paris,Madrid,"Paris, France","Madrid, Spain","Leeds, England",48.8534951,2.3483915,40.416782,-3.703507,53.7974185,-1.5437941,612.4385392225759,1496.6274298096228,7.209,6.482,13,13,11,8,1,1,0,2,0.5417,0.619,1.0,0.3333,6.691,6.9,18,14,10,6,1,1,1,2,0.6429,0.7,0.5,0.3333,3,1,23.7,10.9,0.0,18.1,33.4,19.3,0.0,8.0,21.9,8.6,0.0,8.6,1.8000000000000007,2.3000000000000007,2.0500000000000007,11.5,10.700000000000001,11.100000000000001
1996-06-15,England,Scotland,EURO,London,England,False,1996,6,15,1,49.0,46.0,London,Edinburgh,"London, England","Edinburgh, Scotland","London, England",51.5074456,-0.1277653,55.9533456,-3.1883749,51.5074456,-0.1277653,0.0,533.6548279915723,7.045,6.673,15,7,13,17,1,1,1,2,0.5357,0.2917,0.5,0.3333,7.027,7.436,5,12,15,18,0,3,0,0,0.25,0.4,0.5,1.0,4,42,20.0,7.5,0.0,15.6,18.4,9.8,0.0,14.8,20.0,7.5,0.0,15.6,0.0,0.0,0.0,1.6000000000000014,2.3000000000000007,1.950000000000001
1996-06-16,Russia,Germany,EURO,Manchester,England,True,1996,6,16,2,60.0,63.0,Moscow,Berlin,"Moscow, Russia","Berlin, Germany","Manchester, England",55.625578,37.6063916,52.5173885,13.3951309,53.4424618,-2.2324547,2546.06189189907,1049.1766275848868,6.736,7.536,11,23,16,11,1,6,2,1,0.4074,0.6765,0.3333,0.8571,7.209,7.309,13,25,7,14,2,1,0,2,0.65,0.641,1.0,0.3333,35,12,15.9,8.9,4.1,20.0,17.9,10.0,0.2,14.2,23.1,11.2,0.0,11.2,7.200000000000001,2.299999999999999,4.75,5.200000000000003,1.1999999999999993,3.200000000000001
1996-06-18,France,Bulgaria,EURO,Newcastle,England,True,1996,6,18,1,58.0,47.0,Paris,Sofia,"Paris, France","Sofia, Bulgaria","Newcastle, England",48.8534951,2.3483915,42.6977028,23.3217359,54.9738474,-1.6131572,732.4981603899379,2258.609588282916,6.773,7.209,8,13,9,11,1,1,1,0,0.4706,0.5417,0.5,1.0,7.1,6.991,12,10,19,18,1,1,0,1,0.3871,0.3571,1.0,0.5,3,85,26.8,13.6,0.0,18.5,21.1,12.1,0.1,5.4,15.2,10.4,0.0,19.3,11.600000000000001,3.1999999999999993,7.4,5.900000000000002,1.6999999999999993,3.8000000000000007
1996-06-18,England,Netherlands,EURO,London,England,False,1996,6,18,1,49.0,54.0,London,Amsterdam,"London, England","Amsterdam, Netherlands","London, England",51.5074456,-0.1277653,52.3730796,4.8924534,51.5074456,-0.1277653,0.0,357.25806675577707,7.345,7.045,17,15,7,13,2,1,0,1,0.7083,0.5357,1.0,0.5,7.364,7.209,21,15,8,5,2,0,0,0,0.7241,0.75,1.0,0.5,4,9,21.8,12.1,0.0,15.8,17.0,11.6,0.0,22.0,21.8,12.1,0.0,15.8,0.0,0.0,0.0,4.800000000000001,0.5,2.6500000000000004
1996-06-18,Romania,Spain,EURO,Leeds,England,True,1996,6,18,2,52.0,58.0,Bucharest,Madrid,"Bucharest, Romania","Madrid, Spain","Leeds, England",44.4361414,26.102684,40.416782,-3.703507,53.7974185,-1.5437941,2245.4264634501505,1496.6274298096228,6.991,6.836,19,11,12,13,0,0,1,1,0.6129,0.4583,0.0,0.0,6.909,6.691,9,18,8,10,1,1,1,1,0.5294,0.6429,0.5,0.5,52,1,23.2,11.1,0.2,7.2,28.8,19.5,1.7,9.2,16.5,9.7,0.0,15.9,6.699999999999999,1.4000000000000004,4.05,12.3,9.8,11.05
1996-06-18,Scotland,Switzerland,EURO,Birmingham,England,True,1996,6,18,1,46.0,50.0,Edinburgh,Bern,"Edinburgh, Scotland","Bern, Switzerland","Birmingham, England",55.9533456,-3.1883749,46.9484742,7.4521749,52.4948994,-1.8518439,394.2341587539089,908.4778030414092,6.636,7.027,7,5,17,15,0,0,2,0,0.2917,0.25,0.0,0.5,6.655,6.955,8,13,21,15,0,1,2,1,0.2759,0.4643,0.0,0.5,42,14,16.5,9.3,0.0,13.8,22.3,11.4,0.0,16.5,19.1,9.4,0.0,18.0,2.6000000000000014,0.09999999999999964,1.3500000000000005,3.1999999999999993,2.0,2.5999999999999996
1996-06-19,Croatia,Portugal,EURO,Nottingham,England,True,1996,6,19,2,48.0,51.0,Zagreb,Lisbon,"Zagreb, Croatia","Lisbon, Portugal","Nottingham, England",45.8130967,15.9772795,38.7077507,-9.1365919,52.9534193,-1.1496461,1466.5333124223496,1698.0992937396802,7.755,6.973,16,7,9,5,3,1,0,0,0.64,0.5833,1.0,1.0,7.127,6.882,12,19,13,12,1,1,0,1,0.48,0.6129,1.0,0.5,13,7,26.2,14.0,2.6,14.3,23.7,17.2,0.0,25.4,15.8,10.1,0.0,19.8,10.399999999999999,3.9000000000000004,7.1499999999999995,7.899999999999999,7.1,7.499999999999999
1996-06-19,Italy,Germany,EURO,Manchester,England,True,1996,6,19,0,57.0,63.0,Rome,Berlin,"Rome, Italy","Berlin, Germany","Manchester, England",41.8933203,12.4829321,52.5173885,13.3951309,53.4424618,-2.2324547,1685.447603984696,1049.1766275848868,6.673,7.091,12,16,10,11,1,2,2,1,0.5455,0.5926,0.3333,0.6667,7.636,7.209,16,13,13,7,3,2,0,0,0.5517,0.65,1.0,1.0,15,12,24.6,15.4,0.0,14.8,15.8,11.0,2.1,25.9,16.7,9.3,0.0,20.4,7.900000000000002,6.1,7.000000000000001,0.8999999999999986,1.6999999999999993,1.299999999999999
1996-06-19,Russia,Czech Republic,EURO,Liverpool,England,True,1996,6,19,0,60.0,55.0,Moscow,Prague,"Moscow, Russia","Prague, Czech Republic","Liverpool, England",55.625578,37.6063916,50.0874654,14.4212535,53.3933411,-2.9166389,2590.1934096989066,1245.4966789905018,6.445,6.736,13,11,16,16,0,1,3,2,0.4483,0.4074,0.0,0.3333,6.909,6.545,10,7,12,13,2,0,1,2,0.4545,0.35,0.6667,0.0,35,48,18.9,7.7,0.0,10.0,19.3,10.6,0.7,16.5,17.5,9.2,0.0,25.2,1.3999999999999986,1.4999999999999991,1.4499999999999988,1.8000000000000007,1.4000000000000004,1.6000000000000005
1996-06-19,Turkey,Denmark,EURO,Sheffield,England,True,1996,6,19,2,46.0,55.0,Ankara,Copenhagen,"Ankara, Turkey","Copenhagen, Denmark","Sheffield, England",39.9207759,32.8540497,55.6867243,12.5700724,53.3806626,-1.4702278,2976.0245462928387,939.5902934580558,6.964,6.673,13,5,12,7,0,0,1,1,0.52,0.4167,0.0,0.0,6.464,7.0,9,12,16,19,0,1,3,1,0.36,0.3871,0.0,0.5,27,21,25.7,10.6,0.1,11.6,16.4,10.2,8.1,27.7,14.6,10.4,0.0,17.1,11.1,0.1999999999999993,5.6499999999999995,1.799999999999999,0.20000000000000107,1.0
1996-06-22,France,Netherlands,EURO,Liverpool,England,True,1996,6,22,0,58.0,54.0,Paris,Amsterdam,"Paris, France","Amsterdam, Netherlands","Liverpool, England",48.8534951,2.3483915,52.3730796,4.8924534,53.3933411,-2.9166389,624.0169047915074,535.833590342234,7.055,6.773,11,8,9,9,3,1,1,1,0.55,0.4706,0.75,0.5,6.391,7.364,18,21,11,8,1,2,4,0,0.6207,0.7241,0.2,1.0,3,9,17.5,8.0,1.6,17.4,14.1,9.8,3.8,24.8,12.8,9.4,1.1,26.1,4.699999999999999,1.4000000000000004,3.05,1.299999999999999,0.40000000000000036,0.8499999999999996
1996-06-22,England,Spain,EURO,London,England,False,1996,6,22,0,49.0,58.0,London,Madrid,"London, England","Madrid, Spain","London, England",51.5074456,-0.1277653,40.416782,-3.703507,51.5074456,-0.1277653,0.0,1263.4146298827739,7.273,7.345,11,17,18,7,4,2,1,0,0.3793,0.7083,0.8,1.0,6.964,6.909,17,9,7,8,2,1,1,1,0.7083,0.5294,0.6667,0.5,4,1,16.4,7.4,0.4,14.5,25.7,12.5,0.0,14.3,16.4,7.4,0.4,14.5,0.0,0.0,0.0,9.3,5.1,7.2
1996-06-23,Germany,Croatia,EURO,Manchester,England,True,1996,6,23,1,63.0,48.0,Berlin,Zagreb,"Berlin, Germany","Zagreb, Croatia","Manchester, England",52.5173885,13.3951309,45.8130967,15.9772795,53.4424618,-2.2324547,1049.1766275848868,1555.1341437199565,7.173,7.636,8,16,14,13,0,3,0,0,0.3636,0.5517,0.5,1.0,6.636,7.755,12,16,9,9,0,3,3,0,0.5714,0.64,0.0,1.0,12,13,15.4,11.1,0.6,16.5,15.1,12.2,7.9,15.9,16.4,7.2,0.0,16.5,0.9999999999999982,3.8999999999999995,2.449999999999999,1.299999999999999,4.999999999999999,3.149999999999999
1996-06-23,Czech Republic,Portugal,EURO,Birmingham,England,True,1996,6,23,1,55.0,51.0,Prague,Lisbon,"Prague, Czech Republic","Lisbon, Portugal","Birmingham, England",50.0874654,14.4212535,38.7077507,-9.1365919,52.4948994,-1.8518439,1160.0987897986709,1632.4271878650168,6.864,6.909,18,10,9,12,3,2,3,1,0.6667,0.4545,0.5,0.6667,7.282,7.127,9,12,12,13,3,1,0,0,0.4286,0.48,1.0,1.0,48,7,14.8,10.0,10.7,18.0,25.1,16.8,0.0,30.0,18.6,7.9,0.0,15.6,3.8000000000000007,2.0999999999999996,2.95,6.5,8.9,7.7
1996-06-26,England,Germany,EURO,London,England,False,1996,6,26,0,49.0,63.0,London,Berlin,"London, England","Berlin, Germany","London, England",51.5074456,-0.1277653,52.5173885,13.3951309,51.5074456,-0.1277653,0.0,930.8906097535187,7.327,7.273,17,11,17,18,4,4,2,1,0.5,0.3793,0.6667,0.8,6.836,7.173,7,8,16,14,2,0,1,0,0.3043,0.3636,0.6667,0.5,4,12,23.4,12.0,0.0,10.8,19.5,9.2,0.0,12.3,23.4,12.0,0.0,10.8,0.0,0.0,0.0,3.8999999999999986,2.8000000000000007,3.3499999999999996
1996-06-26,France,Czech Republic,EURO,Manchester,England,True,1996,6,26,0,58.0,55.0,Paris,Prague,"Paris, France","Prague, Czech Republic","Manchester, England",48.8534951,2.3483915,50.0874654,14.4212535,53.4424618,-2.2324547,601.7770813259624,1201.9711963502502,7.327,7.055,19,11,9,9,5,3,4,1,0.6786,0.55,0.5556,0.75,7.064,6.864,5,18,9,9,1,3,0,3,0.3571,0.6667,1.0,0.5,3,48,21.1,12.0,0.7,9.4,18.7,8.7,1.2,13.0,15.5,10.4,1.9,16.2,5.600000000000001,1.5999999999999996,3.6000000000000005,3.1999999999999993,1.700000000000001,2.45
1996-06-30,Czech Republic,Germany,EURO,London,England,True,1996,6,30,2,55.0,63.0,Prague,Berlin,"Prague, Czech Republic","Berlin, Germany","London, England",50.0874654,14.4212535,52.5173885,13.3951309,51.5074456,-0.1277653,1032.8807121157197,930.8906097535187,7.191,7.064,10,5,12,9,6,1,5,0,0.4545,0.3571,0.5455,1.0,7.145,6.836,8,7,16,16,7,2,6,1,0.3333,0.3043,0.5385,0.6667,48,12,16.9,10.9,2.4,22.7,16.2,11.3,2.4,21.7,20.2,11.1,0.3,27.2,3.3000000000000007,0.1999999999999993,1.75,4.0,0.20000000000000107,2.1000000000000005
1998-06-10,Morocco,Norway,FWC,Montpellier,France,True,1998,6,10,0,57.0,60.0,Rabat,Oslo,"Rabat, Morocco","Oslo, Norway","Montpellier, France",34.0218454,-6.8408929,59.9133301,10.7389701,43.6112422,3.8767337,1411.4802168242256,1870.8195964355095,6.673,7.045,10,28,11,11,1,1,2,2,0.4762,0.7179,0.3333,0.3333,7.136,6.9,12,6,7,15,0,0,0,1,0.6316,0.2857,0.5,0.0,6,19,27.9,17.6,0.0,15.8,16.3,11.7,7.0,20.3,24.0,16.9,0.5,23.5,3.8999999999999986,0.7000000000000028,2.3000000000000007,7.699999999999999,5.199999999999999,6.449999999999999
1998-06-10,Brazil,Scotland,FWC,Saint-Denis,France,True,1998,6,10,1,72.0,48.0,Brasília,Edinburgh,"Brasília, Brazil","Edinburgh, Scotland","Saint-Denis, France",-15.7939869,-47.8828,55.9533456,-3.1883749,48.9383732,2.3627508,8731.293525399224,865.358991552908,7.373,7.491,18,28,6,2,3,1,2,0,0.75,0.9333,0.6,1.0,7.436,6.636,18,7,8,17,1,0,0,2,0.6923,0.2917,1.0,0.0,5,42,26.3,15.7,0.0,8.9,13.7,7.9,11.1,24.3,19.6,14.7,1.5,25.3,6.699999999999999,1.0,3.8499999999999996,5.900000000000002,6.799999999999999,6.3500000000000005
1998-06-11,Cameroon,Austria,FWC,Toulouse,France,True,1998,6,11,0,45.0,52.0,Yaoundé,Vienna,"Yaoundé, Cameroon","Vienna, Austria","Toulouse, France",3.8689867,11.5213344,48.2083537,16.3725042,43.6044638,1.4442433,4528.327432841207,1260.6696115794377,6.445,6.555,11,5,23,10,1,0,6,3,0.3235,0.3333,0.1429,0.0,6.982,6.818,16,15,12,17,2,0,1,1,0.5714,0.4688,0.6667,0.0,43,23,28.6,20.9,1.9,7.4,20.6,15.0,4.7,25.6,17.2,11.1,13.8,36.0,11.400000000000002,9.799999999999999,10.600000000000001,3.400000000000002,3.9000000000000004,3.6500000000000012
1998-06-11,Italy,Chile,FWC,Bordeaux,France,True,1998,6,11,0,57.0,59.0,Rome,Santiago,"Rome, Italy","Santiago, Chile","Bordeaux, France",41.8933203,12.4829321,-33.4376995,-70.6510671,44.841225,-0.5800364,1104.211366599201,11205.137648143636,6.936,6.673,14,12,8,10,0,1,0,2,0.6364,0.5455,0.5,0.3333,7.145,6.591,15,11,17,23,2,1,3,4,0.4688,0.3235,0.4,0.2,15,49,21.7,16.7,2.3,23.2,14.2,0.7,0.0,6.6,16.2,12.5,3.6,27.9,5.5,4.199999999999999,4.85,2.0,11.8,6.9
1998-06-12,Paraguay,Bulgaria,FWC,Montpellier,France,True,1998,6,12,0,52.0,50.0,Asunción,Sofia,"Asunción, Paraguay","Sofia, Bulgaria","Montpellier, France",-25.2800459,-57.6343814,42.6977028,23.3217359,43.6112422,3.8767337,9894.613426105625,1576.994604190484,6.673,7.236,14,22,16,22,0,2,3,2,0.4667,0.5,0.0,0.5,6.609,7.1,9,12,11,19,1,1,3,0,0.45,0.3871,0.25,1.0,34,85,17.6,12.7,0.0,17.3,26.5,15.5,0.0,15.3,19.4,11.5,0.0,42.9,1.7999999999999972,1.1999999999999993,1.4999999999999982,7.100000000000001,4.0,5.550000000000001
1998-06-12,Saudi Arabia,Denmark,FWC,Lens,France,True,1998,6,12,2,51.0,53.0,Riyadh,Copenhagen,"Riyadh, Saudi Arabia","Copenhagen, Denmark","Lens, France",24.638916,46.7160104,55.6867243,12.5700724,50.4291723,2.8319805,4712.401471968425,873.3671365383103,6.845,7.445,16,13,19,19,1,1,3,0,0.4571,0.4062,0.25,1.0,7.382,6.464,19,9,14,16,3,0,0,3,0.5758,0.36,1.0,0.0,58,21,41.8,27.4,0.0,26.7,15.9,11.2,0.0,21.2,14.1,8.4,5.6,27.6,27.699999999999996,19.0,23.349999999999998,1.8000000000000007,2.799999999999999,2.3
1998-06-13,Spain,Nigeria,FWC,Nantes,France,True,1998,6,13,2,56.0,37.0,Madrid,Abuja,"Madrid, Spain","Abuja, Nigeria","Nantes, France",40.416782,-3.703507,9.0643305,7.4892974,47.2186371,-1.5541362,775.656624348014,4327.82307630423,7.291,6.964,17,17,17,7,2,2,4,1,0.5,0.7083,0.3333,0.6667,6.973,7.536,14,22,21,13,1,2,2,0,0.4,0.6286,0.3333,1.0,1,26,26.3,9.7,0.0,8.7,31.1,22.3,15.7,10.5,17.4,10.8,6.9,28.0,8.900000000000002,1.1000000000000014,5.000000000000002,13.700000000000003,11.5,12.600000000000001
1998-06-13,South Korea,Mexico,FWC,Lyon,France,True,1998,6,13,2,55.0,61.0,Seoul,Mexico City,"Seoul, South Korea","Mexico City, Mexico","Lyon, France",37.5666791,126.9782914,19.3207722,-99.1514678,45.7578137,4.8320114,9096.429932379117,9510.562576884437,6.8,7.173,19,14,14,21,2,0,3,0,0.5758,0.4,0.4,0.5,7.227,6.936,22,11,11,10,2,1,4,1,0.6667,0.5238,0.3333,0.5,32,10,20.8,16.9,12.8,19.1,27.4,12.7,0.0,6.1,16.3,7.5,0.2,7.1,4.5,9.399999999999999,6.949999999999999,11.099999999999998,5.199999999999999,8.149999999999999
1998-06-13,Netherlands,Belgium,FWC,Saint-Denis,France,True,1998,6,13,0,54.0,50.0,Amsterdam,Brussels,"Amsterdam, Netherlands","Brussels, Belgium","Saint-Denis, France",52.3730796,4.8924534,50.8467372,4.352493,48.9383732,2.3627508,421.4397820004395,255.6049519654629,7.045,6.391,9,18,19,11,4,1,5,4,0.3214,0.6207,0.4444,0.2,7.009,7.155,12,19,21,13,2,0,3,1,0.3636,0.5938,0.4,0.0,9,8,15.9,6.9,0.4,18.8,16.1,6.0,0.8,21.3,16.3,7.1,5.3,22.4,0.40000000000000036,0.1999999999999993,0.2999999999999998,0.1999999999999993,1.0999999999999996,0.6499999999999995
1998-06-15,Romania,Colombia,FWC,Lyon,France,True,1998,6,15,1,55.0,58.0,Bucharest,Bogotá,"Bucharest, Romania","Bogotá, Colombia","Lyon, France",44.4361414,26.102684,4.6533817,-74.0836331,45.7578137,4.8320114,1671.0960131852285,8777.891053933688,6.727,6.991,7,19,17,12,1,0,2,1,0.2917,0.6129,0.3333,0.0,7.427,7.155,12,15,12,13,2,1,0,2,0.5,0.5357,1.0,0.3333,52,11,23.9,13.3,0.0,24.3,17.0,12.9,0.2,12.3,19.5,10.5,2.8,13.0,4.399999999999999,2.8000000000000007,3.5999999999999996,2.5,2.4000000000000004,2.45
1998-06-15,England,Tunisia,FWC,Marseille,France,True,1998,6,15,1,60.0,55.0,London,Tunis,"London, England","Tunis, Tunisia","Marseille, France",51.5074456,-0.1277653,36.8002068,10.1857757,43.2963986,5.3777888,1001.9497726613065,829.861186056812,7.245,7.327,16,17,8,17,6,4,7,2,0.6667,0.5,0.4615,0.6667,7.209,7.109,6,11,18,17,0,0,0,1,0.25,0.3929,0.5,0.0,4,57,16.9,11.3,5.8,18.1,29.5,19.6,0.4,23.4,21.5,15.1,0.0,20.2,4.600000000000001,3.799999999999999,4.2,8.0,4.500000000000002,6.250000000000001
1998-06-16,Brazil,Morocco,FWC,Nantes,France,True,1998,6,16,1,72.0,57.0,Brasília,Rabat,"Brasília, Brazil","Rabat, Morocco","Nantes, France",-15.7939869,-47.8828,34.0218454,-6.8408929,47.2186371,-1.5541362,8387.643330654037,1532.8150946600479,7.227,7.373,19,18,12,6,2,3,1,2,0.6129,0.75,0.6667,0.6,7.064,6.673,12,10,9,11,2,1,2,2,0.5714,0.4762,0.5,0.3333,5,6,25.2,13.0,0.0,17.9,26.8,14.6,0.0,18.1,17.1,10.2,0.0,13.5,8.099999999999998,2.8000000000000007,5.449999999999999,9.7,4.4,7.05
1998-06-16,Scotland,Norway,FWC,Bordeaux,France,True,1998,6,16,0,48.0,60.0,Edinburgh,Oslo,"Edinburgh, Scotland","Oslo, Norway","Bordeaux, France",55.9533456,-3.1883749,59.9133301,10.7389701,44.841225,-0.5800364,1249.1342647725453,1837.7249790840024,7.045,7.436,12,18,19,8,1,1,2,0,0.3871,0.6923,0.3333,1.0,7.191,7.136,9,12,12,7,2,0,2,0,0.4286,0.6316,0.5,0.5,42,19,14.5,8.7,2.9,12.2,14.0,9.8,23.8,22.6,19.3,9.2,0.7,12.1,4.800000000000001,0.5,2.6500000000000004,5.300000000000001,0.6000000000000014,2.950000000000001
1998-06-17,Chile,Austria,FWC,Saint-Étienne,France,True,1998,6,17,0,59.0,52.0,Santiago,Vienna,"Santiago, Chile","Vienna, Austria","Saint-Étienne, France",-33.4376995,-70.6510671,48.2083537,16.3725042,45.4401467,4.3873058,11561.198672318325,961.2207524559066,7.055,7.145,13,15,12,17,2,2,2,3,0.52,0.4688,0.5,0.4,7.027,6.982,11,16,13,12,1,2,1,1,0.4583,0.5714,0.5,0.6667,49,23,14.3,3.4,0.7,7.6,18.9,12.7,0.4,22.9,17.9,7.4,0.0,11.5,3.599999999999998,4.0,3.799999999999999,1.0,5.299999999999999,3.1499999999999995
1998-06-17,Italy,Cameroon,FWC,Montpellier,France,True,1998,6,17,1,57.0,45.0,Rome,Yaoundé,"Rome, Italy","Yaoundé, Cameroon","Montpellier, France",41.8933203,12.4829321,3.8689867,11.5213344,43.6112422,3.8767337,727.8126235486311,4482.735639365268,7.045,6.936,12,14,13,8,2,0,2,0,0.48,0.6364,0.5,0.5,7.191,6.445,13,11,11,23,1,1,1,6,0.5417,0.3235,0.5,0.1429,15,43,24.5,15.9,0.0,11.4,27.9,21.1,6.0,9.3,24.8,13.8,0.0,24.0,0.3000000000000007,2.0999999999999996,1.2000000000000002,3.099999999999998,7.300000000000001,5.199999999999999
1998-06-18,France,Saudi Arabia,FWC,Saint-Denis,France,False,1998,6,18,1,56.0,51.0,Paris,Riyadh,"Paris, France","Riyadh, Saudi Arabia","Saint-Denis, France",48.8534951,2.3483915,24.638916,46.7160104,48.9383732,2.3627508,9.49620913904563,4688.01374181474,7.427,7.036,15,12,4,10,3,5,0,6,0.7895,0.5455,1.0,0.4545,7.091,6.845,10,16,10,19,0,1,1,3,0.5,0.4571,0.0,0.25,3,58,23.1,10.4,0.0,10.5,41.8,24.8,0.0,17.6,23.0,10.2,0.0,11.9,0.10000000000000142,0.20000000000000107,0.15000000000000124,18.799999999999997,14.600000000000001,16.7
1998-06-19,Nigeria,Bulgaria,FWC,Paris,France,True,1998,6,19,1,37.0,50.0,Abuja,Sofia,"Abuja, Nigeria","Sofia, Bulgaria","Paris, France",9.0643305,7.4892974,42.6977028,23.3217359,48.8534951,2.3483915,4450.31081706618,1757.4114860995946,6.964,6.973,12,14,13,21,3,1,2,2,0.48,0.4,0.6,0.3333,7.309,6.609,17,9,11,11,0,1,0,3,0.6071,0.45,0.5,0.25,26,85,31.1,22.2,0.9,5.9,17.4,9.6,1.7,18.4,26.1,11.5,0.0,8.4,5.0,10.7,7.85,8.700000000000003,1.9000000000000004,5.300000000000002
1998-06-19,Spain,Paraguay,FWC,Saint-Étienne,France,True,1998,6,19,0,56.0,52.0,Madrid,Asunción,"Madrid, Spain","Asunción, Paraguay","Saint-Étienne, France",40.416782,-3.703507,-25.2800459,-57.6343814,45.4401467,4.3873058,862.901104078977,10049.77105971092,6.936,7.291,13,17,12,17,2,2,3,4,0.52,0.5,0.4,0.3333,7.264,6.673,11,14,17,16,0,0,0,3,0.3929,0.4667,0.5,0.0,1,34,32.5,15.6,0.0,10.7,18.5,7.7,0.0,11.8,24.7,11.8,0.0,7.5,7.800000000000001,3.799999999999999,5.8,6.199999999999999,4.1000000000000005,5.15
1998-06-20,Belgium,Mexico,FWC,Bordeaux,France,True,1998,6,20,0,50.0,61.0,Brussels,Mexico City,"Brussels, Belgium","Mexico City, Mexico","Bordeaux, France",50.8467372,4.352493,19.3207722,-99.1514678,44.841225,-0.5800364,762.110575885781,9153.998547836325,7.064,7.009,7,12,19,21,0,2,0,3,0.2692,0.3636,0.5,0.4,7.436,7.227,21,22,6,11,3,2,1,4,0.7778,0.6667,0.75,0.3333,8,10,27.6,14.4,0.0,11.5,24.3,14.0,2.1,5.8,36.6,18.5,0.0,15.0,9.0,4.1,6.55,12.3,4.5,8.4
1998-06-20,Netherlands,South Korea,FWC,Marseille,France,True,1998,6,20,1,54.0,55.0,Amsterdam,Seoul,"Amsterdam, Netherlands","Seoul, South Korea","Marseille, France",52.3730796,4.8924534,37.5666791,126.9782914,43.2963986,5.3777888,1009.9244683466351,9268.036337363195,7.355,7.045,19,9,7,19,0,4,0,5,0.7308,0.3214,0.5,0.4444,6.764,6.8,6,19,21,14,1,2,3,3,0.2222,0.5758,0.25,0.4,9,32,25.2,12.3,0.0,11.6,26.8,17.5,0.0,7.9,23.5,16.1,0.0,14.5,1.6999999999999993,3.8000000000000007,2.75,3.3000000000000007,1.3999999999999986,2.3499999999999996
1998-06-22,Colombia,Tunisia,FWC,Montpellier,France,True,1998,6,22,1,58.0,55.0,Bogotá,Tunis,"Bogotá, Colombia","Tunis, Tunisia","Montpellier, France",4.6533817,-74.0836331,36.8002068,10.1857757,43.6112422,3.8767337,8682.486344998959,927.0718082288344,7.036,7.427,10,12,21,12,0,2,1,0,0.3226,0.5,0.0,1.0,6.891,7.209,4,6,13,18,0,0,2,0,0.2353,0.25,0.0,0.5,11,57,18.3,11.9,0.4,15.3,31.7,16.7,0.0,14.9,30.1,16.0,0.0,22.9,11.8,4.1,7.95,1.5999999999999979,0.6999999999999993,1.1499999999999986
1998-06-22,Romania,England,FWC,Toulouse,France,True,1998,6,22,1,55.0,60.0,Bucharest,London,"Bucharest, Romania","London, England","Toulouse, France",44.4361414,26.102684,51.5074456,-0.1277653,43.6044638,1.4442433,1966.3774536395956,886.596684229692,7.173,6.727,21,7,10,17,1,1,0,2,0.6774,0.2917,1.0,0.3333,7.373,7.245,13,16,4,8,2,6,0,7,0.7647,0.6667,1.0,0.4615,52,4,27.3,13.0,0.0,11.9,19.4,12.1,0.0,21.7,26.8,17.6,0.0,16.8,0.5,4.600000000000001,2.5500000000000007,7.400000000000002,5.500000000000002,6.450000000000002
1998-06-23,Italy,Austria,FWC,Saint-Denis,France,True,1998,6,23,1,57.0,52.0,Rome,Vienna,"Rome, Italy","Vienna, Austria","Saint-Denis, France",41.8933203,12.4829321,48.2083537,16.3725042,48.9383732,2.3627508,1110.6794385124665,1032.4590695112324,7.518,7.045,11,12,14,13,3,2,0,2,0.44,0.48,1.0,0.5,6.682,7.027,5,11,10,13,1,1,1,1,0.3333,0.4583,0.5,0.5,15,23,27.6,17.1,0.0,16.4,22.5,16.4,0.0,18.9,23.8,13.5,0.0,13.0,3.8000000000000007,3.6000000000000014,3.700000000000001,1.3000000000000007,2.8999999999999986,2.0999999999999996
1998-06-23,Chile,Cameroon,FWC,Nantes,France,True,1998,6,23,0,59.0,45.0,Santiago,Yaoundé,"Santiago, Chile","Yaoundé, Cameroon","Nantes, France",-33.4376995,-70.6510671,3.8689867,11.5213344,47.2186371,-1.5541362,11304.74795036977,4981.190654023636,7.191,7.055,10,13,5,12,1,2,1,2,0.6667,0.52,0.5,0.5,6.609,7.191,14,13,11,11,0,1,3,1,0.56,0.5417,0.0,0.5,49,43,17.4,-0.2,0.0,6.9,29.1,20.8,0.5,9.4,21.3,11.8,0.0,11.2,3.900000000000002,12.0,7.950000000000001,7.800000000000001,9.0,8.4
1998-06-23,Scotland,Morocco,FWC,Saint-Étienne,France,True,1998,6,23,2,48.0,57.0,Edinburgh,Rabat,"Edinburgh, Scotland","Rabat, Morocco","Saint-Étienne, France",55.9533456,-3.1883749,34.0218454,-6.8408929,45.4401467,4.3873058,1283.2274225877993,1588.5105051846058,7.173,7.045,14,12,7,19,1,1,1,2,0.6667,0.3871,0.5,0.3333,6.573,7.064,10,12,8,9,0,2,3,2,0.5556,0.5714,0.0,0.5,42,6,17.3,12.5,1.6,26.4,30.6,20.1,0.0,14.7,22.3,15.8,0.0,14.6,5.0,3.3000000000000007,4.15,8.3,4.300000000000001,6.300000000000001
1998-06-23,Brazil,Norway,FWC,Marseille,France,True,1998,6,23,2,72.0,60.0,Brasília,Oslo,"Brasília, Brazil","Oslo, Norway","Marseille, France",-15.7939869,-47.8828,59.9133301,10.7389701,43.2963986,5.3777888,8514.093146017236,1882.9505326073718,7.509,7.227,8,19,10,12,3,2,0,1,0.4444,0.6129,1.0,0.6667,7.073,7.191,7,9,14,12,1,2,1,2,0.3333,0.4286,0.5,0.5,5,19,25.7,14.8,0.0,15.8,13.9,12.3,2.2,10.5,28.0,20.2,0.0,24.2,2.3000000000000007,5.399999999999999,3.8499999999999996,14.1,7.899999999999999,11.0
1998-06-24,Nigeria,Paraguay,FWC,Toulouse,France,True,1998,6,24,2,37.0,52.0,Abuja,Asunción,"Abuja, Nigeria","Asunción, Paraguay","Toulouse, France",9.0643305,7.4892974,-25.2800459,-57.6343814,43.6044638,1.4442433,3885.1424356686816,9740.266126351145,7.473,6.964,19,12,19,13,1,3,0,2,0.5,0.48,1.0,0.6,7.291,7.264,18,11,23,17,0,0,0,0,0.439,0.3929,0.5,0.5,26,34,30.4,23.8,5.5,10.5,15.9,11.9,0.0,24.2,28.6,14.4,0.0,11.3,1.7999999999999972,9.4,5.599999999999999,12.700000000000001,2.5,7.6000000000000005
1998-06-24,South Africa,Saudi Arabia,FWC,Bordeaux,France,True,1998,6,24,0,55.0,51.0,Pretoria,Riyadh,"Pretoria, South Africa","Riyadh, Saudi Arabia","Bordeaux, France",-25.7459277,28.1879101,24.638916,46.7160104,44.841225,-0.5800364,8374.380966470622,4783.90167396208,7.064,6.473,16,4,13,15,1,0,1,3,0.5517,0.2105,0.5,0.0,6.327,7.091,3,10,18,10,0,0,4,1,0.1429,0.5,0.0,0.0,54,58,24.0,5.7,0.0,12.1,43.7,30.5,0.0,31.4,26.7,13.7,0.0,17.2,2.6999999999999993,7.999999999999999,5.35,17.000000000000004,16.8,16.900000000000002
1998-06-24,Spain,Bulgaria,FWC,Lens,France,True,1998,6,24,1,56.0,50.0,Madrid,Sofia,"Madrid, Spain","Sofia, Bulgaria","Lens, France",40.416782,-3.703507,42.6977028,23.3217359,50.4291723,2.8319805,1223.4370829534573,1778.4672336645501,7.482,6.936,23,13,18,12,0,2,0,3,0.561,0.52,0.5,0.4,7.136,7.309,19,17,19,11,0,0,1,0,0.5,0.6071,0.0,0.5,1,85,32.8,17.2,0.0,15.6,25.8,16.1,2.9,5.6,24.2,13.6,0.0,14.2,8.599999999999998,3.5999999999999996,6.099999999999999,1.6000000000000014,2.5000000000000018,2.0500000000000016
1998-06-24,France,Denmark,FWC,Lyon,France,False,1998,6,24,1,56.0,53.0,Paris,Copenhagen,"Paris, France","Copenhagen, Denmark","Lyon, France",48.8534951,2.3483915,55.6867243,12.5700724,45.7578137,4.8320114,391.812013689019,1229.3440954490363,7.791,7.427,18,15,3,4,4,3,0,0,0.8571,0.7895,1.0,1.0,7.091,7.345,13,10,16,10,1,1,1,0,0.4483,0.5,0.5,1.0,3,21,27.5,13.7,0.0,12.5,17.7,12.1,0.0,16.5,26.7,13.8,0.0,9.5,0.8000000000000007,0.10000000000000142,0.45000000000000107,9.0,1.700000000000001,5.3500000000000005
1998-06-25,Germany,Iran,FWC,Montpellier,France,True,1998,6,25,1,65.0,48.0,Berlin,Tehran,"Berlin, Germany","Tehran, Iran","Montpellier, France",52.5173885,13.3951309,35.6892523,51.3896004,43.6112422,3.8767337,1214.7595781784808,4104.121590500292,7.173,7.518,10,10,12,8,2,2,2,0,0.4545,0.5556,0.5,1.0,7.127,6.864,17,12,24,16,2,0,1,1,0.4146,0.4286,0.6667,0.0,12,22,23.5,11.7,0.0,9.7,35.1,22.1,0.0,13.8,27.6,18.1,0.0,19.2,4.100000000000001,6.400000000000002,5.250000000000002,7.5,4.0,5.75
1998-06-25,Netherlands,Mexico,FWC,Saint-Étienne,France,True,1998,6,25,0,54.0,61.0,Amsterdam,Mexico City,"Amsterdam, Netherlands","Mexico City, Mexico","Saint-Étienne, France",52.3730796,4.8924534,19.3207722,-99.1514678,45.4401467,4.3873058,771.7851926207505,9492.635753967887,7.927,7.355,23,19,9,7,5,0,0,0,0.7188,0.7308,1.0,0.5,6.836,7.436,12,21,15,6,2,3,2,1,0.4444,0.7778,0.5,0.75,9,10,20.2,15.1,4.5,25.1,22.7,14.4,10.4,5.9,23.5,14.0,18.3,9.7,3.3000000000000007,1.0999999999999996,2.2,0.8000000000000007,0.40000000000000036,0.6000000000000005
1998-06-25,Belgium,South Korea,FWC,Paris,France,True,1998,6,25,0,50.0,55.0,Brussels,Seoul,"Brussels, Belgium","Seoul, South Korea","Paris, France",50.8467372,4.352493,37.5666791,126.9782914,48.8534951,2.3483915,264.1172633515067,8966.17402390038,7.2,7.064,15,7,12,19,2,0,2,0,0.5556,0.2692,0.5,0.5,6.573,6.764,9,6,23,21,0,1,5,3,0.2812,0.2222,0.0,0.25,8,32,19.5,15.2,2.2,20.3,23.6,21.5,75.0,19.8,21.6,16.1,0.0,15.8,2.1000000000000014,0.9000000000000021,1.5000000000000018,2.0,5.399999999999999,3.6999999999999993
1998-06-26,Japan,Jamaica,FWC,Lyon,France,True,1998,6,26,2,58.0,52.0,Tokyo,Kingston,"Tokyo, Japan","Kingston, Jamaica","Lyon, France",35.6768601,139.7638947,17.9712148,-76.7928128,45.7578137,4.8320114,9895.810932982811,7947.777055627372,6.927,7.036,12,9,19,22,0,0,1,1,0.3871,0.2903,0.0,0.0,6.5,6.682,8,7,24,17,0,1,5,3,0.25,0.2917,0.0,0.25,17,71,27.1,21.5,0.0,20.1,32.1,26.1,0.4,21.8,22.9,15.9,16.9,11.2,4.200000000000003,5.6,4.900000000000001,9.200000000000003,10.200000000000001,9.700000000000003
1998-06-26,Argentina,Croatia,FWC,Bordeaux,France,True,1998,6,26,1,60.0,56.0,Buenos Aires,Zagreb,"Buenos Aires, Argentina","Zagreb, Croatia","Bordeaux, France",-34.6095579,-58.3887904,45.8130967,15.9772795,44.841225,-0.5800364,10579.174385189297,1296.5545466531576,7.855,7.282,24,22,8,9,5,1,0,0,0.75,0.7097,1.0,1.0,7.264,7.391,19,17,12,7,1,3,0,1,0.6129,0.7083,1.0,0.75,2,13,13.5,7.1,0.0,23.7,29.2,18.4,0.0,7.7,24.4,13.1,0.0,8.2,10.899999999999999,6.0,8.45,4.800000000000001,5.299999999999999,5.05
1998-06-26,Colombia,England,FWC,Lens,France,True,1998,6,26,2,58.0,60.0,Bogotá,London,"Bogotá, Colombia","London, England","Lens, France",4.6533817,-74.0836331,51.5074456,-0.1277653,50.4291723,2.8319805,8683.857617394073,239.4117682617785,7.609,7.036,15,10,19,21,1,0,0,1,0.4412,0.3226,1.0,0.0,7.018,7.373,8,13,21,4,1,2,2,0,0.2759,0.7647,0.3333,1.0,11,4,18.2,12.7,3.0,13.0,16.2,11.5,3.4,26.6,19.6,11.8,0.2,20.9,1.4000000000000021,0.8999999999999986,1.1500000000000004,3.400000000000002,0.3000000000000007,1.8500000000000014
1998-06-26,Romania,Tunisia,FWC,Saint-Denis,France,True,1998,6,26,0,55.0,55.0,Bucharest,Tunis,"Bucharest, Romania","Tunis, Tunisia","Saint-Denis, France",44.4361414,26.102684,36.8002068,10.1857757,48.9383732,2.3627508,1870.1270101970008,1490.771326640656,7.309,7.173,21,21,8,10,2,1,1,0,0.7241,0.6774,0.6667,1.0,7.355,6.891,19,4,15,13,0,0,1,2,0.5588,0.2353,0.0,0.0,52,57,25.8,15.4,1.1,8.3,32.4,19.4,0.0,12.4,22.3,14.2,0.0,17.1,3.5,1.200000000000001,2.3500000000000005,10.099999999999998,5.199999999999999,7.649999999999999
1998-06-27,Italy,Norway,FWC,Marseille,France,True,1998,6,27,1,57.0,60.0,Rome,Oslo,"Rome, Italy","Oslo, Norway","Marseille, France",41.8933203,12.4829321,59.9133301,10.7389701,43.2963986,5.3777888,601.9531598572464,1882.9505326073718,6.99,7.518,8,11,17,14,2,3,1,0,0.32,0.44,0.6667,1.0,7.118,7.073,13,7,14,14,2,1,1,1,0.4815,0.3333,0.6667,0.5,15,19,30.7,17.1,0.0,12.3,17.3,11.3,3.4,9.6,26.2,17.5,0.0,15.7,4.5,0.3999999999999986,2.4499999999999993,8.899999999999999,6.199999999999999,7.549999999999999
1998-06-27,Brazil,Chile,FWC,Paris,France,True,1998,6,27,1,72.0,59.0,Brasília,Santiago,"Brasília, Brazil","Santiago, Chile","Paris, France",-15.7939869,-47.8828,-33.4376995,-70.6510671,48.8534951,2.3483915,8724.310967089037,11646.346891726653,7.173,7.509,14,8,13,10,1,3,2,0,0.5185,0.4444,0.3333,1.0,7.191,7.191,14,10,15,5,1,1,1,1,0.4828,0.6667,0.5,0.5,5,49,26.2,15.5,0.0,15.4,19.3,1.0,0.0,7.2,21.8,13.1,2.1,23.4,4.399999999999999,2.4000000000000004,3.3999999999999995,2.5,12.1,7.3
1998-06-28,Nigeria,Denmark,FWC,Saint-Denis,France,True,1998,6,28,2,37.0,53.0,Abuja,Copenhagen,"Abuja, Nigeria","Copenhagen, Denmark","Saint-Denis, France",9.0643305,7.4892974,55.6867243,12.5700724,48.9383732,2.3627508,4459.515356671677,1020.000581619283,6.636,7.473,12,19,10,19,1,1,3,0,0.5455,0.5,0.25,1.0,7.027,7.091,6,13,20,16,1,1,2,1,0.2308,0.4483,0.3333,0.5,26,21,27.6,22.2,2.3,8.8,18.5,13.6,20.1,21.6,20.0,11.6,0.0,19.6,7.600000000000001,10.6,9.100000000000001,1.5,2.0,1.75
1998-06-28,France,Paraguay,FWC,Lens,France,False,1998,6,28,1,56.0,52.0,Paris,Asunción,"Paris, France","Asunción, Paraguay","Lens, France",48.8534951,2.3483915,-25.2800459,-57.6343814,50.4291723,2.8319805,178.63299067094573,10295.858059804246,7.464,7.791,20,18,6,3,2,4,1,0,0.7692,0.8571,0.6667,1.0,7.345,7.291,10,18,12,23,3,0,1,0,0.4545,0.439,0.75,0.5,3,34,20.0,11.5,0.0,18.4,24.6,14.2,0.0,17.1,18.2,11.8,1.4,26.3,1.8000000000000007,0.3000000000000007,1.0500000000000007,6.400000000000002,2.3999999999999986,4.4
1998-06-29,Germany,Mexico,FWC,Montpellier,France,True,1998,6,29,1,65.0,61.0,Berlin,Mexico City,"Berlin, Germany","Mexico City, Mexico","Montpellier, France",52.5173885,13.3951309,19.3207722,-99.1514678,43.6112422,3.8767337,1214.7595781784808,9534.479267465404,7.555,7.173,16,10,12,12,2,2,0,2,0.5714,0.4545,1.0,0.5,6.818,6.836,9,12,14,15,2,2,2,2,0.3913,0.4444,0.5,0.5,12,10,21.2,12.4,0.0,18.0,24.2,13.7,6.3,8.7,29.8,18.5,0.0,20.9,8.600000000000001,6.1,7.3500000000000005,5.600000000000001,4.800000000000001,5.200000000000001
1998-06-30,Romania,Croatia,FWC,Bordeaux,France,True,1998,6,30,2,55.0,56.0,Bucharest,Zagreb,"Bucharest, Romania","Zagreb, Croatia","Bordeaux, France",44.4361414,26.102684,45.8130967,15.9772795,44.841225,-0.5800364,2102.117825279898,1296.5545466531576,7.018,7.309,8,21,10,8,1,2,1,1,0.4444,0.7241,0.5,0.6667,6.918,7.264,10,19,11,12,0,1,1,0,0.4762,0.6129,0.0,1.0,52,13,29.8,19.3,0.0,13.1,29.4,18.7,0.0,6.1,23.9,15.6,0.0,10.7,5.900000000000002,3.700000000000001,4.800000000000002,5.5,3.0999999999999996,4.3
1998-06-30,Argentina,England,FWC,Saint-Étienne,France,True,1998,6,30,0,60.0,60.0,Buenos Aires,London,"Buenos Aires, Argentina","London, England","Saint-Étienne, France",-34.6095579,-58.3887904,51.5074456,-0.1277653,45.4401467,4.3873058,10905.72211969934,751.9364583902827,7.4,7.855,11,24,10,8,1,5,0,0,0.5238,0.75,1.0,1.0,7.591,7.018,22,8,11,21,2,1,0,2,0.6667,0.2759,1.0,0.3333,2,4,14.0,12.3,3.3,17.3,18.8,13.0,8.4,17.1,24.9,12.9,0.0,11.6,10.899999999999999,0.5999999999999996,5.749999999999999,6.099999999999998,0.09999999999999964,3.0999999999999988
1998-07-03,France,Italy,FWC,Saint-Denis,France,False,1998,7,3,0,56.0,57.0,Paris,Rome,"Paris, France","Rome, Italy","Saint-Denis, France",48.8534951,2.3483915,41.8933203,12.4829321,48.9383732,2.3627508,9.49620913904563,1110.6794385124665,7.373,7.464,30,20,10,6,1,2,0,1,0.75,0.7692,1.0,0.6667,7.445,6.99,15,8,13,17,1,2,0,1,0.5357,0.32,1.0,0.6667,3,15,18.7,12.1,0.0,20.1,29.6,20.4,0.0,16.8,18.8,12.2,0.0,19.7,0.10000000000000142,0.09999999999999964,0.10000000000000053,10.8,8.2,9.5
1998-07-03,Brazil,Denmark,FWC,Nantes,France,True,1998,7,3,1,72.0,53.0,Brasília,Copenhagen,"Brasília, Brazil","Copenhagen, Denmark","Nantes, France",-15.7939869,-47.8828,55.6867243,12.5700724,47.2186371,-1.5541362,8387.643330654037,1353.3380315935465,7.582,7.173,14,14,11,13,4,1,1,2,0.56,0.5185,0.8,0.3333,7.473,7.027,13,6,22,20,4,1,1,2,0.3714,0.2308,0.8,0.3333,5,21,25.8,14.9,0.0,14.8,17.3,12.6,0.0,22.1,20.2,14.3,3.6,19.0,5.600000000000001,0.5999999999999996,3.1000000000000005,2.8999999999999986,1.700000000000001,2.3
1998-07-04,Germany,Croatia,FWC,Lyon,France,True,1998,7,4,2,65.0,56.0,Berlin,Zagreb,"Berlin, Germany","Zagreb, Croatia","Lyon, France",52.5173885,13.3951309,45.8130967,15.9772795,45.7578137,4.8320114,974.8604293693943,863.5409965275718,7.236,7.555,13,16,13,12,2,2,1,0,0.5,0.5714,0.6667,1.0,7.391,6.918,18,10,9,11,1,0,0,1,0.6667,0.4762,1.0,0.0,12,13,15.8,13.6,2.2,28.1,23.9,15.7,7.0,10.9,22.0,14.8,0.3,14.8,6.199999999999999,1.200000000000001,3.7,1.8999999999999986,0.8999999999999986,1.3999999999999986
1998-07-04,Netherlands,Argentina,FWC,Marseille,France,True,1998,7,4,1,54.0,60.0,Amsterdam,Buenos Aires,"Amsterdam, Netherlands","Buenos Aires, Argentina","Marseille, France",52.3730796,4.8924534,-34.6095579,-58.3887904,43.2963986,5.3777888,1009.9244683466351,10804.211145838402,7.427,7.218,20,14,6,9,2,2,1,2,0.7692,0.6087,0.6667,0.5,7.264,7.4,21,11,18,10,6,1,5,0,0.5385,0.5238,0.5455,1.0,9,2,17.4,12.9,0.4,21.3,16.7,12.8,31.4,19.1,27.6,19.0,0.0,29.0,10.200000000000003,6.1,8.150000000000002,10.900000000000002,6.199999999999999,8.55
1998-07-07,Brazil,Netherlands,FWC,Marseille,France,True,1998,7,7,0,72.0,54.0,Brasília,Amsterdam,"Brasília, Brazil","Amsterdam, Netherlands","Marseille, France",-15.7939869,-47.8828,52.3730796,4.8924534,43.2963986,5.3777888,8514.093146017236,1009.9244683466351,7.127,7.582,11,14,8,11,3,4,2,1,0.5789,0.56,0.6,0.8,7.455,7.427,19,20,10,6,2,2,1,1,0.6552,0.7692,0.6667,0.6667,5,9,26.6,14.3,0.0,12.7,14.0,11.8,0.2,25.6,24.6,19.3,4.9,28.4,2.0,5.0,3.5,10.600000000000001,7.5,9.05
1998-07-08,France,Croatia,FWC,Saint-Denis,France,False,1998,7,8,1,56.0,56.0,Paris,Zagreb,"Paris, France","Zagreb, Croatia","Saint-Denis, France",48.8534951,2.3483915,45.8130967,15.9772795,48.9383732,2.3627508,9.49620913904563,1080.6846177531281,7.718,7.373,18,30,4,10,4,1,3,0,0.8182,0.75,0.5714,1.0,7.409,7.391,16,18,15,9,3,1,0,0,0.5161,0.6667,1.0,1.0,3,13,19.7,12.0,0.0,16.1,18.4,13.4,16.7,16.5,19.8,12.1,0.1,16.7,0.10000000000000142,0.09999999999999964,0.10000000000000053,1.4000000000000021,1.3000000000000007,1.3500000000000014
1998-07-11,Netherlands,Croatia,FWC,Paris,France,True,1998,7,11,2,54.0,56.0,Amsterdam,Zagreb,"Amsterdam, Netherlands","Zagreb, Croatia","Paris, France",52.3730796,4.8924534,45.8130967,15.9772795,48.8534951,2.3483915,430.495836705593,1079.5239253558195,7.564,7.455,17,19,19,10,3,2,5,1,0.4722,0.6552,0.375,0.6667,6.936,7.409,11,16,20,15,1,3,2,0,0.3548,0.5161,0.3333,1.0,9,13,17.0,14.5,2.6,28.0,25.2,15.5,1.4,11.6,23.5,16.2,0.0,22.0,6.5,1.6999999999999993,4.1,1.6999999999999993,0.6999999999999993,1.1999999999999993
1998-07-12,France,Brazil,FWC,Saint-Denis,France,False,1998,7,12,1,56.0,72.0,Paris,Brasília,"Paris, France","Brasília, Brazil","Saint-Denis, France",48.8534951,2.3483915,-15.7939869,-47.8828,48.9383732,2.3627508,9.49620913904563,8731.293525399224,7.436,7.718,20,18,11,4,2,4,1,3,0.6452,0.8182,0.6667,0.5714,7.318,7.127,19,11,17,8,5,3,3,2,0.5278,0.5789,0.625,0.6,3,5,25.5,16.4,0.0,29.5,24.8,16.8,0.0,18.1,25.6,16.4,0.0,28.3,0.10000000000000142,0.0,0.05000000000000071,0.8000000000000007,0.40000000000000213,0.6000000000000014
2000-06-10,Belgium,Sweden,EURO,Brussels,Belgium,False,2000,6,10,1,585.0,646.0,Brussels,Stockholm,"Brussels, Belgium","Stockholm, Sweden","Brussels, Belgium",50.8467372,4.352493,59.3251172,18.0710935,50.8467372,4.352493,0.0,1280.097115794405,7.145,7.2,14,15,13,12,1,2,1,2,0.5185,0.5556,0.5,0.5,7.745,6.964,15,2,18,28,4,0,0,1,0.4545,0.0667,1.0,0.0,8,37,19.1,13.3,2.8,15.3,17.8,11.4,0.0,21.1,19.1,13.3,2.8,15.3,0.0,0.0,0.0,1.3000000000000007,1.9000000000000004,1.6000000000000005
2000-06-11,France,Denmark,EURO,Bruges,Belgium,True,2000,6,11,1,758.0,662.0,Paris,Copenhagen,"Paris, France","Copenhagen, Denmark","Bruges, Belgium",48.8534951,2.3483915,55.6867243,12.5700724,51.2085526,3.226772,269.27617264473804,793.0878890611018,7.564,7.436,13,20,9,11,3,2,0,1,0.5909,0.6452,1.0,0.6667,6.8,7.473,8,13,11,22,2,4,3,1,0.4211,0.3714,0.4,0.8,3,21,18.6,9.1,0.0,15.0,18.5,13.9,0.0,19.6,17.6,10.3,0.0,18.6,1.0,1.200000000000001,1.1000000000000005,0.8999999999999986,3.5999999999999996,2.249999999999999
2000-06-11,Turkey,Italy,EURO,Arnhem,Netherlands,True,2000,6,11,2,568.0,660.0,Ankara,Rome,"Ankara, Turkey","Rome, Italy","Arnhem, Netherlands",39.9207759,32.8540497,41.8933203,12.4829321,52.0056642,5.8762345,2458.4949476150587,1229.9632625002184,6.736,6.964,14,13,19,12,0,0,3,1,0.4242,0.52,0.0,0.0,7.291,7.445,4,15,18,13,3,1,4,0,0.1818,0.5357,0.4286,1.0,27,15,24.0,10.4,0.0,13.2,26.4,19.3,10.2,14.5,18.9,10.9,0.0,15.0,5.100000000000001,0.5,2.8000000000000007,7.5,8.4,7.95
2000-06-11,Netherlands,Czech Republic,EURO,Amsterdam,Netherlands,False,2000,6,11,1,629.0,750.0,Amsterdam,Prague,"Amsterdam, Netherlands","Prague, Czech Republic","Amsterdam, Netherlands",52.3730796,4.8924534,50.0874654,14.4212535,52.3730796,4.8924534,0.0,709.8283005920777,7.209,7.564,23,17,6,19,1,3,2,5,0.7931,0.4722,0.3333,0.375,6.673,7.191,13,10,11,12,1,6,2,5,0.5417,0.4545,0.3333,0.5455,9,48,16.7,11.4,0.0,19.1,31.9,16.8,0.0,17.3,16.7,11.4,0.0,19.1,0.0,0.0,0.0,15.2,5.4,10.3
2000-06-12,Portugal,England,EURO,Eindhoven,Netherlands,True,2000,6,12,1,647.0,682.0,Lisbon,London,"Lisbon, Portugal","London, England","Eindhoven, Netherlands",38.7077507,-9.1365919,51.5074456,-0.1277653,51.4392648,5.478633,1815.4585853668211,388.2834157456547,6.645,7.282,9,9,5,12,0,3,1,0,0.6429,0.4286,0.0,1.0,7.064,7.591,18,22,21,11,5,2,6,0,0.4615,0.6667,0.4545,1.0,7,4,28.9,15.6,0.0,26.0,22.5,11.5,0.0,22.0,21.7,11.5,0.0,16.8,7.199999999999999,4.1,5.6499999999999995,0.8000000000000007,0.0,0.40000000000000036
2000-06-12,Germany,Romania,EURO,Liège,Belgium,True,2000,6,12,0,706.0,692.0,Berlin,Bucharest,"Berlin, Germany","Bucharest, Romania","Liège, Belgium",52.5173885,13.3951309,44.4361414,26.102684,50.6450944,5.5736112,578.7864814173518,1681.3120625269285,6.8,7.236,15,13,16,13,0,2,3,1,0.4839,0.5,0.0,0.6667,7.173,7.018,9,8,18,10,0,1,1,1,0.3333,0.4444,0.0,0.5,12,52,21.8,15.8,0.2,19.4,27.6,14.7,0.0,12.4,20.8,9.4,0.0,14.8,1.0,6.4,3.7,6.800000000000001,5.299999999999999,6.05
2000-06-13,Spain,Norway,EURO,Rotterdam,Netherlands,True,2000,6,13,2,728.0,703.0,Madrid,Oslo,"Madrid, Spain","Oslo, Norway","Rotterdam, Netherlands",40.416782,-3.703507,59.9133301,10.7389701,51.9244424,4.47775,1424.149839083789,969.2040349972073,7.818,7.482,15,23,14,18,6,0,1,0,0.5172,0.561,0.8571,0.5,7.082,7.118,13,13,15,14,0,2,1,1,0.4643,0.4815,0.0,0.6667,1,19,28.3,12.7,0.0,10.0,17.7,11.8,1.5,28.3,19.3,13.4,0.0,19.6,9.0,0.7000000000000011,4.8500000000000005,1.6000000000000014,1.5999999999999996,1.6000000000000005
2000-06-14,Belgium,Italy,EURO,Brussels,Belgium,False,2000,6,14,2,585.0,660.0,Brussels,Rome,"Brussels, Belgium","Rome, Italy","Brussels, Belgium",50.8467372,4.352493,41.8933203,12.4829321,50.8467372,4.352493,0.0,1173.262485767537,7.091,7.145,15,14,10,13,2,1,1,1,0.6,0.5185,0.6667,0.5,7.091,7.291,18,4,9,18,2,3,1,4,0.6667,0.1818,0.6667,0.4286,8,15,20.5,13.5,0.0,19.9,27.7,15.3,0.0,13.0,20.5,13.5,0.0,19.9,0.0,0.0,0.0,7.199999999999999,1.8000000000000007,4.5
2000-06-15,Sweden,Turkey,EURO,Eindhoven,Netherlands,True,2000,6,15,0,646.0,568.0,Stockholm,Ankara,"Stockholm, Sweden","Ankara, Turkey","Eindhoven, Netherlands",59.3251172,18.0710935,39.9207759,32.8540497,51.4392648,5.478633,1180.1038489997406,2460.8809816118364,6.609,7.745,10,15,15,18,1,4,2,0,0.4,0.4545,0.3333,1.0,6.964,6.736,9,14,18,19,1,0,2,3,0.3333,0.4242,0.3333,0.0,37,27,17.5,10.6,2.5,19.6,28.9,13.1,0.0,10.8,18.8,13.9,0.1,18.1,1.3000000000000007,3.3000000000000007,2.3000000000000007,10.099999999999998,0.8000000000000007,5.449999999999999
2000-06-16,Czech Republic,France,EURO,Bruges,Belgium,True,2000,6,16,2,750.0,758.0,Prague,Paris,"Prague, Czech Republic","Paris, France","Bruges, Belgium",50.0874654,14.4212535,48.8534951,2.3483915,51.2085526,3.226772,798.260283984512,269.27617264473804,6.864,6.673,11,13,14,11,0,1,1,2,0.44,0.5417,0.0,0.3333,7.445,7.564,12,13,8,9,3,3,0,0,0.6,0.5909,1.0,1.0,48,3,16.8,12.0,0.1,24.4,22.4,12.4,0.0,9.8,17.7,12.7,0.0,14.8,0.8999999999999986,0.6999999999999993,0.7999999999999989,4.699999999999999,0.29999999999999893,2.499999999999999
2000-06-16,Netherlands,Denmark,EURO,Rotterdam,Netherlands,False,2000,6,16,1,629.0,662.0,Amsterdam,Copenhagen,"Amsterdam, Netherlands","Copenhagen, Denmark","Rotterdam, Netherlands",52.3730796,4.8924534,55.6867243,12.5700724,51.9244424,4.47775,57.351895749089884,675.5691578239013,7.336,7.209,14,23,11,6,1,1,0,2,0.56,0.7931,1.0,0.3333,6.545,6.8,8,8,12,11,0,2,3,3,0.4,0.4211,0.0,0.4,9,21,15.1,9.1,0.0,13.7,14.6,9.4,0.3,29.9,16.6,10.1,0.0,12.7,1.5000000000000018,1.0,1.2500000000000009,2.0000000000000018,0.6999999999999993,1.3500000000000005
2000-06-17,England,Germany,EURO,Charleroi,Belgium,True,2000,6,17,1,682.0,706.0,London,Berlin,"London, England","Berlin, Germany","Charleroi, Belgium",51.5074456,-0.1277653,52.5173885,13.3951309,50.4116233,4.444528,342.56078828988683,662.2376250065798,6.782,7.064,12,18,16,21,2,5,3,6,0.4286,0.4615,0.4,0.4545,7.027,6.8,11,15,13,16,1,0,1,3,0.4583,0.4839,0.5,0.0,4,12,23.3,12.3,0.0,19.2,18.4,9.7,0.0,18.6,20.6,8.7,0.0,10.6,2.6999999999999993,3.6000000000000014,3.1500000000000004,2.200000000000003,1.0,1.6000000000000014
2000-06-17,Romania,Portugal,EURO,Arnhem,Netherlands,True,2000,6,17,2,692.0,647.0,Bucharest,Lisbon,"Bucharest, Romania","Lisbon, Portugal","Arnhem, Netherlands",44.4361414,26.102684,38.7077507,-9.1365919,52.0056642,5.8762345,1710.3590150838465,1879.6834368774958,6.7,7.173,13,9,11,18,1,0,1,1,0.5417,0.3333,0.5,0.0,6.982,6.645,16,9,12,5,3,0,2,1,0.5714,0.6429,0.6,0.0,52,7,18.6,12.1,11.0,17.7,28.1,18.0,0.0,23.2,18.9,7.1,0.0,7.8,0.29999999999999716,5.0,2.6499999999999986,9.200000000000003,10.9,10.05
2000-06-19,Italy,Sweden,EURO,Eindhoven,Netherlands,True,2000,6,19,1,660.0,646.0,Rome,Stockholm,"Rome, Italy","Stockholm, Sweden","Eindhoven, Netherlands",41.8933203,12.4829321,59.3251172,18.0710935,51.4392648,5.478633,1187.1326963558133,1180.1038489997406,7.564,7.091,7,18,21,9,2,2,0,1,0.25,0.6667,1.0,0.6667,6.982,6.609,11,10,10,15,0,1,0,2,0.5238,0.4,0.5,0.3333,15,37,27.1,14.6,0.0,15.7,18.7,12.0,0.0,20.3,31.4,16.8,0.0,16.6,4.299999999999997,2.200000000000001,3.249999999999999,12.7,4.800000000000001,8.75
2000-06-19,Belgium,Turkey,EURO,Brussels,Belgium,False,2000,6,19,2,585.0,568.0,Brussels,Ankara,"Brussels, Belgium","Ankara, Turkey","Brussels, Belgium",50.8467372,4.352493,39.9207759,32.8540497,50.8467372,4.352493,0.0,2513.420204876821,6.973,7.091,21,15,7,10,0,2,2,1,0.75,0.6,0.0,0.6667,7.0,6.964,10,9,11,18,0,1,0,2,0.4762,0.3333,0.5,0.3333,8,27,30.2,17.5,0.0,18.1,17.1,7.3,0.6,22.0,30.2,17.5,0.0,18.1,0.0,0.0,0.0,13.099999999999998,10.2,11.649999999999999
2000-06-20,England,Romania,EURO,Charleroi,Belgium,True,2000,6,20,2,682.0,692.0,London,Bucharest,"London, England","Bucharest, Romania","Charleroi, Belgium",51.5074456,-0.1277653,44.4361414,26.102684,50.4116233,4.444528,342.56078828988683,1751.617623606285,7.109,6.782,7,12,21,16,1,2,0,3,0.25,0.4286,1.0,0.4,6.709,6.7,9,13,6,11,0,1,1,1,0.6,0.5417,0.0,0.5,4,52,22.3,15.3,11.5,17.9,20.9,10.4,0.0,17.7,28.3,18.2,0.0,19.7,6.0,2.8999999999999986,4.449999999999999,7.400000000000002,7.799999999999999,7.6000000000000005
2000-06-20,Portugal,Germany,EURO,Rotterdam,Netherlands,True,2000,6,20,1,647.0,706.0,Lisbon,Berlin,"Lisbon, Portugal","Berlin, Germany","Rotterdam, Netherlands",38.7077507,-9.1365919,52.5173885,13.3951309,51.9244424,4.47775,1808.2677974394892,610.6231521228966,7.082,6.982,6,16,9,12,1,3,0,2,0.4,0.5714,1.0,0.6,6.955,7.027,21,11,7,13,0,1,1,1,0.75,0.4583,0.0,0.5,7,12,21.6,17.1,0.0,20.5,33.6,16.0,0.0,10.3,30.3,18.6,0.0,12.3,8.7,1.5,5.1,3.3000000000000007,2.6000000000000014,2.950000000000001
2000-06-21,Slovenia,Norway,EURO,Arnhem,Netherlands,True,2000,6,21,0,538.0,703.0,Ljubljana,Oslo,"Ljubljana, Slovenia","Oslo, Norway","Arnhem, Netherlands",46.0500268,14.5069289,59.9133301,10.7389701,52.0056642,5.8762345,912.3180260991596,929.3164234332013,6.8,7.145,10,15,12,9,1,3,2,3,0.4545,0.625,0.3333,0.5,6.818,7.255,5,7,14,17,0,1,1,0,0.2632,0.2917,0.0,1.0,56,19,29.0,14.8,0.0,16.8,22.7,14.8,11.2,19.4,26.6,18.8,0.6,23.7,2.3999999999999986,4.0,3.1999999999999993,3.900000000000002,4.0,3.950000000000001
2000-06-21,Netherlands,France,EURO,Amsterdam,Netherlands,False,2000,6,21,1,629.0,758.0,Amsterdam,Paris,"Amsterdam, Netherlands","Paris, France","Amsterdam, Netherlands",52.3730796,4.8924534,48.8534951,2.3483915,52.3730796,4.8924534,0.0,430.495836705593,7.318,7.336,13,14,11,11,3,1,0,0,0.5417,0.56,1.0,1.0,7.109,7.445,13,12,16,8,2,3,1,0,0.4483,0.6,0.6667,1.0,9,3,23.5,16.5,0.1,25.6,24.5,16.7,0.0,18.5,23.5,16.5,0.1,25.6,0.0,0.0,0.0,1.0,0.1999999999999993,0.5999999999999996
2000-06-21,Denmark,Czech Republic,EURO,Liège,Belgium,True,2000,6,21,2,662.0,750.0,Copenhagen,Prague,"Copenhagen, Denmark","Prague, Czech Republic","Liège, Belgium",55.6867243,12.5700724,50.0874654,14.4212535,50.6450944,5.5736112,728.5157751097536,630.2262260124027,6.482,6.545,11,8,13,12,0,0,3,3,0.4583,0.4,0.0,0.0,6.6,6.864,16,11,13,14,1,0,2,1,0.5517,0.44,0.3333,0.0,21,48,28.3,18.2,0.0,21.9,33.3,17.8,0.0,12.6,26.8,19.0,5.2,17.9,1.5,0.8000000000000007,1.1500000000000004,6.4999999999999964,1.1999999999999993,3.849999999999998
2000-06-24,Turkey,Portugal,EURO,Amsterdam,Netherlands,True,2000,6,24,2,568.0,647.0,Ankara,Lisbon,"Ankara, Turkey","Lisbon, Portugal","Amsterdam, Netherlands",39.9207759,32.8540497,38.7077507,-9.1365919,52.3730796,4.8924534,2536.016841869823,1864.484581005688,7.527,7.0,7,10,25,11,2,0,0,0,0.2188,0.4762,1.0,0.5,7.427,7.082,12,6,14,9,3,1,0,0,0.4615,0.4,1.0,1.0,27,7,28.0,14.2,0.0,11.5,30.5,18.6,0.0,20.6,15.3,11.7,8.2,24.5,12.7,2.5,7.6,15.2,6.900000000000002,11.05
2000-06-24,Italy,Romania,EURO,Brussels,Belgium,True,2000,6,24,1,660.0,692.0,Rome,Bucharest,"Rome, Italy","Bucharest, Romania","Brussels, Belgium",41.8933203,12.4829321,44.4361414,26.102684,50.8467372,4.352493,1173.262485767537,1770.0882004471744,7.073,7.564,11,7,19,21,2,2,1,0,0.3667,0.25,0.6667,1.0,7.018,6.709,20,9,6,6,3,0,2,1,0.7692,0.6,0.6,0.0,15,52,26.7,18.8,0.0,18.9,32.8,19.2,1.5,13.0,16.1,11.3,6.1,21.9,10.599999999999998,7.5,9.049999999999999,16.699999999999996,7.899999999999999,12.299999999999997
2000-06-25,Spain,France,EURO,Bruges,Belgium,True,2000,6,25,2,728.0,758.0,Madrid,Paris,"Madrid, Spain","Paris, France","Bruges, Belgium",40.416782,-3.703507,48.8534951,2.3483915,51.2085526,3.226772,1313.2882108460105,269.27617264473804,6.782,7.118,21,12,12,10,4,2,3,1,0.6364,0.5455,0.5714,0.6667,6.964,7.109,13,13,12,16,2,2,3,1,0.52,0.4483,0.4,0.6667,1,3,34.0,19.5,0.0,16.8,18.0,10.2,0.2,10.9,15.0,11.8,3.5,24.5,19.0,7.699999999999999,13.35,3.0,1.6000000000000014,2.3000000000000007
2000-06-28,France,Portugal,EURO,Brussels,Belgium,True,2000,6,28,1,758.0,647.0,Paris,Lisbon,"Paris, France","Lisbon, Portugal","Brussels, Belgium",48.8534951,2.3483915,38.7077507,-9.1365919,50.8467372,4.352493,264.1172633515067,1713.521532253274,7.091,6.964,14,13,8,12,2,2,1,3,0.6364,0.52,0.6667,0.4,7.491,7.427,25,12,9,14,2,3,0,0,0.7353,0.4615,1.0,1.0,3,7,21.2,11.6,0.7,15.5,24.5,17.6,0.0,22.4,16.9,8.2,0.0,13.7,4.300000000000001,3.4000000000000004,3.8500000000000005,7.600000000000001,9.400000000000002,8.500000000000002
2000-06-29,Netherlands,Italy,EURO,Amsterdam,Netherlands,False,2000,6,29,0,629.0,660.0,Amsterdam,Rome,"Amsterdam, Netherlands","Rome, Italy","Amsterdam, Netherlands",52.3730796,4.8924534,41.8933203,12.4829321,52.3730796,4.8924534,0.0,1297.388334557153,7.809,7.073,24,12,6,13,6,3,1,2,0.8,0.48,0.8571,0.6,7.209,7.073,9,11,19,19,2,2,0,1,0.3214,0.3667,1.0,0.6667,9,15,14.3,11.2,0.0,17.6,27.8,18.8,5.8,11.5,14.3,11.2,0.0,17.6,0.0,0.0,0.0,13.5,7.600000000000001,10.55
2000-07-02,France,Italy,EURO,Rotterdam,Netherlands,True,2000,7,2,1,758.0,660.0,Paris,Rome,"Paris, France","Rome, Italy","Rotterdam, Netherlands",48.8534951,2.3483915,41.8933203,12.4829321,51.9244424,4.47775,373.31283924523785,1268.6293341680846,7.436,7.091,19,14,7,8,2,2,1,1,0.7308,0.6364,0.6667,0.6667,7.045,7.209,4,9,27,19,3,2,1,0,0.129,0.3214,0.75,1.0,3,15,24.7,16.3,10.0,15.8,30.4,18.2,0.0,13.4,22.5,12.6,2.4,9.7,2.1999999999999993,3.700000000000001,2.95,7.899999999999999,5.6,6.749999999999999
2002-06-01,Republic of Ireland,Cameroon,FWC,Niigata,Japan,True,2002,6,1,0,674.0,672.0,Dublin,Yaoundé,"Dublin, Republic of Ireland","Yaoundé, Cameroon","Niigata, Japan",53.3493795,-6.2605593,3.8689867,11.5213344,37.6452283,138.7669125,9352.038605703423,12888.355885154197,6.818,7.091,20,7,14,12,0,0,2,0,0.5882,0.3684,0.0,0.5,7.091,6.609,15,14,14,11,1,0,1,3,0.5172,0.56,0.5,0.0,55,43,19.5,9.9,0.0,19.1,25.9,21.3,9.5,9.9,24.4,15.5,1.0,11.1,4.899999999999999,5.6,5.249999999999999,1.5,5.800000000000001,3.6500000000000004
2002-06-01,Uruguay,Denmark,FWC,Ulsan,South Korea,True,2002,6,1,2,652.0,657.0,Montevideo,Copenhagen,"Montevideo, Uruguay","Copenhagen, Denmark","Ulsan, South Korea",-34.9058916,-56.1913095,55.6867243,12.5700724,35.5391697,129.3119136,19510.32402998588,8241.28501903196,6.591,7.118,9,15,9,7,0,1,2,0,0.5,0.6818,0.0,1.0,6.618,6.482,13,11,10,13,0,0,2,3,0.5652,0.4583,0.0,0.0,20,21,18.2,12.2,0.1,20.8,15.9,9.9,2.0,23.5,27.1,17.0,0.0,12.9,8.900000000000002,4.800000000000001,6.850000000000001,11.200000000000001,7.1,9.15
2002-06-01,Germany,Saudi Arabia,FWC,Sapporo,Japan,True,2002,6,1,1,695.0,627.0,Berlin,Riyadh,"Berlin, Germany","Riyadh, Saudi Arabia","Sapporo, Japan",52.5173885,13.3951309,24.638916,46.7160104,43.061936,141.3542924,8276.681291687291,8522.747942346969,6.6,6.955,14,21,12,7,0,0,3,1,0.5385,0.75,0.0,0.0,7.091,6.327,12,3,19,18,2,0,2,4,0.3871,0.1429,0.5,0.0,12,58,16.3,8.5,0.2,17.1,43.3,25.8,0.0,20.5,20.4,10.3,0.0,8.5,4.099999999999998,1.8000000000000007,2.9499999999999993,22.9,15.5,19.2
2002-06-02,Argentina,Nigeria,FWC,Kashima,Japan,True,2002,6,2,1,784.0,644.0,Buenos Aires,Abuja,"Buenos Aires, Argentina","Abuja, Nigeria","Kashima, Japan",-34.6095579,-58.3887904,9.0643305,7.4892974,35.9661164,140.6450292,18283.688564064836,13010.965654125328,6.945,7.264,10,21,19,18,1,6,2,5,0.3448,0.5385,0.3333,0.5455,6.955,6.636,22,12,13,10,1,1,4,3,0.6286,0.5455,0.2,0.25,2,26,15.3,13.7,2.8,29.4,28.6,23.6,9.5,9.5,22.6,17.9,0.6,15.7,7.300000000000001,4.199999999999999,5.75,6.0,5.700000000000003,5.850000000000001
2002-06-02,Spain,Slovenia,FWC,Gwangju,South Korea,True,2002,6,2,1,713.0,649.0,Madrid,Ljubljana,"Madrid, Spain","Ljubljana, Slovenia","Gwangju, South Korea",40.416782,-3.703507,46.0500268,14.5069289,35.1558147,126.8306362,10206.522577265594,8731.104080245093,6.727,6.782,8,21,14,12,1,4,2,3,0.3636,0.6364,0.3333,0.5714,7.018,6.8,13,10,4,12,0,1,0,2,0.7647,0.4545,0.5,0.3333,1,56,31.0,16.3,0.0,14.8,19.3,11.8,0.6,11.6,27.4,17.0,8.2,13.8,3.6000000000000014,0.6999999999999993,2.1500000000000004,8.099999999999998,5.199999999999999,6.649999999999999
2002-06-02,Paraguay,South Africa,FWC,Busan,South Korea,True,2002,6,2,0,671.0,623.0,Asunción,Pretoria,"Asunción, Paraguay","Pretoria, South Africa","Busan, South Korea",-25.2800459,-57.6343814,-25.7459277,28.1879101,35.1799528,129.0752365,18740.28316627418,12555.268758116585,7.391,7.345,10,10,30,12,0,3,1,1,0.25,0.4545,0.0,0.75,7.2,7.064,19,16,12,13,2,1,2,1,0.6129,0.5517,0.5,0.5,34,54,26.6,20.6,0.8,21.3,14.2,6.9,0.9,20.4,22.8,17.6,0.5,12.8,3.8000000000000007,3.0,3.4000000000000004,8.600000000000001,10.700000000000001,9.650000000000002
2002-06-02,England,Sweden,FWC,Saitama,Japan,True,2002,6,2,0,694.0,665.0,London,Stockholm,"London, England","Stockholm, Sweden","Saitama, Japan",51.5074456,-0.1277653,59.3251172,18.0710935,35.9754168,139.4160114,9519.58703136759,8129.858897100528,6.736,7.109,6,7,20,21,2,1,3,0,0.2308,0.25,0.4,1.0,6.973,6.982,19,11,11,10,1,0,2,0,0.6333,0.5238,0.3333,0.5,4,37,24.0,10.6,0.1,17.4,20.8,12.0,0.0,13.9,26.2,16.9,1.4,8.1,2.1999999999999993,6.299999999999999,4.249999999999999,5.399999999999999,4.899999999999999,5.149999999999999
2002-06-03,Croatia,Mexico,FWC,Niigata,Japan,True,2002,6,3,2,655.0,716.0,Zagreb,Mexico City,"Zagreb, Croatia","Mexico City, Mexico","Niigata, Japan",45.8130967,15.9772795,19.3207722,-99.1514678,37.6452283,138.7669125,9118.54970971269,11256.522516064515,7.064,6.936,6,11,23,20,2,1,1,2,0.2069,0.3548,0.6667,0.3333,6.864,6.818,13,9,13,14,1,2,2,2,0.5,0.3913,0.3333,0.5,13,10,23.1,9.5,0.0,7.6,22.5,10.5,1.0,8.9,22.9,10.7,0.0,8.4,0.20000000000000284,1.1999999999999993,0.7000000000000011,0.3999999999999986,0.1999999999999993,0.29999999999999893
2002-06-03,Brazil,Turkey,FWC,Ulsan,South Korea,True,2002,6,3,1,784.0,654.0,Brasília,Ankara,"Brasília, Brazil","Ankara, Turkey","Ulsan, South Korea",-15.7939869,-47.8828,39.9207759,32.8540497,35.5391697,129.3119136,17801.89547812976,8047.504606870915,6.609,7.318,9,19,13,17,0,5,3,3,0.4091,0.5278,0.0,0.625,6.427,7.527,9,7,25,25,0,2,2,0,0.2647,0.2188,0.0,1.0,5,27,25.0,12.6,0.0,13.2,25.4,10.8,0.0,15.3,24.3,16.2,0.0,12.7,0.6999999999999993,3.5999999999999996,2.1499999999999995,1.0999999999999979,5.399999999999999,3.2499999999999982
2002-06-04,Japan,Belgium,FWC,Saitama,Japan,False,2002,6,4,0,634.0,653.0,Tokyo,Brussels,"Tokyo, Japan","Brussels, Belgium","Saitama, Japan",35.6768601,139.7638947,50.8467372,4.352493,35.9754168,139.4160114,45.67052202182701,9408.910894091441,7.082,6.927,22,12,9,19,1,0,2,1,0.7097,0.3871,0.3333,0.0,6.891,6.973,25,21,7,7,0,0,2,2,0.7812,0.75,0.0,0.0,17,8,26.4,17.1,1.1,16.2,23.5,11.0,4.2,15.9,26.3,16.8,0.6,12.6,0.09999999999999787,0.3000000000000007,0.1999999999999993,2.8000000000000007,5.800000000000001,4.300000000000001
2002-06-04,South Korea,Poland,FWC,Busan,South Korea,False,2002,6,4,1,603.0,615.0,Seoul,Warsaw,"Seoul, South Korea","Warsaw, Poland","Busan, South Korea",37.5666791,126.9782914,52.2319581,21.0067249,35.1799528,129.0752365,325.06127090251806,8065.146815328387,7.136,6.573,13,9,14,23,1,0,1,5,0.4815,0.2812,0.5,0.0,6.864,6.773,19,15,16,8,0,0,4,3,0.5429,0.6522,0.0,0.0,32,36,26.6,16.4,0.0,9.0,23.1,12.4,0.0,10.8,23.5,16.9,0.0,13.6,3.1000000000000014,0.5,1.8000000000000007,0.3999999999999986,4.499999999999998,2.4499999999999984
2002-06-05,Germany,Republic of Ireland,FWC,Kashima,Japan,True,2002,6,5,0,695.0,674.0,Berlin,Dublin,"Berlin, Germany","Dublin, Republic of Ireland","Kashima, Japan",52.5173885,13.3951309,53.3493795,-6.2605593,35.9661164,140.6450292,8932.538378737947,9583.994409241826,8.382,6.6,25,14,1,12,8,0,0,3,0.9615,0.5385,1.0,0.0,7.0,6.818,12,20,15,14,1,0,1,2,0.4444,0.5882,0.5,0.0,12,55,25.7,15.3,0.0,26.8,15.7,6.1,0.0,12.6,23.1,17.7,0.3,18.4,2.599999999999998,2.3999999999999986,2.4999999999999982,7.400000000000002,11.6,9.5
2002-06-05,Russia,Tunisia,FWC,Kobe,Japan,True,2002,6,5,1,644.0,635.0,Moscow,Tunis,"Moscow, Russia","Tunis, Tunisia","Kobe, Japan",55.625578,37.6063916,36.8002068,10.1857757,34.6932379,135.1943764,7326.6726988996725,10241.731943062761,6.609,6.445,9,13,18,16,3,0,3,3,0.3333,0.4483,0.5,0.0,6.945,7.355,10,19,8,15,1,0,1,1,0.5556,0.5588,0.5,0.0,35,57,16.0,10.5,0.0,20.3,27.8,19.6,0.0,23.0,29.8,19.3,0.0,16.7,13.8,8.8,11.3,2.0,0.3000000000000007,1.1500000000000004
2002-06-06,France,Uruguay,FWC,Busan,South Korea,True,2002,6,6,0,802.0,652.0,Paris,Montevideo,"Paris, France","Montevideo, Uruguay","Busan, South Korea",48.8534951,2.3483915,-34.9058916,-56.1913095,35.1799528,129.0752365,9290.89729337261,19534.72151155887,7.145,7.2,24,20,5,9,0,2,1,1,0.8276,0.6897,0.0,0.6667,6.736,6.591,7,9,13,9,1,0,2,2,0.35,0.5,0.3333,0.0,3,20,17.9,10.2,0.0,14.5,14.7,9.7,0.0,16.5,24.4,17.0,0.0,12.6,6.5,6.800000000000001,6.65,9.7,7.300000000000001,8.5
2002-06-06,Cameroon,Saudi Arabia,FWC,Saitama,Japan,True,2002,6,6,1,672.0,627.0,Yaoundé,Riyadh,"Yaoundé, Cameroon","Riyadh, Saudi Arabia","Saitama, Japan",3.8689867,11.5213344,24.638916,46.7160104,35.9754168,139.4160114,13026.276277833867,8657.963849603595,7.218,7.091,15,15,12,14,1,1,1,1,0.5556,0.5172,0.5,0.5,5.836,7.091,1,12,25,19,0,2,8,2,0.0385,0.3871,0.0,0.5,43,58,26.3,20.5,1.1,12.3,41.6,25.9,0.0,19.9,25.7,14.5,0.0,15.1,0.6000000000000014,6.0,3.3000000000000007,15.900000000000002,11.399999999999999,13.65
2002-06-07,Argentina,England,FWC,Sapporo,Japan,True,2002,6,7,2,784.0,694.0,Buenos Aires,London,"Buenos Aires, Argentina","London, England","Sapporo, Japan",-34.6095579,-58.3887904,51.5074456,-0.1277653,43.061936,141.3542924,18070.732922083134,8863.462584155353,7.327,6.945,15,10,10,19,1,1,0,2,0.6,0.3448,1.0,0.3333,7.082,6.736,10,6,15,20,1,2,1,3,0.4,0.2308,0.5,0.4,2,4,16.4,11.1,0.0,20.4,15.1,11.6,0.6,17.1,24.2,12.0,0.0,9.4,7.800000000000001,0.9000000000000004,4.3500000000000005,9.1,0.40000000000000036,4.75
2002-06-07,Sweden,Nigeria,FWC,Kobe,Japan,True,2002,6,7,1,665.0,644.0,Stockholm,Abuja,"Stockholm, Sweden","Abuja, Nigeria","Kobe, Japan",59.3251172,18.0710935,9.0643305,7.4892974,34.6932379,135.1943764,8077.672186329708,12677.440840074609,6.955,6.973,15,19,10,11,1,1,1,2,0.6,0.6333,0.5,0.3333,7.0,6.955,10,22,15,13,0,1,1,4,0.4,0.6286,0.0,0.2,37,26,20.5,13.5,0.0,14.5,30.0,22.4,0.0,8.0,26.8,19.3,0.0,14.3,6.300000000000001,5.800000000000001,6.050000000000001,3.1999999999999993,3.099999999999998,3.1499999999999986
2002-06-07,Spain,Paraguay,FWC,Jeonju,South Korea,True,2002,6,7,1,713.0,671.0,Madrid,Asunción,"Madrid, Spain","Asunción, Paraguay","Jeonju, South Korea",40.416782,-3.703507,-25.2800459,-57.6343814,35.8237631,127.1472805,10162.442444520115,18756.93295579324,7.127,6.727,14,8,7,14,3,1,1,2,0.6667,0.3636,0.75,0.3333,7.2,7.391,13,10,18,30,2,0,2,1,0.4194,0.25,0.5,0.0,1,34,19.2,7.0,0.3,19.2,23.2,18.4,16.0,18.4,29.5,16.4,0.0,12.2,10.3,9.399999999999999,9.85,6.300000000000001,2.0,4.15
2002-06-08,Italy,Croatia,FWC,Kashima,Japan,True,2002,6,8,2,717.0,655.0,Rome,Zagreb,"Rome, Italy","Zagreb, Croatia","Kashima, Japan",41.8933203,12.4829321,45.8130967,15.9772795,35.9661164,140.6450292,9880.721897590996,9367.746646992622,7.564,6.9,21,9,11,20,2,1,0,2,0.6562,0.3103,1.0,0.3333,6.927,7.064,8,6,8,23,0,2,1,1,0.5,0.2069,0.0,0.6667,15,13,21.5,13.4,0.0,13.6,22.8,14.0,2.6,15.1,25.3,18.4,0.0,24.1,3.8000000000000007,4.999999999999998,4.3999999999999995,2.5,4.399999999999999,3.4499999999999993
2002-06-08,South Africa,Slovenia,FWC,Daegu,South Korea,True,2002,6,8,1,623.0,649.0,Pretoria,Ljubljana,"Pretoria, South Africa","Ljubljana, Slovenia","Daegu, South Korea",-25.7459277,28.1879101,46.0500268,14.5069289,35.8713,128.6018,12535.53907586307,8774.938805619324,7.082,7.2,18,19,13,12,2,2,2,2,0.5806,0.6129,0.5,0.5,6.636,7.018,7,13,14,4,1,0,3,0,0.3333,0.7647,0.25,0.5,54,56,17.0,6.2,0.0,16.2,19.9,12.4,1.4,16.6,31.0,20.2,0.0,14.8,14.0,14.0,14.0,11.100000000000001,7.799999999999999,9.45
2002-06-09,Japan,Russia,FWC,Yokohama,Japan,False,2002,6,9,1,634.0,644.0,Tokyo,Moscow,"Tokyo, Japan","Moscow, Russia","Yokohama, Japan",35.6768601,139.7638947,55.625578,37.6063916,35.4503381,139.6343802,27.779179045276116,7504.408386577889,7.073,7.082,9,22,16,9,2,1,2,2,0.36,0.7097,0.5,0.3333,7.645,6.609,19,9,10,18,2,3,0,3,0.6552,0.3333,1.0,0.5,17,35,28.9,19.1,0.0,36.9,18.5,11.7,4.5,10.1,28.1,19.0,0.0,39.8,0.7999999999999972,0.10000000000000142,0.4499999999999993,9.600000000000001,7.300000000000001,8.450000000000001
2002-06-09,Costa Rica,Turkey,FWC,Incheon,South Korea,True,2002,6,9,0,643.0,654.0,San José,Ankara,"San José, Costa Rica","Ankara, Turkey","Incheon, South Korea",9.9327707,-84.0796144,39.9207759,32.8540497,37.456,126.7052,13847.152939471393,7733.689563672027,7.491,6.736,14,12,10,25,2,1,0,4,0.5833,0.3243,1.0,0.2,6.927,6.427,6,9,22,25,1,0,2,2,0.2143,0.2647,0.3333,0.0,51,27,23.6,17.5,11.9,4.5,32.2,20.9,0.0,14.6,23.3,16.3,0.0,17.7,0.3000000000000007,1.1999999999999993,0.75,8.900000000000002,4.599999999999998,6.75
2002-06-10,Tunisia,Belgium,FWC,Ōita,Japan,True,2002,6,10,0,635.0,653.0,Tunis,Brussels,"Tunis, Tunisia","Brussels, Belgium","Ōita, Japan",36.8002068,10.1857757,50.8467372,4.352493,33.1819875,131.4270217,10133.225728477648,9331.984491057798,6.845,6.945,10,10,19,8,0,1,2,1,0.3448,0.5556,0.0,0.5,6.955,6.891,16,25,9,7,2,0,2,2,0.64,0.7812,0.5,0.0,57,8,24.8,16.8,0.0,26.1,17.1,10.8,5.5,26.0,30.0,18.0,1.1,10.6,5.199999999999999,1.1999999999999993,3.1999999999999993,12.899999999999999,7.199999999999999,10.049999999999999
2002-06-10,Portugal,Poland,FWC,Jeonju,South Korea,True,2002,6,10,1,726.0,615.0,Lisbon,Warsaw,"Lisbon, Portugal","Warsaw, Poland","Jeonju, South Korea",38.7077507,-9.1365919,52.2319581,21.0067249,35.8237631,127.1472805,10590.031863471617,7901.222654869964,6.945,6.473,14,7,10,19,2,1,3,2,0.5833,0.2692,0.4,0.3333,6.918,6.864,9,19,16,16,0,0,2,4,0.36,0.5429,0.0,0.0,7,36,21.7,15.1,0.0,29.4,19.7,12.4,0.0,16.8,27.8,16.6,4.9,25.3,6.100000000000001,1.5000000000000018,3.8000000000000016,8.100000000000001,4.200000000000001,6.150000000000001
2002-06-11,Denmark,France,FWC,Incheon,South Korea,True,2002,6,11,1,657.0,802.0,Copenhagen,Paris,"Copenhagen, Denmark","Paris, France","Incheon, South Korea",55.6867243,12.5700724,48.8534951,2.3483915,37.456,126.7052,7936.761957713753,8963.215310032147,6.955,7.336,5,13,12,7,1,2,1,1,0.2941,0.65,0.5,0.6667,7.164,7.145,14,24,10,5,0,0,0,1,0.5833,0.8276,0.5,0.0,21,3,17.0,13.0,13.9,19.5,17.3,12.3,1.5,20.7,22.3,17.0,0.0,18.7,5.300000000000001,4.0,4.65,5.0,4.699999999999999,4.85
2002-06-11,Cameroon,Germany,FWC,Fukuroi,Japan,True,2002,6,11,2,672.0,695.0,Yaoundé,Berlin,"Yaoundé, Cameroon","Berlin, Germany","Fukuroi, Japan",3.8689867,11.5213344,52.5173885,13.3951309,34.7501492,137.9246962,12967.377229637255,8926.254594851149,7.464,7.218,17,15,14,12,1,1,0,1,0.5484,0.5556,1.0,0.5,7.2,8.382,13,25,9,1,1,8,1,0,0.5909,0.9615,0.5,1.0,43,12,23.6,20.7,15.6,13.0,18.8,12.0,0.1,17.2,25.1,19.3,34.5,26.7,1.5,1.3999999999999986,1.4499999999999993,6.300000000000001,7.300000000000001,6.800000000000001
2002-06-11,Saudi Arabia,Republic of Ireland,FWC,Yokohama,Japan,True,2002,6,11,2,627.0,674.0,Riyadh,Dublin,"Riyadh, Saudi Arabia","Dublin, Republic of Ireland","Yokohama, Japan",24.638916,46.7160104,53.3493795,-6.2605593,35.4503381,139.6343802,8698.013462339708,9607.906147956313,6.964,5.836,14,1,17,25,0,0,1,8,0.4516,0.0385,0.0,0.0,6.764,7.0,9,12,13,15,1,1,1,1,0.4091,0.4444,0.5,0.5,58,55,41.2,24.4,0.0,24.4,14.8,9.2,2.5,25.2,26.4,19.7,2.4,45.9,14.800000000000004,4.699999999999999,9.750000000000002,11.599999999999998,10.5,11.049999999999999
2002-06-11,Senegal,Uruguay,FWC,Suwon,South Korea,True,2002,6,11,0,599.0,652.0,Dakar,Montevideo,"Dakar, Senegal","Montevideo, Uruguay","Suwon, South Korea",14.693425,-17.447938,-34.9058916,-56.1913095,37.2633325,127.0287472,13146.299429082479,19624.694308191865,7.182,7.264,12,5,5,24,1,1,1,0,0.7059,0.1724,0.5,1.0,7.236,6.736,10,7,14,13,0,1,0,2,0.4167,0.35,0.5,0.3333,18,20,26.4,22.3,0.0,21.9,8.7,7.1,0.0,19.7,23.6,17.1,0.2,18.0,2.799999999999997,5.199999999999999,3.9999999999999982,14.900000000000002,10.000000000000002,12.450000000000003
2002-06-12,South Africa,Spain,FWC,Daejeon,South Korea,True,2002,6,12,2,623.0,713.0,Pretoria,Madrid,"Pretoria, South Africa","Madrid, Spain","Daejeon, South Korea",-25.7459277,28.1879101,40.416782,-3.703507,36.3497007,127.3849016,12445.631202056431,10126.872950827403,7.255,7.082,15,18,4,13,1,2,0,2,0.7895,0.5806,1.0,0.5,7.291,7.127,14,14,12,7,3,3,1,1,0.5385,0.6667,0.75,0.75,54,1,16.5,6.4,0.0,23.9,31.3,16.3,0.0,9.7,27.6,13.5,16.2,21.9,11.100000000000001,7.1,9.100000000000001,3.6999999999999993,2.8000000000000007,3.25
2002-06-12,Slovenia,Paraguay,FWC,Seogwipo,South Korea,True,2002,6,12,2,649.0,671.0,Ljubljana,Asunción,"Ljubljana, Slovenia","Asunción, Paraguay","Seogwipo, South Korea",46.0500268,14.5069289,-25.2800459,-57.6343814,33.252845,126.5610278,8874.900782716391,19039.88216902973,6.882,6.636,4,7,15,14,0,1,1,3,0.2105,0.3333,0.0,0.25,6.664,7.2,12,13,14,18,1,2,3,2,0.4615,0.4194,0.25,0.5,56,34,22.2,13.5,0.0,7.6,12.3,11.3,0.0,13.9,27.3,18.1,0.0,14.6,5.100000000000001,4.600000000000001,4.850000000000001,15.0,6.800000000000001,10.9
2002-06-12,Sweden,Argentina,FWC,Rifu,Japan,True,2002,6,12,0,665.0,784.0,Stockholm,Buenos Aires,"Stockholm, Sweden","Buenos Aires, Argentina","Rifu, Japan",59.3251172,18.0710935,-34.6095579,-58.3887904,38.3301406,140.9753442,7959.140765327176,18238.45087368699,7.318,6.955,14,15,17,10,2,1,1,1,0.4516,0.6,0.6667,0.5,6.936,7.327,11,15,11,10,0,1,1,0,0.5,0.6,0.0,1.0,37,2,19.5,13.5,2.0,20.3,9.4,1.1,0.0,13.9,17.5,13.7,10.6,16.9,2.0,0.1999999999999993,1.0999999999999996,8.1,12.6,10.35
2002-06-12,Nigeria,England,FWC,Osaka,Japan,True,2002,6,12,0,644.0,694.0,Abuja,London,"Abuja, Nigeria","London, England","Osaka, Japan",9.0643305,7.4892974,51.5074456,-0.1277653,34.6937569,135.5014539,12701.393417289619,9499.340538637542,7.145,7.0,17,10,14,15,1,0,2,1,0.5484,0.4,0.3333,0.0,7.364,7.082,11,10,11,15,1,1,0,1,0.5,0.4,1.0,0.5,26,4,29.9,21.7,20.9,11.6,17.5,11.3,3.6,17.9,28.1,20.6,1.4,11.8,1.7999999999999972,1.0999999999999979,1.4499999999999975,10.600000000000001,9.3,9.950000000000001
2002-06-13,Costa Rica,Brazil,FWC,Suwon,South Korea,True,2002,6,13,2,643.0,784.0,San José,Brasília,"San José, Costa Rica","Brasília, Brazil","Suwon, South Korea",9.9327707,-84.0796144,-15.7939869,-47.8828,37.2633325,127.0287472,13846.46720169758,17575.807429861125,6.936,7.491,11,14,11,10,1,2,1,0,0.5,0.5833,0.5,1.0,7.555,7.445,13,22,5,6,4,2,0,1,0.7222,0.7857,1.0,0.6667,51,5,25.0,17.4,9.0,7.5,26.7,14.2,0.0,13.5,21.2,15.7,0.0,15.7,3.8000000000000007,1.6999999999999993,2.75,5.5,1.5,3.5
2002-06-13,Turkey,China,FWC,Seoul,South Korea,True,2002,6,13,1,654.0,566.0,Ankara,Beijing,"Ankara, Turkey","Beijing, China","Seoul, South Korea",39.9207759,32.8540497,39.9057136,116.3912972,37.5666791,126.9782914,7746.240606329473,953.7229851265065,7.082,6.927,11,6,11,22,1,1,1,2,0.5,0.2143,0.5,0.3333,6.482,6.755,5,10,13,14,0,0,4,2,0.2778,0.4167,0.0,0.0,27,91,23.9,12.5,0.0,13.4,30.9,14.5,0.0,14.7,21.9,16.4,0.3,15.6,2.0,3.8999999999999986,2.9499999999999993,9.0,1.8999999999999986,5.449999999999999
2002-06-13,Ecuador,Croatia,FWC,Yokohama,Japan,True,2002,6,13,1,624.0,655.0,Quito,Zagreb,"Quito, Ecuador","Zagreb, Croatia","Yokohama, Japan",-0.2201641,-78.5123274,45.8130967,15.9772795,35.4503381,139.6343802,14455.991149296407,9361.583226485036,6.6,6.891,7,11,13,21,1,0,2,2,0.35,0.3438,0.3333,0.0,7.236,6.927,10,8,14,8,2,0,1,1,0.4167,0.5,0.6667,0.0,25,13,16.0,6.5,3.6,8.7,25.9,13.2,0.0,10.9,21.0,17.9,17.9,18.9,5.0,11.399999999999999,8.2,4.899999999999999,4.699999999999999,4.799999999999999
2002-06-13,Mexico,Italy,FWC,Ōita,Japan,True,2002,6,13,0,716.0,717.0,Mexico City,Rome,"Mexico City, Mexico","Rome, Italy","Ōita, Japan",19.3207722,-99.1514678,41.8933203,12.4829321,33.1819875,131.4270217,12085.873549289674,9599.842114638152,7.473,7.309,13,8,7,8,2,1,1,0,0.65,0.5,0.6667,1.0,6.845,7.564,14,21,10,11,1,2,2,0,0.5833,0.6562,0.3333,1.0,10,15,21.8,12.2,1.2,4.7,28.1,15.3,0.0,13.2,30.4,18.5,0.8,5.4,8.599999999999998,6.300000000000001,7.449999999999999,2.299999999999997,3.1999999999999993,2.7499999999999982
2002-06-14,South Korea,Portugal,FWC,Incheon,South Korea,False,2002,6,14,1,603.0,726.0,Seoul,Lisbon,"Seoul, South Korea","Lisbon, Portugal","Incheon, South Korea",37.5666791,126.9782914,38.7077507,-9.1365919,37.456,126.7052,27.049456628352527,10416.215393393559,7.073,7.291,16,16,4,9,1,2,1,0,0.8,0.64,0.5,1.0,7.6,6.945,14,14,17,10,4,2,0,3,0.4516,0.5833,1.0,0.4,32,7,22.6,14.1,0.3,15.3,23.8,16.9,0.0,25.0,20.9,15.5,0.0,16.9,1.7000000000000028,1.4000000000000004,1.5500000000000016,2.900000000000002,1.3999999999999986,2.1500000000000004
2002-06-14,Belgium,Russia,FWC,Fukuroi,Japan,True,2002,6,14,1,653.0,644.0,Brussels,Moscow,"Brussels, Belgium","Moscow, Russia","Fukuroi, Japan",50.8467372,4.352493,55.625578,37.6063916,34.7501492,137.9246962,9469.001002909637,7473.337213303057,7.245,6.955,13,16,10,9,1,2,1,2,0.5652,0.64,0.5,0.5,6.855,7.645,11,19,9,10,0,2,1,0,0.55,0.6552,0.0,1.0,8,35,24.9,14.4,0.1,18.8,21.7,11.7,5.6,27.2,25.0,18.6,3.8,13.4,0.10000000000000142,4.200000000000001,2.1500000000000012,3.3000000000000007,6.900000000000002,5.100000000000001
2002-06-14,Japan,Tunisia,FWC,Osaka,Japan,False,2002,6,14,1,634.0,635.0,Tokyo,Tunis,"Tokyo, Japan","Tunis, Tunisia","Osaka, Japan",35.6768601,139.7638947,36.8002068,10.1857757,34.6937569,135.5014539,402.45482014681625,10260.07990182446,7.264,7.073,9,9,11,16,1,2,0,2,0.45,0.36,1.0,0.5,6.936,6.845,10,10,13,19,1,0,1,2,0.4348,0.3448,0.5,0.0,17,57,23.5,17.9,0.0,22.1,28.5,15.0,0.0,14.6,28.7,20.5,2.0,16.6,5.199999999999999,2.6000000000000014,3.9000000000000004,0.1999999999999993,5.5,2.8499999999999996
2002-06-15,Denmark,England,FWC,Niigata,Japan,True,2002,6,15,2,657.0,694.0,Copenhagen,London,"Copenhagen, Denmark","London, England","Niigata, Japan",55.6867243,12.5700724,51.5074456,-0.1277653,37.6452283,138.7669125,8457.679646936025,9326.501532618717,7.236,6.955,4,5,12,12,2,1,0,1,0.25,0.2941,1.0,0.5,7.336,7.364,24,11,12,11,0,1,0,0,0.6667,0.5,0.5,1.0,21,4,18.6,11.6,8.9,26.0,18.8,13.2,0.0,23.4,23.7,18.2,1.9,12.0,5.099999999999998,6.6,5.849999999999999,4.899999999999999,5.0,4.949999999999999
2002-06-15,Germany,Paraguay,FWC,Seogwipo,South Korea,True,2002,6,15,1,695.0,671.0,Berlin,Asunción,"Berlin, Germany","Asunción, Paraguay","Seogwipo, South Korea",52.5173885,13.3951309,-25.2800459,-57.6343814,33.252845,126.5610278,8496.660101393192,19039.88216902973,7.164,7.2,12,13,12,9,2,1,0,1,0.5,0.5909,1.0,0.5,6.991,6.664,15,12,12,14,3,1,1,3,0.5556,0.4615,0.75,0.25,12,34,26.7,11.8,8.5,17.2,17.0,8.2,0.0,12.6,27.1,19.2,0.0,11.5,0.40000000000000213,7.399999999999999,3.9000000000000004,10.100000000000001,11.0,10.55
2002-06-16,Spain,Republic of Ireland,FWC,Suwon,South Korea,True,2002,6,16,0,713.0,674.0,Madrid,Dublin,"Madrid, Spain","Dublin, Republic of Ireland","Suwon, South Korea",40.416782,-3.703507,53.3493795,-6.2605593,37.2633325,127.0287472,10025.54036829218,8983.663888589803,7.245,7.291,13,14,5,12,3,3,2,1,0.7222,0.5385,0.6,0.75,7.418,6.764,8,9,8,13,3,1,0,1,0.5,0.4091,1.0,0.5,1,55,35.8,19.2,0.0,10.0,16.6,13.9,0.2,36.0,25.0,15.3,0.0,9.9,10.799999999999997,3.8999999999999986,7.349999999999998,8.399999999999999,1.4000000000000004,4.8999999999999995
2002-06-16,Sweden,Senegal,FWC,Ōita,Japan,True,2002,6,16,2,665.0,599.0,Stockholm,Dakar,"Stockholm, Sweden","Dakar, Senegal","Ōita, Japan",59.3251172,18.0710935,14.693425,-17.447938,33.1819875,131.4270217,8056.67095927676,13749.885382168595,7.027,7.318,8,14,16,17,1,2,1,1,0.3333,0.4516,0.5,0.6667,7.2,7.182,7,12,18,5,3,1,3,1,0.28,0.7059,0.5,0.5,37,18,18.8,13.6,13.9,14.9,26.5,22.1,0.0,20.6,28.9,18.8,0.0,10.4,10.099999999999998,5.200000000000001,7.6499999999999995,2.3999999999999986,3.3000000000000007,2.8499999999999996
2002-06-17,Brazil,Belgium,FWC,Kobe,Japan,True,2002,6,17,1,784.0,653.0,Brasília,Brussels,"Brasília, Brazil","Brussels, Belgium","Kobe, Japan",-15.7939869,-47.8828,50.8467372,4.352493,34.6932379,135.1943764,17891.262127527993,9357.382046705112,7.782,7.555,15,13,21,5,5,4,2,0,0.4167,0.7222,0.7143,1.0,7.264,7.245,20,13,11,10,3,1,2,1,0.6452,0.5652,0.6,0.5,5,8,24.6,13.7,0.0,18.6,31.0,16.6,0.0,12.1,25.6,21.4,0.5,12.5,1.0,7.699999999999999,4.35,5.399999999999999,4.799999999999997,5.099999999999998
2002-06-18,Japan,Turkey,FWC,Rifu,Japan,False,2002,6,18,2,634.0,654.0,Tokyo,Ankara,"Tokyo, Japan","Ankara, Turkey","Rifu, Japan",35.6768601,139.7638947,39.9207759,32.8540497,38.3301406,140.9753442,314.02312050114773,8653.913332170081,7.164,7.264,12,9,6,11,2,1,0,0,0.6667,0.45,1.0,1.0,7.636,7.082,16,11,6,11,3,1,0,1,0.7273,0.5,1.0,0.5,17,27,21.1,18.3,46.9,20.6,23.9,14.2,0.0,21.9,18.2,16.1,24.9,20.2,2.900000000000002,2.1999999999999993,2.5500000000000007,5.699999999999999,1.9000000000000021,3.8000000000000007
2002-06-18,South Korea,Italy,FWC,Daejeon,South Korea,False,2002,6,18,1,603.0,717.0,Seoul,Rome,"Seoul, South Korea","Rome, Italy","Daejeon, South Korea",37.5666791,126.9782914,41.8933203,12.4829321,36.3497007,127.3849016,140.06117770155126,9091.208745799502,7.282,7.073,11,16,7,4,1,1,0,1,0.6111,0.8,1.0,0.5,7.109,6.845,13,14,10,10,1,1,1,2,0.5652,0.5833,0.5,0.3333,32,15,26.9,16.4,0.0,13.6,32.8,18.7,0.0,13.9,28.8,17.8,0.0,11.6,1.9000000000000021,1.4000000000000021,1.6500000000000021,3.9999999999999964,0.8999999999999986,2.4499999999999975
2002-06-21,England,Brazil,FWC,Fukuroi,Japan,True,2002,6,21,2,694.0,784.0,London,Brasília,"London, England","Brasília, Brazil","Fukuroi, Japan",51.5074456,-0.1277653,-15.7939869,-47.8828,34.7501492,137.9246962,9588.204580107213,17829.067265695674,7.336,7.336,9,24,11,12,3,0,0,0,0.45,0.6667,1.0,0.5,7.291,7.782,14,15,16,21,2,5,0,2,0.4667,0.4167,1.0,0.7143,4,5,19.9,11.2,0.5,19.7,24.8,14.1,0.0,14.5,27.9,19.0,0.0,25.6,8.0,7.800000000000001,7.9,3.099999999999998,4.9,3.999999999999999
2002-06-22,South Korea,Spain,FWC,Gwangju,South Korea,False,2002,6,22,0,603.0,713.0,Seoul,Madrid,"Seoul, South Korea","Madrid, Spain","Gwangju, South Korea",37.5666791,126.9782914,40.416782,-3.703507,35.1558147,126.8306362,268.40161991337817,10206.522577265594,7.255,7.282,12,11,16,7,2,1,1,0,0.4286,0.6111,0.6667,1.0,7.436,7.245,10,13,19,5,4,3,3,2,0.3448,0.7222,0.5714,0.6,32,1,27.5,18.1,0.0,16.6,36.2,19.5,0.0,10.6,29.6,17.5,2.3,10.1,2.1000000000000014,0.6000000000000014,1.3500000000000014,6.600000000000001,2.0,4.300000000000001
2002-06-22,Senegal,Turkey,FWC,Osaka,Japan,True,2002,6,22,2,599.0,654.0,Dakar,Ankara,"Dakar, Senegal","Ankara, Turkey","Osaka, Japan",14.693425,-17.447938,39.9207759,32.8540497,34.6937569,135.5014539,13824.7259528647,8547.301334735253,7.464,7.2,26,7,12,18,2,3,1,3,0.6842,0.28,0.6667,0.5,7.345,7.636,9,16,8,6,1,3,0,0,0.5294,0.7273,1.0,1.0,18,27,28.2,24.5,0.0,14.3,28.9,12.0,0.0,16.1,25.5,17.8,0.0,19.4,2.6999999999999993,6.699999999999999,4.699999999999999,3.3999999999999986,5.800000000000001,4.6
2002-06-25,South Korea,Germany,FWC,Seoul,South Korea,False,2002,6,25,2,603.0,695.0,Seoul,Berlin,"Seoul, South Korea","Berlin, Germany","Seoul, South Korea",37.5666791,126.9782914,52.5173885,13.3951309,37.5666791,126.9782914,0.0,8127.477615170706,7.155,7.255,6,12,15,16,5,2,3,1,0.2857,0.4286,0.625,0.6667,7.355,7.473,12,21,14,8,1,1,0,0,0.4615,0.7241,1.0,1.0,32,12,23.5,14.9,0.0,16.7,19.6,10.6,0.0,17.4,23.5,14.9,0.0,16.7,0.0,0.0,0.0,3.8999999999999986,4.300000000000001,4.1
2002-06-26,Brazil,Turkey,FWC,Saitama,Japan,True,2002,6,26,1,784.0,654.0,Brasília,Ankara,"Brasília, Brazil","Ankara, Turkey","Saitama, Japan",-15.7939869,-47.8828,39.9207759,32.8540497,35.9754168,139.4160114,17657.247161810556,8724.325401885908,7.045,7.291,19,14,9,16,2,2,1,0,0.6786,0.4667,0.6667,1.0,7.245,7.345,8,9,8,8,1,1,0,0,0.5,0.5294,1.0,1.0,5,27,25.2,14.2,0.0,15.2,31.3,18.3,0.5,19.8,16.3,15.2,2.4,8.3,8.899999999999999,1.0,4.949999999999999,15.0,3.1000000000000014,9.05
2002-06-29,South Korea,Turkey,FWC,Daegu,South Korea,False,2002,6,29,2,603.0,654.0,Seoul,Ankara,"Seoul, South Korea","Ankara, Turkey","Daegu, South Korea",37.5666791,126.9782914,39.9207759,32.8540497,35.8713,128.6018,237.64254065298755,7974.027028137077,6.845,7.155,8,6,19,15,0,5,1,3,0.2963,0.2857,0.0,0.625,7.273,7.245,7,8,18,8,0,1,1,0,0.28,0.5,0.0,1.0,32,27,29.9,15.9,0.0,8.4,30.2,14.3,0.0,11.7,28.4,14.1,0.1,12.2,1.5,1.8000000000000007,1.6500000000000004,1.8000000000000007,0.20000000000000107,1.0000000000000009
2002-06-30,Germany,Brazil,FWC,Yokohama,Japan,True,2002,6,30,2,695.0,784.0,Berlin,Brasília,"Berlin, Germany","Brasília, Brazil","Yokohama, Japan",52.5173885,13.3951309,-15.7939869,-47.8828,35.4503381,139.6343802,8937.250704238611,17705.187605412848,7.618,7.355,19,12,8,14,1,1,0,0,0.7037,0.4615,1.0,1.0,7.382,7.045,18,19,7,9,1,2,0,1,0.72,0.6786,1.0,0.6667,12,5,17.8,11.4,1.3,18.3,25.0,14.5,0.0,16.1,25.0,19.5,13.0,23.5,7.199999999999999,8.1,7.6499999999999995,0.0,5.0,2.5
2004-06-12,Portugal,Greece,EURO,Porto,Portugal,False,2004,6,12,2,661.0,627.0,Lisbon,Athens,"Lisbon, Portugal","Athens, Greece","Porto, Portugal",38.7077507,-9.1365919,37.9755648,23.7348324,41.1502195,-8.6103497,275.27032351547194,2778.9533810479134,6.573,7.6,7,14,11,17,0,4,1,0,0.3889,0.4516,0.0,1.0,6.918,6.636,13,12,22,13,0,0,2,4,0.3714,0.48,0.0,0.0,7,46,28.3,17.5,0.0,21.5,31.0,19.5,0.0,13.4,29.0,17.6,0.0,13.7,0.6999999999999993,0.10000000000000142,0.40000000000000036,2.0,1.8999999999999986,1.9499999999999993
2004-06-12,Spain,Russia,EURO,Faro,Portugal,True,2004,6,12,1,785.0,645.0,Madrid,Moscow,"Madrid, Spain","Moscow, Russia","Faro, Portugal",40.416782,-3.703507,55.625578,37.6063916,37.0162944,-7.935182,526.9003144712239,3963.473553112106,7.4,7.436,15,10,6,19,3,4,5,3,0.7143,0.3448,0.375,0.5714,6.773,6.855,11,11,20,9,2,0,3,1,0.3548,0.55,0.4,0.0,1,35,31.3,17.4,0.7,10.1,18.3,7.7,0.0,20.6,26.3,21.3,0.0,17.3,5.0,3.900000000000002,4.450000000000001,8.0,13.600000000000001,10.8
2004-06-13,Switzerland,Croatia,EURO,Leiria,Portugal,True,2004,6,13,0,576.0,662.0,Bern,Zagreb,"Bern, Switzerland","Zagreb, Croatia","Leiria, Portugal",46.9484742,7.4521749,45.8130967,15.9772795,39.7437902,-8.8071119,1535.118562018523,2122.2252350825893,6.782,6.655,8,8,18,21,0,0,1,2,0.3077,0.2759,0.0,0.0,6.945,7.236,11,10,11,14,0,2,1,1,0.5,0.4167,0.0,0.6667,14,13,14.2,7.8,14.6,10.5,17.8,14.1,12.0,14.8,29.4,16.2,0.0,17.4,15.2,8.399999999999999,11.799999999999999,11.599999999999998,2.0999999999999996,6.849999999999999
2004-06-13,France,England,EURO,Lisbon,Portugal,True,2004,6,13,1,812.0,711.0,Paris,London,"Paris, France","London, England","Lisbon, Portugal",48.8534951,2.3483915,51.5074456,-0.1277653,38.7077507,-9.1365919,1453.6738896087943,1586.3856662392823,6.855,7.164,12,14,4,10,0,0,2,0,0.75,0.5833,0.0,0.5,6.955,7.336,9,9,19,11,1,3,2,0,0.3214,0.45,0.3333,1.0,3,4,20.0,11.2,0.0,19.5,21.9,10.1,0.0,12.5,28.7,17.8,0.0,19.7,8.7,6.600000000000001,7.65,6.800000000000001,7.700000000000001,7.250000000000001
2004-06-14,Sweden,Bulgaria,EURO,Lisbon,Portugal,True,2004,6,14,1,667.0,609.0,Stockholm,Sofia,"Stockholm, Sweden","Sofia, Bulgaria","Lisbon, Portugal",59.3251172,18.0710935,42.6977028,23.3217359,38.7077507,-9.1365919,2989.637600262615,2754.497447543473,7.082,7.027,12,8,26,16,1,1,2,1,0.3158,0.3333,0.3333,0.5,6.555,7.136,14,19,15,19,1,0,6,1,0.4828,0.5,0.1429,0.0,37,85,18.4,12.7,1.3,21.0,22.0,15.6,2.9,9.2,33.1,21.7,0.0,22.5,14.700000000000003,9.0,11.850000000000001,11.100000000000001,6.1,8.600000000000001
2004-06-14,Denmark,Italy,EURO,Guimarães,Portugal,True,2004,6,14,0,696.0,723.0,Copenhagen,Rome,"Copenhagen, Denmark","Rome, Italy","Guimarães, Portugal",55.6867243,12.5700724,41.8933203,12.4829321,41.4417677,-8.2955712,2189.2439935830357,1722.4600888443238,6.69,7.236,11,4,9,12,0,2,3,0,0.55,0.25,0.0,1.0,7.118,7.109,16,13,12,10,1,1,2,1,0.5714,0.5652,0.3333,0.5,21,15,19.3,12.4,0.2,38.5,24.1,16.2,3.9,14.0,29.9,17.4,0.0,23.1,10.599999999999998,4.999999999999998,7.799999999999998,5.799999999999997,1.1999999999999993,3.4999999999999982
2004-06-15,Germany,Netherlands,EURO,Porto,Portugal,True,2004,6,15,0,726.0,733.0,Berlin,Amsterdam,"Berlin, Germany","Amsterdam, Netherlands","Porto, Portugal",52.5173885,13.3951309,52.3730796,4.8924534,41.1502195,-8.6103497,2083.4619332180127,1611.7456184095452,6.927,7.618,17,19,12,8,0,1,2,0,0.5862,0.7037,0.0,1.0,7.491,7.809,27,24,4,6,1,6,3,1,0.871,0.8,0.25,0.8571,12,9,22.8,14.8,0.4,30.5,19.1,13.7,0.0,24.2,29.2,18.4,0.0,26.0,6.399999999999999,3.599999999999998,4.999999999999998,10.099999999999998,4.699999999999999,7.399999999999999
2004-06-16,Portugal,Russia,EURO,Lisbon,Portugal,False,2004,6,16,1,661.0,645.0,Lisbon,Moscow,"Lisbon, Portugal","Moscow, Russia","Lisbon, Portugal",38.7077507,-9.1365919,55.625578,37.6063916,38.7077507,-9.1365919,0.0,3903.9400153476327,6.782,6.573,11,7,8,11,1,0,2,1,0.5789,0.3889,0.3333,0.0,6.7,6.773,4,11,16,20,0,2,1,3,0.2,0.3548,0.0,0.4,7,35,27.4,18.6,0.0,16.8,17.2,10.3,9.4,17.6,27.4,18.6,0.0,16.8,0.0,0.0,0.0,10.2,8.3,9.25
2004-06-16,Greece,Spain,EURO,Porto,Portugal,True,2004,6,16,0,627.0,785.0,Athens,Madrid,"Athens, Greece","Madrid, Spain","Porto, Portugal",37.9755648,23.7348324,40.416782,-3.703507,41.1502195,-8.6103497,2778.9533810479134,421.04219759198975,6.9,6.918,8,13,11,22,2,0,1,2,0.4211,0.3714,0.6667,0.0,7.273,7.4,16,15,4,6,1,3,0,5,0.8,0.7143,1.0,0.375,46,1,32.4,20.6,0.0,14.8,28.5,13.8,0.0,12.2,30.5,19.0,0.0,20.2,1.8999999999999986,1.6000000000000014,1.75,2.0,5.199999999999999,3.5999999999999996
2004-06-17,Croatia,France,EURO,Leiria,Portugal,True,2004,6,17,0,662.0,812.0,Zagreb,Paris,"Zagreb, Croatia","Paris, France","Leiria, Portugal",45.8130967,15.9772795,48.8534951,2.3483915,39.7437902,-8.8071119,2122.2252350825893,1344.1050224255148,7.155,6.945,18,11,9,11,0,0,0,1,0.6667,0.5,0.5,0.0,7.127,6.855,21,12,7,4,2,0,1,2,0.75,0.75,0.6667,0.0,13,3,22.4,13.5,0.5,8.9,25.5,12.2,0.0,25.1,29.5,15.4,0.0,21.1,7.100000000000001,1.9000000000000004,4.500000000000001,4.0,3.200000000000001,3.6000000000000005
2004-06-17,England,Switzerland,EURO,Coimbra,Portugal,True,2004,6,17,1,711.0,576.0,London,Bern,"London, England","Bern, Switzerland","Coimbra, Portugal",51.5074456,-0.1277653,46.9484742,7.4521749,40.2111931,-8.4294632,1408.9170922492428,1478.442850335245,6.873,6.955,7,9,21,19,1,1,2,2,0.25,0.3214,0.3333,0.3333,6.927,6.782,9,8,18,18,0,0,0,1,0.3333,0.3077,0.5,0.0,4,14,18.8,13.8,0.0,25.6,20.5,10.7,0.0,10.6,32.3,19.2,0.0,20.9,13.499999999999996,5.399999999999999,9.449999999999998,11.799999999999997,8.5,10.149999999999999
2004-06-18,Bulgaria,Denmark,EURO,Braga,Portugal,True,2004,6,18,2,609.0,696.0,Sofia,Copenhagen,"Sofia, Bulgaria","Copenhagen, Denmark","Braga, Portugal",42.6977028,23.3217359,55.6867243,12.5700724,41.5510583,-8.4280045,2606.13761495519,2186.10329502741,6.455,6.555,13,14,14,15,0,1,5,6,0.4815,0.4828,0.0,0.1429,7.191,6.69,15,11,12,9,0,0,0,3,0.5556,0.55,0.5,0.0,85,21,21.4,14.5,9.7,10.4,16.3,10.7,3.1,15.8,25.5,14.5,0.0,17.6,4.100000000000001,0.0,2.0500000000000007,9.2,3.8000000000000007,6.5
2004-06-18,Italy,Sweden,EURO,Porto,Portugal,True,2004,6,18,0,723.0,667.0,Rome,Stockholm,"Rome, Italy","Stockholm, Sweden","Porto, Portugal",41.8933203,12.4829321,59.3251172,18.0710935,41.1502195,-8.6103497,1753.5781177950487,2735.894403185934,7.309,7.118,12,16,15,12,0,1,0,2,0.4444,0.5714,0.5,0.3333,7.555,7.082,14,12,13,26,5,1,0,2,0.5185,0.3158,1.0,0.3333,15,37,28.1,16.0,0.0,16.0,14.4,9.2,0.0,8.4,23.5,15.6,0.0,18.8,4.600000000000001,0.40000000000000036,2.500000000000001,9.1,6.4,7.75
2004-06-19,Netherlands,Czech Republic,EURO,Aveiro,Portugal,True,2004,6,19,2,733.0,719.0,Amsterdam,Prague,"Amsterdam, Netherlands","Prague, Czech Republic","Aveiro, Portugal",52.3730796,4.8924534,50.0874654,14.4212535,40.640496,-8.6537841,1660.6723151267524,2073.8812315614446,6.936,7.491,9,27,15,4,1,1,1,3,0.375,0.871,0.5,0.25,6.982,7.445,26,10,5,13,2,2,1,0,0.8387,0.4348,0.6667,1.0,9,48,14.0,10.0,1.4,22.3,19.2,13.6,2.5,16.7,21.5,16.2,0.0,27.8,7.5,6.199999999999999,6.85,2.3000000000000007,2.5999999999999996,2.45
2004-06-20,Portugal,Spain,EURO,Lisbon,Portugal,False,2004,6,20,1,661.0,785.0,Lisbon,Madrid,"Lisbon, Portugal","Madrid, Spain","Lisbon, Portugal",38.7077507,-9.1365919,40.416782,-3.703507,38.7077507,-9.1365919,0.0,502.9083215654311,7.227,6.782,12,11,7,8,2,1,0,2,0.6316,0.5789,1.0,0.3333,6.882,7.273,10,16,7,4,1,1,1,0,0.5882,0.8,0.5,1.0,7,1,22.2,17.2,0.0,20.6,24.5,14.9,0.0,13.0,22.2,17.2,0.0,20.6,0.0,0.0,0.0,2.3000000000000007,2.299999999999999,2.3
2004-06-20,Russia,Greece,EURO,Faro,Portugal,True,2004,6,20,1,645.0,627.0,Moscow,Athens,"Moscow, Russia","Athens, Greece","Faro, Portugal",55.625578,37.6063916,37.9755648,23.7348324,37.0162944,-7.935182,3963.473553112106,2782.5193638463647,6.318,6.7,7,4,12,16,0,0,2,1,0.3684,0.2,0.0,0.0,6.736,6.9,7,8,10,11,1,2,1,1,0.4118,0.4211,0.5,0.6667,35,46,20.9,11.8,0.3,10.1,29.5,21.0,0.0,15.8,23.9,17.0,0.0,35.9,3.0,5.199999999999999,4.1,5.600000000000001,4.0,4.800000000000001
2004-06-21,Croatia,England,EURO,Lisbon,Portugal,True,2004,6,21,2,662.0,711.0,Zagreb,London,"Zagreb, Croatia","London, England","Lisbon, Portugal",45.8130967,15.9772795,51.5074456,-0.1277653,38.7077507,-9.1365919,2201.23742551544,1586.3856662392823,6.709,7.155,8,18,14,9,2,0,2,0,0.3636,0.6667,0.5,0.5,7.373,6.873,8,7,10,21,3,1,0,2,0.4444,0.25,1.0,0.3333,13,4,22.1,14.5,10.3,8.8,17.8,7.6,0.0,10.5,23.4,18.0,0.2,16.0,1.2999999999999972,3.5,2.3999999999999986,5.599999999999998,10.4,7.999999999999999
2004-06-21,Switzerland,France,EURO,Coimbra,Portugal,True,2004,6,21,2,576.0,812.0,Bern,Paris,"Bern, Switzerland","Paris, France","Coimbra, Portugal",46.9484742,7.4521749,48.8534951,2.3483915,40.2111931,-8.4294632,1478.442850335245,1283.304141325696,6.518,6.927,10,9,8,18,0,0,3,0,0.5556,0.3333,0.0,0.5,6.945,7.127,14,21,8,7,2,2,2,1,0.6364,0.75,0.5,0.6667,14,3,16.3,6.5,0.1,9.3,19.6,9.8,0.3,18.7,24.0,14.6,2.4,16.3,7.699999999999999,8.1,7.8999999999999995,4.399999999999999,4.799999999999999,4.599999999999999
2004-06-22,Italy,Bulgaria,EURO,Guimarães,Portugal,True,2004,6,22,1,723.0,609.0,Rome,Sofia,"Rome, Italy","Sofia, Bulgaria","Guimarães, Portugal",41.8933203,12.4829321,42.6977028,23.3217359,41.4417677,-8.2955712,1722.4600888443238,2598.2802218610864,7.2,7.309,19,12,5,15,1,0,1,0,0.7917,0.4444,0.5,0.5,6.709,6.455,6,13,13,14,0,0,2,5,0.3158,0.4815,0.0,0.0,15,85,25.7,14.9,0.0,13.0,22.5,16.2,2.2,10.9,22.4,14.7,10.2,22.9,3.3000000000000007,0.20000000000000107,1.7500000000000009,0.10000000000000142,1.5,0.8000000000000007
2004-06-22,Denmark,Sweden,EURO,Porto,Portugal,True,2004,6,22,0,696.0,667.0,Copenhagen,Stockholm,"Copenhagen, Denmark","Stockholm, Sweden","Porto, Portugal",55.6867243,12.5700724,59.3251172,18.0710935,41.1502195,-8.6103497,2230.9461001275226,2735.894403185934,7.382,7.191,13,15,6,12,2,0,0,0,0.6842,0.5556,1.0,0.5,6.936,7.555,5,14,19,13,1,5,1,0,0.2083,0.5185,0.5,1.0,21,37,16.4,10.9,6.8,17.0,16.8,10.7,3.4,17.8,22.6,15.7,6.1,26.7,6.200000000000003,4.799999999999999,5.500000000000001,5.800000000000001,5.0,5.4
2004-06-23,Germany,Czech Republic,EURO,Lisbon,Portugal,True,2004,6,23,2,726.0,719.0,Berlin,Prague,"Berlin, Germany","Prague, Czech Republic","Lisbon, Portugal",52.5173885,13.3951309,50.0874654,14.4212535,38.7077507,-9.1365919,2312.468975457931,2243.929364831349,7.291,7.1,18,15,6,9,0,1,0,1,0.75,0.625,0.5,0.5,7.091,6.982,15,26,12,5,3,2,2,1,0.5556,0.8387,0.6,0.6667,12,48,22.6,13.3,2.3,19.0,25.1,11.6,0.5,18.7,24.9,20.2,0.7,18.8,2.299999999999997,6.899999999999999,4.599999999999998,0.20000000000000284,8.6,4.400000000000001
2004-06-23,Netherlands,Latvia,EURO,Braga,Portugal,True,2004,6,23,1,733.0,551.0,Amsterdam,Riga,"Amsterdam, Netherlands","Riga, Latvia","Braga, Portugal",52.3730796,4.8924534,56.9493977,24.1051846,41.5510583,-8.4280045,1566.5066429283922,2872.6535719697476,6.936,6.936,12,9,15,15,2,1,3,1,0.4444,0.375,0.4,0.5,6.918,6.855,6,5,18,26,0,1,0,2,0.25,0.1613,0.5,0.3333,9,137,18.4,14.3,19.1,42.8,19.9,10.8,0.7,16.0,22.0,17.2,6.0,13.2,3.6000000000000014,2.8999999999999986,3.25,2.1000000000000014,6.399999999999999,4.25
2004-06-24,Portugal,England,EURO,Lisbon,Portugal,False,2004,6,24,0,661.0,711.0,Lisbon,London,"Lisbon, Portugal","London, England","Lisbon, Portugal",38.7077507,-9.1365919,51.5074456,-0.1277653,38.7077507,-9.1365919,0.0,1586.3856662392823,7.164,7.227,19,12,10,7,1,2,0,0,0.6552,0.6316,1.0,1.0,7.5,7.373,19,8,13,10,4,3,2,0,0.5938,0.4444,0.6667,1.0,7,4,24.9,19.5,0.0,19.7,16.9,11.3,0.0,35.3,24.9,19.5,0.0,19.7,0.0,0.0,0.0,8.0,8.2,8.1
2004-06-25,France,Greece,EURO,Lisbon,Portugal,True,2004,6,25,2,812.0,627.0,Paris,Athens,"Paris, France","Athens, Greece","Lisbon, Portugal",48.8534951,2.3483915,37.9755648,23.7348324,38.7077507,-9.1365919,1453.6738896087943,2852.505159872408,7.309,6.945,16,14,9,8,3,2,1,2,0.64,0.6364,0.75,0.5,6.709,6.736,10,7,15,10,1,1,2,1,0.4,0.4118,0.3333,0.5,3,46,19.3,10.3,0.0,16.0,32.0,21.5,0.0,12.8,26.9,18.9,0.0,20.8,7.599999999999998,8.599999999999998,8.099999999999998,5.100000000000001,2.6000000000000014,3.8500000000000014
2004-06-26,Sweden,Netherlands,EURO,Faro,Portugal,True,2004,6,26,0,667.0,733.0,Stockholm,Amsterdam,"Stockholm, Sweden","Amsterdam, Netherlands","Faro, Portugal",59.3251172,18.0710935,52.3730796,4.8924534,37.0162944,-7.935182,3100.4329794247847,1979.2742312344947,6.909,6.936,16,5,12,19,2,1,2,1,0.5714,0.2083,0.5,0.5,7.618,6.936,29,12,5,15,3,2,0,3,0.8529,0.4444,1.0,0.4,37,9,15.5,12.2,0.2,14.7,19.8,8.5,0.2,14.8,28.5,21.7,0.0,27.3,13.0,9.5,11.25,8.7,13.2,10.95
2004-06-27,Czech Republic,Denmark,EURO,Porto,Portugal,True,2004,6,27,1,719.0,696.0,Prague,Copenhagen,"Prague, Czech Republic","Copenhagen, Denmark","Porto, Portugal",50.0874654,14.4212535,55.6867243,12.5700724,41.1502195,-8.6103497,2036.4296937134206,2230.9461001275226,6.764,7.091,5,15,22,12,2,3,1,2,0.1852,0.5556,0.6667,0.6,6.882,7.382,12,13,16,6,2,2,2,0,0.4286,0.6842,0.5,1.0,48,21,22.8,11.6,1.6,16.9,15.2,9.3,0.0,14.8,26.9,18.4,0.0,19.6,4.099999999999998,6.799999999999999,5.449999999999998,11.7,9.099999999999998,10.399999999999999
2004-06-30,Portugal,Netherlands,EURO,Lisbon,Portugal,False,2004,6,30,1,661.0,733.0,Lisbon,Amsterdam,"Lisbon, Portugal","Amsterdam, Netherlands","Lisbon, Portugal",38.7077507,-9.1365919,52.3730796,4.8924534,38.7077507,-9.1365919,0.0,1864.484581005688,7.127,7.164,26,19,14,10,8,1,7,0,0.65,0.6552,0.5333,1.0,7.064,7.618,21,29,12,5,5,3,4,0,0.6364,0.8529,0.5556,1.0,7,9,27.2,18.7,0.0,33.9,20.8,14.7,0.4,19.9,27.2,18.7,0.0,33.9,0.0,0.0,0.0,6.399999999999999,4.0,5.199999999999999
2004-07-01,Greece,Czech Republic,EURO,Porto,Portugal,True,2004,7,1,1,627.0,719.0,Athens,Prague,"Athens, Greece","Prague, Czech Republic","Porto, Portugal",37.9755648,23.7348324,50.0874654,14.4212535,41.1502195,-8.6103497,2778.9533810479134,2036.4296937134206,7.164,6.709,5,10,12,15,1,1,0,2,0.2941,0.4,1.0,0.3333,7.427,6.764,13,5,8,22,3,2,0,1,0.619,0.1852,1.0,0.6667,46,48,32.1,22.1,0.0,8.9,26.7,12.7,1.2,20.4,25.1,15.4,0.0,24.5,7.0,6.700000000000001,6.8500000000000005,1.5999999999999979,2.700000000000001,2.1499999999999995
2004-07-04,Portugal,Greece,EURO,Lisbon,Portugal,False,2004,7,4,2,661.0,627.0,Lisbon,Athens,"Lisbon, Portugal","Athens, Greece","Lisbon, Portugal",38.7077507,-9.1365919,37.9755648,23.7348324,38.7077507,-9.1365919,0.0,2852.505159872408,6.909,7.127,14,26,8,14,2,8,1,7,0.6364,0.65,0.6667,0.5333,7.191,7.164,10,5,17,12,1,1,0,0,0.3704,0.2941,1.0,1.0,7,46,27.4,17.5,0.0,30.6,34.6,22.7,0.0,18.9,27.4,17.5,0.0,30.6,0.0,0.0,0.0,7.200000000000003,5.199999999999999,6.200000000000001
2006-06-09,Germany,Costa Rica,FWC,Munich,Germany,False,2006,6,9,1,696.0,683.0,Berlin,San José,"Berlin, Germany","San José, Costa Rica","Munich, Germany",52.5173885,13.3951309,9.9327707,-84.0796144,48.1371079,11.5753822,503.86008184339755,9601.50620480452,7.018,7.291,22,18,5,6,1,0,2,0,0.8148,0.75,0.3333,0.5,6.773,6.936,21,11,15,11,2,1,5,1,0.5833,0.5,0.2857,0.5,12,51,21.8,9.0,0.0,11.0,23.1,16.9,9.6,5.1,18.2,5.9,0.0,9.4,3.6000000000000014,3.0999999999999996,3.3500000000000005,4.900000000000002,10.999999999999998,7.95
2006-06-09,Poland,Ecuador,FWC,Gelsenkirchen,Germany,True,2006,6,9,2,677.0,631.0,Warsaw,Quito,"Warsaw, Poland","Quito, Ecuador","Gelsenkirchen, Germany",52.2319581,21.0067249,-0.2201641,-78.5123274,51.5110321,7.0960124,956.9096046318742,9722.991376838596,7.164,6.7,14,17,19,14,3,0,1,4,0.4242,0.5484,0.75,0.0,7.209,6.6,11,7,11,13,1,1,0,2,0.5,0.35,1.0,0.3333,36,25,17.3,8.2,0.0,18.4,14.9,8.1,17.6,8.2,24.0,9.3,0.0,9.0,6.699999999999999,1.1000000000000014,3.9000000000000004,9.1,1.200000000000001,5.15
2006-06-10,England,Paraguay,FWC,Frankfurt,Germany,True,2006,6,10,1,741.0,653.0,London,Asunción,"London, England","Asunción, Paraguay","Frankfurt, Germany",51.5074456,-0.1277653,-25.2800459,-57.6343814,50.1106444,8.6820917,637.7734242709139,10611.978152783731,7.536,7.5,14,19,26,13,7,4,8,2,0.35,0.5938,0.4667,0.6667,6.755,6.991,8,15,21,12,0,3,1,1,0.2759,0.5556,0.0,0.75,4,34,26.0,13.8,0.0,20.9,21.0,15.4,0.1,24.7,24.5,10.0,0.0,10.4,1.5,3.8000000000000007,2.6500000000000004,3.5,5.4,4.45
2006-06-11,Mexico,Iran,FWC,Nuremberg,Germany,True,2006,6,11,1,758.0,686.0,Mexico City,Tehran,"Mexico City, Mexico","Tehran, Iran","Nuremberg, Germany",19.3207722,-99.1514678,35.6892523,51.3896004,49.453872,11.077298,9757.097048553655,3583.943601638948,6.945,7.091,14,10,9,13,0,1,2,1,0.6087,0.4348,0.0,0.5,6.745,7.127,12,17,16,24,0,2,2,1,0.4286,0.4146,0.0,0.6667,10,22,22.8,10.9,0.0,7.6,35.1,18.6,0.0,11.1,22.1,10.9,0.0,16.0,0.6999999999999993,0.0,0.34999999999999964,13.0,7.700000000000001,10.350000000000001
2006-06-12,Australia,Japan,FWC,Kaiserslautern,Germany,True,2006,6,12,1,612.0,705.0,Canberra,Tokyo,"Canberra, Australia","Tokyo, Japan","Kaiserslautern, Germany",-35.2975906,149.1012676,35.6768601,139.7638947,49.4432174,7.7689951,16521.058155262002,9435.149876160593,7.0,6.818,8,6,14,29,0,0,0,3,0.3636,0.1714,0.5,0.0,6.773,7.164,8,12,9,6,0,2,1,0,0.4706,0.6667,0.0,1.0,28,17,9.2,-1.7,0.0,7.3,22.7,17.0,0.0,15.7,25.8,13.6,0.0,14.0,16.6,15.299999999999999,15.95,3.1000000000000014,3.4000000000000004,3.250000000000001
2006-06-13,Brazil,Croatia,FWC,Berlin,Germany,True,2006,6,13,1,827.0,686.0,Brasília,Zagreb,"Brasília, Brazil","Zagreb, Croatia","Berlin, Germany",-15.7939869,-47.8828,45.8130967,15.9772795,52.5173885,13.3951309,9590.54038498415,768.6269478014277,7.3,7.382,12,18,17,7,2,1,0,0,0.4138,0.72,1.0,1.0,6.891,6.709,13,8,19,14,2,2,4,2,0.4062,0.3636,0.3333,0.5,5,13,25.1,14.5,0.0,17.8,25.4,11.0,1.2,7.6,28.7,14.3,0.0,9.5,3.599999999999998,0.1999999999999993,1.8999999999999986,3.3000000000000007,3.3000000000000007,3.3000000000000007
2006-06-13,France,Switzerland,FWC,Stuttgart,Germany,True,2006,6,13,0,749.0,648.0,Paris,Bern,"Paris, France","Bern, Switzerland","Stuttgart, Germany",48.8534951,2.3483915,46.9484742,7.4521749,48.7784485,9.1800132,500.11014759548243,240.85898736046914,6.764,7.309,12,16,5,9,0,3,1,1,0.7059,0.64,0.0,0.75,6.591,6.518,9,10,16,8,1,0,3,3,0.36,0.5556,0.25,0.0,3,14,30.6,18.1,1.3,14.0,23.7,11.0,0.0,7.4,27.5,10.7,0.0,8.0,3.1000000000000014,7.400000000000002,5.250000000000002,3.8000000000000007,0.3000000000000007,2.0500000000000007
2006-06-14,Tunisia,Saudi Arabia,FWC,Munich,Germany,True,2006,6,14,0,693.0,651.0,Tunis,Riyadh,"Tunis, Tunisia","Riyadh, Saudi Arabia","Munich, Germany",36.8002068,10.1857757,24.638916,46.7160104,48.1371079,11.5753822,1265.6890824495927,4030.0402804408864,6.691,6.936,6,10,12,13,0,1,2,1,0.3333,0.4348,0.0,0.5,6.6,6.964,8,14,8,17,0,0,3,1,0.5,0.4516,0.0,0.0,57,58,28.5,17.2,0.0,22.5,40.5,25.5,0.0,30.4,25.7,9.9,0.0,5.9,2.8000000000000007,7.299999999999999,5.05,14.8,15.6,15.2
2006-06-14,Germany,Poland,FWC,Dortmund,Germany,False,2006,6,14,1,696.0,677.0,Berlin,Warsaw,"Berlin, Germany","Warsaw, Poland","Dortmund, Germany",52.5173885,13.3951309,52.2319581,21.0067249,51.5142273,7.4652789,420.7185227549209,931.6995620496888,7.464,7.018,24,22,3,5,4,1,2,2,0.8889,0.8148,0.6667,0.3333,6.845,7.164,10,14,12,19,0,3,2,1,0.4545,0.4242,0.0,0.75,12,36,29.2,15.0,0.0,12.5,23.1,12.9,0.0,14.0,26.4,15.7,5.4,13.1,2.8000000000000007,0.6999999999999993,1.75,3.299999999999997,2.799999999999999,3.049999999999998
2006-06-15,Ecuador,Costa Rica,FWC,Hamburg,Germany,True,2006,6,15,1,631.0,683.0,Quito,San José,"Quito, Ecuador","San José, Costa Rica","Hamburg, Germany",-0.2201641,-78.5123274,9.9327707,-84.0796144,53.5501721,10.0013165,9929.052058648826,9387.929600730366,7.245,7.209,12,11,10,11,2,1,0,0,0.5455,0.5,1.0,1.0,6.673,6.773,3,21,24,15,2,2,4,5,0.1111,0.5833,0.3333,0.2857,25,51,18.2,7.0,1.6,9.5,23.5,17.3,11.9,5.3,23.6,13.8,0.5,10.6,5.400000000000002,6.800000000000001,6.100000000000001,0.10000000000000142,3.5,1.8000000000000007
2006-06-15,Sweden,Paraguay,FWC,Berlin,Germany,True,2006,6,15,1,709.0,653.0,Stockholm,Asunción,"Stockholm, Sweden","Asunción, Paraguay","Berlin, Germany",59.3251172,18.0710935,-25.2800459,-57.6343814,52.5173885,13.3951309,810.6282803498354,11031.310811830212,7.364,7.282,21,12,5,21,0,4,0,5,0.8077,0.3636,0.5,0.4444,6.745,6.755,16,8,13,21,0,0,1,1,0.5517,0.2759,0.0,0.0,37,34,18.2,10.9,0.0,11.7,27.6,17.7,0.0,12.3,28.0,18.1,0.8,10.3,9.8,7.200000000000001,8.5,0.3999999999999986,0.40000000000000213,0.40000000000000036
2006-06-17,Portugal,Iran,FWC,Frankfurt,Germany,True,2006,6,17,1,750.0,686.0,Lisbon,Tehran,"Lisbon, Portugal","Tehran, Iran","Frankfurt, Germany",38.7077507,-9.1365919,35.6892523,51.3896004,50.1106444,8.6820917,1891.4009429995792,3765.417599096471,7.373,6.845,19,21,14,5,1,0,0,1,0.5758,0.8077,1.0,0.0,6.591,6.745,6,12,9,16,1,0,3,2,0.4,0.4286,0.25,0.0,7,22,22.4,17.8,0.0,24.5,35.9,22.1,0.0,11.3,22.9,10.7,0.0,8.0,0.5,7.100000000000001,3.8000000000000007,13.0,11.400000000000002,12.200000000000001
2006-06-18,Japan,Croatia,FWC,Nuremberg,Germany,True,2006,6,18,0,705.0,686.0,Tokyo,Zagreb,"Tokyo, Japan","Zagreb, Croatia","Nuremberg, Germany",35.6768601,139.7638947,45.8130967,15.9772795,49.453872,11.077298,9285.394219475775,546.3011898212337,6.991,6.773,11,8,15,9,1,0,3,1,0.4231,0.4706,0.25,0.0,6.982,6.891,10,13,17,19,0,2,1,4,0.3704,0.4062,0.0,0.3333,17,13,24.8,19.5,14.7,15.5,29.8,16.3,0.0,13.2,26.7,11.3,0.0,8.2,1.8999999999999986,8.2,5.049999999999999,3.1000000000000014,5.0,4.050000000000001
2006-06-18,France,South Korea,FWC,Leipzig,Germany,True,2006,6,18,0,749.0,677.0,Paris,Seoul,"Paris, France","Seoul, South Korea","Leipzig, Germany",48.8534951,2.3483915,37.5666791,126.9782914,51.3406321,12.3747329,766.012991503702,8266.190545043053,7.155,6.764,13,12,6,5,0,0,0,1,0.6842,0.7059,0.5,0.0,7.055,6.809,14,20,10,8,2,2,1,3,0.5833,0.7143,0.6667,0.4,3,32,28.1,13.7,3.9,13.3,24.3,15.4,0.0,12.9,23.8,10.8,0.0,9.2,4.300000000000001,2.8999999999999986,3.5999999999999996,0.5,4.6,2.55
2006-06-18,Brazil,Australia,FWC,Munich,Germany,True,2006,6,18,1,827.0,612.0,Brasília,Canberra,"Brasília, Brazil","Canberra, Australia","Munich, Germany",-15.7939869,-47.8828,-35.2975906,149.1012676,48.1371079,11.5753822,9217.950185163636,16269.107633737634,7.209,7.3,17,12,10,17,1,2,0,0,0.6296,0.4138,1.0,1.0,6.791,7.0,15,8,11,14,3,0,1,0,0.5769,0.3636,0.75,0.5,5,28,24.9,15.1,0.0,16.4,9.7,-2.6,0.0,8.7,25.9,15.3,0.3,7.0,1.0,0.20000000000000107,0.6000000000000005,16.2,17.900000000000002,17.05
2006-06-19,Spain,Tunisia,FWC,Stuttgart,Germany,True,2006,6,19,1,756.0,693.0,Madrid,Tunis,"Madrid, Spain","Tunis, Tunisia","Stuttgart, Germany",40.416782,-3.703507,36.8002068,10.1857757,48.7784485,9.1800132,1376.8200135076577,1334.4129373022897,7.673,6.882,20,10,7,19,4,0,0,1,0.7407,0.3448,1.0,0.0,6.873,6.691,4,6,16,12,2,0,2,2,0.2,0.3333,0.5,0.0,1,57,29.6,15.2,0.0,10.4,34.2,21.4,0.0,22.2,27.4,16.8,0.0,11.2,2.200000000000003,1.6000000000000014,1.9000000000000021,6.800000000000004,4.599999999999998,5.700000000000001
2006-06-20,Germany,Ecuador,FWC,Berlin,Germany,False,2006,6,20,1,696.0,631.0,Berlin,Quito,"Berlin, Germany","Quito, Ecuador","Berlin, Germany",52.5173885,13.3951309,-0.2201641,-78.5123274,52.5173885,13.3951309,0.0,10156.025742227099,7.364,7.464,21,24,8,3,1,4,0,2,0.7241,0.8889,1.0,0.6667,7.455,7.245,15,12,11,10,3,2,0,0,0.5769,0.5455,1.0,1.0,12,25,27.1,17.2,0.9,10.1,15.8,10.8,2.5,7.5,27.1,17.2,0.9,10.1,0.0,0.0,0.0,11.3,6.399999999999999,8.85
2006-06-20,Sweden,England,FWC,Cologne,Germany,True,2006,6,20,0,709.0,741.0,Stockholm,London,"Stockholm, Sweden","London, England","Cologne, Germany",59.3251172,18.0710935,51.5074456,-0.1277653,50.938361,6.959974,1166.6711434850022,497.43237012227183,7.282,7.364,15,21,18,5,1,0,0,0,0.4545,0.8077,1.0,0.5,7.527,7.355,28,13,7,16,2,1,0,0,0.8,0.4483,1.0,1.0,37,4,21.8,14.6,1.2,23.4,20.3,14.8,0.2,27.7,23.6,16.9,0.6,11.8,1.8000000000000007,2.299999999999999,2.05,3.3000000000000007,2.099999999999998,2.6999999999999993
2006-06-20,Costa Rica,Poland,FWC,Hanover,Germany,True,2006,6,20,2,683.0,677.0,San José,Warsaw,"San José, Costa Rica","Warsaw, Poland","Hanover, Germany",9.9327707,-84.0796144,52.2319581,21.0067249,52.3744779,9.7385532,9391.314766532896,765.554312791527,6.818,6.673,11,3,15,24,0,2,3,4,0.4231,0.1111,0.0,0.3333,6.791,6.845,8,10,21,12,0,0,1,2,0.2759,0.4545,0.0,0.0,51,36,24.4,18.6,2.4,10.7,27.4,12.2,0.0,9.6,24.0,17.3,0.1,11.3,0.3999999999999986,1.3000000000000007,0.8499999999999996,3.3999999999999986,5.100000000000001,4.25
2006-06-20,Paraguay,Trinidad and Tobago,FWC,Kaiserslautern,Germany,True,2006,6,20,1,653.0,604.0,Asunción,Port of Spain,"Asunción, Paraguay","Port of Spain, Trinidad and Tobago","Kaiserslautern, Germany",-25.2800459,-57.6343814,10.6572678,-61.5180173,49.4432174,7.7689951,10516.091167281373,7616.815926008378,7.218,6.745,18,16,15,13,0,0,1,1,0.5455,0.5517,0.0,0.0,6.718,7.109,7,5,28,21,0,0,2,0,0.2,0.1923,0.0,0.5,34,102,29.4,20.7,0.0,23.1,28.7,25.5,2.1,30.2,25.5,16.7,3.1,9.8,3.8999999999999986,4.0,3.9499999999999993,3.1999999999999993,8.8,6.0
2006-06-21,Portugal,Mexico,FWC,Gelsenkirchen,Germany,True,2006,6,21,1,750.0,758.0,Lisbon,Mexico City,"Lisbon, Portugal","Mexico City, Mexico","Gelsenkirchen, Germany",38.7077507,-9.1365919,19.3207722,-99.1514678,51.5110321,7.0960124,1901.8072319054777,9403.635485729565,7.409,7.373,20,19,6,14,2,1,0,0,0.7692,0.5758,1.0,1.0,7.191,7.1,13,9,8,6,0,3,0,1,0.619,0.6,0.5,0.75,7,10,24.4,16.7,0.0,29.3,21.7,12.1,11.4,5.9,20.1,17.0,0.2,25.5,4.299999999999997,0.3000000000000007,2.299999999999999,1.5999999999999979,4.9,3.249999999999999
2006-06-21,Iran,Angola,FWC,Leipzig,Germany,True,2006,6,21,0,686.0,581.0,Tehran,Luanda,"Tehran, Iran","Luanda, Angola","Leipzig, Germany",35.6892523,51.3896004,-8.8272699,13.2439512,51.3406321,12.3747329,3537.4921658438843,6690.887121548042,6.864,6.591,6,6,20,9,0,1,2,3,0.2308,0.4,0.0,0.25,7.009,6.927,8,14,13,19,0,0,0,1,0.381,0.4242,0.5,0.0,22,87,34.9,24.2,0.0,13.7,30.3,22.1,0.0,14.8,26.3,17.9,4.0,17.6,8.599999999999998,6.300000000000001,7.449999999999999,4.0,4.200000000000003,4.100000000000001
2006-06-21,Netherlands,Argentina,FWC,Frankfurt,Germany,True,2006,6,21,0,768.0,746.0,Amsterdam,Buenos Aires,"Amsterdam, Netherlands","Buenos Aires, Argentina","Frankfurt, Germany",52.3730796,4.8924534,-34.6095579,-58.3887904,50.1106444,8.6820917,364.4364654350947,11487.207014039075,7.164,7.3,8,16,18,7,2,1,1,0,0.3077,0.6957,0.6667,1.0,7.518,7.173,10,9,5,16,6,2,0,1,0.6667,0.36,1.0,0.6667,9,2,17.3,14.6,1.4,28.8,14.9,8.9,0.2,15.3,25.5,18.1,4.5,20.9,8.2,3.5000000000000018,5.8500000000000005,10.6,9.200000000000001,9.9
2006-06-22,Croatia,Australia,FWC,Stuttgart,Germany,True,2006,6,22,0,686.0,612.0,Zagreb,Canberra,"Zagreb, Croatia","Canberra, Australia","Stuttgart, Germany",45.8130967,15.9772795,-35.2975906,149.1012676,48.7784485,9.1800132,609.1462445750731,16434.027694714285,7.227,6.982,17,10,14,17,0,0,0,1,0.5484,0.3704,0.5,0.0,6.764,6.791,10,15,19,11,0,3,2,1,0.3448,0.5769,0.0,0.75,13,28,30.6,17.8,0.3,7.4,11.1,6.3,0.0,12.6,21.1,15.4,0.1,13.0,9.5,2.4000000000000004,5.95,10.000000000000002,9.100000000000001,9.55
2006-06-22,Japan,Brazil,FWC,Dortmund,Germany,True,2006,6,22,2,705.0,827.0,Tokyo,Brasília,"Tokyo, Japan","Brasília, Brazil","Dortmund, Germany",35.6768601,139.7638947,-15.7939869,-47.8828,51.5142273,7.4652789,9264.893194501006,9193.447070595737,7.191,6.991,14,11,17,15,0,1,0,3,0.4516,0.4231,0.5,0.25,7.473,7.209,19,17,10,10,2,1,0,0,0.6552,0.6296,1.0,1.0,17,5,24.5,20.5,1.7,8.4,24.2,13.0,0.0,16.3,17.4,13.2,0.5,22.7,7.100000000000001,7.300000000000001,7.200000000000001,6.800000000000001,0.1999999999999993,3.5
2006-06-22,Czech Republic,Italy,FWC,Hamburg,Germany,True,2006,6,22,2,772.0,728.0,Prague,Rome,"Prague, Czech Republic","Rome, Italy","Hamburg, Germany",50.0874654,14.4212535,41.8933203,12.4829321,53.5501721,10.0013165,490.26232641553577,1309.1965765578702,6.782,7.436,17,10,22,5,0,3,2,0,0.4359,0.6667,0.0,1.0,6.845,7.455,8,16,11,19,1,2,1,0,0.4211,0.4571,0.5,1.0,48,15,27.5,19.0,0.0,15.3,32.9,18.2,0.0,16.1,17.7,14.3,0.5,24.7,9.8,4.699999999999999,7.25,15.2,3.8999999999999986,9.549999999999999
2006-06-23,Ukraine,Tunisia,FWC,Berlin,Germany,True,2006,6,23,1,609.0,693.0,Kyiv,Tunis,"Kyiv, Ukraine","Tunis, Tunisia","Berlin, Germany",50.4500336,30.5241361,36.8002068,10.1857757,52.5173885,13.3951309,1205.1482965194393,1765.554825320034,7.773,6.482,28,7,7,20,4,0,0,4,0.8,0.2593,1.0,0.0,6.845,6.873,3,4,22,16,1,2,3,2,0.12,0.2,0.25,0.5,33,57,26.8,16.0,0.7,11.9,34.0,20.9,0.0,13.4,20.1,12.5,0.0,9.7,6.699999999999999,3.5,5.1,13.899999999999999,8.399999999999999,11.149999999999999
2006-06-23,Saudi Arabia,Spain,FWC,Kaiserslautern,Germany,True,2006,6,23,2,651.0,756.0,Riyadh,Madrid,"Riyadh, Saudi Arabia","Madrid, Spain","Kaiserslautern, Germany",24.638916,46.7160104,40.416782,-3.703507,49.4432174,7.7689951,4344.326055184918,1347.2122959977935,6.545,6.818,7,16,28,4,0,2,4,2,0.2,0.8,0.0,0.5,7.382,7.673,22,20,3,7,3,4,1,0,0.88,0.7407,0.75,1.0,58,1,43.5,27.8,0.0,14.3,35.3,17.9,0.0,17.1,20.6,12.1,0.0,9.0,22.9,15.700000000000001,19.3,14.699999999999996,5.799999999999999,10.249999999999996
2006-06-23,Togo,France,FWC,Cologne,Germany,True,2006,6,23,2,569.0,749.0,Lomé,Paris,"Lomé, Togo","Paris, France","Cologne, Germany",6.130419,1.215829,48.8534951,2.3483915,50.938361,6.959974,5010.7937885953515,403.4357523143782,7.009,6.709,11,10,15,14,0,1,2,2,0.4231,0.4167,0.0,0.3333,6.945,7.155,16,13,3,6,1,0,1,0,0.8421,0.6842,0.5,0.5,119,3,29.1,24.3,1.1,9.6,22.5,12.3,0.0,9.5,19.6,10.6,0.0,8.6,9.5,13.700000000000001,11.600000000000001,2.8999999999999986,1.700000000000001,2.3
2006-06-23,Switzerland,South Korea,FWC,Hanover,Germany,True,2006,6,23,1,648.0,677.0,Bern,Seoul,"Bern, Switzerland","Seoul, South Korea","Hanover, Germany",46.9484742,7.4521749,37.5666791,126.9782914,52.3744779,9.7385532,625.2995172949137,8322.662041566917,7.455,7.036,15,6,11,13,2,0,0,0,0.5769,0.3158,1.0,0.5,6.782,7.055,3,14,16,10,1,2,1,1,0.1579,0.5833,0.5,0.6667,14,32,20.6,14.8,0.4,10.6,27.5,18.0,0.0,7.6,19.2,11.7,0.2,11.6,1.4000000000000021,3.1000000000000014,2.2500000000000018,8.3,6.300000000000001,7.300000000000001
2006-06-24,Argentina,Mexico,FWC,Leipzig,Germany,True,2006,6,24,1,746.0,758.0,Buenos Aires,Mexico City,"Buenos Aires, Argentina","Mexico City, Mexico","Leipzig, Germany",-34.6095579,-58.3887904,19.3207722,-99.1514678,51.3406321,12.3747329,11776.655263024844,9739.556019813506,7.1,7.518,12,10,11,5,0,6,0,0,0.5217,0.6667,0.5,1.0,6.736,7.191,16,13,13,8,1,0,2,0,0.5517,0.619,0.3333,0.5,2,10,13.9,11.8,23.3,19.3,20.6,12.7,2.6,11.5,24.6,13.2,0.0,10.6,10.700000000000001,1.3999999999999986,6.05,4.0,0.5,2.25
2006-06-24,Germany,Sweden,FWC,Munich,Germany,False,2006,6,24,1,696.0,709.0,Berlin,Stockholm,"Berlin, Germany","Stockholm, Sweden","Munich, Germany",52.5173885,13.3951309,59.3251172,18.0710935,48.1371079,11.5753822,503.86008184339755,1313.8823697224714,7.591,7.364,18,21,10,8,3,1,0,0,0.6429,0.7241,1.0,1.0,7.0,7.282,13,15,19,18,2,1,2,0,0.4062,0.4545,0.5,1.0,12,37,24.3,13.0,0.0,13.2,19.9,12.9,0.0,15.0,26.5,14.0,0.0,10.0,2.1999999999999993,1.0,1.5999999999999996,6.600000000000001,1.0999999999999996,3.8500000000000005
2006-06-25,England,Ecuador,FWC,Stuttgart,Germany,True,2006,6,25,1,741.0,631.0,London,Quito,"London, England","Quito, Ecuador","Stuttgart, Germany",51.5074456,-0.1277653,-0.2201641,-78.5123274,48.7784485,9.1800132,728.7149080419506,9856.897839578729,7.22,7.527,19,28,13,7,2,2,2,0,0.5938,0.8,0.5,1.0,6.618,7.455,10,15,18,11,0,3,3,0,0.3571,0.5769,0.0,1.0,4,25,21.6,11.4,0.0,15.2,18.0,7.0,0.7,8.9,30.4,16.5,7.2,21.7,8.799999999999997,5.1,6.949999999999998,12.399999999999999,9.5,10.95
2006-06-25,Portugal,Netherlands,FWC,Nuremberg,Germany,True,2006,6,25,1,750.0,768.0,Lisbon,Amsterdam,"Lisbon, Portugal","Amsterdam, Netherlands","Nuremberg, Germany",38.7077507,-9.1365919,52.3730796,4.8924534,49.453872,11.077298,1998.1394998369992,541.3349251270812,7.127,7.409,13,20,16,6,2,2,1,0,0.4483,0.7692,0.6667,1.0,7.082,7.164,11,8,12,18,0,2,0,1,0.4783,0.3077,0.5,0.6667,7,9,21.7,17.4,0.0,21.3,21.6,14.8,5.3,18.7,29.5,16.5,0.0,10.5,7.800000000000001,0.8999999999999986,4.35,7.899999999999999,1.6999999999999993,4.799999999999999
2006-06-26,Italy,Australia,FWC,Kaiserslautern,Germany,True,2006,6,26,1,728.0,612.0,Rome,Canberra,"Rome, Italy","Canberra, Australia","Kaiserslautern, Germany",41.8933203,12.4829321,-35.2975906,149.1012676,49.4432174,7.7689951,915.4802865019576,16521.058155262002,7.309,6.845,14,8,12,11,2,1,0,1,0.5385,0.4211,1.0,0.5,6.909,6.764,19,10,8,19,2,0,2,2,0.7037,0.3448,0.5,0.0,15,28,33.8,20.5,0.0,14.5,9.7,-2.6,0.0,8.8,24.7,17.6,0.0,20.2,9.099999999999998,2.8999999999999986,5.999999999999998,15.0,20.200000000000003,17.6
2006-06-26,Switzerland,Ukraine,FWC,Cologne,Germany,True,2006,6,26,0,648.0,609.0,Bern,Kyiv,"Bern, Switzerland","Kyiv, Ukraine","Cologne, Germany",46.9484742,7.4521749,50.4500336,30.5241361,50.938361,6.959974,445.1061754879036,1653.6213185349986,7.273,7.455,12,15,15,11,2,2,0,0,0.4444,0.5769,1.0,1.0,7.236,7.773,8,28,10,7,1,4,0,0,0.4444,0.8,1.0,1.0,14,33,22.6,15.8,0.8,5.6,24.5,17.5,0.0,12.6,22.8,17.9,0.5,22.6,0.1999999999999993,2.099999999999998,1.1499999999999986,1.6999999999999993,0.3999999999999986,1.049999999999999
2006-06-27,Brazil,Ghana,FWC,Dortmund,Germany,True,2006,6,27,1,827.0,600.0,Brasília,Accra,"Brasília, Brazil","Accra, Ghana","Dortmund, Germany",-15.7939869,-47.8828,5.5571096,-0.2012376,51.5142273,7.4652789,9193.447070595737,5159.088792428116,7.827,7.473,24,19,8,10,4,2,1,0,0.75,0.6552,0.8,1.0,6.845,7.545,11,22,9,17,2,2,1,0,0.55,0.5641,0.6667,1.0,5,65,26.0,17.1,0.0,8.7,27.4,24.2,1.8,14.2,19.9,13.7,0.0,13.0,6.100000000000001,3.400000000000002,4.750000000000002,7.5,10.5,9.0
2006-06-27,Spain,France,FWC,Hanover,Germany,True,2006,6,27,2,756.0,749.0,Madrid,Paris,"Madrid, Spain","Paris, France","Hanover, Germany",40.416782,-3.703507,48.8534951,2.3483915,52.3744779,9.7385532,1676.7135698902184,651.5258591210046,7.555,7.382,21,22,6,3,1,3,0,1,0.7778,0.88,1.0,0.75,7.555,6.945,22,16,11,3,2,1,0,1,0.6667,0.8421,1.0,0.5,1,3,30.9,17.2,0.0,12.4,22.7,14.8,10.3,11.6,21.1,15.3,0.0,17.0,9.799999999999997,1.8999999999999986,5.849999999999998,1.5999999999999979,0.5,1.049999999999999
2006-06-30,Germany,Argentina,FWC,Berlin,Germany,False,2006,6,30,0,696.0,746.0,Berlin,Buenos Aires,"Berlin, Germany","Buenos Aires, Argentina","Berlin, Germany",52.5173885,13.3951309,-34.6095579,-58.3887904,52.5173885,13.3951309,0.0,11909.720577433358,7.791,7.591,27,18,6,10,2,3,0,0,0.8182,0.6429,1.0,1.0,7.245,7.1,11,12,15,11,2,0,1,0,0.4231,0.5217,0.6667,0.5,12,2,20.4,14.4,0.0,13.2,14.6,10.4,0.1,19.6,20.4,14.4,0.0,13.2,0.0,0.0,0.0,5.799999999999999,4.0,4.8999999999999995
2006-06-30,Italy,Ukraine,FWC,Hamburg,Germany,True,2006,6,30,1,728.0,609.0,Rome,Kyiv,"Rome, Italy","Kyiv, Ukraine","Hamburg, Germany",41.8933203,12.4829321,50.4500336,30.5241361,53.5501721,10.0013165,1309.1965765578702,1441.0973678132352,7.236,7.309,13,14,13,12,1,2,0,0,0.5,0.5385,1.0,1.0,7.264,7.236,13,8,17,10,3,1,0,0,0.4333,0.4444,1.0,1.0,15,33,29.6,21.0,0.0,11.5,23.5,18.7,0.0,15.9,21.9,9.6,0.0,10.9,7.700000000000003,11.4,9.55,1.6000000000000014,9.1,5.3500000000000005
2006-07-01,Brazil,France,FWC,Frankfurt,Germany,True,2006,7,1,2,827.0,749.0,Brasília,Paris,"Brasília, Brazil","Paris, France","Frankfurt, Germany",-15.7939869,-47.8828,48.8534951,2.3483915,50.1106444,8.6820917,9169.405911381551,478.26130215669974,7.418,7.827,12,24,21,8,3,4,0,1,0.3636,0.75,1.0,0.8,7.1,7.555,9,22,6,11,3,2,1,0,0.6,0.6667,0.75,1.0,5,3,24.3,14.4,0.0,17.0,29.1,16.3,0.0,15.8,26.3,14.5,0.0,12.7,2.0,0.09999999999999964,1.0499999999999998,2.8000000000000007,1.8000000000000007,2.3000000000000007
2006-07-01,England,Portugal,FWC,Gelsenkirchen,Germany,True,2006,7,1,0,741.0,750.0,London,Lisbon,"London, England","Lisbon, Portugal","Gelsenkirchen, Germany",51.5074456,-0.1277653,38.7077507,-9.1365919,51.5110321,7.0960124,499.7291157980107,1901.8072319054777,7.136,7.22,10,19,11,13,1,2,0,2,0.4762,0.5938,1.0,0.5,6.991,7.127,9,13,23,16,1,2,0,1,0.2812,0.4483,1.0,0.6667,4,7,26.4,12.4,0.0,13.7,22.7,17.7,0.0,19.1,27.3,14.0,0.0,13.4,0.9000000000000021,1.5999999999999996,1.2500000000000009,4.600000000000001,3.6999999999999993,4.15
2006-07-04,Germany,Italy,FWC,Dortmund,Germany,False,2006,7,4,2,696.0,728.0,Berlin,Rome,"Berlin, Germany","Rome, Italy","Dortmund, Germany",52.5173885,13.3951309,41.8933203,12.4829321,51.5142273,7.4652789,420.7185227549209,1135.4737955949647,7.227,7.791,11,27,11,6,5,2,3,0,0.5,0.8182,0.625,1.0,7.482,7.236,15,13,14,13,3,1,0,0,0.5172,0.5,1.0,1.0,12,15,29.5,14.9,0.0,16.7,32.1,20.7,0.0,7.4,29.0,16.0,0.0,9.6,0.5,1.0999999999999996,0.7999999999999998,3.1000000000000014,4.699999999999999,3.9000000000000004
2006-07-05,Portugal,France,FWC,Munich,Germany,True,2006,7,5,2,750.0,749.0,Lisbon,Paris,"Lisbon, Portugal","Paris, France","Munich, Germany",38.7077507,-9.1365919,48.8534951,2.3483915,48.1371079,11.5753822,1964.5856408981858,684.1271986597453,7.6,6.991,24,9,10,23,3,1,1,0,0.7059,0.2812,0.75,1.0,7.382,7.1,12,9,9,6,1,3,0,1,0.5714,0.6,1.0,0.75,7,3,23.1,17.5,0.0,30.9,26.9,19.6,1.3,19.2,27.7,14.5,0.5,8.6,4.599999999999998,3.0,3.799999999999999,0.8000000000000007,5.100000000000001,2.950000000000001
2006-07-08,Germany,Portugal,FWC,Stuttgart,Germany,False,2006,7,8,1,696.0,750.0,Berlin,Lisbon,"Berlin, Germany","Lisbon, Portugal","Stuttgart, Germany",52.5173885,13.3951309,38.7077507,-9.1365919,48.7784485,9.1800132,510.8608925859356,1840.9994558705816,6.927,7.227,17,11,14,11,0,5,2,3,0.5484,0.5,0.0,0.625,6.936,7.6,13,24,6,10,0,3,1,1,0.6842,0.7059,0.0,0.75,12,7,23.6,18.9,20.4,10.8,26.9,18.2,0.0,29.9,24.1,16.8,0.4,8.1,0.5,2.099999999999998,1.299999999999999,2.799999999999997,1.3999999999999986,2.099999999999998
2006-07-09,Italy,France,FWC,Berlin,Germany,True,2006,7,9,0,728.0,749.0,Rome,Paris,"Rome, Italy","Paris, France","Berlin, Germany",41.8933203,12.4829321,48.8534951,2.3483915,52.5173885,13.3951309,1183.3246544620333,877.1539784325846,7.536,7.482,14,15,17,14,2,3,0,0,0.4516,0.5172,1.0,1.0,7.1,7.382,6,12,13,9,1,1,0,0,0.3158,0.5714,1.0,1.0,15,3,27.7,19.1,1.6,6.5,22.9,17.7,0.8,22.9,27.5,17.3,0.1,10.7,0.1999999999999993,1.8000000000000007,1.0,4.600000000000001,0.3999999999999986,2.5
2007-06-30,Bolivia,Uruguay,COPA,San Cristóbal,Venezuela,True,2007,6,30,2,356.0,836.0,Sucre,Montevideo,"Sucre, Bolivia","Montevideo, Uruguay","San Cristóbal, Venezuela",-19.0477251,-65.2594306,-34.9058916,-56.1913095,7.7756663,-72.2214154,3078.6926437777183,5035.844417674722,6.864,7.445,14,21,13,14,1,0,3,0,0.5185,0.6,0.25,0.5,6.873,7.236,18,10,7,14,3,0,3,0,0.72,0.4167,0.5,0.5,77,20,16.5,3.8,0.0,13.6,9.9,7.0,0.0,14.4,23.9,17.5,0.1,12.9,7.399999999999999,13.7,10.549999999999999,13.999999999999998,10.5,12.25
2007-07-01,Brazil,Chile,COPA,Maturín,Venezuela,True,2007,7,1,1,1484.0,585.0,Brasília,Santiago,"Brasília, Brazil","Santiago, Chile","Maturín, Venezuela",-15.7939869,-47.8828,-33.4376995,-70.6510671,9.7422774,-63.1888854,3301.9512194604067,4865.898766504318,6.718,7.418,9,12,12,21,0,3,1,0,0.4286,0.3636,0.0,1.0,6.664,7.191,11,14,14,15,1,1,4,1,0.44,0.4828,0.2,0.5,5,49,25.3,15.4,0.0,13.7,18.0,7.7,0.0,6.3,29.6,22.7,6.5,10.0,4.300000000000001,7.299999999999999,5.8,11.600000000000001,15.0,13.3
2007-07-08,Mexico,Paraguay,COPA,Maturín,Venezuela,True,2007,7,8,1,866.0,731.0,Mexico City,Asunción,"Mexico City, Mexico","Asunción, Paraguay","Maturín, Venezuela",19.3207722,-99.1514678,-25.2800459,-57.6343814,9.7422774,-63.1888854,4005.5047315989245,3940.519643764018,6.991,6.736,15,16,11,13,1,1,2,2,0.5769,0.5517,0.3333,0.3333,7.291,7.218,18,18,10,15,2,0,0,1,0.6429,0.5455,1.0,0.0,10,34,22.0,8.5,10.3,7.7,20.8,12.9,28.9,21.4,30.3,22.8,2.8,14.8,8.3,14.3,11.3,9.5,9.9,9.7
2008-06-07,Switzerland,Czech Republic,EURO,Basel,Switzerland,False,2008,6,7,2,644.0,1246.0,Bern,Prague,"Bern, Switzerland","Prague, Czech Republic","Basel, Switzerland",46.9484742,7.4521749,50.0874654,14.4212535,47.5581077,7.5878261,68.55691068827497,573.5915934723545,7.209,7.273,17,12,13,15,0,2,3,0,0.5667,0.4444,0.0,1.0,6.927,6.782,12,17,14,22,0,0,2,2,0.4615,0.4359,0.0,0.0,14,48,11.0,9.4,10.2,8.0,23.3,12.3,0.2,12.3,13.5,11.3,10.5,9.9,2.5,1.9000000000000004,2.2,9.8,1.0,5.4
2008-06-07,Portugal,Turkey,EURO,Geneva,Switzerland,True,2008,6,7,1,1094.0,877.0,Lisbon,Ankara,"Lisbon, Portugal","Ankara, Turkey","Geneva, Switzerland",38.7077507,-9.1365919,39.9207759,32.8540497,46.2017559,6.1466014,1501.4574134376649,2266.826395503004,6.764,6.936,15,13,12,6,1,0,3,1,0.5556,0.6842,0.25,0.0,7.382,7.273,8,7,20,18,3,0,2,1,0.2857,0.28,0.6,0.0,7,27,26.1,16.9,0.0,23.2,21.1,15.2,10.2,11.1,11.8,10.0,9.8,8.9,14.3,6.899999999999999,10.6,9.3,5.199999999999999,7.25
2008-06-08,Germany,Poland,EURO,Klagenfurt,Austria,True,2008,6,8,1,1274.0,805.0,Berlin,Warsaw,"Berlin, Germany","Warsaw, Poland","Klagenfurt, Austria",52.5173885,13.3951309,52.2319581,21.0067249,46.623943,14.3075976,658.6013645718963,788.9731991038927,7.327,6.927,12,17,15,14,3,0,1,2,0.4444,0.5484,0.75,0.0,7.036,6.791,15,8,11,21,2,0,1,1,0.5769,0.2759,0.6667,0.0,12,36,27.3,15.4,0.0,15.5,26.2,12.8,0.0,8.2,20.7,11.7,1.0,6.5,6.600000000000001,3.700000000000001,5.150000000000001,5.5,1.1000000000000014,3.3000000000000007
2008-06-08,Austria,Croatia,EURO,Vienna,Austria,False,2008,6,8,2,341.0,1017.0,Vienna,Zagreb,"Vienna, Austria","Zagreb, Croatia","Vienna, Austria",48.2083537,16.3725042,45.8130967,15.9772795,48.2083537,16.3725042,0.0,268.0197470314272,6.982,6.682,17,5,8,10,1,1,2,1,0.68,0.3333,0.3333,0.5,7.027,7.227,8,17,19,14,2,0,2,0,0.2963,0.5484,0.5,0.5,23,13,20.1,13.7,5.2,11.7,21.6,15.3,6.4,11.5,20.1,13.7,5.2,11.7,0.0,0.0,0.0,1.5,1.6000000000000014,1.5500000000000007
2008-06-09,Romania,France,EURO,Zürich,Switzerland,True,2008,6,9,0,1069.0,1143.0,Bucharest,Paris,"Bucharest, Romania","Paris, France","Zürich, Switzerland",44.4361414,26.102684,48.8534951,2.3483915,47.3744489,8.5410422,1394.2667499623315,488.09629972998016,6.573,7.018,19,20,9,6,0,3,2,2,0.6786,0.7692,0.0,0.6,7.127,7.1,14,6,7,13,4,1,6,0,0.6667,0.3158,0.4,1.0,52,3,26.0,13.0,0.0,13.0,25.2,13.5,0.2,16.1,20.6,12.3,1.5,11.9,5.399999999999999,0.6999999999999993,3.049999999999999,4.599999999999998,1.1999999999999993,2.8999999999999986
2008-06-09,Netherlands,Italy,EURO,Bern,Switzerland,True,2008,6,9,1,1111.0,1424.0,Amsterdam,Rome,"Amsterdam, Netherlands","Rome, Italy","Bern, Switzerland",52.3730796,4.8924534,41.8933203,12.4829321,46.9484742,7.4521749,630.5932170735468,689.3012830283492,7.136,7.082,23,11,9,12,0,0,1,0,0.7188,0.4783,0.0,0.5,7.064,7.536,7,14,14,17,6,2,4,0,0.3333,0.4516,0.6,1.0,9,15,22.6,14.0,0.0,14.1,22.5,13.1,0.5,10.8,19.5,9.8,0.8,11.6,3.1000000000000014,4.199999999999999,3.6500000000000004,3.0,3.299999999999999,3.1499999999999995
2008-06-10,Spain,Russia,EURO,Innsbruck,Austria,True,2008,6,10,1,1303.0,846.0,Madrid,Moscow,"Madrid, Spain","Moscow, Russia","Innsbruck, Austria",40.416782,-3.703507,55.625578,37.6063916,47.2654296,11.3927685,1426.588782762386,2023.8054567677545,6.636,7.555,6,21,9,6,1,1,3,0,0.4,0.7778,0.25,1.0,7.036,6.318,15,7,10,12,2,0,1,2,0.6,0.3684,0.6667,0.0,1,35,19.3,9.9,0.1,13.8,16.1,9.9,0.0,25.9,23.2,10.4,5.3,5.0,3.8999999999999986,0.5,2.1999999999999993,7.099999999999998,0.5,3.799999999999999
2008-06-10,Greece,Sweden,EURO,Salzburg,Austria,True,2008,6,10,2,1133.0,799.0,Athens,Stockholm,"Athens, Greece","Stockholm, Sweden","Salzburg, Austria",37.9755648,23.7348324,59.3251172,18.0710935,47.7981346,13.0464806,1394.1132159868278,1323.0720117042406,7.255,7.191,5,10,21,17,1,1,0,0,0.1923,0.3704,1.0,1.0,6.536,7.0,6,13,27,19,0,2,2,2,0.1818,0.4062,0.0,0.5,46,37,26.8,17.8,0.0,15.6,21.6,15.3,0.4,32.3,24.6,11.7,0.5,7.6,2.1999999999999993,6.100000000000001,4.15,3.0,3.6000000000000014,3.3000000000000007
2008-06-11,Czech Republic,Portugal,EURO,Geneva,Switzerland,True,2008,6,11,2,1246.0,1094.0,Prague,Lisbon,"Prague, Czech Republic","Lisbon, Portugal","Geneva, Switzerland",50.0874654,14.4212535,38.7077507,-9.1365919,46.2017559,6.1466014,750.0388802914483,1501.4574134376649,7.155,6.927,3,12,9,14,1,0,0,2,0.25,0.4615,1.0,0.0,7.3,6.764,15,15,4,12,2,1,0,3,0.7895,0.5556,1.0,0.25,48,7,22.0,15.4,3.5,14.9,27.0,18.2,0.0,22.3,20.4,12.1,6.7,8.4,1.6000000000000014,3.3000000000000007,2.450000000000001,6.600000000000001,6.1,6.3500000000000005
2008-06-11,Switzerland,Turkey,EURO,Basel,Switzerland,False,2008,6,11,2,644.0,877.0,Bern,Ankara,"Bern, Switzerland","Ankara, Turkey","Basel, Switzerland",46.9484742,7.4521749,39.9207759,32.8540497,47.5581077,7.5878261,68.55691068827497,2187.7782641402023,6.855,7.209,9,17,3,13,0,0,1,3,0.75,0.5667,0.0,0.0,6.736,7.382,4,8,15,20,0,3,2,2,0.2105,0.2857,0.0,0.6,14,27,17.7,10.4,14.1,7.6,22.2,11.1,0.0,19.3,20.8,13.4,9.5,8.4,3.1000000000000014,3.0,3.0500000000000007,1.3999999999999986,2.3000000000000007,1.8499999999999996
2008-06-12,Austria,Poland,EURO,Vienna,Austria,False,2008,6,12,0,341.0,805.0,Vienna,Warsaw,"Vienna, Austria","Warsaw, Poland","Vienna, Austria",48.2083537,16.3725042,52.2319581,21.0067249,48.2083537,16.3725042,0.0,555.5236828605173,7.009,6.982,14,17,11,8,0,1,1,2,0.56,0.68,0.0,0.3333,6.618,7.036,11,15,12,11,0,2,2,1,0.4783,0.5769,0.0,0.6667,23,36,19.6,14.1,2.2,16.1,19.6,13.3,0.0,16.2,19.6,14.1,2.2,16.1,0.0,0.0,0.0,0.0,0.7999999999999989,0.39999999999999947
2008-06-12,Croatia,Germany,EURO,Klagenfurt,Austria,True,2008,6,12,1,1017.0,1274.0,Zagreb,Berlin,"Zagreb, Croatia","Berlin, Germany","Klagenfurt, Austria",45.8130967,15.9772795,52.5173885,13.3951309,46.623943,14.3075976,156.93755468261418,658.6013645718963,7.273,7.027,11,8,14,19,1,2,0,2,0.44,0.2963,1.0,0.5,7.6,7.327,12,12,11,15,2,3,0,1,0.5217,0.4444,1.0,0.75,13,12,21.0,15.5,4.9,14.6,18.2,12.0,0.0,19.8,19.8,12.8,10.2,6.0,1.1999999999999993,2.6999999999999993,1.9499999999999993,1.6000000000000014,0.8000000000000007,1.200000000000001
2008-06-13,Italy,Romania,EURO,Zürich,Switzerland,True,2008,6,13,0,1424.0,1069.0,Rome,Bucharest,"Rome, Italy","Bucharest, Romania","Zürich, Switzerland",41.8933203,12.4829321,44.4361414,26.102684,47.3744489,8.5410422,684.4245214041892,1394.2667499623315,6.945,7.064,10,7,17,14,0,6,3,4,0.3704,0.3333,0.0,0.6,7.0,6.573,9,19,12,9,0,0,0,2,0.4286,0.6786,0.5,0.0,15,52,22.2,13.4,0.5,18.2,28.0,16.7,2.9,13.3,15.1,8.9,7.2,9.8,7.1,4.5,5.8,12.9,7.799999999999999,10.35
2008-06-13,Netherlands,France,EURO,Bern,Switzerland,True,2008,6,13,1,1111.0,1143.0,Amsterdam,Paris,"Amsterdam, Netherlands","Paris, France","Bern, Switzerland",52.3730796,4.8924534,48.8534951,2.3483915,46.9484742,7.4521749,630.5932170735468,435.3316059947914,7.464,7.136,17,23,10,9,3,0,0,1,0.6296,0.7188,1.0,0.0,7.164,7.127,12,14,9,7,0,4,0,6,0.5714,0.6667,0.5,0.4,9,3,13.9,10.2,0.6,23.0,16.5,7.0,0.1,10.0,13.2,7.2,3.0,8.7,0.7000000000000011,2.999999999999999,1.85,3.3000000000000007,0.20000000000000018,1.7500000000000004
2008-06-14,Greece,Russia,EURO,Salzburg,Austria,True,2008,6,14,2,1133.0,846.0,Athens,Moscow,"Athens, Greece","Moscow, Russia","Salzburg, Austria",37.9755648,23.7348324,55.625578,37.6063916,47.7981346,13.0464806,1394.1132159868278,1888.9038176868587,6.836,7.255,11,5,12,21,0,1,2,0,0.4783,0.1923,0.0,1.0,6.845,7.036,11,15,19,10,1,2,4,1,0.3667,0.6,0.2,0.6667,46,35,30.8,18.6,0.0,12.0,22.0,12.8,0.0,16.4,15.6,7.1,0.2,6.5,15.200000000000001,11.500000000000002,13.350000000000001,6.4,5.700000000000001,6.050000000000001
2008-06-14,Sweden,Spain,EURO,Innsbruck,Austria,True,2008,6,14,2,799.0,1303.0,Stockholm,Madrid,"Stockholm, Sweden","Madrid, Spain","Innsbruck, Austria",59.3251172,18.0710935,40.416782,-3.703507,47.2654296,11.3927685,1410.8167026390972,1426.588782762386,7.209,6.536,12,6,11,27,2,0,0,2,0.5217,0.1818,1.0,0.0,7.355,6.636,19,6,11,9,4,1,1,3,0.6333,0.4,0.8,0.25,37,1,14.9,11.7,2.5,14.8,28.0,11.4,0.0,10.9,14.9,8.0,1.6,7.6,0.0,3.6999999999999993,1.8499999999999996,13.1,3.4000000000000004,8.25
2008-06-15,Turkey,Czech Republic,EURO,Geneva,Switzerland,True,2008,6,15,1,877.0,1246.0,Ankara,Prague,"Ankara, Turkey","Prague, Czech Republic","Geneva, Switzerland",39.9207759,32.8540497,50.0874654,14.4212535,46.2017559,6.1466014,2266.826395503004,750.0388802914483,6.873,6.736,8,4,16,15,2,0,1,2,0.3333,0.2105,0.6667,0.0,7.018,7.155,14,3,17,9,1,1,3,0,0.4516,0.25,0.25,1.0,27,48,28.5,14.6,0.0,14.1,19.5,8.3,0.9,9.3,15.9,11.2,4.5,12.3,12.6,3.4000000000000004,8.0,3.5999999999999996,2.8999999999999986,3.249999999999999
2008-06-15,Switzerland,Portugal,EURO,Basel,Switzerland,False,2008,6,15,1,644.0,1094.0,Bern,Lisbon,"Bern, Switzerland","Lisbon, Portugal","Basel, Switzerland",46.9484742,7.4521749,38.7077507,-9.1365919,47.5581077,7.5878261,68.55691068827497,1670.5785703669944,6.982,6.855,16,9,8,3,1,0,2,1,0.6667,0.75,0.3333,0.0,6.982,7.3,17,15,14,4,3,2,1,0,0.5484,0.7895,0.75,1.0,14,7,13.2,5.6,3.4,11.4,22.3,16.5,0.0,19.8,15.6,7.7,5.4,11.5,2.4000000000000004,2.1000000000000005,2.2500000000000004,6.700000000000001,8.8,7.750000000000001
2008-06-16,Poland,Croatia,EURO,Klagenfurt,Austria,True,2008,6,16,2,805.0,1017.0,Warsaw,Zagreb,"Warsaw, Poland","Zagreb, Croatia","Klagenfurt, Austria",52.2319581,21.0067249,45.8130967,15.9772795,46.623943,14.3075976,788.9731991038927,156.93755468261418,7.1,6.618,16,11,9,12,1,0,1,2,0.64,0.4783,0.5,0.0,6.973,7.273,11,11,9,14,2,1,1,0,0.55,0.44,0.6667,1.0,36,13,21.6,8.9,0.1,14.1,21.3,12.1,0.0,14.5,17.3,11.0,1.1,10.8,4.300000000000001,2.0999999999999996,3.2,4.0,1.0999999999999996,2.55
2008-06-16,Austria,Germany,EURO,Vienna,Austria,False,2008,6,16,2,341.0,1274.0,Vienna,Berlin,"Vienna, Austria","Berlin, Germany","Vienna, Austria",48.2083537,16.3725042,52.5173885,13.3951309,48.2083537,16.3725042,0.0,523.5101196921378,7.045,7.009,9,14,16,11,1,0,1,1,0.36,0.56,0.5,0.0,7.018,7.6,9,12,11,11,1,2,2,0,0.45,0.5217,0.3333,1.0,23,12,21.2,10.6,0.1,10.9,18.1,8.5,0.9,9.1,21.2,10.6,0.1,10.9,0.0,0.0,0.0,3.099999999999998,2.0999999999999996,2.5999999999999988
2008-06-17,France,Italy,EURO,Zürich,Switzerland,True,2008,6,17,2,1143.0,1424.0,Paris,Rome,"Paris, France","Rome, Italy","Zürich, Switzerland",48.8534951,2.3483915,41.8933203,12.4829321,47.3744489,8.5410422,488.09629972998016,684.4245214041892,6.909,7.164,23,12,12,9,1,0,4,0,0.6571,0.5714,0.2,0.5,7.209,6.945,14,10,15,17,1,0,1,3,0.4828,0.3704,0.5,0.0,3,15,21.0,9.3,0.0,11.8,25.0,18.1,2.6,23.2,18.5,10.5,9.8,4.8,2.5,1.1999999999999993,1.8499999999999996,6.5,7.600000000000001,7.050000000000001
2008-06-17,Netherlands,Romania,EURO,Bern,Switzerland,True,2008,6,17,1,1111.0,1069.0,Amsterdam,Bucharest,"Amsterdam, Netherlands","Bucharest, Romania","Bern, Switzerland",52.3730796,4.8924534,44.4361414,26.102684,46.9484742,7.4521749,630.5932170735468,1471.5895478715079,7.345,7.464,12,17,23,10,4,3,1,0,0.3429,0.6296,0.8,1.0,6.964,7.0,15,9,14,12,1,0,1,0,0.5172,0.4286,0.5,0.5,9,52,18.3,8.8,0.0,8.7,27.8,13.1,0.0,12.6,17.0,9.7,7.8,6.6,1.3000000000000007,0.8999999999999986,1.0999999999999996,10.8,3.4000000000000004,7.1000000000000005
2008-06-18,Greece,Spain,EURO,Salzburg,Austria,True,2008,6,18,2,1133.0,1303.0,Athens,Madrid,"Athens, Greece","Madrid, Spain","Salzburg, Austria",37.9755648,23.7348324,40.416782,-3.703507,47.7981346,13.0464806,1394.1132159868278,1564.138715379164,6.964,6.836,8,11,18,12,0,0,1,2,0.3077,0.4783,0.0,0.0,7.218,7.355,14,19,8,11,2,4,1,1,0.6364,0.6333,0.6667,0.8,46,1,36.4,21.8,0.0,13.7,27.7,11.0,0.0,10.5,19.6,11.3,6.9,6.9,16.799999999999997,10.5,13.649999999999999,8.099999999999998,0.3000000000000007,4.199999999999999
2008-06-18,Russia,Sweden,EURO,Innsbruck,Austria,True,2008,6,18,1,846.0,799.0,Moscow,Stockholm,"Moscow, Russia","Stockholm, Sweden","Innsbruck, Austria",55.625578,37.6063916,59.3251172,18.0710935,47.2654296,11.3927685,2023.8054567677545,1410.8167026390972,7.3,6.845,18,11,8,19,1,1,0,4,0.6923,0.3667,1.0,0.2,7.064,7.209,8,12,14,11,1,2,2,0,0.3636,0.5217,0.3333,1.0,35,37,20.7,11.7,6.3,15.0,18.5,11.5,0.0,19.5,19.8,10.1,1.8,7.6,0.8999999999999986,1.5999999999999996,1.2499999999999991,1.3000000000000007,1.4000000000000004,1.3500000000000005
2008-06-19,Portugal,Germany,EURO,Basel,Switzerland,True,2008,6,19,2,1094.0,1274.0,Lisbon,Berlin,"Lisbon, Portugal","Berlin, Germany","Basel, Switzerland",38.7077507,-9.1365919,52.5173885,13.3951309,47.5581077,7.5878261,1670.5785703669944,689.5345272072642,6.936,6.982,8,17,14,14,0,3,2,1,0.3636,0.5484,0.0,0.75,7.391,7.018,14,9,11,11,1,1,0,2,0.56,0.45,1.0,0.3333,7,12,25.9,14.3,0.0,22.0,25.0,11.9,0.2,21.4,23.8,11.0,0.3,14.2,2.099999999999998,3.3000000000000007,2.6999999999999993,1.1999999999999993,0.9000000000000004,1.0499999999999998
2008-06-20,Croatia,Turkey,EURO,Vienna,Austria,True,2008,6,20,0,1017.0,877.0,Zagreb,Ankara,"Zagreb, Croatia","Ankara, Turkey","Vienna, Austria",45.8130967,15.9772795,39.9207759,32.8540497,48.2083537,16.3725042,268.0197470314272,1601.890452948107,7.173,6.973,15,11,17,9,1,2,0,1,0.4688,0.55,1.0,0.6667,7.036,6.873,15,8,15,16,3,2,2,1,0.5,0.3333,0.6,0.6667,13,27,28.1,15.6,0.1,7.9,30.7,18.7,0.0,19.9,25.9,15.9,0.0,16.9,2.200000000000003,0.3000000000000007,1.2500000000000018,4.800000000000001,2.799999999999999,3.8
2008-06-21,Netherlands,Russia,EURO,Basel,Switzerland,True,2008,6,21,2,1111.0,846.0,Amsterdam,Moscow,"Amsterdam, Netherlands","Moscow, Russia","Basel, Switzerland",52.3730796,4.8924534,55.625578,37.6063916,47.5581077,7.5878261,568.9483813880461,2236.849395436583,7.391,7.345,16,12,13,23,2,4,0,1,0.5517,0.3429,1.0,0.8,7.573,7.3,24,18,11,8,2,1,0,0,0.6857,0.6923,1.0,1.0,9,35,19.8,13.3,0.2,15.1,22.0,14.2,0.0,7.4,26.8,15.5,0.0,6.6,7.0,2.1999999999999993,4.6,4.800000000000001,1.3000000000000007,3.0500000000000007
2008-06-22,Spain,Italy,EURO,Vienna,Austria,True,2008,6,22,0,1303.0,1424.0,Madrid,Rome,"Madrid, Spain","Rome, Italy","Vienna, Austria",40.416782,-3.703507,41.8933203,12.4829321,48.2083537,16.3725042,1809.454378726688,765.5387093854109,7.291,7.218,22,14,12,8,2,2,1,1,0.6471,0.6364,0.6667,0.6667,7.482,7.209,15,14,13,15,2,1,0,1,0.5357,0.4828,1.0,0.5,1,15,34.3,18.4,0.0,13.0,30.5,18.6,0.0,10.5,30.4,15.6,0.0,13.1,3.8999999999999986,2.799999999999999,3.3499999999999988,0.10000000000000142,3.0000000000000018,1.5500000000000016
2008-06-25,Germany,Turkey,EURO,Basel,Switzerland,True,2008,6,25,1,1274.0,877.0,Berlin,Ankara,"Berlin, Germany","Ankara, Turkey","Basel, Switzerland",52.5173885,13.3951309,39.9207759,32.8540497,47.5581077,7.5878261,689.5345272072642,2187.7782641402023,7.045,7.391,11,14,15,11,3,1,2,0,0.4231,0.56,0.6,1.0,7.155,7.036,10,15,18,15,4,3,2,2,0.3571,0.5,0.6667,0.6,12,27,23.5,12.6,2.9,15.9,31.6,16.5,0.0,15.5,27.1,17.8,3.5,14.8,3.6000000000000014,5.200000000000001,4.400000000000001,4.5,1.3000000000000007,2.9000000000000004
2008-06-26,Russia,Spain,EURO,Vienna,Austria,True,2008,6,26,2,846.0,1303.0,Moscow,Madrid,"Moscow, Russia","Madrid, Spain","Vienna, Austria",55.625578,37.6063916,40.416782,-3.703507,48.2083537,16.3725042,1663.930047398054,1809.454378726688,7.527,7.573,22,24,21,11,3,2,1,0,0.5116,0.6857,0.75,1.0,7.473,7.291,22,22,7,12,4,2,2,1,0.7586,0.6471,0.6667,0.6667,35,1,17.2,10.8,0.0,24.0,33.3,17.9,0.0,14.0,25.9,20.6,2.8,14.8,8.7,9.8,9.25,7.399999999999999,2.700000000000003,5.050000000000001
2008-06-29,Germany,Spain,EURO,Vienna,Austria,True,2008,6,29,2,1274.0,1303.0,Berlin,Madrid,"Berlin, Germany","Madrid, Spain","Vienna, Austria",52.5173885,13.3951309,40.416782,-3.703507,48.2083537,16.3725042,523.5101196921378,1809.454378726688,7.0,7.045,10,11,20,15,3,3,2,2,0.3333,0.4231,0.6,0.6,7.473,7.473,17,22,7,7,3,4,0,2,0.7083,0.7586,1.0,0.6667,12,1,24.6,15.1,0.2,11.9,34.7,19.7,0.0,12.2,27.0,15.1,0.1,8.8,2.3999999999999986,0.0,1.1999999999999993,7.700000000000003,4.6,6.150000000000001
2010-01-12,Egypt,Nigeria,AFCON,Benguela,Angola,True,2010,1,12,1,832.0,848.0,Cairo,Abuja,"Cairo, Egypt","Abuja, Nigeria","Benguela, Angola",30.0443879,31.2357257,9.0643305,7.4892974,-12.5790048,13.4037117,5109.8815507837535,2493.751733424483,6.818,6.973,10,5,10,11,0,0,1,0,0.5,0.3125,0.0,0.5,7.345,7.145,12,17,24,14,0,1,0,2,0.3333,0.5484,0.5,0.3333,24,26,19.6,11.1,0.0,12.0,35.9,23.2,0.0,14.1,30.1,23.6,0.0,22.3,10.5,12.500000000000002,11.5,5.799999999999997,0.40000000000000213,3.0999999999999996
2010-01-15,Ivory Coast,Ghana,AFCON,Cabinda,Angola,True,2010,1,15,1,934.0,747.0,Yamoussoukro,Accra,"Yamoussoukro, Ivory Coast","Accra, Ghana","Cabinda, Angola",6.8200066,-5.2776034,5.5571096,-0.2012376,-5.056395,12.3211749,2357.699476013056,1823.7502140615168,7.118,7.0,33,18,8,8,3,1,2,2,0.8049,0.6923,0.6,0.3333,6.855,6.845,21,11,12,9,0,2,3,1,0.6364,0.55,0.0,0.6667,31,65,34.4,23.7,0.0,13.1,31.3,25.6,0.5,13.0,28.2,23.1,9.5,10.7,6.199999999999999,0.5999999999999979,3.3999999999999986,3.1000000000000014,2.5,2.8000000000000007
2010-01-18,Angola,Algeria,AFCON,Luanda,Angola,False,2010,1,18,0,337.0,823.0,Luanda,Algiers,"Luanda, Angola","Algiers, Algeria","Luanda, Angola",-8.8272699,13.2439512,36.7729333,3.0588445,-8.8272699,13.2439512,0.0,5180.805729616625,7.091,7.009,12,8,17,13,1,0,1,0,0.4138,0.381,0.5,0.5,6.855,7.173,18,9,17,24,0,0,3,1,0.5143,0.2727,0.0,0.0,87,29,32.4,24.3,0.2,13.4,17.6,6.6,0.0,11.3,32.4,24.3,0.2,13.4,0.0,0.0,0.0,14.799999999999997,17.700000000000003,16.25
2010-01-21,Cameroon,Tunisia,AFCON,Lubango,Angola,True,2010,1,21,0,1035.0,614.0,Yaoundé,Tunis,"Yaoundé, Cameroon","Tunis, Tunisia","Lubango, Angola",3.8689867,11.5213344,36.8002068,10.1857757,-14.9195617,13.4897509,2100.4155168458933,5761.407043502996,6.764,7.464,12,17,12,14,0,1,2,0,0.5,0.5484,0.0,1.0,6.636,6.845,10,3,8,22,0,1,1,3,0.5556,0.12,0.0,0.25,43,57,29.3,21.8,2.6,9.4,15.0,11.1,1.3,34.2,23.1,13.9,1.5,7.3,6.199999999999999,7.9,7.05,8.100000000000001,2.8000000000000007,5.450000000000001
2010-01-24,Ivory Coast,Algeria,AFCON,Cabinda,Angola,True,2010,1,24,2,934.0,823.0,Yamoussoukro,Algiers,"Yamoussoukro, Ivory Coast","Algiers, Algeria","Cabinda, Angola",6.8200066,-5.2776034,36.7729333,3.0588445,-5.056395,12.3211749,2357.699476013056,4749.742836946995,7.118,7.0,33,18,8,8,3,1,2,2,0.8049,0.6923,0.6,0.3333,6.855,7.173,18,9,17,24,0,0,3,1,0.5143,0.2727,0.0,0.0,31,29,35.3,24.2,0.2,11.7,16.0,7.8,1.7,12.2,29.3,23.2,9.9,12.8,5.9999999999999964,1.0,3.4999999999999982,13.3,15.399999999999999,14.35
2010-01-24,Angola,Ghana,AFCON,Luanda,Angola,False,2010,1,24,2,337.0,747.0,Luanda,Accra,"Luanda, Angola","Accra, Ghana","Luanda, Angola",-8.8272699,13.2439512,5.5571096,-0.2012376,-8.8272699,13.2439512,0.0,2186.2819953977955,7.091,7.009,12,8,17,13,1,0,1,0,0.4138,0.381,0.5,0.5,6.855,6.845,21,11,12,9,0,2,3,1,0.6364,0.55,0.0,0.6667,87,65,30.8,25.2,11.1,13.5,31.6,25.4,0.4,14.5,30.8,25.2,11.1,13.5,0.0,0.0,0.0,0.8000000000000007,0.1999999999999993,0.5
2010-01-25,Egypt,Cameroon,AFCON,Benguela,Angola,True,2010,1,25,1,832.0,1035.0,Cairo,Yaoundé,"Cairo, Egypt","Yaoundé, Cameroon","Benguela, Angola",30.0443879,31.2357257,3.8689867,11.5213344,-12.5790048,13.4037117,5109.8815507837535,1840.7200353622925,6.818,6.973,10,5,10,11,0,0,1,0,0.5,0.3125,0.0,0.5,6.764,7.464,12,17,12,14,0,1,2,0,0.5,0.5484,0.0,1.0,24,43,17.2,8.3,0.0,22.7,29.7,22.0,0.4,11.9,27.5,25.0,4.7,11.6,10.3,16.7,13.5,2.1999999999999993,3.0,2.5999999999999996
2010-01-28,Algeria,Egypt,AFCON,Benguela,Angola,True,2010,1,28,2,823.0,832.0,Algiers,Cairo,"Algiers, Algeria","Cairo, Egypt","Benguela, Angola",36.7729333,3.0588445,30.0443879,31.2357257,-12.5790048,13.4037117,5593.643798749796,5109.8815507837535,6.855,7.173,18,9,17,24,0,0,3,1,0.5143,0.2727,0.0,0.0,6.818,6.973,10,5,10,11,0,0,1,0,0.5,0.3125,0.0,0.5,29,24,11.9,7.5,2.1,13.5,23.0,8.5,0.0,24.8,30.1,24.2,0.0,18.8,18.200000000000003,16.7,17.450000000000003,7.100000000000001,15.7,11.4
2010-01-28,Ghana,Nigeria,AFCON,Luanda,Angola,True,2010,1,28,1,747.0,848.0,Accra,Abuja,"Accra, Ghana","Abuja, Nigeria","Luanda, Angola",5.5571096,-0.2012376,9.0643305,7.4892974,-8.8272699,13.2439512,2186.2819953977955,2089.0318439851567,6.855,6.845,21,11,12,9,0,2,3,1,0.6364,0.55,0.0,0.6667,7.345,7.145,12,17,24,14,0,1,0,2,0.3333,0.5484,0.5,0.3333,65,26,31.0,25.6,1.8,11.0,36.6,23.9,0.0,9.6,32.0,23.9,0.0,13.7,1.0,1.7000000000000028,1.3500000000000014,4.600000000000001,0.0,2.3000000000000007
2010-01-30,Nigeria,Algeria,AFCON,Benguela,Angola,True,2010,1,30,1,848.0,823.0,Abuja,Algiers,"Abuja, Nigeria","Algiers, Algeria","Benguela, Angola",9.0643305,7.4892974,36.7729333,3.0588445,-12.5790048,13.4037117,2493.751733424483,5593.643798749796,7.345,7.145,12,17,24,14,0,1,0,2,0.3333,0.5484,0.5,0.3333,6.855,7.173,18,9,17,24,0,0,3,1,0.5143,0.2727,0.0,0.0,26,29,37.5,23.6,0.0,7.4,13.9,10.2,1.8,35.3,31.5,24.4,0.0,20.9,6.0,0.7999999999999972,3.3999999999999986,17.6,14.2,15.9
2010-01-31,Ghana,Egypt,AFCON,Luanda,Angola,True,2010,1,31,2,747.0,832.0,Accra,Cairo,"Accra, Ghana","Cairo, Egypt","Luanda, Angola",5.5571096,-0.2012376,30.0443879,31.2357257,-8.8272699,13.2439512,2186.2819953977955,4730.980229617085,6.855,6.845,21,11,12,9,0,2,3,1,0.6364,0.55,0.0,0.6667,6.818,6.973,10,5,10,11,0,0,1,0,0.5,0.3125,0.0,0.5,65,24,32.2,26.5,0.0,14.4,22.2,11.7,0.0,11.7,34.3,24.3,0.0,18.0,2.0999999999999943,2.1999999999999993,2.149999999999997,12.099999999999998,12.600000000000001,12.35
2010-06-11,South Africa,Mexico,FWC,Johannesburg,South Africa,False,2010,6,11,0,392.0,895.0,Pretoria,Mexico City,"Pretoria, South Africa","Mexico City, Mexico","Johannesburg, South Africa",-25.7459277,28.1879101,19.3207722,-99.1514678,-26.205,28.049722,52.882508215352324,14583.130441375559,6.809,7.255,5,15,13,4,2,1,3,0,0.2778,0.7895,0.4,1.0,6.991,6.736,15,16,11,13,1,1,2,2,0.5769,0.5517,0.3333,0.3333,54,10,17.5,7.4,0.0,17.2,24.0,13.2,17.6,7.5,15.3,5.8,0.0,23.0,2.1999999999999993,1.6000000000000005,1.9,8.7,7.3999999999999995,8.049999999999999
2010-06-11,Uruguay,France,FWC,Cape Town,South Africa,True,2010,6,11,0,899.0,1044.0,Montevideo,Paris,"Montevideo, Uruguay","Paris, France","Cape Town, South Africa",-34.9058916,-56.1913095,48.8534951,2.3483915,-33.9288301,18.4172197,6671.699857898742,9341.780621084681,6.873,7.236,18,10,7,14,3,0,3,0,0.72,0.4167,0.5,0.5,6.573,6.909,13,23,15,12,0,1,2,4,0.4643,0.6571,0.0,0.2,20,3,16.2,9.8,0.0,30.3,24.1,14.3,0.1,13.0,16.5,6.5,0.0,8.9,0.3000000000000007,3.3000000000000007,1.8000000000000007,7.600000000000001,7.800000000000001,7.700000000000001
2010-06-12,South Korea,Greece,FWC,Port Elizabeth,South Africa,True,2010,6,12,1,632.0,964.0,Seoul,Athens,"Seoul, South Korea","Athens, Greece","Port Elizabeth, South Africa",37.5666791,126.9782914,37.9755648,23.7348324,-33.9618598,25.6186731,13125.4327692174,8001.444474183051,6.9,6.782,15,3,12,16,0,1,2,1,0.5556,0.1579,0.0,0.5,6.818,6.964,12,8,22,18,1,0,2,1,0.3529,0.3077,0.3333,0.0,32,46,21.1,18.7,25.2,12.8,33.6,19.7,0.0,14.1,19.1,10.4,0.0,14.3,2.0,8.299999999999999,5.1499999999999995,14.5,9.299999999999999,11.899999999999999
2010-06-12,Argentina,Nigeria,FWC,Johannesburg,South Africa,True,2010,6,12,1,1076.0,883.0,Buenos Aires,Abuja,"Buenos Aires, Argentina","Abuja, Nigeria","Johannesburg, South Africa",-34.6095579,-58.3887904,9.0643305,7.4892974,-26.205,28.049722,8088.483093383704,4507.280662598857,7.227,7.245,11,11,11,15,3,2,5,1,0.5,0.4231,0.375,0.6667,7.345,7.145,12,17,24,14,0,1,0,2,0.3333,0.5484,0.5,0.3333,2,26,13.6,12.2,10.9,25.5,29.2,23.9,1.2,9.2,16.6,2.4,0.0,12.3,3.0000000000000018,9.799999999999999,6.4,12.599999999999998,21.5,17.049999999999997
2010-06-13,Germany,Australia,FWC,Durban,South Africa,True,2010,6,13,1,1082.0,886.0,Berlin,Canberra,"Berlin, Germany","Canberra, Australia","Durban, South Africa",52.5173885,13.3951309,-35.2975906,149.1012676,-29.861825,31.009909,9318.94916799401,10298.056853795892,7.43,6.827,19,4,8,13,2,0,0,1,0.7037,0.2353,1.0,0.0,7.0,6.909,13,19,13,8,0,2,1,2,0.5,0.7037,0.0,0.5,12,28,16.7,10.7,0.1,22.3,10.2,-2.2,0.0,8.8,23.4,15.7,0.0,11.4,6.699999999999999,5.0,5.85,13.2,17.9,15.549999999999999
2010-06-13,Algeria,Slovenia,FWC,Polokwane,South Africa,True,2010,6,13,2,821.0,860.0,Algiers,Ljubljana,"Algiers, Algeria","Ljubljana, Slovenia","Polokwane, South Africa",36.7729333,3.0588445,46.0500268,14.5069289,-23.9058333,29.4613889,7292.87108986449,7923.882667167994,6.855,7.173,18,9,17,24,0,0,3,1,0.5143,0.2727,0.0,0.0,7.009,6.882,12,4,15,15,1,0,3,1,0.4444,0.2105,0.25,0.0,29,56,24.7,14.6,1.9,18.1,27.8,15.8,0.1,10.5,21.8,7.2,0.0,17.3,2.8999999999999986,7.3999999999999995,5.149999999999999,6.0,8.600000000000001,7.300000000000001
2010-06-14,Japan,Cameroon,FWC,Bloemfontein,South Africa,True,2010,6,14,1,682.0,887.0,Tokyo,Yaoundé,"Tokyo, Japan","Yaoundé, Cameroon","Bloemfontein, South Africa",35.6768601,139.7638947,3.8689867,11.5213344,-29.116395,26.215496,13850.776567774008,3989.0765086442184,6.736,7.191,8,14,24,17,1,0,4,0,0.25,0.4516,0.2,0.5,6.764,7.464,12,17,12,14,0,1,2,0,0.5,0.5484,0.0,1.0,17,43,20.1,18.1,18.1,27.3,28.3,21.2,1.7,11.0,15.2,0.3,0.0,23.1,4.900000000000002,17.8,11.350000000000001,13.100000000000001,20.9,17.0
2010-06-14,Netherlands,Denmark,FWC,Johannesburg,South Africa,True,2010,6,14,1,1231.0,767.0,Amsterdam,Copenhagen,"Amsterdam, Netherlands","Copenhagen, Denmark","Johannesburg, South Africa",52.3730796,4.8924534,55.6867243,12.5700724,-26.205,28.049722,9023.146609455807,9223.864302074564,7.2,7.391,21,16,22,13,1,2,3,0,0.4884,0.5517,0.25,1.0,6.545,6.882,8,12,13,16,0,2,3,2,0.381,0.4286,0.0,0.5,9,21,18.3,10.7,0.0,23.5,14.9,8.4,0.0,19.1,17.7,1.4,0.0,24.8,0.6000000000000014,9.299999999999999,4.95,2.799999999999999,7.0,4.8999999999999995
2010-06-14,Italy,Paraguay,FWC,Cape Town,South Africa,True,2010,6,14,0,1184.0,820.0,Rome,Asunción,"Rome, Italy","Asunción, Paraguay","Cape Town, South Africa",41.8933203,12.4829321,-25.2800459,-57.6343814,-33.9288301,18.4172197,8452.778822026277,7251.605920917495,7.264,7.364,16,7,4,22,2,2,0,4,0.8,0.2414,1.0,0.3333,7.291,7.218,18,18,10,15,2,0,0,1,0.6429,0.5455,1.0,0.0,15,34,27.8,19.1,0.0,11.5,25.4,15.8,0.0,26.0,11.9,8.8,25.4,33.5,15.9,10.3,13.100000000000001,13.499999999999998,7.0,10.25
2010-06-15,Brazil,North Korea,FWC,Johannesburg,South Africa,True,2010,6,15,1,1611.0,285.0,Brasília,Pyongyang,"Brasília, Brazil","Pyongyang, North Korea","Johannesburg, South Africa",-15.7939869,-47.8828,39.0167979,125.7473609,-26.205,28.049722,7864.690459456322,12431.624871866272,6.718,7.418,9,12,12,21,0,3,1,0,0.4286,0.3636,0.0,1.0,6.736,7.618,16,23,32,32,3,1,5,0,0.3333,0.4182,0.375,1.0,5,120,25.5,11.6,0.0,12.9,26.8,19.0,0.9,11.3,9.9,0.6,0.0,30.1,15.6,11.0,13.3,16.9,18.4,17.65
2010-06-15,Ivory Coast,Portugal,FWC,Port Elizabeth,South Africa,True,2010,6,15,0,856.0,1249.0,Yamoussoukro,Lisbon,"Yamoussoukro, Ivory Coast","Lisbon, Portugal","Port Elizabeth, South Africa",6.8200066,-5.2776034,38.7077507,-9.1365919,-33.9618598,25.6186731,5580.075641584473,8838.849730537235,7.118,7.0,33,18,8,8,3,1,2,2,0.8049,0.6923,0.6,0.3333,6.745,6.936,15,8,11,14,2,0,3,2,0.5769,0.3636,0.4,0.0,31,7,30.8,22.5,4.8,11.3,23.2,16.0,0.0,34.8,11.7,9.2,4.7,27.2,19.1,13.3,16.200000000000003,11.5,6.800000000000001,9.15
2010-06-16,Honduras,Chile,FWC,Nelspruit,South Africa,True,2010,6,16,2,734.0,888.0,Tegucigalpa,Santiago,"Tegucigalpa, Honduras","Santiago, Chile","Nelspruit, South Africa",14.1058135,-87.2047053,-33.4376995,-70.6510671,-25.4729094,30.9772719,13479.04130657297,9464.462562192242,7.118,6.945,8,8,15,21,0,1,1,1,0.3478,0.2759,0.0,0.5,6.664,7.191,11,14,14,15,1,1,4,1,0.44,0.4828,0.2,0.5,66,49,27.8,20.2,15.6,10.5,12.6,5.7,4.8,6.8,15.4,2.7,0.0,8.2,12.4,17.5,14.95,2.8000000000000007,3.0,2.9000000000000004
2010-06-16,Spain,Switzerland,FWC,Durban,South Africa,True,2010,6,16,2,1565.0,866.0,Madrid,Bern,"Madrid, Spain","Bern, Switzerland","Durban, South Africa",40.416782,-3.703507,46.9484742,7.4521749,-29.861825,31.009909,8594.840256092151,8862.018652679028,7.164,7.473,13,17,4,7,1,3,0,0,0.7647,0.7083,1.0,1.0,7.373,6.982,14,16,8,8,2,1,0,2,0.6364,0.6667,1.0,0.3333,1,14,16.0,8.3,0.0,15.5,15.2,12.4,5.1,18.1,19.6,11.5,0.0,19.9,3.6000000000000014,3.1999999999999993,3.4000000000000004,4.400000000000002,0.9000000000000004,2.6500000000000012
2010-06-16,South Africa,Uruguay,FWC,Pretoria,South Africa,False,2010,6,16,2,392.0,899.0,Pretoria,Montevideo,"Pretoria, South Africa","Montevideo, Uruguay","Pretoria, South Africa",-25.7459277,28.1879101,-34.9058916,-56.1913095,-25.7459277,28.1879101,0.0,7926.164187787232,6.818,6.809,11,5,13,13,1,2,1,3,0.4583,0.2778,0.5,0.4,7.109,6.873,7,18,16,7,0,3,0,3,0.3043,0.72,0.5,0.5,54,20,13.1,0.2,0.0,17.6,14.3,9.2,0.0,23.2,13.1,0.2,0.0,17.6,0.0,0.0,0.0,1.200000000000001,9.0,5.1000000000000005
2010-06-17,Greece,Nigeria,FWC,Bloemfontein,South Africa,True,2010,6,17,1,964.0,883.0,Athens,Abuja,"Athens, Greece","Abuja, Nigeria","Bloemfontein, South Africa",37.9755648,23.7348324,9.0643305,7.4892974,-29.116395,26.215496,7464.748483172833,4696.305607794913,6.773,6.818,5,12,17,22,0,1,2,2,0.2273,0.3529,0.0,0.3333,6.791,7.345,10,12,20,24,0,0,1,0,0.3333,0.3333,0.0,0.5,46,26,37.1,23.8,0.0,8.4,28.1,23.2,0.7,12.5,10.6,-1.4,0.0,14.7,26.5,25.2,25.85,17.5,24.599999999999998,21.049999999999997
2010-06-17,Argentina,South Korea,FWC,Johannesburg,South Africa,True,2010,6,17,1,1076.0,632.0,Buenos Aires,Seoul,"Buenos Aires, Argentina","Seoul, South Korea","Johannesburg, South Africa",-34.6095579,-58.3887904,37.5666791,126.9782914,-26.205,28.049722,8088.483093383704,12488.205592871327,7.518,7.227,20,11,10,11,1,3,0,5,0.6667,0.5,1.0,0.375,7.218,6.9,17,15,5,12,2,0,0,2,0.7727,0.5556,1.0,0.0,2,32,13.0,9.8,0.0,22.1,28.1,17.6,0.0,7.3,10.6,-4.2,0.0,13.6,2.4000000000000004,14.0,8.2,17.5,21.8,19.65
2010-06-17,France,Mexico,FWC,Polokwane,South Africa,True,2010,6,17,2,1044.0,895.0,Paris,Mexico City,"Paris, France","Mexico City, Mexico","Polokwane, South Africa",48.8534951,2.3483915,19.3207722,-99.1514678,-23.9058333,29.4613889,8527.126752327586,14706.352531935509,7.164,6.573,16,13,7,15,0,0,0,2,0.6957,0.4643,0.5,0.0,7.055,6.991,13,15,11,11,1,1,1,2,0.5417,0.5769,0.5,0.3333,3,10,19.9,14.5,0.2,22.2,19.1,13.8,14.4,6.8,13.2,1.4,0.0,10.5,6.699999999999999,13.1,9.899999999999999,5.900000000000002,12.4,9.150000000000002
2010-06-18,England,Algeria,FWC,Cape Town,South Africa,True,2010,6,18,0,1068.0,821.0,London,Algiers,"London, England","Algiers, Algeria","Cape Town, South Africa",51.5074456,-0.1277653,36.7729333,3.0588445,-33.9288301,18.4172197,9671.307513404392,8021.213527825633,6.927,7.318,15,10,11,24,1,1,1,3,0.5769,0.2941,0.5,0.25,6.873,6.855,8,18,6,17,0,0,1,3,0.5714,0.5143,0.0,0.0,4,29,17.5,10.4,1.5,15.0,25.3,17.3,0.0,11.4,18.3,4.5,0.0,20.5,0.8000000000000007,5.9,3.3500000000000005,7.0,12.8,9.9
2010-06-19,Ghana,Australia,FWC,Rustenburg,South Africa,True,2010,6,19,0,800.0,886.0,Accra,Canberra,"Accra, Ghana","Canberra, Australia","Rustenburg, South Africa",5.5571096,-0.2012376,-35.2975906,149.1012676,-25.665655,27.241448,4563.84436038293,10889.777533980941,7.036,6.855,15,21,14,12,1,0,0,3,0.5172,0.6364,1.0,0.0,6.473,7.0,9,13,14,13,0,0,4,1,0.3913,0.5,0.0,0.0,65,28,27.2,24.8,0.2,13.7,9.0,4.7,0.0,17.9,14.2,3.0,0.0,9.7,13.0,21.8,17.4,5.199999999999999,1.7000000000000002,3.4499999999999997
2010-06-19,Cameroon,Denmark,FWC,Pretoria,South Africa,True,2010,6,19,2,887.0,767.0,Yaoundé,Copenhagen,"Yaoundé, Cameroon","Copenhagen, Denmark","Pretoria, South Africa",3.8689867,11.5213344,55.6867243,12.5700724,-25.7459277,28.1879101,3751.18526443088,9175.517803151715,6.682,6.764,9,12,3,12,0,0,1,2,0.75,0.5,0.0,0.0,6.745,6.545,11,8,16,13,0,0,2,3,0.4074,0.381,0.0,0.0,43,21,28.5,21.3,6.3,10.1,14.9,8.7,6.4,16.6,14.3,1.7,0.0,10.9,14.2,19.6,16.9,0.5999999999999996,6.999999999999999,3.7999999999999994
2010-06-19,Netherlands,Japan,FWC,Durban,South Africa,True,2010,6,19,1,1231.0,682.0,Amsterdam,Tokyo,"Amsterdam, Netherlands","Tokyo, Japan","Durban, South Africa",52.3730796,4.8924534,35.6768601,139.7638947,-29.861825,31.009909,9490.601292337353,13468.266146444017,7.2,7.2,16,21,11,22,2,1,0,3,0.5926,0.4884,1.0,0.25,7.036,6.736,3,8,9,24,1,1,0,4,0.25,0.25,1.0,0.2,9,17,13.4,10.2,1.2,30.7,28.3,22.2,10.7,25.6,22.8,10.6,0.0,15.5,9.4,0.40000000000000036,4.9,5.5,11.6,8.55
2010-06-20,Italy,New Zealand,FWC,Nelspruit,South Africa,True,2010,6,20,0,1184.0,410.0,Rome,Wellington,"Rome, Italy","Wellington, New Zealand","Nelspruit, South Africa",41.8933203,12.4829321,-41.2887953,174.7772114,-25.4729094,30.9772719,7728.556071647773,11707.0711348894,7.118,7.264,11,16,6,4,1,2,1,0,0.6471,0.8,0.5,1.0,7.082,6.773,10,13,14,33,1,0,1,4,0.4167,0.2826,0.5,0.0,15,86,20.6,15.9,8.6,26.5,13.8,11.3,5.4,38.5,19.3,1.7,0.0,9.5,1.3000000000000007,14.200000000000001,7.750000000000001,5.5,9.600000000000001,7.550000000000001
2010-06-20,Brazil,Ivory Coast,FWC,Johannesburg,South Africa,True,2010,6,20,1,1611.0,856.0,Brasília,Yamoussoukro,"Brasília, Brazil","Yamoussoukro, Ivory Coast","Johannesburg, South Africa",-15.7939869,-47.8828,6.8200066,-5.2776034,-26.205,28.049722,7864.690459456322,5139.131699370215,7.627,6.718,25,9,11,12,2,0,1,1,0.6944,0.4286,0.6667,0.0,7.064,7.118,8,33,7,8,0,3,0,2,0.5333,0.8049,0.5,0.6,5,31,28.0,14.7,0.0,8.3,31.4,23.4,1.7,10.1,15.3,-3.2,0.0,14.4,12.7,17.9,15.299999999999999,16.099999999999998,26.599999999999998,21.349999999999998
2010-06-21,Spain,Honduras,FWC,Johannesburg,South Africa,True,2010,6,21,1,1565.0,734.0,Madrid,Tegucigalpa,"Madrid, Spain","Tegucigalpa, Honduras","Johannesburg, South Africa",40.416782,-3.703507,14.1058135,-87.2047053,-26.205,28.049722,8102.6807628820725,13188.985703262917,7.6,7.164,19,13,9,4,0,1,1,0,0.6786,0.7647,0.0,1.0,6.864,7.118,6,8,19,15,0,0,1,1,0.24,0.3478,0.0,0.0,1,66,24.8,7.5,0.0,11.3,27.2,19.8,2.3,11.6,15.9,-0.5,0.0,11.2,8.9,8.0,8.45,11.299999999999999,20.3,15.8
2010-06-21,Portugal,North Korea,FWC,Cape Town,South Africa,True,2010,6,21,1,1249.0,285.0,Lisbon,Pyongyang,"Lisbon, Portugal","Pyongyang, North Korea","Cape Town, South Africa",38.7077507,-9.1365919,39.0167979,125.7473609,-33.9288301,18.4172197,8561.738355723573,13667.739349752754,7.036,6.745,7,15,8,11,0,2,0,3,0.4667,0.5769,0.5,0.4,6.918,6.736,11,16,25,32,1,3,2,5,0.3056,0.3333,0.3333,0.375,7,120,26.4,16.2,0.0,23.7,27.3,16.4,0.0,12.8,14.4,8.9,4.3,15.9,11.999999999999998,7.299999999999999,9.649999999999999,12.9,7.499999999999998,10.2
2010-06-21,Chile,Switzerland,FWC,Port Elizabeth,South Africa,True,2010,6,21,1,888.0,866.0,Santiago,Bern,"Santiago, Chile","Bern, Switzerland","Port Elizabeth, South Africa",-33.4376995,-70.6510671,46.9484742,7.4521749,-33.9618598,25.6186731,8514.303289146546,9178.52146316278,7.318,6.664,19,11,6,14,1,1,0,4,0.76,0.44,1.0,0.2,7.118,7.373,9,14,19,8,1,2,0,0,0.3214,0.6364,1.0,1.0,49,14,11.6,5.0,0.0,6.7,13.1,7.4,5.3,14.1,21.3,12.7,0.0,22.5,9.700000000000001,7.699999999999999,8.7,8.200000000000001,5.299999999999999,6.75
2010-06-22,Nigeria,South Korea,FWC,Durban,South Africa,True,2010,6,22,0,883.0,632.0,Abuja,Seoul,"Abuja, Nigeria","Seoul, South Korea","Durban, South Africa",9.0643305,7.4892974,37.5666791,126.9782914,-29.861825,31.009909,5006.500496195388,12456.837230532283,6.8,6.791,8,10,24,20,1,0,2,1,0.25,0.3333,0.3333,0.0,6.555,7.218,13,17,17,5,1,2,4,0,0.4333,0.7727,0.2,1.0,26,32,30.0,22.8,0.2,5.8,24.9,15.9,0.0,16.1,21.5,12.2,0.0,19.9,8.5,10.600000000000001,9.55,3.3999999999999986,3.700000000000001,3.55
2010-06-22,Mexico,Uruguay,FWC,Rustenburg,South Africa,True,2010,6,22,2,895.0,899.0,Mexico City,Montevideo,"Mexico City, Mexico","Montevideo, Uruguay","Rustenburg, South Africa",19.3207722,-99.1514678,-34.9058916,-56.1913095,-25.665655,27.241448,14498.501896805483,7848.86229622032,7.173,7.055,9,13,13,11,2,1,0,1,0.4091,0.5417,1.0,0.5,7.518,7.109,20,7,11,16,3,0,0,0,0.6452,0.3043,1.0,0.5,10,20,22.8,12.9,1.9,7.2,13.6,5.7,0.0,24.2,18.8,1.0,0.0,11.1,4.0,11.9,7.95,5.200000000000001,4.7,4.950000000000001
2010-06-22,Greece,Argentina,FWC,Polokwane,South Africa,True,2010,6,22,2,964.0,1076.0,Athens,Buenos Aires,"Athens, Greece","Buenos Aires, Argentina","Polokwane, South Africa",37.9755648,23.7348324,-34.6095579,-58.3887904,-23.9058333,29.4613889,6906.848575982558,8342.439687071257,7.136,6.773,24,5,8,17,2,0,1,2,0.75,0.2273,0.6667,0.0,7.227,7.518,17,20,13,10,4,1,1,0,0.5667,0.6667,0.8,1.0,46,2,27.3,19.6,0.0,21.5,14.6,6.9,0.0,24.5,18.1,3.4,0.0,8.2,9.2,16.200000000000003,12.700000000000001,3.5000000000000018,3.5000000000000004,3.500000000000001
2010-06-22,South Africa,France,FWC,Bloemfontein,South Africa,False,2010,6,22,1,392.0,1044.0,Pretoria,Paris,"Pretoria, South Africa","Paris, France","Bloemfontein, South Africa",-25.7459277,28.1879101,48.8534951,2.3483915,-29.116395,26.215496,422.294080487176,8988.49992321625,6.6,6.818,11,11,20,13,0,1,3,1,0.3548,0.4583,0.0,0.5,6.764,7.164,13,16,9,7,0,0,2,0,0.5909,0.6957,0.0,0.5,54,3,18.5,1.8,0.0,12.2,22.0,8.1,0.0,14.7,16.3,-0.6,0.0,14.3,2.1999999999999993,2.4,2.3,5.699999999999999,8.7,7.199999999999999
2010-06-23,Ghana,Germany,FWC,Johannesburg,South Africa,True,2010,6,23,2,800.0,1082.0,Accra,Berlin,"Accra, Ghana","Berlin, Germany","Johannesburg, South Africa",5.5571096,-0.2012376,52.5173885,13.3951309,-26.205,28.049722,4663.287912943528,8868.714772310188,7.055,7.036,21,15,7,14,1,1,1,0,0.75,0.5172,0.5,1.0,6.645,7.655,13,14,8,9,0,4,1,0,0.619,0.6087,0.0,1.0,65,12,28.1,24.9,5.1,15.5,20.1,11.5,0.0,11.1,15.1,-0.7,0.0,12.2,13.000000000000002,25.599999999999998,19.3,5.000000000000002,12.2,8.600000000000001
2010-06-23,Australia,Serbia,FWC,Nelspruit,South Africa,True,2010,6,23,1,886.0,947.0,Canberra,Belgrade,"Canberra, Australia","Belgrade, Serbia","Nelspruit, South Africa",-35.2975906,149.1012676,44.8153318,20.4456588,-25.4729094,30.9772719,10638.098874887526,7888.559517137498,6.591,6.473,7,9,21,14,1,0,1,4,0.25,0.3913,0.5,0.0,7.182,6.882,8,14,13,15,1,0,0,1,0.381,0.4828,1.0,0.0,28,40,11.3,4.4,0.0,13.2,20.5,14.5,10.4,27.2,20.3,3.2,0.0,8.1,9.0,1.2000000000000002,5.1,0.1999999999999993,11.3,5.75
2010-06-23,Slovenia,England,FWC,Port Elizabeth,South Africa,True,2010,6,23,2,860.0,1068.0,Ljubljana,London,"Ljubljana, Slovenia","London, England","Port Elizabeth, South Africa",46.0500268,14.5069289,51.5074456,-0.1277653,-33.9618598,25.6186731,8966.659630025197,9830.76354189431,6.864,6.973,6,6,12,8,2,1,2,0,0.3333,0.4286,0.5,1.0,7.291,6.927,13,15,10,11,0,1,0,1,0.5652,0.5769,0.5,0.5,56,4,22.8,12.4,0.0,15.8,25.1,11.7,0.0,11.5,18.9,11.1,0.0,14.0,3.900000000000002,1.3000000000000007,2.6000000000000014,6.200000000000003,0.5999999999999996,3.4000000000000012
2010-06-24,Slovakia,Italy,FWC,Johannesburg,South Africa,True,2010,6,24,1,777.0,1184.0,Bratislava,Rome,"Bratislava, Slovakia","Rome, Italy","Johannesburg, South Africa",48.1516988,17.1093063,41.8933203,12.4829321,-26.205,28.049722,8339.953983386851,7739.5481320224135,6.582,6.945,5,14,11,10,0,1,2,1,0.3125,0.5833,0.0,0.5,7.0,7.118,19,11,3,6,1,1,1,1,0.8636,0.6471,0.5,0.5,45,15,21.0,12.0,0.0,20.8,26.4,14.9,0.0,14.6,16.1,2.7,0.0,9.4,4.899999999999999,9.3,7.1,10.299999999999997,12.2,11.249999999999998
2010-06-24,Denmark,Japan,FWC,Rustenburg,South Africa,True,2010,6,24,2,767.0,682.0,Copenhagen,Tokyo,"Copenhagen, Denmark","Tokyo, Japan","Rustenburg, South Africa",55.6867243,12.5700724,35.6768601,139.7638947,-25.665655,27.241448,9152.602389705846,13589.374427597182,7.182,6.745,13,11,17,16,2,0,1,2,0.4333,0.4074,0.6667,0.0,6.818,7.036,10,3,7,9,0,1,1,0,0.5882,0.25,0.0,1.0,21,17,21.5,12.3,0.0,11.2,27.2,20.3,0.0,15.0,19.0,2.3,0.0,9.8,2.5,10.0,6.25,8.2,18.0,13.1
2010-06-24,Cameroon,Netherlands,FWC,Cape Town,South Africa,True,2010,6,24,2,887.0,1231.0,Yaoundé,Amsterdam,"Yaoundé, Cameroon","Amsterdam, Netherlands","Cape Town, South Africa",3.8689867,11.5213344,52.3730796,4.8924534,-33.9288301,18.4172197,4264.792330001158,9685.98076214813,7.182,6.682,17,9,13,3,1,0,2,1,0.5667,0.75,0.3333,0.0,7.245,7.2,7,16,10,11,1,2,0,0,0.4118,0.5926,1.0,1.0,43,9,28.0,21.4,2.6,11.1,22.5,11.5,0.0,16.6,17.2,9.8,0.0,14.1,10.8,11.599999999999998,11.2,5.300000000000001,1.6999999999999993,3.5
2010-06-24,Paraguay,New Zealand,FWC,Polokwane,South Africa,True,2010,6,24,0,820.0,410.0,Asunción,Wellington,"Asunción, Paraguay","Wellington, New Zealand","Polokwane, South Africa",-25.2800459,-57.6343814,-41.2887953,174.7772114,-23.9058333,29.4613889,8627.412599965532,11931.850345983372,7.327,6.8,11,6,5,11,2,1,0,1,0.6875,0.3529,1.0,0.5,6.755,7.082,3,10,19,14,1,1,1,1,0.1364,0.4167,0.5,0.5,34,86,28.3,21.1,0.0,31.0,12.2,10.4,1.1,27.3,17.5,7.1,0.0,9.3,10.8,14.000000000000002,12.400000000000002,5.300000000000001,3.3000000000000007,4.300000000000001
2010-06-25,Portugal,Brazil,FWC,Durban,South Africa,True,2010,6,25,0,1249.0,1611.0,Lisbon,Brasília,"Lisbon, Portugal","Brasília, Brazil","Durban, South Africa",38.7077507,-9.1365919,-15.7939869,-47.8828,-29.861825,31.009909,8686.105707386014,8091.160979411682,7.845,7.036,26,7,13,8,7,0,0,0,0.6667,0.4667,1.0,0.5,7.3,7.627,11,25,7,11,3,2,1,1,0.6111,0.6944,0.75,0.6667,7,5,24.2,16.3,0.0,19.2,24.8,14.4,0.0,16.3,25.4,13.2,0.0,11.5,1.1999999999999993,3.1000000000000014,2.1500000000000004,0.5999999999999979,1.200000000000001,0.8999999999999995
2010-06-25,Switzerland,Honduras,FWC,Bloemfontein,South Africa,True,2010,6,25,0,866.0,734.0,Bern,Tegucigalpa,"Bern, Switzerland","Tegucigalpa, Honduras","Bloemfontein, South Africa",46.9484742,7.4521749,14.1058135,-87.2047053,-29.116395,26.215496,8665.2795017377,13019.611367630694,6.6,7.118,4,9,12,19,0,1,1,0,0.25,0.3214,0.0,1.0,6.673,6.864,5,6,20,19,0,0,2,1,0.2,0.24,0.0,0.0,14,66,21.8,8.8,0.0,6.4,28.3,21.2,33.1,11.3,18.5,-2.1,0.0,8.2,3.3000000000000007,10.9,7.1000000000000005,9.8,23.3,16.55
2010-06-25,North Korea,Ivory Coast,FWC,Nelspruit,South Africa,True,2010,6,25,2,285.0,856.0,Pyongyang,Yamoussoukro,"Pyongyang, North Korea","Yamoussoukro, Ivory Coast","Nelspruit, South Africa",39.0167979,125.7473609,6.8200066,-5.2776034,-25.4729094,30.9772719,12143.980759890253,5314.61000115265,6.136,6.918,13,11,26,25,0,1,7,2,0.3333,0.3056,0.0,0.3333,6.436,7.064,7,8,11,7,1,0,3,0,0.3889,0.5333,0.25,0.5,120,31,30.6,17.2,0.0,10.1,30.6,23.4,6.1,15.3,21.9,3.7,0.0,9.6,8.700000000000003,13.5,11.100000000000001,8.700000000000003,19.7,14.200000000000001
2010-06-25,Chile,Spain,FWC,Pretoria,South Africa,True,2010,6,25,2,888.0,1565.0,Santiago,Madrid,"Santiago, Chile","Madrid, Spain","Pretoria, South Africa",-33.4376995,-70.6510671,40.416782,-3.703507,-25.7459277,28.1879101,9216.395201708861,8062.175334403542,7.091,7.318,12,19,4,6,1,1,0,0,0.75,0.76,1.0,1.0,7.627,7.6,20,19,5,9,2,0,0,1,0.8,0.6786,1.0,0.0,49,1,16.1,-1.3,0.0,7.2,30.6,19.2,2.9,12.1,22.0,2.4,0.0,14.2,5.899999999999999,3.7,4.799999999999999,8.600000000000001,16.8,12.700000000000001
2010-06-26,Uruguay,South Korea,FWC,Port Elizabeth,South Africa,True,2010,6,26,1,899.0,632.0,Montevideo,Seoul,"Montevideo, Uruguay","Seoul, South Korea","Port Elizabeth, South Africa",-34.9058916,-56.1913095,37.5666791,126.9782914,-33.9618598,25.6186731,7270.127779735595,13125.4327692174,7.064,7.518,13,20,9,11,1,3,0,0,0.5909,0.6452,1.0,1.0,6.973,6.555,15,13,7,17,2,1,2,4,0.6818,0.4333,0.5,0.2,20,32,14.0,9.6,10.3,24.3,27.0,20.8,11.9,16.3,18.2,13.5,1.4,17.7,4.199999999999999,3.9000000000000004,4.05,8.8,7.300000000000001,8.05
2010-06-27,Germany,England,FWC,Bloemfontein,South Africa,True,2010,6,27,1,1082.0,1068.0,Berlin,London,"Berlin, Germany","London, England","Bloemfontein, South Africa",52.5173885,13.3951309,51.5074456,-0.1277653,-29.116395,26.215496,9162.524841793233,9328.083544504869,7.527,6.645,13,13,17,8,1,0,0,1,0.4333,0.619,1.0,0.0,7.373,7.291,14,13,12,10,1,0,0,0,0.5385,0.5652,1.0,0.5,12,4,23.9,11.1,0.0,10.8,27.4,13.4,0.0,9.9,20.8,0.4,0.0,24.6,3.099999999999998,10.7,6.899999999999999,6.599999999999998,13.0,9.799999999999999
2010-06-27,Argentina,Mexico,FWC,Johannesburg,South Africa,True,2010,6,27,1,1076.0,895.0,Buenos Aires,Mexico City,"Buenos Aires, Argentina","Mexico City, Mexico","Johannesburg, South Africa",-34.6095579,-58.3887904,19.3207722,-99.1514678,-26.205,28.049722,8088.483093383704,14583.130441375559,7.327,7.227,18,17,5,13,2,4,0,1,0.7826,0.5667,1.0,0.8,6.927,7.173,9,9,13,13,0,2,1,0,0.4091,0.4091,0.0,1.0,2,10,12.3,7.8,5.0,29.9,24.2,12.7,0.0,10.0,18.8,1.5,0.0,21.3,6.5,6.3,6.4,5.399999999999999,11.2,8.299999999999999
2010-06-28,Brazil,Chile,FWC,Johannesburg,South Africa,True,2010,6,28,1,1611.0,888.0,Brasília,Santiago,"Brasília, Brazil","Santiago, Chile","Johannesburg, South Africa",-15.7939869,-47.8828,-33.4376995,-70.6510671,-26.205,28.049722,7864.690459456322,9176.549098374302,7.045,7.3,17,11,14,7,0,3,0,1,0.5484,0.6111,0.5,0.75,6.5,7.091,6,12,8,4,1,1,2,0,0.4286,0.75,0.3333,1.0,5,49,24.3,12.9,0.0,15.3,16.1,-0.6,0.0,7.3,14.5,5.2,0.0,19.2,9.8,7.7,8.75,1.6000000000000014,5.8,3.7000000000000006
2010-06-28,Netherlands,Slovakia,FWC,Durban,South Africa,True,2010,6,28,1,1231.0,777.0,Amsterdam,Bratislava,"Amsterdam, Netherlands","Bratislava, Slovakia","Durban, South Africa",52.3730796,4.8924534,48.1516988,17.1093063,-29.861825,31.009909,9490.601292337353,8784.86996021531,7.155,7.245,12,7,14,10,2,1,1,0,0.4615,0.4118,0.6667,1.0,7.027,6.582,12,5,14,11,3,0,2,2,0.4615,0.3125,0.6,0.0,9,45,25.5,15.8,0.0,16.0,25.7,13.6,0.0,13.9,21.4,16.3,0.0,29.6,4.100000000000001,0.5,2.3000000000000007,4.300000000000001,2.700000000000001,3.500000000000001
2010-06-29,Paraguay,Japan,FWC,Pretoria,South Africa,True,2010,6,29,0,820.0,682.0,Asunción,Tokyo,"Asunción, Paraguay","Tokyo, Japan","Pretoria, South Africa",-25.2800459,-57.6343814,35.6768601,139.7638947,-25.7459277,28.1879101,8431.689151658278,13509.453745758761,7.136,7.327,15,11,4,5,0,2,0,0,0.7895,0.6875,0.5,1.0,7.173,6.818,14,10,14,7,3,0,1,1,0.5,0.5882,0.75,0.0,34,17,23.7,14.5,0.0,12.3,28.6,23.1,2.6,17.9,16.2,8.0,0.4,12.8,7.5,6.5,7.0,12.400000000000002,15.100000000000001,13.750000000000002
2010-06-29,Spain,Portugal,FWC,Cape Town,South Africa,True,2010,6,29,1,1565.0,1249.0,Madrid,Lisbon,"Madrid, Spain","Lisbon, Portugal","Cape Town, South Africa",40.416782,-3.703507,38.7077507,-9.1365919,-33.9288301,18.4172197,8572.573951728,8561.738355723573,7.0,7.627,8,20,6,5,2,2,1,0,0.5714,0.8,0.6667,1.0,7.145,7.845,14,26,17,13,0,7,0,0,0.4516,0.6667,0.5,1.0,1,7,31.3,18.7,0.0,13.2,29.4,18.8,0.0,24.2,14.9,11.6,11.1,36.9,16.4,7.1,11.75,14.499999999999998,7.200000000000001,10.85
2010-07-02,Uruguay,Ghana,FWC,Johannesburg,South Africa,True,2010,7,2,0,899.0,800.0,Montevideo,Accra,"Montevideo, Uruguay","Accra, Ghana","Johannesburg, South Africa",-34.9058916,-56.1913095,5.5571096,-0.2012376,-26.205,28.049722,7888.417395314157,4663.287912943528,7.127,7.064,13,13,14,9,2,1,1,0,0.4815,0.5909,0.6667,1.0,7.273,6.955,16,17,15,13,2,0,1,1,0.5161,0.5667,0.6667,0.0,20,65,16.5,12.4,0.0,16.2,26.3,23.1,8.7,9.1,12.4,5.6,0.6,11.6,4.1,6.800000000000001,5.45,13.9,17.5,15.7
2010-07-02,Netherlands,Brazil,FWC,Port Elizabeth,South Africa,True,2010,7,2,1,1231.0,1611.0,Amsterdam,Brasília,"Amsterdam, Netherlands","Brasília, Brazil","Port Elizabeth, South Africa",52.3730796,4.8924534,-15.7939869,-47.8828,-33.9618598,25.6186731,9809.037673608158,7533.0855939626335,7.209,7.155,14,12,13,14,2,2,1,1,0.5185,0.4615,0.6667,0.6667,7.6,7.045,16,17,11,14,3,0,0,0,0.5926,0.5484,1.0,0.5,9,5,28.3,18.8,0.0,18.1,25.4,13.3,0.0,16.2,26.1,12.5,0.0,18.7,2.1999999999999993,6.300000000000001,4.25,0.7000000000000028,0.8000000000000007,0.7500000000000018
2010-07-03,Argentina,Germany,FWC,Cape Town,South Africa,True,2010,7,3,2,1076.0,1082.0,Buenos Aires,Berlin,"Buenos Aires, Argentina","Berlin, Germany","Cape Town, South Africa",-34.6095579,-58.3887904,52.5173885,13.3951309,-33.9288301,18.4172197,6869.338073239675,9624.753108353743,7.227,7.327,13,18,15,5,3,2,1,0,0.4643,0.7826,0.75,1.0,7.336,7.527,16,13,17,17,4,1,1,0,0.4848,0.4333,0.8,1.0,2,12,20.5,14.9,0.0,20.1,31.4,18.4,0.0,12.4,15.1,10.9,0.0,15.6,5.4,4.0,4.7,16.299999999999997,7.499999999999998,11.899999999999999
2010-07-03,Paraguay,Spain,FWC,Johannesburg,South Africa,True,2010,7,3,2,820.0,1565.0,Asunción,Madrid,"Asunción, Paraguay","Madrid, Spain","Johannesburg, South Africa",-25.2800459,-57.6343814,40.416782,-3.703507,-26.205,28.049722,8400.154058688477,8102.6807628820725,7.382,7.136,11,15,11,4,5,0,3,0,0.5,0.7895,0.625,0.5,7.518,7.0,16,8,9,6,1,2,0,1,0.64,0.5714,1.0,0.6667,34,1,27.9,18.8,0.0,19.9,29.3,19.8,0.0,12.5,15.9,3.6,0.0,7.5,11.999999999999998,15.200000000000001,13.6,13.4,16.2,14.8
2010-07-06,Uruguay,Netherlands,FWC,Cape Town,South Africa,True,2010,7,6,2,899.0,1231.0,Montevideo,Amsterdam,"Montevideo, Uruguay","Amsterdam, Netherlands","Cape Town, South Africa",-34.9058916,-56.1913095,52.3730796,4.8924534,-33.9288301,18.4172197,6671.699857898742,9685.98076214813,7.2,7.127,15,13,23,14,5,2,3,1,0.3947,0.4815,0.625,0.6667,7.109,7.209,11,14,16,13,2,2,1,1,0.4074,0.5185,0.6667,0.6667,20,9,15.8,13.0,5.8,31.4,18.1,14.0,0.4,18.6,13.6,10.3,1.3,26.4,2.200000000000001,2.6999999999999993,2.45,4.500000000000002,3.6999999999999993,4.1000000000000005
2010-07-07,Germany,Spain,FWC,Durban,South Africa,True,2010,7,7,2,1082.0,1565.0,Berlin,Madrid,"Berlin, Germany","Madrid, Spain","Durban, South Africa",52.5173885,13.3951309,40.416782,-3.703507,-29.861825,31.009909,9318.94916799401,8594.840256092151,7.918,7.336,17,16,19,17,4,4,0,1,0.4722,0.4848,1.0,0.8,7.309,7.518,14,16,5,9,1,1,0,0,0.7368,0.64,1.0,1.0,12,1,22.8,14.1,0.0,12.3,37.6,21.5,0.1,10.3,19.7,16.4,0.1,34.8,3.1000000000000014,2.299999999999999,2.7,17.900000000000002,5.100000000000001,11.500000000000002
2010-07-10,Uruguay,Germany,FWC,Port Elizabeth,South Africa,True,2010,7,10,2,899.0,1082.0,Montevideo,Berlin,"Montevideo, Uruguay","Berlin, Germany","Port Elizabeth, South Africa",-34.9058916,-56.1913095,52.5173885,13.3951309,-33.9618598,25.6186731,7270.127779735595,9689.066621912383,6.882,7.2,14,15,10,23,2,5,3,3,0.5833,0.3947,0.4,0.625,6.982,7.918,5,17,15,19,0,4,1,0,0.25,0.4722,0.0,1.0,20,12,12.9,5.8,0.0,22.0,35.3,20.0,0.0,11.3,18.3,13.5,0.9,22.0,5.4,7.7,6.550000000000001,16.999999999999996,6.5,11.749999999999998
2010-07-11,Netherlands,Spain,FWC,Johannesburg,South Africa,True,2010,7,11,2,1231.0,1565.0,Amsterdam,Madrid,"Amsterdam, Netherlands","Madrid, Spain","Johannesburg, South Africa",52.3730796,4.8924534,40.416782,-3.703507,-26.205,28.049722,9023.146609455807,8102.6807628820725,6.964,7.109,10,11,14,16,3,2,2,1,0.4167,0.4074,0.6,0.6667,7.427,7.309,15,14,5,5,1,1,0,0,0.75,0.7368,1.0,1.0,9,1,27.2,19.3,7.0,15.3,36.4,20.9,0.0,13.1,16.8,4.0,0.0,24.5,10.399999999999999,15.3,12.85,19.599999999999998,16.9,18.25
2011-01-08,Kuwait,China,AFC,Doha,Qatar,True,2011,1,8,2,317.0,389.0,Kuwait City,Beijing,"Kuwait City, Kuwait","Beijing, China","Doha, Qatar",29.3796532,47.9734174,39.9057136,116.3912972,25.3108807,51.5081812,571.383304196365,6154.173588888201,6.964,6.473,13,10,21,13,0,1,1,4,0.3824,0.4348,0.0,0.2,6.636,6.482,6,5,16,13,0,0,3,4,0.2727,0.2778,0.0,0.0,133,91,19.7,12.4,0.0,14.6,0.8,-7.4,0.0,22.1,24.1,15.9,0.0,13.7,4.400000000000002,3.5,3.950000000000001,23.3,23.3,23.3
2011-01-11,Iraq,Iran,AFC,Al Rayyan,Qatar,True,2011,1,11,2,325.0,496.0,Baghdad,Tehran,"Baghdad, Iraq","Tehran, Iran","Al Rayyan, Qatar",33.3061701,44.3872213,35.6892523,51.3896004,25.0819602,51.158416,1125.5010592509898,1179.6842993164294,6.718,6.709,6,13,14,16,0,1,1,2,0.3,0.4483,0.0,0.3333,7.264,6.864,17,6,12,20,1,0,1,2,0.5862,0.2308,0.5,0.0,63,22,13.9,4.4,0.0,13.6,1.8,-11.2,2.1,10.9,19.5,12.5,0.0,25.1,5.6,8.1,6.85,17.7,23.7,20.7
2011-01-11,North Korea,United Arab Emirates,AFC,Doha,Qatar,True,2011,1,11,0,292.0,301.0,Pyongyang,Abu Dhabi,"Pyongyang, North Korea","Abu Dhabi, United Arab Emirates","Doha, Qatar",39.0167979,125.7473609,24.4538352,54.3774014,25.3108807,51.5081812,6962.731885364019,304.70366519537674,6.536,6.136,8,13,24,26,0,0,3,7,0.25,0.3333,0.0,0.0,6.582,6.264,14,5,20,27,1,1,4,5,0.4118,0.1562,0.2,0.1667,120,68,0.0,-9.5,0.6,21.8,21.6,18.4,0.3,22.3,20.3,14.6,0.0,25.6,20.3,24.1,22.200000000000003,1.3000000000000007,3.799999999999999,2.55
2011-01-14,Australia,South Korea,AFC,Doha,Qatar,True,2011,1,14,0,796.0,649.0,Canberra,Seoul,"Canberra, Australia","Seoul, South Korea","Doha, Qatar",-35.2975906,149.1012676,37.5666791,126.9782914,25.3108807,51.5081812,12248.457037835828,7101.87237749599,7.1,6.591,18,7,15,21,2,1,1,1,0.5455,0.25,0.6667,0.5,6.855,6.973,14,15,13,7,1,2,2,2,0.5185,0.6818,0.3333,0.5,28,32,26.2,16.7,5.9,18.0,1.8,-7.7,0.1,16.9,19.5,11.2,0.0,15.6,6.699999999999999,5.5,6.1,17.7,18.9,18.299999999999997
2011-01-15,United Arab Emirates,Iraq,AFC,Al Rayyan,Qatar,True,2011,1,15,2,304.0,334.0,Abu Dhabi,Baghdad,"Abu Dhabi, United Arab Emirates","Baghdad, Iraq","Al Rayyan, Qatar",24.4538352,54.3774014,33.3061701,44.3872213,25.0819602,51.158416,332.4193678718891,1125.5010592509898,6.582,6.264,14,5,20,27,1,1,4,5,0.4118,0.1562,0.2,0.1667,6.718,6.709,6,13,14,16,0,1,1,2,0.3,0.4483,0.0,0.3333,68,63,25.7,14.4,0.0,24.2,11.6,7.4,14.5,22.4,23.2,11.9,0.0,21.9,2.5,2.5,2.5,11.6,4.5,8.05
2011-01-15,Iran,North Korea,AFC,Doha,Qatar,True,2011,1,15,1,491.0,284.0,Tehran,Pyongyang,"Tehran, Iran","Pyongyang, North Korea","Doha, Qatar",35.6892523,51.3896004,39.0167979,125.7473609,25.3108807,51.5081812,1154.0778783603248,6962.731885364019,7.264,6.864,17,6,12,20,1,0,1,2,0.5862,0.2308,0.5,0.0,6.536,6.136,8,13,24,26,0,0,3,7,0.25,0.3333,0.0,0.0,22,120,1.2,-4.2,5.3,7.1,-10.6,-18.3,0.0,31.1,22.6,14.7,0.0,22.5,21.400000000000002,18.9,20.15,33.2,33.0,33.1
2011-01-17,Saudi Arabia,Japan,AFC,Al Rayyan,Qatar,True,2011,1,17,2,423.0,776.0,Riyadh,Tokyo,"Riyadh, Saudi Arabia","Tokyo, Japan","Al Rayyan, Qatar",24.638916,46.7160104,35.6768601,139.7638947,25.0819602,51.158416,450.87650334859546,8297.90905149324,7.055,6.545,6,7,21,28,0,0,1,4,0.2222,0.2,0.0,0.0,7.136,7.173,11,14,11,14,3,3,5,1,0.5,0.5,0.375,0.75,58,17,15.6,9.7,1.8,14.7,8.9,-2.2,0.0,23.6,19.5,14.9,0.5,29.6,3.9000000000000004,5.200000000000001,4.550000000000001,10.6,17.1,13.850000000000001
2011-01-19,Iraq,North Korea,AFC,Al Rayyan,Qatar,True,2011,1,19,1,334.0,284.0,Baghdad,Pyongyang,"Baghdad, Iraq","Pyongyang, North Korea","Al Rayyan, Qatar",33.3061701,44.3872213,39.0167979,125.7473609,25.0819602,51.158416,1125.5010592509898,7006.098442160865,6.718,6.709,6,13,14,16,0,1,1,2,0.3,0.4483,0.0,0.3333,6.536,6.136,8,13,24,26,0,0,3,7,0.25,0.3333,0.0,0.0,63,120,14.6,5.2,0.0,14.5,-3.8,-14.2,0.0,14.3,17.0,14.7,4.4,22.1,2.4000000000000004,9.5,5.95,20.8,28.9,24.85
2011-01-19,United Arab Emirates,Iran,AFC,Doha,Qatar,True,2011,1,19,2,304.0,491.0,Abu Dhabi,Tehran,"Abu Dhabi, United Arab Emirates","Tehran, Iran","Doha, Qatar",24.4538352,54.3774014,35.6892523,51.3896004,25.3108807,51.5081812,304.70366519537674,1154.0778783603248,6.582,6.264,14,5,20,27,1,1,4,5,0.4118,0.1562,0.2,0.1667,7.264,6.864,17,6,12,20,1,0,1,2,0.5862,0.2308,0.5,0.0,68,22,24.2,18.0,1.0,24.9,1.5,-10.0,0.0,9.0,18.6,16.4,4.6,24.3,5.599999999999998,1.6000000000000014,3.5999999999999996,17.1,26.4,21.75
2011-01-22,Australia,Iraq,AFC,Doha,Qatar,True,2011,1,22,1,796.0,334.0,Canberra,Baghdad,"Canberra, Australia","Baghdad, Iraq","Doha, Qatar",-35.2975906,149.1012676,33.3061701,44.3872213,25.3108807,51.5081812,12248.457037835828,1124.9287415741323,7.1,6.591,18,7,15,21,2,1,1,1,0.5455,0.25,0.6667,0.5,6.718,6.709,6,13,14,16,0,1,1,2,0.3,0.4483,0.0,0.3333,28,63,27.2,15.6,9.7,15.0,16.2,3.9,0.0,12.0,19.2,13.6,0.0,21.0,8.0,2.0,5.0,3.0,9.7,6.35
2011-01-22,Iran,South Korea,AFC,Doha,Qatar,True,2011,1,22,2,491.0,649.0,Tehran,Seoul,"Tehran, Iran","Seoul, South Korea","Doha, Qatar",35.6892523,51.3896004,37.5666791,126.9782914,25.3108807,51.5081812,1154.0778783603248,7101.87237749599,7.264,6.864,17,6,12,20,1,0,1,2,0.5862,0.2308,0.5,0.0,6.855,6.973,14,15,13,7,1,2,2,2,0.5185,0.6818,0.3333,0.5,22,32,2.8,-8.3,0.0,8.7,-0.0,-10.0,0.0,15.0,19.2,13.6,0.0,21.0,16.4,21.9,19.15,19.2,23.6,21.4
2011-01-25,Japan,South Korea,AFC,Doha,Qatar,True,2011,1,25,0,776.0,649.0,Tokyo,Seoul,"Tokyo, Japan","Seoul, South Korea","Doha, Qatar",35.6768601,139.7638947,37.5666791,126.9782914,25.3108807,51.5081812,8254.549792512684,7101.87237749599,7.136,7.173,11,14,11,14,3,3,5,1,0.5,0.5,0.375,0.75,6.855,6.973,14,15,13,7,1,2,2,2,0.5185,0.6818,0.3333,0.5,17,32,7.4,-1.2,0.3,17.7,-5.3,-13.8,0.0,13.3,20.7,12.6,0.0,13.9,13.299999999999999,13.799999999999999,13.549999999999999,26.0,26.4,26.2
2011-01-29,Australia,Japan,AFC,Doha,Qatar,True,2011,1,29,2,796.0,776.0,Canberra,Tokyo,"Canberra, Australia","Tokyo, Japan","Doha, Qatar",-35.2975906,149.1012676,35.6768601,139.7638947,25.3108807,51.5081812,12248.457037835828,8254.549792512684,7.1,6.591,18,7,15,21,2,1,1,1,0.5455,0.25,0.6667,0.5,7.136,7.173,11,14,11,14,3,3,5,1,0.5,0.5,0.375,0.75,28,17,26.6,13.2,0.0,12.6,6.7,-1.2,0.0,16.4,21.0,13.5,0.0,18.3,5.600000000000001,0.3000000000000007,2.950000000000001,14.3,14.7,14.5
2011-07-02,Colombia,Costa Rica,COPA,San Salvador de Jujuy,Argentina,True,2011,7,2,1,564.0,561.0,Bogotá,San José,"Bogotá, Colombia","San José, Costa Rica","San Salvador de Jujuy, Argentina",4.6533817,-74.0836331,9.9327707,-84.0796144,-24.1852569,-65.2994789,3344.862471349898,4307.160963037289,7.064,7.609,11,15,22,19,0,1,2,0,0.3333,0.4412,0.0,1.0,7.064,6.818,11,11,15,15,1,0,2,3,0.4231,0.4231,0.3333,0.0,11,51,18.3,9.6,0.2,13.0,24.5,16.9,15.4,5.5,7.9,2.2,0.0,8.0,10.4,7.3999999999999995,8.9,16.6,14.7,15.65
2011-07-03,Paraguay,Ecuador,COPA,Santa Fe,Argentina,True,2011,7,3,0,743.0,473.0,Asunción,Quito,"Asunción, Paraguay","Quito, Ecuador","Santa Fe, Argentina",-25.2800459,-57.6343814,-0.2201641,-78.5123274,-30.3154739,-61.1645076,658.7292669195874,3815.9440594671823,6.773,7.382,5,11,14,11,0,5,1,3,0.2632,0.5,0.0,0.625,6.782,6.618,11,10,10,18,0,0,1,3,0.5238,0.3571,0.0,0.0,34,25,13.0,7.9,0.0,21.3,17.6,9.3,2.4,7.1,11.7,0.0,0.0,12.0,1.3000000000000007,7.9,4.6000000000000005,5.900000000000002,9.3,7.600000000000001
2011-07-09,Brazil,Paraguay,COPA,Córdoba,Argentina,True,2011,7,9,0,1131.0,743.0,Brasília,Asunción,"Brasília, Brazil","Asunción, Paraguay","Córdoba, Argentina",-15.7939869,-47.8828,-25.2800459,-57.6343814,-31.4166867,-64.1834193,2397.135535189454,935.693247095543,6.909,7.6,16,16,11,11,1,3,2,0,0.5926,0.5926,0.3333,1.0,6.773,7.382,5,11,14,11,0,5,1,3,0.2632,0.5,0.0,0.625,5,34,26.9,14.0,0.0,14.0,24.4,11.8,0.0,21.5,20.7,7.5,0.0,10.9,6.199999999999999,6.5,6.35,3.6999999999999993,4.300000000000001,4.0
2011-07-10,Colombia,Bolivia,COPA,Santa Fe,Argentina,True,2011,7,10,1,564.0,356.0,Bogotá,Sucre,"Bogotá, Colombia","Sucre, Bolivia","Santa Fe, Argentina",4.6533817,-74.0836331,-19.0477251,-65.2594306,-30.3154739,-61.1645076,4124.277654943478,1319.1140968942198,7.064,7.609,11,15,22,19,0,1,2,0,0.3333,0.4412,0.0,1.0,6.864,7.445,14,21,13,14,1,0,3,0,0.5185,0.6,0.25,0.5,11,77,18.4,12.5,0.9,11.8,18.4,0.3,0.0,12.1,21.4,9.1,0.0,9.2,3.0,3.4000000000000004,3.2,3.0,8.799999999999999,5.8999999999999995
2011-07-16,Colombia,Peru,COPA,Córdoba,Argentina,True,2011,7,16,2,564.0,584.0,Bogotá,Lima,"Bogotá, Colombia","Lima, Peru","Córdoba, Argentina",4.6533817,-74.0836331,-12.0459808,-77.0305912,-31.4166867,-64.1834193,4145.91201547594,2524.7648901655057,7.064,7.609,11,15,22,19,0,1,2,0,0.3333,0.4412,0.0,1.0,6.727,6.964,12,11,29,11,1,1,5,1,0.2927,0.5,0.1667,0.5,11,50,17.8,9.9,0.5,12.1,20.5,15.2,0.0,15.0,17.0,6.3,1.5,12.4,0.8000000000000007,3.6000000000000005,2.2000000000000006,3.5,8.899999999999999,6.199999999999999
2011-07-17,Brazil,Paraguay,COPA,La Plata,Argentina,True,2011,7,17,0,1131.0,743.0,Brasília,Asunción,"Brasília, Brazil","Asunción, Paraguay","La Plata, Argentina",-15.7939869,-47.8828,-25.2800459,-57.6343814,-34.9206797,-57.9537638,2351.7632863707045,1072.4276931348318,6.909,7.6,16,16,11,11,1,3,2,0,0.5926,0.5926,0.3333,1.0,6.773,7.382,5,11,14,11,0,5,1,3,0.2632,0.5,0.0,0.625,5,34,27.2,15.8,0.0,13.4,21.8,19.2,10.8,11.8,13.6,4.5,0.0,23.9,13.6,11.3,12.45,8.200000000000001,14.7,11.45
2011-07-24,Uruguay,Paraguay,COPA,Buenos Aires,Argentina,True,2011,7,24,1,909.0,743.0,Montevideo,Asunción,"Montevideo, Uruguay","Asunción, Paraguay","Buenos Aires, Argentina",-34.9058916,-56.1913095,-25.2800459,-57.6343814,-34.6095579,-58.3887904,203.4313979153889,1039.9266179704846,6.873,6.882,15,14,15,10,2,2,3,3,0.5,0.5833,0.4,0.4,6.773,7.382,5,11,14,11,0,5,1,3,0.2632,0.5,0.0,0.625,20,34,15.1,7.7,0.0,23.5,24.9,15.9,0.0,19.7,15.9,8.1,0.0,26.0,0.8000000000000007,0.39999999999999947,0.6000000000000001,8.999999999999998,7.800000000000001,8.399999999999999
2012-01-23,Morocco,Tunisia,AFCON,Libreville,Gabon,True,2012,1,23,2,523.0,541.0,Rabat,Tunis,"Rabat, Morocco","Tunis, Tunisia","Libreville, Gabon",34.0218454,-6.8408929,36.8002068,10.1857757,0.4086518,9.4418849,4104.519627694301,4047.280910195544,7.627,6.573,14,10,21,8,3,0,0,3,0.4,0.5556,1.0,0.0,6.636,6.845,10,3,8,22,0,1,1,3,0.5556,0.12,0.0,0.25,6,57,15.8,5.3,0.0,11.0,15.1,10.5,2.2,17.1,29.0,23.6,2.0,10.3,13.2,18.3,15.75,13.9,13.100000000000001,13.5
2012-01-30,Ivory Coast,Angola,AFCON,Malabo,Equatorial Guinea,True,2012,1,30,1,889.0,405.0,Yamoussoukro,Luanda,"Yamoussoukro, Ivory Coast","Luanda, Angola","Malabo, Equatorial Guinea",6.8200066,-5.2776034,-8.8272699,13.2439512,3.741877,8.7740663,1592.8258922925577,1482.8728994916355,7.836,6.436,24,7,8,11,3,1,0,3,0.75,0.3889,1.0,0.25,7.091,7.009,12,8,17,13,1,0,1,0,0.4138,0.381,0.5,0.5,31,87,33.8,23.9,0.2,12.6,31.0,22.0,0.0,14.8,28.4,25.7,11.3,17.9,5.399999999999999,1.8000000000000007,3.5999999999999996,2.6000000000000014,3.6999999999999993,3.1500000000000004
2012-02-05,Ghana,Tunisia,AFCON,Franceville,Gabon,True,2012,2,5,1,779.0,541.0,Accra,Tunis,"Accra, Ghana","Tunis, Tunisia","Franceville, Gabon",5.5571096,-0.2012376,36.8002068,10.1857757,-1.6343979,13.5894808,1727.7389514533827,4288.183186362051,7.027,7.273,23,16,15,15,3,2,5,1,0.6053,0.5161,0.375,0.6667,6.636,6.845,10,3,8,22,0,1,1,3,0.5556,0.12,0.0,0.25,65,57,28.8,25.0,2.0,17.0,8.3,3.3,2.6,21.5,32.0,21.5,3.0,12.4,3.1999999999999993,3.5,3.3499999999999996,23.7,18.2,20.95
2012-06-08,Russia,Czech Republic,EURO,Wrocław,Poland,True,2012,6,8,1,975.0,771.0,Moscow,Prague,"Moscow, Russia","Prague, Czech Republic","Wrocław, Poland",55.625578,37.6063916,50.0874654,14.4212535,51.1089776,17.0326689,1447.9066643519109,216.4868420322787,6.764,7.527,7,22,17,21,0,3,3,1,0.2917,0.5116,0.0,0.75,6.845,7.018,15,14,15,17,2,1,3,3,0.5,0.4516,0.4,0.25,35,48,19.1,13.4,11.3,19.4,24.2,16.0,3.9,16.3,25.0,14.3,4.0,16.2,5.899999999999999,0.9000000000000004,3.3999999999999995,0.8000000000000007,1.6999999999999993,1.25
2012-06-08,Poland,Greece,EURO,Warsaw,Poland,False,2012,6,8,0,518.0,953.0,Warsaw,Athens,"Warsaw, Poland","Athens, Greece","Warsaw, Poland",52.2319581,21.0067249,37.9755648,23.7348324,52.2319581,21.0067249,0.0,1599.3331034743287,7.091,7.1,17,16,15,9,0,1,1,1,0.5312,0.64,0.0,0.5,6.745,7.136,5,24,18,8,0,2,2,1,0.2174,0.75,0.0,0.6667,36,46,24.2,12.5,0.8,14.2,30.9,18.2,0.0,10.0,24.2,12.5,0.8,14.2,0.0,0.0,0.0,6.699999999999999,5.699999999999999,6.199999999999999
2012-06-09,Netherlands,Denmark,EURO,Kharkiv,Ukraine,True,2012,6,9,2,1234.0,1019.0,Amsterdam,Copenhagen,"Amsterdam, Netherlands","Copenhagen, Denmark","Kharkiv, Ukraine",52.3730796,4.8924534,55.6867243,12.5700724,49.9923181,36.2310146,2182.878535452348,1700.2565389389827,6.827,6.964,13,10,17,14,0,3,1,2,0.4333,0.4167,0.0,0.6,6.818,7.182,14,13,14,17,1,2,3,1,0.5,0.4333,0.25,0.6667,9,21,14.4,11.1,0.3,38.3,16.6,11.5,1.4,23.6,26.2,11.9,0.0,10.5,11.799999999999999,0.8000000000000007,6.3,9.599999999999998,0.40000000000000036,4.999999999999999
2012-06-09,Germany,Portugal,EURO,Lviv,Ukraine,True,2012,6,9,1,1288.0,996.0,Berlin,Lisbon,"Berlin, Germany","Lisbon, Portugal","Lviv, Ukraine",52.5173885,13.3951309,38.7077507,-9.1365919,49.841952,24.0315921,797.9296685925833,2885.407323659041,7.127,6.982,15,5,15,15,3,0,2,1,0.5,0.25,0.6,0.0,7.0,7.145,9,14,16,17,0,0,1,0,0.36,0.4516,0.0,0.5,12,7,20.6,12.0,0.1,22.0,22.5,15.9,0.0,18.9,23.6,16.2,13.0,11.6,3.0,4.199999999999999,3.5999999999999996,1.1000000000000014,0.29999999999999893,0.7000000000000002
2012-06-10,Republic of Ireland,Croatia,EURO,Poznań,Poland,True,2012,6,10,2,907.0,1053.0,Dublin,Zagreb,"Dublin, Republic of Ireland","Zagreb, Croatia","Poznań, Poland",53.3493795,-6.2605593,45.8130967,15.9772795,52.4006632,16.9197326,1552.3847934528567,735.6919658904691,7.155,7.418,19,8,10,8,3,3,4,0,0.6552,0.5,0.4286,1.0,6.973,7.173,18,15,10,17,2,1,4,0,0.6429,0.4688,0.3333,1.0,55,13,15.4,9.1,0.3,8.0,25.9,16.4,1.5,15.8,21.5,10.9,1.9,7.9,6.1,1.8000000000000007,3.95,4.399999999999999,5.499999999999998,4.949999999999998
2012-06-10,Spain,Italy,EURO,Gdańsk,Poland,True,2012,6,10,0,1456.0,977.0,Madrid,Rome,"Madrid, Spain","Rome, Italy","Gdańsk, Poland",40.416782,-3.703507,41.8933203,12.4829321,54.4288032,18.798327,2282.1404647189124,1469.0264410682432,7.191,7.418,23,17,5,13,3,1,2,0,0.8214,0.5667,0.6,1.0,6.7,7.0,14,19,12,3,2,1,3,1,0.5385,0.8636,0.4,0.5,1,15,27.8,15.7,0.0,19.8,24.2,18.2,0.0,15.5,20.2,10.6,0.1,12.8,7.600000000000001,5.1,6.3500000000000005,4.0,7.6,5.8
2012-06-11,Ukraine,Sweden,EURO,Kyiv,Ukraine,False,2012,6,11,1,572.0,910.0,Kyiv,Stockholm,"Kyiv, Ukraine","Stockholm, Sweden","Kyiv, Ukraine",50.4500336,30.5241361,59.3251172,18.0710935,50.4500336,30.5241361,0.0,1263.9687314909945,6.791,7.264,14,13,15,17,0,3,3,0,0.4828,0.4333,0.0,1.0,6.918,7.064,11,8,24,14,0,1,2,2,0.3143,0.3636,0.0,0.3333,33,37,28.1,18.8,0.4,19.8,15.8,10.0,1.6,12.9,28.1,18.8,0.4,19.8,0.0,0.0,0.0,12.3,8.8,10.55
2012-06-11,France,England,EURO,Donetsk,Ukraine,True,2012,6,11,0,964.0,1145.0,Paris,London,"Paris, France","London, England","Donetsk, Ukraine",48.8534951,2.3483915,51.5074456,-0.1277653,47.9212914,37.7809825,2594.761792052316,2723.2581171620677,6.618,6.764,7,13,19,9,1,0,2,2,0.2692,0.5909,0.3333,0.0,6.655,7.373,17,14,16,12,1,1,4,0,0.5152,0.5385,0.2,1.0,3,4,18.7,13.0,6.4,22.0,12.1,10.8,33.6,23.2,30.1,16.2,0.0,12.7,11.400000000000002,3.1999999999999993,7.300000000000001,18.0,5.399999999999999,11.7
2012-06-12,Greece,Czech Republic,EURO,Wrocław,Poland,True,2012,6,12,2,953.0,771.0,Athens,Prague,"Athens, Greece","Prague, Czech Republic","Wrocław, Poland",37.9755648,23.7348324,50.0874654,14.4212535,51.1089776,17.0326689,1552.3565218772449,216.4868420322787,6.573,6.745,7,5,17,18,1,0,1,2,0.2917,0.2174,0.5,0.0,6.609,6.845,16,15,14,15,1,2,4,3,0.5333,0.5,0.2,0.4,46,48,35.1,21.9,0.0,13.7,21.1,10.7,4.5,8.7,21.9,11.1,6.3,11.3,13.200000000000003,10.799999999999999,12.0,0.7999999999999972,0.40000000000000036,0.5999999999999988
2012-06-12,Poland,Russia,EURO,Warsaw,Poland,False,2012,6,12,0,518.0,975.0,Warsaw,Moscow,"Warsaw, Poland","Moscow, Russia","Warsaw, Poland",52.2319581,21.0067249,55.625578,37.6063916,52.2319581,21.0067249,0.0,1147.087606857574,6.855,7.091,17,17,7,15,1,0,1,1,0.7083,0.5312,0.5,0.0,7.282,6.764,14,7,16,17,4,0,1,3,0.4667,0.2917,0.8,0.0,36,35,20.9,12.1,0.1,11.6,26.0,17.7,8.9,20.2,20.9,12.1,0.1,11.6,0.0,0.0,0.0,5.100000000000001,5.6,5.3500000000000005
2012-06-13,Netherlands,Germany,EURO,Kharkiv,Ukraine,True,2012,6,13,2,1234.0,1288.0,Amsterdam,Berlin,"Amsterdam, Netherlands","Berlin, Germany","Kharkiv, Ukraine",52.3730796,4.8924534,52.5173885,13.3951309,49.9923181,36.2310146,2182.878535452348,1606.7621009117445,7.2,6.827,29,13,7,17,0,0,1,1,0.8056,0.4333,0.0,0.0,7.218,7.127,11,15,11,15,1,3,0,2,0.5,0.5,1.0,0.6,9,12,13.6,10.1,0.0,17.3,19.9,12.7,0.4,17.6,33.3,19.0,0.0,24.0,19.699999999999996,8.9,14.299999999999997,13.399999999999999,6.300000000000001,9.85
2012-06-13,Denmark,Portugal,EURO,Lviv,Ukraine,True,2012,6,13,2,1019.0,996.0,Copenhagen,Lisbon,"Copenhagen, Denmark","Lisbon, Portugal","Lviv, Ukraine",55.6867243,12.5700724,38.7077507,-9.1365919,49.841952,24.0315921,1006.2977515722521,2885.407323659041,7.164,6.818,7,14,29,14,1,1,0,3,0.1944,0.5,1.0,0.25,6.745,7.0,11,9,11,16,0,0,1,1,0.5,0.36,0.0,0.0,21,7,17.4,11.1,1.0,19.5,23.2,14.5,0.0,27.7,20.6,15.1,11.5,26.3,3.200000000000003,4.0,3.6000000000000014,2.599999999999998,0.5999999999999996,1.5999999999999988
2012-06-14,Italy,Croatia,EURO,Poznań,Poland,True,2012,6,14,0,977.0,1053.0,Rome,Zagreb,"Rome, Italy","Zagreb, Croatia","Poznań, Poland",41.8933203,12.4829321,45.8130967,15.9772795,52.4006632,16.9197326,1214.9933787845926,735.6919658904691,6.955,6.7,9,14,17,12,1,2,1,3,0.3462,0.5385,0.5,0.4,7.127,6.973,15,18,12,10,3,2,1,4,0.5556,0.6429,0.75,0.3333,15,13,25.0,13.1,0.0,12.6,23.3,12.1,0.0,6.0,15.4,11.4,16.2,16.9,9.6,1.6999999999999993,5.6499999999999995,7.9,0.6999999999999993,4.3
2012-06-14,Spain,Republic of Ireland,EURO,Gdańsk,Poland,True,2012,6,14,1,1456.0,907.0,Madrid,Dublin,"Madrid, Spain","Dublin, Republic of Ireland","Gdańsk, Poland",40.416782,-3.703507,53.3493795,-6.2605593,54.4288032,18.798327,2282.1404647189124,1637.8347870562166,7.436,7.191,17,23,9,5,1,3,1,2,0.6538,0.8214,0.5,0.6,6.736,7.155,12,19,15,10,1,3,3,4,0.4444,0.6552,0.25,0.4286,1,55,29.5,14.0,0.0,19.6,14.5,10.0,12.8,31.7,18.3,11.6,4.2,20.6,11.2,2.4000000000000004,6.8,3.8000000000000007,1.5999999999999996,2.7
2012-06-15,Ukraine,France,EURO,Donetsk,Ukraine,False,2012,6,15,2,572.0,964.0,Kyiv,Paris,"Kyiv, Ukraine","Paris, France","Donetsk, Ukraine",50.4500336,30.5241361,48.8534951,2.3483915,47.9212914,37.7809825,597.3187510732441,2594.761792052316,7.064,6.791,13,14,10,15,2,0,1,3,0.5652,0.4828,0.6667,0.0,6.991,6.618,21,7,5,19,1,1,1,2,0.8077,0.2692,0.5,0.3333,33,3,20.5,15.3,0.3,20.6,20.3,14.8,3.7,26.7,32.5,19.5,0.8,13.8,12.0,4.199999999999999,8.1,12.2,4.699999999999999,8.45
2012-06-15,Sweden,England,EURO,Kyiv,Ukraine,True,2012,6,15,2,910.0,1145.0,Stockholm,London,"Stockholm, Sweden","London, England","Kyiv, Ukraine",59.3251172,18.0710935,51.5074456,-0.1277653,50.4500336,30.5241361,1263.9687314909945,2133.4029448677893,6.791,6.918,10,11,13,24,1,0,2,2,0.4348,0.3143,0.3333,0.0,7.182,6.655,5,17,21,16,1,1,1,4,0.1923,0.5152,0.5,0.2,37,4,15.8,11.1,0.0,11.2,17.9,12.5,8.0,30.9,20.5,15.3,0.3,20.6,4.699999999999999,4.200000000000001,4.45,2.6000000000000014,2.8000000000000007,2.700000000000001
2012-06-16,Greece,Russia,EURO,Warsaw,Poland,True,2012,6,16,1,953.0,975.0,Athens,Moscow,"Athens, Greece","Moscow, Russia","Warsaw, Poland",37.9755648,23.7348324,55.625578,37.6063916,52.2319581,21.0067249,1599.3331034743287,1147.087606857574,6.409,6.573,5,7,8,17,1,1,2,1,0.3846,0.2917,0.3333,0.5,7.191,7.282,10,14,15,16,1,4,1,1,0.4,0.4667,0.5,0.8,46,35,31.4,23.1,0.0,30.0,21.2,15.9,14.8,16.3,26.1,8.5,0.0,15.9,5.299999999999997,14.600000000000001,9.95,4.900000000000002,7.4,6.150000000000001
2012-06-16,Poland,Czech Republic,EURO,Wrocław,Poland,False,2012,6,16,2,518.0,771.0,Warsaw,Prague,"Warsaw, Poland","Prague, Czech Republic","Wrocław, Poland",52.2319581,21.0067249,50.0874654,14.4212535,51.1089776,17.0326689,301.1089548473384,216.4868420322787,7.064,6.855,15,17,10,7,1,1,1,1,0.6,0.7083,0.5,0.5,6.873,6.609,8,16,5,14,2,1,1,4,0.6154,0.5333,0.6667,0.2,36,48,26.1,8.5,0.0,15.9,29.9,13.1,0.0,13.0,29.0,14.0,0.0,16.6,2.8999999999999986,5.5,4.199999999999999,0.8999999999999986,0.9000000000000004,0.8999999999999995
2012-06-17,Denmark,Germany,EURO,Lviv,Ukraine,True,2012,6,17,2,1019.0,1288.0,Copenhagen,Berlin,"Copenhagen, Denmark","Berlin, Germany","Lviv, Ukraine",55.6867243,12.5700724,52.5173885,13.3951309,49.841952,24.0315921,1006.2977515722521,797.9296685925833,6.755,7.164,8,7,12,29,2,1,3,0,0.4,0.1944,0.4,1.0,7.327,7.218,11,11,13,11,2,1,1,0,0.4583,0.5,0.6667,1.0,21,12,17.9,11.4,5.9,28.2,22.8,14.3,0.9,18.5,28.0,15.0,0.0,9.7,10.100000000000001,3.5999999999999996,6.8500000000000005,5.199999999999999,0.6999999999999993,2.9499999999999993
2012-06-17,Portugal,Netherlands,EURO,Kharkiv,Ukraine,True,2012,6,17,1,996.0,1234.0,Lisbon,Amsterdam,"Lisbon, Portugal","Amsterdam, Netherlands","Kharkiv, Ukraine",38.7077507,-9.1365919,52.3730796,4.8924534,49.9923181,36.2310146,3753.094878626517,2182.878535452348,6.909,6.745,12,11,8,11,3,0,2,1,0.6,0.5,0.6,0.0,6.736,7.2,13,29,11,7,1,0,2,1,0.5417,0.8056,0.3333,0.0,7,9,23.5,17.1,0.0,20.3,17.5,13.3,0.1,32.9,24.6,16.6,0.0,29.5,1.1000000000000014,0.5,0.8000000000000007,7.100000000000001,3.3000000000000007,5.200000000000001
2012-06-18,Italy,Republic of Ireland,EURO,Poznań,Poland,True,2012,6,18,1,977.0,907.0,Rome,Dublin,"Rome, Italy","Dublin, Republic of Ireland","Poznań, Poland",41.8933203,12.4829321,53.3493795,-6.2605593,52.4006632,16.9197326,1214.9933787845926,1552.3847934528567,7.045,6.955,14,9,9,17,1,1,1,1,0.6087,0.3462,0.5,0.5,6.618,6.736,6,12,25,15,0,1,4,3,0.1935,0.4444,0.0,0.25,15,55,33.2,18.8,0.0,14.4,16.1,7.6,1.5,21.8,28.7,12.4,0.0,19.1,4.5000000000000036,6.4,5.450000000000002,12.599999999999998,4.800000000000001,8.7
2012-06-18,Croatia,Spain,EURO,Gdańsk,Poland,True,2012,6,18,2,1053.0,1456.0,Zagreb,Madrid,"Zagreb, Croatia","Madrid, Spain","Gdańsk, Poland",45.8130967,15.9772795,40.416782,-3.703507,54.4288032,18.798327,978.6981980937406,2282.1404647189124,7.027,7.127,9,15,14,12,1,3,1,1,0.3913,0.5556,0.5,0.75,7.655,7.436,25,17,6,9,4,1,0,1,0.8065,0.6538,1.0,0.5,13,1,32.4,17.8,0.0,8.0,30.4,17.5,0.1,14.8,25.1,11.0,0.0,23.9,7.299999999999997,6.800000000000001,7.049999999999999,5.299999999999997,6.5,5.899999999999999
2012-06-19,Ukraine,England,EURO,Donetsk,Ukraine,False,2012,6,19,2,572.0,1145.0,Kyiv,London,"Kyiv, Ukraine","London, England","Donetsk, Ukraine",50.4500336,30.5241361,51.5074456,-0.1277653,47.9212914,37.7809825,597.3187510732441,2723.2581171620677,6.891,7.064,7,13,14,10,0,2,2,1,0.3333,0.5652,0.0,0.6667,6.945,7.182,15,5,15,21,3,1,2,1,0.5,0.1923,0.6,0.5,33,4,30.9,17.5,0.2,14.9,18.7,8.8,0.0,11.4,27.5,17.8,0.0,14.9,3.3999999999999986,0.3000000000000007,1.8499999999999996,8.8,9.0,8.9
2012-06-19,Sweden,France,EURO,Kyiv,Ukraine,True,2012,6,19,1,910.0,964.0,Stockholm,Paris,"Stockholm, Sweden","Paris, France","Kyiv, Ukraine",59.3251172,18.0710935,48.8534951,2.3483915,50.4500336,30.5241361,1263.9687314909945,2023.8943163128026,6.782,6.791,15,10,15,13,2,1,3,2,0.5,0.4348,0.4,0.3333,7.264,6.991,14,21,7,5,2,1,0,1,0.6667,0.8077,1.0,0.5,37,3,18.8,11.4,10.1,26.3,20.5,12.4,4.1,13.5,30.9,17.5,0.2,14.9,12.099999999999998,6.1,9.099999999999998,10.399999999999999,5.1,7.749999999999999
2012-06-21,Czech Republic,Portugal,EURO,Warsaw,Poland,True,2012,6,21,2,771.0,996.0,Prague,Lisbon,"Prague, Czech Republic","Lisbon, Portugal","Warsaw, Poland",50.0874654,14.4212535,38.7077507,-9.1365919,52.2319581,21.0067249,517.1925425967951,2759.7070671445144,7.182,6.873,12,8,14,5,1,2,0,1,0.4615,0.6154,1.0,0.6667,7.318,6.909,22,12,14,8,2,3,1,2,0.6111,0.6,0.6667,0.6,48,7,24.4,18.0,16.7,11.9,22.9,17.0,0.2,28.0,24.9,15.4,30.6,14.5,0.5,2.5999999999999996,1.5499999999999998,2.0,1.5999999999999996,1.7999999999999998
2012-06-22,Germany,Greece,EURO,Gdańsk,Poland,True,2012,6,22,1,1288.0,953.0,Berlin,Athens,"Berlin, Germany","Athens, Greece","Gdańsk, Poland",52.5173885,13.3951309,37.9755648,23.7348324,54.4288032,18.798327,415.82890772913544,1867.3956509707855,7.045,7.327,11,11,9,13,2,2,1,1,0.55,0.4583,0.6667,0.6667,7.155,6.409,8,5,29,8,1,1,0,2,0.2162,0.3846,1.0,0.3333,12,46,22.7,13.7,0.0,17.9,34.4,21.3,0.0,25.1,18.9,14.6,1.9,17.7,3.8000000000000007,0.9000000000000004,2.3500000000000005,15.5,6.700000000000001,11.100000000000001
2012-06-23,Spain,France,EURO,Donetsk,Ukraine,True,2012,6,23,1,1456.0,964.0,Madrid,Paris,"Madrid, Spain","Paris, France","Donetsk, Ukraine",40.416782,-3.703507,48.8534951,2.3483915,47.9212914,37.7809825,3368.661279869537,2594.761792052316,7.427,7.655,12,25,5,6,1,4,0,0,0.7059,0.8065,1.0,1.0,7.027,7.264,21,14,9,7,0,2,2,0,0.7,0.6667,0.0,1.0,1,3,33.6,15.8,0.0,12.4,20.2,11.8,0.3,13.1,30.0,17.7,0.0,10.2,3.6000000000000014,1.8999999999999986,2.75,9.8,5.899999999999999,7.85
2012-06-24,England,Italy,EURO,Kyiv,Ukraine,True,2012,6,24,0,1145.0,977.0,London,Rome,"London, England","Rome, Italy","Kyiv, Ukraine",51.5074456,-0.1277653,41.8933203,12.4829321,50.4500336,30.5241361,2133.4029448677893,1676.7860864677857,7.245,6.945,10,15,15,15,1,3,0,2,0.4,0.5,1.0,0.6,7.255,7.045,17,14,8,9,2,1,0,1,0.68,0.6087,1.0,0.5,4,15,18.7,11.8,14.2,26.8,33.1,17.7,0.0,15.2,23.8,17.1,0.0,14.0,5.100000000000001,5.300000000000001,5.200000000000001,9.3,0.5999999999999979,4.949999999999999
2012-06-27,Portugal,Spain,EURO,Donetsk,Ukraine,True,2012,6,27,0,996.0,1456.0,Lisbon,Madrid,"Lisbon, Portugal","Madrid, Spain","Donetsk, Ukraine",38.7077507,-9.1365919,40.416782,-3.703507,47.9212914,37.7809825,3867.3467735406957,3368.661279869537,7.2,7.318,18,22,2,14,1,2,0,1,0.9,0.6111,1.0,0.6667,7.355,7.427,11,12,4,5,2,1,0,0,0.7333,0.7059,1.0,1.0,7,1,27.3,20.4,0.0,16.4,36.1,22.3,0.0,18.4,24.9,19.0,0.0,19.5,2.400000000000002,1.3999999999999986,1.9000000000000004,11.200000000000003,3.3000000000000007,7.250000000000002
2012-06-28,Germany,Italy,EURO,Warsaw,Poland,True,2012,6,28,2,1288.0,977.0,Berlin,Rome,"Berlin, Germany","Rome, Italy","Warsaw, Poland",52.5173885,13.3951309,41.8933203,12.4829321,52.2319581,21.0067249,517.4379091395643,1316.4232494977111,7.345,7.045,25,11,7,9,4,2,2,1,0.7812,0.55,0.6667,0.6667,7.455,7.255,30,17,8,8,4,2,2,0,0.7895,0.68,0.6667,1.0,12,15,22.8,14.5,1.7,11.5,31.9,20.7,0.0,10.6,19.8,9.6,0.0,11.3,3.0,4.9,3.95,12.099999999999998,11.1,11.599999999999998
2012-07-01,Spain,Italy,EURO,Kyiv,Ukraine,True,2012,7,1,1,1456.0,977.0,Madrid,Rome,"Madrid, Spain","Rome, Italy","Kyiv, Ukraine",40.416782,-3.703507,41.8933203,12.4829321,50.4500336,30.5241361,2862.5716879105876,1676.7860864677857,7.264,7.355,10,11,11,4,4,2,2,0,0.4762,0.7333,0.6667,1.0,7.182,7.455,8,30,15,8,2,4,1,2,0.3478,0.7895,0.6667,0.6667,1,15,25.8,14.7,0.0,14.5,35.3,20.3,0.0,13.7,26.2,14.4,0.0,8.4,0.3999999999999986,0.29999999999999893,0.34999999999999876,9.099999999999998,5.9,7.499999999999999
2013-01-19,Angola,Morocco,AFCON,Johannesburg,South Africa,True,2013,1,19,0,443.0,461.0,Luanda,Rabat,"Luanda, Angola","Rabat, Morocco","Johannesburg, South Africa",-8.8272699,13.2439512,34.0218454,-6.8408929,-26.205,28.049722,2484.5144928016052,7641.5260020992955,7.091,7.009,12,8,17,13,1,0,1,0,0.4138,0.381,0.5,0.5,7.627,6.573,14,10,21,8,3,0,0,3,0.4,0.5556,1.0,0.0,87,6,31.0,23.4,0.0,13.0,15.3,11.6,15.8,41.0,20.9,15.0,18.6,20.2,10.100000000000001,8.399999999999999,9.25,5.599999999999998,3.4000000000000004,4.499999999999999
2013-01-22,Tunisia,Algeria,AFCON,Rustenburg,South Africa,True,2013,1,22,1,570.0,829.0,Tunis,Algiers,"Tunis, Tunisia","Algiers, Algeria","Rustenburg, South Africa",36.8002068,10.1857757,36.7729333,3.0588445,-25.665655,27.241448,7171.899458445749,7390.349293376722,6.636,6.845,10,3,8,22,0,1,1,3,0.5556,0.12,0.0,0.25,7.036,7.036,17,10,20,13,0,0,1,0,0.4595,0.4348,0.0,0.5,57,29,14.8,8.1,0.4,30.8,13.9,9.9,3.3,41.1,29.7,16.7,0.0,8.8,14.899999999999999,8.6,11.75,15.799999999999999,6.799999999999999,11.299999999999999
2013-01-22,Ivory Coast,Togo,AFCON,Rustenburg,South Africa,True,2013,1,22,1,996.0,451.0,Yamoussoukro,Lomé,"Yamoussoukro, Ivory Coast","Lomé, Togo","Rustenburg, South Africa",6.8200066,-5.2776034,6.130419,1.215829,-25.665655,27.241448,5038.806044078813,4516.640427529772,7.836,6.436,24,7,8,11,3,1,0,3,0.75,0.3889,1.0,0.25,6.955,7.009,11,11,22,15,0,0,2,2,0.3333,0.4231,0.0,0.0,31,119,34.5,25.3,0.4,11.0,30.5,26.5,2.9,16.2,29.7,16.7,0.0,8.8,4.800000000000001,8.600000000000001,6.700000000000001,0.8000000000000007,9.8,5.300000000000001
2013-01-23,South Africa,Angola,AFCON,Durban,South Africa,False,2013,1,23,1,423.0,443.0,Pretoria,Luanda,"Pretoria, South Africa","Luanda, Angola","Durban, South Africa",-25.7459277,28.1879101,-8.8272699,13.2439512,-29.861825,31.009909,535.1979671809212,2981.284632357043,7.145,6.6,19,11,7,20,2,0,1,3,0.7308,0.3548,0.6667,0.0,7.091,7.009,12,8,17,13,1,0,1,0,0.4138,0.381,0.5,0.5,54,87,30.8,14.9,0.0,13.6,30.8,24.3,0.0,11.8,28.9,21.1,0.0,15.9,1.9000000000000021,6.200000000000001,4.050000000000002,1.9000000000000021,3.1999999999999993,2.5500000000000007
2013-01-26,Algeria,Togo,AFCON,Rustenburg,South Africa,True,2013,1,26,2,829.0,451.0,Algiers,Lomé,"Algiers, Algeria","Lomé, Togo","Rustenburg, South Africa",36.7729333,3.0588445,6.130419,1.215829,-25.665655,27.241448,7390.349293376722,4516.640427529772,7.036,7.036,17,10,20,13,0,0,1,0,0.4595,0.4348,0.0,0.5,6.955,7.009,11,11,22,15,0,0,2,2,0.3333,0.4231,0.0,0.0,29,119,12.4,7.3,18.9,43.3,31.9,26.8,1.4,19.5,33.9,20.8,1.8,18.1,21.5,13.5,17.5,2.0,6.0,4.0
2013-01-26,Ivory Coast,Tunisia,AFCON,Rustenburg,South Africa,True,2013,1,26,1,996.0,570.0,Yamoussoukro,Tunis,"Yamoussoukro, Ivory Coast","Tunis, Tunisia","Rustenburg, South Africa",6.8200066,-5.2776034,36.8002068,10.1857757,-25.665655,27.241448,5038.806044078813,7171.899458445749,7.836,6.436,24,7,8,11,3,1,0,3,0.75,0.3889,1.0,0.25,6.636,6.845,10,3,8,22,0,1,1,3,0.5556,0.12,0.0,0.25,31,57,32.3,23.3,1.4,14.5,13.6,8.9,2.0,28.5,33.9,20.8,1.8,18.1,1.6000000000000014,2.5,2.0500000000000007,20.299999999999997,11.9,16.099999999999998
2013-01-27,South Africa,Morocco,AFCON,Durban,South Africa,False,2013,1,27,0,423.0,461.0,Pretoria,Rabat,"Pretoria, South Africa","Rabat, Morocco","Durban, South Africa",-25.7459277,28.1879101,34.0218454,-6.8408929,-29.861825,31.009909,535.1979671809212,8139.867698780867,7.145,6.6,19,11,7,20,2,0,1,3,0.7308,0.3548,0.6667,0.0,7.627,6.573,14,10,21,8,3,0,0,3,0.4,0.5556,1.0,0.0,54,6,31.6,17.8,0.1,14.0,16.5,12.9,0.0,10.9,27.6,23.1,2.1,25.8,4.0,5.300000000000001,4.65,11.100000000000001,10.200000000000001,10.650000000000002
2013-01-30,Togo,Tunisia,AFCON,Nelspruit,South Africa,True,2013,1,30,0,451.0,570.0,Lomé,Tunis,"Lomé, Togo","Tunis, Tunisia","Nelspruit, South Africa",6.130419,1.215829,36.8002068,10.1857757,-25.4729094,30.9772719,4763.178385103009,7258.822180091775,6.955,7.009,11,11,22,15,0,0,2,2,0.3333,0.4231,0.0,0.0,6.636,6.845,10,3,8,22,0,1,1,3,0.5556,0.12,0.0,0.25,119,57,31.3,25.8,0.2,16.1,17.4,8.7,0.0,19.3,27.3,19.7,4.9,10.7,4.0,6.100000000000001,5.050000000000001,9.900000000000002,11.0,10.450000000000001
2013-01-30,Algeria,Ivory Coast,AFCON,Rustenburg,South Africa,True,2013,1,30,0,829.0,996.0,Algiers,Yamoussoukro,"Algiers, Algeria","Yamoussoukro, Ivory Coast","Rustenburg, South Africa",36.7729333,3.0588445,6.8200066,-5.2776034,-25.665655,27.241448,7390.349293376722,5038.806044078813,7.036,7.036,17,10,20,13,0,0,1,0,0.4595,0.4348,0.0,0.5,7.836,6.436,24,7,8,11,3,1,0,3,0.75,0.3889,1.0,0.25,29,31,18.5,5.6,0.0,10.2,35.0,22.8,0.0,13.4,28.9,19.1,1.9,13.0,10.399999999999999,13.500000000000002,11.95,6.100000000000001,3.6999999999999993,4.9
2013-02-03,Ivory Coast,Nigeria,AFCON,Rustenburg,South Africa,True,2013,2,3,2,996.0,573.0,Yamoussoukro,Abuja,"Yamoussoukro, Ivory Coast","Abuja, Nigeria","Rustenburg, South Africa",6.8200066,-5.2776034,9.0643305,7.4892974,-25.665655,27.241448,5038.806044078813,4413.670113043743,7.836,6.436,24,7,8,11,3,1,0,3,0.75,0.3889,1.0,0.25,7.009,6.8,7,8,15,24,2,1,2,2,0.3182,0.25,0.5,0.3333,31,26,34.6,20.5,0.0,10.5,33.9,18.2,0.0,7.3,34.1,20.2,0.5,21.1,0.5,0.3000000000000007,0.40000000000000036,0.20000000000000284,2.0,1.1000000000000014
2014-06-12,Brazil,Croatia,FWC,São Paulo,Brazil,False,2014,6,12,1,1242.0,903.0,Brasília,Zagreb,"Brasília, Brazil","Zagreb, Croatia","São Paulo, Brazil",-15.7939869,-47.8828,45.8130967,15.9772795,-23.5506507,-46.6333824,872.3455445143414,9960.23781879291,6.909,7.6,16,16,11,11,1,3,2,0,0.5926,0.5926,0.3333,1.0,6.827,7.027,5,9,12,14,0,1,1,1,0.2941,0.3913,0.0,0.5,5,13,23.8,15.5,0.0,18.6,30.3,19.4,2.9,14.3,24.1,13.4,0.0,11.7,0.3000000000000007,2.0999999999999996,1.2000000000000002,6.199999999999999,5.999999999999998,6.099999999999999
2014-06-13,Mexico,Cameroon,FWC,Natal,Brazil,True,2014,6,13,1,882.0,558.0,Mexico City,Yaoundé,"Mexico City, Mexico","Yaoundé, Cameroon","Natal, Brazil",19.3207722,-99.1514678,3.8689867,11.5213344,-5.805398,-35.2080905,7531.530187704556,5299.369169130947,6.745,6.927,15,9,13,13,1,0,3,1,0.5357,0.4091,0.25,0.0,6.736,7.182,14,17,12,13,1,1,2,2,0.5385,0.5667,0.3333,0.3333,10,43,24.5,13.6,0.1,10.2,27.4,21.2,1.8,10.9,26.1,23.7,9.2,25.4,1.6000000000000014,10.1,5.8500000000000005,1.2999999999999972,2.5,1.8999999999999986
2014-06-13,Spain,Netherlands,FWC,Salvador,Brazil,True,2014,6,13,2,1485.0,981.0,Madrid,Amsterdam,"Madrid, Spain","Amsterdam, Netherlands","Salvador, Brazil",40.416782,-3.703507,52.3730796,4.8924534,-12.9822499,-38.4812772,6935.5482998045445,8368.005486378512,7.518,7.264,11,10,9,11,4,4,0,2,0.55,0.4762,1.0,0.6667,6.9,6.736,14,13,22,11,1,1,2,2,0.3889,0.5417,0.3333,0.3333,1,9,32.3,18.4,0.0,8.3,19.5,12.3,0.0,17.6,25.7,22.6,9.1,22.9,6.599999999999998,4.200000000000003,5.4,6.199999999999999,10.3,8.25
2014-06-14,Uruguay,Costa Rica,FWC,Fortaleza,Brazil,True,2014,6,14,2,1147.0,762.0,Montevideo,San José,"Montevideo, Uruguay","San José, Costa Rica","Fortaleza, Brazil",-34.9058916,-56.1913095,9.9327707,-84.0796144,-3.7932167,-38.5280359,3909.303367990464,5270.881324602714,7.455,6.873,24,15,6,15,4,2,0,3,0.8,0.5,1.0,0.4,7.064,6.818,11,11,15,15,1,0,2,3,0.4231,0.4231,0.3333,0.0,20,51,12.8,7.8,0.0,16.6,24.7,19.6,10.5,6.6,30.1,25.0,1.4,22.3,17.3,17.2,17.25,5.400000000000002,5.399999999999999,5.4
2014-06-14,Colombia,Greece,FWC,Belo Horizonte,Brazil,True,2014,6,14,1,1137.0,1064.0,Bogotá,Athens,"Bogotá, Colombia","Athens, Greece","Belo Horizonte, Brazil",4.6533817,-74.0836331,37.9755648,23.7348324,-19.9227318,-43.9450948,4279.727869612535,9549.836233486803,7.064,7.609,11,15,22,19,0,1,2,0,0.3333,0.4412,0.0,1.0,7.218,6.582,10,7,19,25,1,2,0,4,0.3448,0.2188,1.0,0.3333,11,46,19.4,12.5,0.5,13.7,31.7,21.3,0.7,14.2,22.3,15.7,0.0,13.7,2.900000000000002,3.1999999999999993,3.0500000000000007,9.399999999999999,5.600000000000001,7.5
2014-06-15,France,Honduras,FWC,Porto Alegre,Brazil,True,2014,6,15,1,913.0,731.0,Paris,Tegucigalpa,"Paris, France","Tegucigalpa, Honduras","Porto Alegre, Brazil",48.8534951,2.3483915,14.1058135,-87.2047053,-30.0324999,-51.2303767,10254.008324371818,6239.721633411995,6.591,7.027,4,21,11,9,0,0,2,2,0.2667,0.7,0.0,0.0,7.127,6.673,6,5,11,20,0,0,0,2,0.3529,0.2,0.5,0.0,3,66,18.6,11.1,0.3,21.9,23.2,20.6,17.4,10.5,19.5,15.6,1.3,21.7,0.8999999999999986,4.5,2.6999999999999993,3.6999999999999993,5.000000000000002,4.3500000000000005
2014-06-15,Switzerland,Ecuador,FWC,Brasília,Brazil,True,2014,6,15,1,1149.0,791.0,Bern,Quito,"Bern, Switzerland","Quito, Ecuador","Brasília, Brazil",46.9484742,7.4521749,-0.2201641,-78.5123274,-15.7939869,-47.8828,8888.607028634604,3780.6764744721568,7.1,6.6,11,4,6,12,0,0,0,1,0.6471,0.25,0.5,0.0,6.782,6.618,11,10,10,18,0,0,1,3,0.5238,0.3571,0.0,0.0,14,25,17.2,11.5,0.0,19.4,17.7,10.6,4.1,6.9,24.0,15.0,0.0,20.2,6.800000000000001,3.5,5.15,6.300000000000001,4.4,5.3500000000000005
2014-06-16,Iran,Nigeria,FWC,Curitiba,Brazil,True,2014,6,16,0,641.0,640.0,Tehran,Abuja,"Tehran, Iran","Abuja, Nigeria","Curitiba, Brazil",35.6892523,51.3896004,9.0643305,7.4892974,-25.4295963,-49.2712724,12533.71825388188,7237.633286034452,7.264,6.864,17,6,12,20,1,0,1,2,0.5862,0.2308,0.5,0.0,7.009,6.8,7,8,15,24,2,1,2,2,0.3182,0.25,0.5,0.3333,22,26,32.5,20.1,0.0,14.8,29.6,22.4,18.0,8.7,21.1,14.0,0.1,11.9,11.399999999999999,6.100000000000001,8.75,8.5,8.399999999999999,8.45
2014-06-16,Germany,Portugal,FWC,Salvador,Brazil,True,2014,6,16,1,1300.0,1189.0,Berlin,Lisbon,"Berlin, Germany","Lisbon, Portugal","Salvador, Brazil",52.5173885,13.3951309,38.7077507,-9.1365919,-12.9822499,-38.4812772,8803.88276422116,6506.035359076254,6.982,7.345,15,25,8,7,1,4,2,2,0.6522,0.7812,0.3333,0.6667,6.964,7.2,11,18,10,2,2,1,4,0,0.5238,0.9,0.3333,1.0,12,7,19.5,12.0,0.0,13.9,28.1,20.5,0.0,16.3,25.8,22.5,7.2,21.7,6.300000000000001,10.5,8.4,2.3000000000000007,2.0,2.1500000000000004
2014-06-17,Belgium,Algeria,FWC,Belo Horizonte,Brazil,True,2014,6,17,1,1074.0,858.0,Brussels,Algiers,"Brussels, Belgium","Algiers, Algeria","Belo Horizonte, Brazil",50.8467372,4.352493,36.7729333,3.0588445,-19.9227318,-43.9450948,9172.683290413066,8002.337960380827,7.036,7.264,16,20,14,11,0,3,2,2,0.5333,0.6452,0.0,0.6,7.036,7.036,17,10,20,13,0,0,1,0,0.4595,0.4348,0.0,0.5,8,29,18.0,11.4,0.6,19.7,25.8,15.3,0.0,18.2,25.3,12.4,0.0,7.3,7.300000000000001,1.0,4.15,0.5,2.9000000000000004,1.7000000000000002
2014-06-17,Brazil,Mexico,FWC,Fortaleza,Brazil,False,2014,6,17,0,1242.0,882.0,Brasília,Mexico City,"Brasília, Brazil","Mexico City, Mexico","Fortaleza, Brazil",-15.7939869,-47.8828,19.3207722,-99.1514678,-3.7932167,-38.5280359,1681.4115288378016,7104.795665428675,7.273,6.909,13,16,9,11,3,1,1,2,0.5909,0.5926,0.75,0.3333,7.273,6.745,7,15,15,13,1,1,0,3,0.3182,0.5357,1.0,0.25,5,10,24.3,16.4,0.4,17.8,21.9,12.9,12.8,6.6,27.7,23.5,5.9,23.9,3.3999999999999986,7.100000000000001,5.25,5.800000000000001,10.6,8.2
2014-06-18,Australia,Netherlands,FWC,Curitiba,Brazil,True,2014,6,18,2,526.0,981.0,Canberra,Amsterdam,"Canberra, Australia","Amsterdam, Netherlands","Curitiba, Brazil",-35.2975906,149.1012676,52.3730796,4.8924534,-25.4295963,-49.2712724,12991.277165850848,10117.628559161712,6.782,7.1,13,18,9,15,1,2,3,1,0.5909,0.5455,0.25,0.6667,7.345,6.9,13,14,10,22,5,1,1,2,0.5652,0.3889,0.8333,0.3333,28,9,12.0,0.4,0.0,7.9,17.3,12.9,0.6,17.2,17.5,10.7,15.6,16.3,5.5,10.299999999999999,7.8999999999999995,0.1999999999999993,2.200000000000001,1.2000000000000002
2014-06-18,Spain,Chile,FWC,Rio de Janeiro,Brazil,True,2014,6,18,2,1485.0,1026.0,Madrid,Santiago,"Madrid, Spain","Santiago, Chile","Rio de Janeiro, Brazil",40.416782,-3.703507,-33.4376995,-70.6510671,-22.9110137,-43.2093727,8141.787296828416,2921.624085169299,6.436,7.518,10,11,13,9,1,4,5,0,0.4348,0.55,0.1667,1.0,7.273,6.555,9,6,13,24,3,0,1,4,0.4091,0.2,0.75,0.0,1,49,30.0,15.1,0.0,13.1,21.2,4.1,0.0,8.4,25.4,19.4,2.6,8.9,4.600000000000001,4.299999999999999,4.45,4.199999999999999,15.299999999999999,9.75
2014-06-19,Uruguay,England,FWC,São Paulo,Brazil,True,2014,6,19,1,1147.0,1090.0,Montevideo,London,"Montevideo, Uruguay","London, England","São Paulo, Brazil",-34.9058916,-56.1913095,51.5074456,-0.1277653,-23.5506507,-46.6333824,1564.7815536720127,9497.425213302855,6.491,7.455,10,24,11,6,1,4,3,0,0.4762,0.8,0.25,1.0,7.009,7.7,18,17,13,9,1,5,2,0,0.5806,0.6538,0.3333,1.0,20,4,10.7,7.6,0.0,14.8,21.3,10.6,0.5,18.5,14.7,12.1,0.1,19.0,4.0,4.5,4.25,6.600000000000001,1.5,4.050000000000001
2014-06-19,Colombia,Ivory Coast,FWC,Brasília,Brazil,True,2014,6,19,1,1137.0,809.0,Bogotá,Yamoussoukro,"Bogotá, Colombia","Yamoussoukro, Ivory Coast","Brasília, Brazil",4.6533817,-74.0836331,6.8200066,-5.2776034,-15.7939869,-47.8828,3672.0068463989555,5322.043495494879,7.373,7.064,13,11,11,22,3,0,0,2,0.5417,0.3333,1.0,0.0,7.045,7.836,18,24,8,8,2,3,1,0,0.6923,0.75,0.6667,1.0,11,31,16.7,12.1,1.3,9.7,23.6,22.5,56.2,8.7,25.8,18.8,0.0,12.1,9.100000000000001,6.700000000000001,7.900000000000001,2.1999999999999993,3.6999999999999993,2.9499999999999993
2014-06-20,Italy,Costa Rica,FWC,Recife,Brazil,True,2014,6,20,2,1104.0,762.0,Rome,San José,"Rome, Italy","San José, Costa Rica","Recife, Brazil",41.8933203,12.4829321,9.9327707,-84.0796144,-8.0584933,-34.8848193,7346.915744990656,5802.3576813134905,7.173,6.473,13,9,18,11,2,0,1,4,0.4194,0.45,0.6667,0.0,7.209,7.064,11,11,10,15,3,1,1,2,0.5238,0.4231,0.75,0.3333,15,51,24.9,14.2,0.0,12.8,25.3,19.0,6.7,8.5,26.7,22.9,1.6,21.7,1.8000000000000007,8.7,5.25,1.3999999999999986,3.8999999999999986,2.6499999999999986
2014-06-20,Switzerland,France,FWC,Salvador,Brazil,True,2014,6,20,2,1149.0,913.0,Bern,Paris,"Bern, Switzerland","Paris, France","Salvador, Brazil",46.9484742,7.4521749,48.8534951,2.3483915,-12.9822499,-38.4812772,8076.449765670337,7959.356108194103,7.1,7.1,14,11,9,6,2,0,1,0,0.6087,0.6471,0.6667,0.5,7.436,6.591,21,4,3,11,3,0,0,2,0.875,0.2667,1.0,0.0,14,3,19.2,10.2,0.0,10.1,19.6,13.2,0.0,14.3,25.8,23.5,1.7,19.4,6.600000000000001,13.3,9.950000000000001,6.199999999999999,10.3,8.25
2014-06-21,Argentina,Iran,FWC,Belo Horizonte,Brazil,True,2014,6,21,1,1175.0,641.0,Buenos Aires,Tehran,"Buenos Aires, Argentina","Tehran, Iran","Belo Horizonte, Brazil",-34.6095579,-58.3887904,35.6892523,51.3896004,-19.9227318,-43.9450948,2163.9504787033725,11747.904627933809,7.218,6.718,11,19,11,17,2,0,1,4,0.5,0.5278,0.6667,0.0,7.055,7.264,8,17,8,12,0,1,0,1,0.5,0.5862,0.5,0.5,2,22,14.2,8.5,0.0,20.5,36.4,22.7,0.0,9.6,23.1,14.0,0.2,10.0,8.900000000000002,5.5,7.200000000000001,13.299999999999997,8.7,10.999999999999998
2014-06-21,Germany,Ghana,FWC,Fortaleza,Brazil,True,2014,6,21,0,1300.0,704.0,Berlin,Accra,"Berlin, Germany","Accra, Ghana","Fortaleza, Brazil",52.5173885,13.3951309,5.5571096,-0.2012376,-3.7932167,-38.5280359,7919.094627840352,4381.591978805425,7.573,6.982,13,15,12,8,4,1,0,2,0.52,0.6522,1.0,0.3333,7.0,7.027,17,23,6,15,1,3,2,5,0.7391,0.6053,0.3333,0.375,12,65,16.6,12.2,0.9,22.4,27.5,24.4,4.6,15.8,28.9,24.4,3.0,22.0,12.299999999999997,12.2,12.249999999999998,1.3999999999999986,0.0,0.6999999999999993
2014-06-22,South Korea,Algeria,FWC,Porto Alegre,Brazil,True,2014,6,22,2,547.0,858.0,Seoul,Algiers,"Seoul, South Korea","Algiers, Algeria","Porto Alegre, Brazil",37.5666791,126.9782914,36.7729333,3.0588445,-30.0324999,-51.2303767,19161.183845334806,9336.338122507936,7.055,6.855,10,14,13,13,1,1,1,2,0.4348,0.5185,0.5,0.3333,6.736,7.036,3,17,12,20,1,0,2,1,0.2,0.4595,0.3333,0.0,32,29,28.5,18.6,1.8,10.0,28.5,17.8,0.0,17.5,19.4,6.2,0.6,8.4,9.100000000000001,12.400000000000002,10.750000000000002,9.100000000000001,11.600000000000001,10.350000000000001
2014-06-22,Belgium,Russia,FWC,Rio de Janeiro,Brazil,True,2014,6,22,1,1074.0,893.0,Brussels,Moscow,"Brussels, Belgium","Moscow, Russia","Rio de Janeiro, Brazil",50.8467372,4.352493,55.625578,37.6063916,-22.9110137,-43.2093727,9429.77115160236,11540.564049622326,7.064,7.036,12,16,3,14,2,0,1,2,0.8,0.5333,0.6667,0.0,6.955,6.991,13,29,10,8,1,0,1,1,0.5652,0.7838,0.5,0.0,8,35,21.0,12.0,0.0,14.7,17.2,11.5,0.5,20.0,23.3,18.2,0.2,10.2,2.3000000000000007,6.199999999999999,4.25,6.100000000000001,6.699999999999999,6.4
2014-06-23,Brazil,Cameroon,FWC,Brasília,Brazil,False,2014,6,23,1,1242.0,558.0,Brasília,Yaoundé,"Brasília, Brazil","Yaoundé, Cameroon","Brasília, Brazil",-15.7939869,-47.8828,3.8689867,11.5213344,-15.7939869,-47.8828,0.0,6888.236040956548,7.227,7.273,12,13,11,9,0,3,0,1,0.5217,0.5909,0.5,0.75,6.482,6.736,13,15,17,7,0,0,4,1,0.4333,0.6818,0.0,0.0,5,43,22.8,14.2,0.0,20.7,26.4,21.0,5.2,12.3,22.8,14.2,0.0,20.7,0.0,0.0,0.0,3.599999999999998,6.800000000000001,5.199999999999999
2014-06-23,Netherlands,Chile,FWC,São Paulo,Brazil,True,2014,6,23,1,981.0,1026.0,Amsterdam,Santiago,"Amsterdam, Netherlands","Santiago, Chile","São Paulo, Brazil",52.3730796,4.8924534,-33.4376995,-70.6510671,-23.5506507,-46.6333824,9805.229104169794,2583.2640655410924,7.018,7.345,13,13,9,10,3,5,2,1,0.5909,0.5652,0.6,0.8333,7.236,7.273,7,9,14,13,2,3,0,1,0.3333,0.4091,1.0,0.75,9,49,18.9,10.3,0.0,12.0,16.4,6.5,0.0,6.4,24.3,12.7,0.0,10.1,5.400000000000002,2.3999999999999986,3.9000000000000004,7.900000000000002,6.199999999999999,7.050000000000001
2014-06-23,Croatia,Mexico,FWC,Recife,Brazil,True,2014,6,23,2,903.0,882.0,Zagreb,Mexico City,"Zagreb, Croatia","Mexico City, Mexico","Recife, Brazil",45.8130967,15.9772795,19.3207722,-99.1514678,-8.0584933,-34.8848193,7830.678868014729,7666.060314981624,7.582,6.545,17,9,13,13,4,1,0,3,0.5667,0.4091,1.0,0.25,7.091,7.273,11,7,12,15,0,1,0,0,0.4783,0.3182,0.5,1.0,13,10,26.5,15.0,2.3,12.9,20.8,11.6,16.5,7.3,24.7,23.8,15.4,16.6,1.8000000000000007,8.8,5.300000000000001,3.8999999999999986,12.200000000000001,8.05
2014-06-23,Australia,Spain,FWC,Curitiba,Brazil,True,2014,6,23,2,526.0,1485.0,Canberra,Madrid,"Canberra, Australia","Madrid, Spain","Curitiba, Brazil",-35.2975906,149.1012676,40.416782,-3.703507,-25.4295963,-49.2712724,12991.277165850848,8705.47705214676,6.791,6.782,9,13,13,9,2,1,3,3,0.4091,0.5909,0.4,0.25,6.9,6.436,14,10,7,13,0,1,2,5,0.6667,0.4348,0.0,0.1667,28,1,10.2,4.0,8.0,28.0,27.7,16.5,0.0,14.1,20.8,11.4,0.1,12.8,10.600000000000001,7.4,9.0,6.899999999999999,5.1,5.999999999999999
2014-06-24,Italy,Uruguay,FWC,Natal,Brazil,True,2014,6,24,2,1104.0,1147.0,Rome,Montevideo,"Rome, Italy","Montevideo, Uruguay","Natal, Brazil",41.8933203,12.4829321,-34.9058916,-56.1913095,-5.805398,-35.2080905,7168.923222445838,3886.145889008401,7.036,7.173,7,13,9,18,0,2,1,1,0.4375,0.4194,0.0,0.6667,7.091,6.491,7,10,13,11,2,1,1,3,0.35,0.4762,0.6667,0.25,15,20,28.1,17.8,0.0,23.7,12.6,9.6,0.2,14.4,27.0,23.3,4.6,27.7,1.1000000000000014,5.5,3.3000000000000007,14.4,13.700000000000001,14.05
2014-06-24,Japan,Colombia,FWC,Cuiabá,Brazil,True,2014,6,24,2,626.0,1137.0,Tokyo,Bogotá,"Tokyo, Japan","Bogotá, Colombia","Cuiabá, Brazil",35.6768601,139.7638947,4.6533817,-74.0836331,-15.5986686,-56.0991301,17282.653534486635,2998.5114079120885,7.2,6.927,15,8,8,18,0,1,0,2,0.6522,0.3077,0.5,0.3333,7.018,7.373,9,13,11,11,2,3,1,0,0.45,0.5417,0.6667,1.0,17,11,22.6,20.0,9.3,11.6,19.8,12.7,4.3,12.1,31.4,20.8,0.0,13.0,8.799999999999997,0.8000000000000007,4.799999999999999,11.599999999999998,8.100000000000001,9.85
2014-06-24,Costa Rica,England,FWC,Belo Horizonte,Brazil,True,2014,6,24,0,762.0,1090.0,San José,London,"San José, Costa Rica","London, England","Belo Horizonte, Brazil",9.9327707,-84.0796144,51.5074456,-0.1277653,-19.9227318,-43.9450948,5506.000488781482,9012.675487028942,7.145,7.209,9,11,7,10,1,3,0,1,0.5625,0.5238,1.0,0.75,6.964,7.009,13,18,7,13,1,1,2,2,0.65,0.5806,0.3333,0.3333,51,4,23.1,18.7,16.7,7.7,21.9,13.6,0.5,18.8,23.7,11.0,0.0,6.9,0.5999999999999979,7.699999999999999,4.149999999999999,1.8000000000000007,2.5999999999999996,2.2
2014-06-24,Greece,Ivory Coast,FWC,Fortaleza,Brazil,True,2014,6,24,1,1064.0,809.0,Athens,Yamoussoukro,"Athens, Greece","Yamoussoukro, Ivory Coast","Fortaleza, Brazil",37.9755648,23.7348324,6.8200066,-5.2776034,-3.7932167,-38.5280359,7896.217048402108,3874.712808867825,6.945,6.609,8,11,15,13,0,0,0,3,0.3478,0.4583,0.5,0.0,6.791,7.045,11,18,9,8,1,2,2,1,0.55,0.6923,0.3333,0.6667,46,31,33.5,19.5,0.0,13.3,30.3,22.9,3.4,11.1,28.8,23.8,0.7,26.2,4.699999999999999,4.300000000000001,4.5,1.5,0.9000000000000021,1.200000000000001
2014-06-25,Bosnia and Herzegovina,Iran,FWC,Salvador,Brazil,True,2014,6,25,1,873.0,641.0,Sarajevo,Tehran,"Sarajevo, Bosnia and Herzegovina","Tehran, Iran","Salvador, Brazil",43.8570713,18.4126147,35.6892523,51.3896004,-12.9822499,-38.4812772,8541.249593592407,10833.461087482141,7.391,6.691,16,11,20,11,0,1,1,2,0.4444,0.5,0.0,0.3333,6.764,7.055,8,8,21,8,0,0,1,0,0.2759,0.5,0.0,0.5,61,22,23.5,13.8,17.8,18.5,35.0,25.0,0.0,17.6,24.1,22.7,2.5,17.2,0.6000000000000014,8.899999999999999,4.75,10.899999999999999,2.3000000000000007,6.6
2014-06-25,Honduras,Switzerland,FWC,Manaus,Brazil,True,2014,6,25,2,731.0,1149.0,Tegucigalpa,Bern,"Tegucigalpa, Honduras","Bern, Switzerland","Manaus, Brazil",14.1058135,-87.2047053,46.9484742,7.4521749,-3.1316333,-59.9825041,3560.9281325428497,8583.59615645448,6.873,6.445,15,3,10,21,1,0,2,3,0.6,0.125,0.3333,0.0,6.509,7.1,15,14,22,9,2,2,5,1,0.4054,0.6087,0.2857,0.6667,66,14,27.7,20.0,0.0,14.7,19.0,10.3,0.7,8.6,29.6,24.0,0.6,10.3,1.9000000000000021,4.0,2.950000000000001,10.600000000000001,13.7,12.15
2014-06-25,Nigeria,Argentina,FWC,Porto Alegre,Brazil,True,2014,6,25,2,640.0,1175.0,Abuja,Buenos Aires,"Abuja, Nigeria","Buenos Aires, Argentina","Porto Alegre, Brazil",9.0643305,7.4892974,-34.6095579,-58.3887904,-30.0324999,-51.2303767,7626.767871783054,843.0846904156618,7.509,7.091,20,8,16,8,1,0,0,0,0.5556,0.5,1.0,0.5,7.582,7.218,21,11,8,11,1,2,0,1,0.7241,0.5,1.0,0.6667,26,2,27.6,22.4,0.6,10.9,12.5,7.6,0.0,13.4,19.6,15.8,18.4,14.7,8.0,6.599999999999998,7.299999999999999,7.100000000000001,8.200000000000001,7.650000000000001
2014-06-25,Ecuador,France,FWC,Rio de Janeiro,Brazil,True,2014,6,25,0,791.0,913.0,Quito,Paris,"Quito, Ecuador","Paris, France","Rio de Janeiro, Brazil",-0.2201641,-78.5123274,48.8534951,2.3483915,-22.9110137,-43.2093727,4573.47824459231,9169.156198960221,6.955,6.991,10,9,15,14,2,1,1,2,0.4,0.3913,0.6667,0.3333,7.464,7.436,22,21,15,3,5,3,2,0,0.5946,0.875,0.7143,1.0,25,3,15.1,10.0,13.3,4.9,21.8,13.9,0.0,17.9,27.4,16.1,0.0,8.0,12.299999999999999,6.100000000000001,9.2,5.599999999999998,2.200000000000001,3.8999999999999995
2014-06-26,Portugal,Ghana,FWC,Brasília,Brazil,True,2014,6,26,1,1189.0,704.0,Lisbon,Accra,"Lisbon, Portugal","Accra, Ghana","Brasília, Brazil",38.7077507,-9.1365919,5.5571096,-0.2012376,-15.7939869,-47.8828,7278.123042648388,5759.713892583771,7.209,6.373,17,12,15,13,2,0,2,4,0.5312,0.48,0.5,0.0,6.973,7.0,15,17,8,6,2,1,2,2,0.6522,0.7391,0.5,0.3333,7,65,23.0,16.6,0.0,22.0,26.1,24.2,8.5,12.4,25.5,13.2,0.0,15.3,2.5,3.400000000000002,2.950000000000001,0.6000000000000014,11.0,5.800000000000001
2014-06-26,South Korea,Belgium,FWC,São Paulo,Brazil,True,2014,6,26,2,547.0,1074.0,Seoul,Brussels,"Seoul, South Korea","Brussels, Belgium","São Paulo, Brazil",37.5666791,126.9782914,50.8467372,4.352493,-23.5506507,-46.6333824,18342.008784345366,9660.005197142133,6.6,7.055,6,10,15,13,2,1,4,1,0.2857,0.4348,0.3333,0.5,7.118,7.064,8,12,13,3,1,2,0,1,0.381,0.8,1.0,0.6667,32,8,27.9,19.0,0.0,12.0,20.7,11.9,0.0,9.2,25.7,13.3,0.0,13.8,2.1999999999999993,5.699999999999999,3.9499999999999993,5.0,1.4000000000000004,3.2
2014-06-26,Algeria,Russia,FWC,Curitiba,Brazil,True,2014,6,26,0,858.0,893.0,Algiers,Moscow,"Algiers, Algeria","Moscow, Russia","Curitiba, Brazil",36.7729333,3.0588445,55.625578,37.6063916,-25.4295963,-49.2712724,8821.93272325138,12127.472715005624,7.245,6.736,15,3,6,12,4,1,2,2,0.7143,0.2,0.6667,0.3333,6.945,6.955,13,13,8,10,0,1,1,1,0.619,0.5652,0.0,0.5,29,35,27.3,16.9,0.0,15.6,15.3,8.1,0.3,10.0,21.9,13.8,0.0,14.5,5.400000000000002,3.099999999999998,4.25,6.599999999999998,5.700000000000001,6.1499999999999995
2014-06-28,Colombia,Uruguay,FWC,Rio de Janeiro,Brazil,True,2014,6,28,1,1137.0,1147.0,Bogotá,Montevideo,"Bogotá, Colombia","Montevideo, Uruguay","Rio de Janeiro, Brazil",4.6533817,-74.0836331,-34.9058916,-56.1913095,-22.9110137,-43.2093727,4542.590237245549,1833.8362279269204,7.091,7.018,9,9,23,11,4,2,1,1,0.2812,0.45,0.8,0.6667,7.045,7.091,13,7,8,13,1,2,0,1,0.619,0.35,1.0,0.6667,11,20,18.1,11.5,3.3,11.3,10.9,7.7,0.0,10.9,28.8,17.9,0.0,7.3,10.7,6.399999999999999,8.549999999999999,17.9,10.2,14.049999999999999
2014-06-28,Brazil,Chile,FWC,Belo Horizonte,Brazil,False,2014,6,28,0,1242.0,1026.0,Brasília,Santiago,"Brasília, Brazil","Santiago, Chile","Belo Horizonte, Brazil",-15.7939869,-47.8828,-33.4376995,-70.6510671,-19.9227318,-43.9450948,619.9590430848208,3035.6203702359126,7.227,7.227,17,12,12,11,4,0,1,0,0.5862,0.5217,0.8,0.5,6.718,7.236,9,7,10,14,0,2,2,0,0.4737,0.3333,0.0,1.0,5,49,26.1,16.3,0.0,8.0,14.3,2.9,0.0,5.5,25.0,12.2,0.0,8.1,1.1000000000000014,4.100000000000001,2.6000000000000014,10.7,9.299999999999999,10.0
2014-06-29,Costa Rica,Greece,FWC,Recife,Brazil,True,2014,6,29,0,762.0,1064.0,San José,Athens,"San José, Costa Rica","Athens, Greece","Recife, Brazil",9.9327707,-84.0796144,37.9755648,23.7348324,-8.0584933,-34.8848193,5802.3576813134905,7931.277000331647,6.927,7.145,3,9,7,7,0,1,0,0,0.3,0.5625,0.5,1.0,7.018,6.945,13,8,9,15,2,0,1,0,0.5909,0.3478,0.6667,0.5,51,46,24.6,18.8,0.7,9.5,30.9,21.0,0.0,20.6,27.3,22.3,3.3,18.0,2.6999999999999993,3.5,3.0999999999999996,3.599999999999998,1.3000000000000007,2.4499999999999993
2014-06-29,Netherlands,Mexico,FWC,Fortaleza,Brazil,True,2014,6,29,1,981.0,882.0,Amsterdam,Mexico City,"Amsterdam, Netherlands","Mexico City, Mexico","Fortaleza, Brazil",52.3730796,4.8924534,19.3207722,-99.1514678,-3.7932167,-38.5280359,7454.639230965971,7104.795665428675,7.118,7.018,10,13,9,9,2,3,0,2,0.5263,0.5909,1.0,0.6,7.282,7.091,8,11,9,12,3,0,1,0,0.4706,0.4783,0.75,0.5,9,10,17.1,13.1,0.1,17.1,20.8,10.9,15.3,9.7,28.3,24.5,0.3,22.4,11.2,11.4,11.3,7.5,13.6,10.55
2014-06-30,Germany,Algeria,FWC,Porto Alegre,Brazil,True,2014,6,30,1,1300.0,858.0,Berlin,Algiers,"Berlin, Germany","Algiers, Algeria","Porto Alegre, Brazil",52.5173885,13.3951309,36.7729333,3.0588445,-30.0324999,-51.2303767,11104.940806386172,9336.338122507936,7.373,7.009,11,8,3,15,1,2,0,2,0.7857,0.3478,1.0,0.5,7.109,7.245,8,15,11,6,1,4,1,2,0.4211,0.7143,0.5,0.6667,12,29,19.3,12.8,5.2,17.7,29.6,19.5,0.0,18.9,14.2,13.1,25.2,27.6,5.100000000000001,0.29999999999999893,2.7,15.400000000000002,6.4,10.900000000000002
2014-06-30,France,Nigeria,FWC,Brasília,Brazil,True,2014,6,30,1,913.0,640.0,Paris,Abuja,"Paris, France","Abuja, Nigeria","Brasília, Brazil",48.8534951,2.3483915,9.0643305,7.4892974,-15.7939869,-47.8828,8724.310967089037,6693.133706526714,7.6,7.464,19,22,9,15,0,5,0,2,0.6786,0.5946,0.5,0.7143,7.0,7.509,11,20,17,16,2,1,3,0,0.3929,0.5556,0.4,1.0,3,26,19.8,9.4,0.0,9.2,29.2,22.2,1.8,10.5,26.7,13.8,0.0,7.3,6.899999999999999,4.4,5.6499999999999995,2.5,8.399999999999999,5.449999999999999
2014-07-01,Argentina,Switzerland,FWC,São Paulo,Brazil,True,2014,7,1,1,1175.0,1149.0,Buenos Aires,Bern,"Buenos Aires, Argentina","Bern, Switzerland","São Paulo, Brazil",-34.6095579,-58.3887904,46.9484742,7.4521749,-23.5506507,-46.6333824,1675.7775837269019,9528.613055007683,7.155,7.582,17,21,11,8,3,1,2,0,0.6071,0.7241,0.6,1.0,7.555,6.509,16,15,10,22,3,2,0,5,0.6154,0.4054,1.0,0.2857,2,14,9.8,5.0,0.0,14.6,20.0,7.6,0.0,7.2,21.7,8.4,0.0,14.9,11.899999999999999,3.4000000000000004,7.6499999999999995,1.6999999999999993,0.8000000000000007,1.25
2014-07-04,France,Germany,FWC,Rio de Janeiro,Brazil,True,2014,7,4,2,913.0,1300.0,Paris,Berlin,"Paris, France","Berlin, Germany","Rio de Janeiro, Brazil",48.8534951,2.3483915,52.5173885,13.3951309,-22.9110137,-43.2093727,9169.156198960221,10010.15140573844,7.364,7.6,13,19,8,9,2,0,0,0,0.619,0.6786,1.0,0.5,7.373,7.373,20,11,8,3,2,1,1,0,0.7143,0.7857,0.6667,1.0,3,12,24.9,16.7,4.4,18.0,29.4,12.1,0.0,12.6,29.1,19.3,0.0,6.8,4.200000000000003,2.6000000000000014,3.400000000000002,0.29999999999999716,7.200000000000001,3.749999999999999
2014-07-04,Brazil,Colombia,FWC,Fortaleza,Brazil,False,2014,7,4,1,1242.0,1137.0,Brasília,Bogotá,"Brasília, Brazil","Bogotá, Colombia","Fortaleza, Brazil",-15.7939869,-47.8828,4.6533817,-74.0836331,-3.7932167,-38.5280359,1681.4115288378016,4060.0105088246064,7.318,7.227,19,17,10,12,4,4,3,1,0.6552,0.5862,0.5714,0.8,7.445,7.091,10,9,14,23,2,4,0,1,0.4167,0.2812,1.0,0.8,5,11,25.9,14.4,0.0,19.4,19.7,11.1,0.6,11.1,29.6,23.8,0.0,21.2,3.700000000000003,9.4,6.550000000000002,9.900000000000002,12.700000000000001,11.3
2014-07-05,Argentina,Belgium,FWC,Brasília,Brazil,True,2014,7,5,1,1175.0,1074.0,Buenos Aires,Brussels,"Buenos Aires, Argentina","Brussels, Belgium","Brasília, Brazil",-34.6095579,-58.3887904,50.8467372,4.352493,-15.7939869,-47.8828,2340.3406336387843,8977.214439683627,7.555,7.155,30,17,13,11,1,3,0,2,0.6977,0.6071,1.0,0.6,7.618,7.136,34,10,16,12,2,1,1,0,0.68,0.4545,0.6667,1.0,2,8,13.2,10.0,24.4,33.0,19.8,17.8,5.0,26.1,24.8,14.5,0.0,18.9,11.600000000000001,4.5,8.05,5.0,3.3000000000000007,4.15
2014-07-05,Netherlands,Costa Rica,FWC,Salvador,Brazil,True,2014,7,5,0,981.0,762.0,Amsterdam,San José,"Amsterdam, Netherlands","San José, Costa Rica","Salvador, Brazil",52.3730796,4.8924534,9.9327707,-84.0796144,-12.9822499,-38.4812772,8368.005486378512,5642.116553190625,7.018,7.118,10,10,10,9,2,2,1,0,0.5,0.5263,0.6667,1.0,7.064,6.927,6,3,17,7,6,0,4,0,0.2609,0.3,0.6,0.5,9,51,20.6,17.1,4.1,26.3,24.4,17.5,1.3,9.7,25.0,22.2,6.9,18.9,4.399999999999999,5.099999999999998,4.749999999999998,0.6000000000000014,4.699999999999999,2.6500000000000004
2014-07-08,Brazil,Germany,FWC,Belo Horizonte,Brazil,False,2014,7,8,2,1242.0,1300.0,Brasília,Berlin,"Brasília, Brazil","Berlin, Germany","Belo Horizonte, Brazil",-15.7939869,-47.8828,52.5173885,13.3951309,-19.9227318,-43.9450948,619.9590430848208,9763.25363828746,7.036,7.318,13,19,7,10,2,4,1,3,0.65,0.6552,0.6667,0.5714,7.227,7.373,6,20,13,8,1,2,0,1,0.3158,0.7143,1.0,0.6667,5,12,24.4,14.6,0.0,16.1,28.8,18.5,25.3,16.3,23.6,13.8,0.1,11.4,0.7999999999999972,0.7999999999999989,0.799999999999998,5.199999999999999,4.699999999999999,4.949999999999999
2014-07-09,Netherlands,Argentina,FWC,São Paulo,Brazil,True,2014,7,9,0,981.0,1175.0,Amsterdam,Buenos Aires,"Amsterdam, Netherlands","Buenos Aires, Argentina","São Paulo, Brazil",52.3730796,4.8924534,-34.6095579,-58.3887904,-23.5506507,-46.6333824,9805.229104169794,1675.7775837269019,7.464,7.018,19,10,5,10,4,2,3,1,0.7917,0.5,0.5714,0.6667,7.055,7.555,9,30,8,13,1,1,0,0,0.5294,0.6977,1.0,1.0,9,2,17.9,13.7,4.1,29.4,12.9,7.9,0.0,17.4,17.8,14.2,3.5,17.8,0.09999999999999787,0.5,0.29999999999999893,4.9,6.299999999999999,5.6
2014-07-12,Brazil,Netherlands,FWC,Brasília,Brazil,False,2014,7,12,2,1242.0,981.0,Brasília,Amsterdam,"Brasília, Brazil","Amsterdam, Netherlands","Brasília, Brazil",-15.7939869,-47.8828,52.3730796,4.8924534,-15.7939869,-47.8828,0.0,9113.834233418082,6.155,7.036,10,13,12,7,1,2,7,1,0.4545,0.65,0.125,0.6667,7.155,7.464,6,19,4,5,2,4,4,3,0.6,0.7917,0.3333,0.5714,5,9,26.1,15.1,0.0,15.2,23.6,13.7,0.0,10.5,26.1,15.1,0.0,15.2,0.0,0.0,0.0,2.5,1.4000000000000004,1.9500000000000002
2014-07-13,Germany,Argentina,FWC,Rio de Janeiro,Brazil,True,2014,7,13,1,1300.0,1175.0,Berlin,Buenos Aires,"Berlin, Germany","Buenos Aires, Argentina","Rio de Janeiro, Brazil",52.5173885,13.3951309,-34.6095579,-58.3887904,-22.9110137,-43.2093727,10010.15140573844,1965.7093721602043,7.727,7.227,12,6,10,13,7,1,1,0,0.5455,0.3158,0.875,1.0,7.118,7.055,4,9,6,8,4,1,2,0,0.4,0.5294,0.6667,1.0,12,2,22.1,11.9,2.3,14.8,14.9,12.9,1.6,18.2,22.5,16.9,0.0,10.8,0.3999999999999986,4.999999999999998,2.6999999999999984,7.6,3.9999999999999982,5.799999999999999
2015-01-09,Australia,Kuwait,AFC,Melbourne,Australia,False,2015,1,9,1,329.0,241.0,Canberra,Kuwait City,"Canberra, Australia","Kuwait City, Kuwait","Melbourne, Australia",-35.2975906,149.1012676,29.3796532,47.9734174,-37.8142454,144.9631732,463.5151815864805,12522.359156576733,6.418,6.791,3,9,9,13,0,2,3,3,0.25,0.4091,0.0,0.4,6.964,6.473,13,10,21,13,0,1,1,4,0.3824,0.4348,0.0,0.2,28,133,29.7,18.5,3.6,12.3,15.5,7.0,0.0,15.2,19.7,15.1,4.4,17.0,10.0,3.4000000000000004,6.7,4.199999999999999,8.1,6.1499999999999995
2015-01-10,Saudi Arabia,China,AFC,Brisbane,Australia,True,2015,1,10,2,318.0,339.0,Riyadh,Beijing,"Riyadh, Saudi Arabia","Beijing, China","Brisbane, Australia",24.638916,46.7160104,39.9057136,116.3912972,-27.4689623,153.0235009,12760.284162231677,8395.94728275878,7.055,6.545,6,7,21,28,0,0,1,4,0.2222,0.2,0.0,0.0,6.636,6.482,6,5,16,13,0,0,3,4,0.2727,0.2778,0.0,0.0,58,91,18.1,8.3,0.0,28.8,9.4,-4.9,0.0,12.2,28.1,21.6,0.2,15.3,10.0,13.3,11.65,18.700000000000003,26.5,22.6
2015-01-13,Kuwait,South Korea,AFC,Canberra,Australia,True,2015,1,13,2,241.0,487.0,Kuwait City,Seoul,"Kuwait City, Kuwait","Seoul, South Korea","Canberra, Australia",29.3796532,47.9734174,37.5666791,126.9782914,-35.2975906,149.1012676,12774.194685101724,8417.396103052453,6.964,6.473,13,10,21,13,0,1,1,4,0.3824,0.4348,0.0,0.2,6.973,6.6,12,6,10,15,0,2,1,4,0.5455,0.2857,0.0,0.3333,133,32,16.5,6.0,0.0,25.7,4.4,-7.1,0.0,6.5,21.9,13.6,24.9,19.3,5.399999999999999,7.6,6.499999999999999,17.5,20.7,19.1
2015-01-14,North Korea,Saudi Arabia,AFC,Melbourne,Australia,True,2015,1,14,2,157.0,318.0,Pyongyang,Riyadh,"Pyongyang, North Korea","Riyadh, Saudi Arabia","Melbourne, Australia",39.0167979,125.7473609,24.638916,46.7160104,-37.8142454,144.9631732,8766.112695246738,12344.255343983967,6.536,6.136,8,13,24,26,0,0,3,7,0.25,0.3333,0.0,0.0,7.055,6.545,6,7,21,28,0,0,1,4,0.2222,0.2,0.0,0.0,120,58,3.3,-4.5,0.0,9.4,18.9,4.4,0.0,13.0,22.8,17.2,4.4,28.7,19.5,21.7,20.6,3.900000000000002,12.799999999999999,8.350000000000001
2015-01-16,Iraq,Japan,AFC,Brisbane,Australia,True,2015,1,16,2,269.0,563.0,Baghdad,Tokyo,"Baghdad, Iraq","Tokyo, Japan","Brisbane, Australia",33.3061701,44.3872213,35.6768601,139.7638947,-27.4689623,153.0235009,13271.894453055365,7157.97675424328,6.718,6.709,6,13,14,16,0,1,1,2,0.3,0.4483,0.0,0.3333,6.773,7.2,23,15,9,8,1,0,4,0,0.7188,0.6522,0.2,0.5,63,17,16.0,4.1,0.0,10.8,10.4,3.4,0.0,20.6,32.7,23.5,0.0,17.3,16.700000000000003,19.4,18.05,22.300000000000004,20.1,21.200000000000003
2015-01-17,Australia,South Korea,AFC,Brisbane,Australia,False,2015,1,17,2,329.0,487.0,Canberra,Seoul,"Canberra, Australia","Seoul, South Korea","Brisbane, Australia",-35.2975906,149.1012676,37.5666791,126.9782914,-27.4689623,153.0235009,946.5373514074521,7725.141413321664,6.418,6.791,3,9,9,13,0,2,3,3,0.25,0.4091,0.0,0.4,6.973,6.6,12,6,10,15,0,2,1,4,0.5455,0.2857,0.0,0.3333,28,32,23.9,13.0,0.0,19.9,-0.0,-6.6,0.0,20.0,33.9,23.1,0.0,12.4,10.0,10.100000000000001,10.05,33.9,29.700000000000003,31.8
2015-01-18,China,North Korea,AFC,Canberra,Australia,True,2015,1,18,1,339.0,157.0,Beijing,Pyongyang,"Beijing, China","Pyongyang, North Korea","Canberra, Australia",39.9057136,116.3912972,39.0167979,125.7473609,-35.2975906,149.1012676,9008.918032377976,8604.764495044978,6.636,6.482,6,5,16,13,0,0,3,4,0.2727,0.2778,0.0,0.0,6.536,6.136,8,13,24,26,0,0,3,7,0.25,0.3333,0.0,0.0,91,120,6.9,-4.0,0.0,25.8,3.3,-7.5,5.2,19.2,25.3,10.1,0.2,17.7,18.4,14.1,16.25,22.0,17.6,19.8
2015-01-19,Ghana,Senegal,AFCON,Mongomo,Equatorial Guinea,True,2015,1,19,2,714.0,734.0,Accra,Dakar,"Accra, Ghana","Dakar, Senegal","Mongomo, Equatorial Guinea",5.5571096,-0.2012376,14.693425,-17.447938,1.6282551,11.3184671,1350.7516013242139,3476.37839231048,6.955,6.973,16,15,16,8,1,2,2,2,0.5,0.6522,0.3333,0.5,7.0,7.464,8,26,8,12,0,2,1,1,0.5,0.6842,0.0,0.6667,65,18,31.2,25.1,0.6,13.9,24.4,19.0,0.0,27.1,28.8,20.8,0.6,10.7,2.3999999999999986,4.300000000000001,3.3499999999999996,4.400000000000002,1.8000000000000007,3.1000000000000014
2015-01-19,Algeria,South Africa,AFCON,Mongomo,Equatorial Guinea,True,2015,1,19,1,948.0,587.0,Algiers,Pretoria,"Algiers, Algeria","Pretoria, South Africa","Mongomo, Equatorial Guinea",36.7729333,3.0588445,-25.7459277,28.1879101,1.6282551,11.3184671,3998.910278699928,3543.4165616597634,7.155,7.109,8,8,20,11,1,1,2,1,0.2857,0.4211,0.3333,0.5,7.145,6.6,19,11,7,20,2,0,1,3,0.7308,0.3548,0.6667,0.0,29,54,13.0,5.9,1.5,19.8,26.8,15.7,0.9,16.9,28.8,20.8,0.6,10.7,15.8,14.9,15.350000000000001,2.0,5.100000000000001,3.5500000000000007
2015-01-19,Iran,United Arab Emirates,AFC,Brisbane,Australia,True,2015,1,19,1,588.0,408.0,Tehran,Abu Dhabi,"Tehran, Iran","Abu Dhabi, United Arab Emirates","Brisbane, Australia",35.6892523,51.3896004,24.4538352,54.3774014,-27.4689623,153.0235009,12729.895423013384,12031.486578068721,6.682,6.764,6,8,14,21,1,0,3,1,0.3,0.2759,0.25,0.0,6.582,6.264,14,5,20,27,1,1,4,5,0.4118,0.1562,0.2,0.1667,22,68,7.1,-5.1,0.0,9.8,19.9,15.8,7.5,35.4,28.2,22.6,6.3,14.7,21.1,27.700000000000003,24.400000000000002,8.3,6.800000000000001,7.550000000000001
2015-01-22,Australia,China,AFC,Brisbane,Australia,False,2015,1,22,1,329.0,339.0,Canberra,Beijing,"Canberra, Australia","Beijing, China","Brisbane, Australia",-35.2975906,149.1012676,39.9057136,116.3912972,-27.4689623,153.0235009,946.5373514074521,8395.94728275878,6.418,6.791,3,9,9,13,0,2,3,3,0.25,0.4091,0.0,0.4,6.636,6.482,6,5,16,13,0,0,3,4,0.2727,0.2778,0.0,0.0,28,91,25.9,15.9,0.0,9.7,5.3,-5.1,0.0,11.0,24.3,22.3,9.4,13.0,1.5999999999999979,6.4,3.999999999999999,19.0,27.4,23.2
2015-01-23,Japan,United Arab Emirates,AFC,Sydney,Australia,True,2015,1,23,0,563.0,408.0,Tokyo,Abu Dhabi,"Tokyo, Japan","Abu Dhabi, United Arab Emirates","Sydney, Australia",35.6768601,139.7638947,24.4538352,54.3774014,-33.8698439,151.2082848,7824.185548712964,12086.802802694752,6.773,7.2,23,15,9,8,1,0,4,0,0.7188,0.6522,0.2,0.5,6.582,6.264,14,5,20,27,1,1,4,5,0.4118,0.1562,0.2,0.1667,17,68,9.9,2.3,4.1,35.7,20.9,10.7,0.0,11.7,26.9,21.6,0.0,14.6,17.0,19.3,18.15,6.0,10.900000000000002,8.450000000000001
2015-01-23,South Africa,Senegal,AFCON,Mongomo,Equatorial Guinea,True,2015,1,23,0,587.0,734.0,Pretoria,Dakar,"Pretoria, South Africa","Dakar, Senegal","Mongomo, Equatorial Guinea",-25.7459277,28.1879101,14.693425,-17.447938,1.6282551,11.3184671,3543.4165616597634,3476.37839231048,7.145,6.6,19,11,7,20,2,0,1,3,0.7308,0.3548,0.6667,0.0,7.0,7.464,8,26,8,12,0,2,1,1,0.5,0.6842,0.0,0.6667,54,18,30.7,16.4,0.0,10.9,24.4,20.1,0.0,23.5,30.9,21.3,1.6,10.8,0.1999999999999993,4.900000000000002,2.5500000000000007,6.5,1.1999999999999993,3.8499999999999996
2015-01-23,Ghana,Algeria,AFCON,Mongomo,Equatorial Guinea,True,2015,1,23,1,714.0,948.0,Accra,Algiers,"Accra, Ghana","Algiers, Algeria","Mongomo, Equatorial Guinea",5.5571096,-0.2012376,36.7729333,3.0588445,1.6282551,11.3184671,1350.7516013242139,3998.910278699928,6.955,6.973,16,15,16,8,1,2,2,2,0.5,0.6522,0.3333,0.5,7.155,7.109,8,8,20,11,1,1,2,1,0.2857,0.4211,0.3333,0.5,65,29,31.7,25.6,0.0,17.4,10.3,7.6,22.9,28.6,30.9,21.3,1.6,10.8,0.8000000000000007,4.300000000000001,2.5500000000000007,20.599999999999998,13.700000000000001,17.15
2015-01-23,Iran,Iraq,AFC,Canberra,Australia,True,2015,1,23,0,588.0,269.0,Tehran,Baghdad,"Tehran, Iran","Baghdad, Iraq","Canberra, Australia",35.6892523,51.3896004,33.3061701,44.3872213,-35.2975906,149.1012676,12811.535984686097,13274.026984475648,6.682,6.764,6,8,14,21,1,0,3,1,0.3,0.2759,0.25,0.0,6.718,6.709,6,13,14,16,0,1,1,2,0.3,0.4483,0.0,0.3333,22,63,8.3,-1.5,2.5,8.9,19.3,5.9,0.0,9.7,28.6,15.0,0.0,13.0,20.3,16.5,18.4,9.3,9.1,9.2
2015-01-26,South Korea,Iraq,AFC,Sydney,Australia,True,2015,1,26,1,487.0,269.0,Seoul,Baghdad,"Seoul, South Korea","Baghdad, Iraq","Sydney, Australia",37.5666791,126.9782914,33.3061701,44.3872213,-33.8698439,151.2082848,8329.342936874566,13393.797323682878,6.973,6.6,12,6,10,15,0,2,1,4,0.5455,0.2857,0.0,0.3333,6.718,6.709,6,13,14,16,0,1,1,2,0.3,0.4483,0.0,0.3333,32,63,8.2,-1.1,2.1,15.1,20.8,13.6,0.0,29.3,21.1,18.7,3.2,19.3,12.900000000000002,19.8,16.35,0.3000000000000007,5.1,2.7
2015-01-27,Senegal,Algeria,AFCON,Malabo,Equatorial Guinea,True,2015,1,27,2,734.0,948.0,Dakar,Algiers,"Dakar, Senegal","Algiers, Algeria","Malabo, Equatorial Guinea",14.693425,-17.447938,36.7729333,3.0588445,3.741877,8.7740663,3120.140639382396,3719.067628797582,7.0,7.464,8,26,8,12,0,2,1,1,0.5,0.6842,0.0,0.6667,7.155,7.109,8,8,20,11,1,1,2,1,0.2857,0.4211,0.3333,0.5,18,29,26.4,19.5,0.0,25.9,13.2,7.7,0.6,19.2,28.9,26.6,2.6,12.8,2.5,7.100000000000001,4.800000000000001,15.7,18.900000000000002,17.3
2015-01-27,South Africa,Ghana,AFCON,Mongomo,Equatorial Guinea,True,2015,1,27,2,587.0,714.0,Pretoria,Accra,"Pretoria, South Africa","Accra, Ghana","Mongomo, Equatorial Guinea",-25.7459277,28.1879101,5.5571096,-0.2012376,1.6282551,11.3184671,3543.4165616597634,1350.7516013242139,7.145,6.6,19,11,7,20,2,0,1,3,0.7308,0.3548,0.6667,0.0,6.955,6.973,16,15,16,8,1,2,2,2,0.5,0.6522,0.3333,0.5,54,65,31.5,21.7,0.2,15.2,30.9,24.8,4.5,15.0,28.6,20.3,2.0,9.7,2.8999999999999986,1.3999999999999986,2.1499999999999986,2.299999999999997,4.5,3.3999999999999986
2015-01-27,Australia,United Arab Emirates,AFC,Newcastle,Australia,False,2015,1,27,1,329.0,408.0,Canberra,Abu Dhabi,"Canberra, Australia","Abu Dhabi, United Arab Emirates","Newcastle, Australia",-35.2975906,149.1012676,24.4538352,54.3774014,-32.9192953,151.7795348,361.5432087047447,12105.744295210128,6.418,6.791,3,9,9,13,0,2,3,3,0.25,0.4091,0.0,0.4,6.582,6.264,14,5,20,27,1,1,4,5,0.4118,0.1562,0.2,0.1667,28,68,15.9,12.2,5.3,17.5,24.4,12.9,0.0,16.1,21.9,19.7,10.3,15.3,5.999999999999998,7.5,6.749999999999999,2.5,6.799999999999999,4.6499999999999995
2015-01-28,Cameroon,Ivory Coast,AFCON,Malabo,Equatorial Guinea,True,2015,1,28,2,665.0,833.0,Yaoundé,Yamoussoukro,"Yaoundé, Cameroon","Yamoussoukro, Ivory Coast","Malabo, Equatorial Guinea",3.8689867,11.5213344,6.8200066,-5.2776034,3.741877,8.7740663,305.1360690060866,1592.8258922925577,6.645,6.482,12,13,17,17,1,0,4,4,0.4138,0.4333,0.2,0.0,6.745,6.791,9,11,13,9,1,1,2,2,0.4091,0.55,0.3333,0.3333,43,31,30.3,21.8,0.4,14.2,34.0,23.6,0.0,11.6,28.6,26.4,2.2,14.2,1.6999999999999993,4.599999999999998,3.1499999999999986,5.399999999999999,2.799999999999997,4.099999999999998
2015-01-30,Iraq,United Arab Emirates,AFC,Newcastle,Australia,True,2015,1,30,2,269.0,408.0,Baghdad,Abu Dhabi,"Baghdad, Iraq","Abu Dhabi, United Arab Emirates","Newcastle, Australia",33.3061701,44.3872213,24.4538352,54.3774014,-32.9192953,151.7795348,13403.319220905529,12105.744295210128,6.718,6.709,6,13,14,16,0,1,1,2,0.3,0.4483,0.0,0.3333,6.582,6.264,14,5,20,27,1,1,4,5,0.4118,0.1562,0.2,0.1667,63,68,22.1,10.6,3.0,17.3,28.7,14.1,0.0,15.9,23.9,16.4,0.0,16.5,1.7999999999999972,5.799999999999999,3.799999999999998,4.800000000000001,2.299999999999999,3.55
2015-01-31,Australia,South Korea,AFC,Sydney,Australia,False,2015,1,31,1,329.0,487.0,Canberra,Seoul,"Canberra, Australia","Seoul, South Korea","Sydney, Australia",-35.2975906,149.1012676,37.5666791,126.9782914,-33.8698439,151.2082848,249.80939804099935,8329.342936874566,6.418,6.791,3,9,9,13,0,2,3,3,0.25,0.4091,0.0,0.4,6.973,6.6,12,6,10,15,0,2,1,4,0.5455,0.2857,0.0,0.3333,28,32,20.9,9.0,0.0,10.5,-0.2,-8.1,0.0,10.1,23.0,16.6,0.1,15.8,2.1000000000000014,7.600000000000001,4.850000000000001,23.2,24.700000000000003,23.950000000000003
2015-02-01,Ivory Coast,Algeria,AFCON,Malabo,Equatorial Guinea,True,2015,2,1,1,833.0,948.0,Yamoussoukro,Algiers,"Yamoussoukro, Ivory Coast","Algiers, Algeria","Malabo, Equatorial Guinea",6.8200066,-5.2776034,36.7729333,3.0588445,3.741877,8.7740663,1592.8258922925577,3719.067628797582,6.745,6.791,9,11,13,9,1,1,2,2,0.4091,0.55,0.3333,0.3333,7.155,7.109,8,8,20,11,1,1,2,1,0.2857,0.4211,0.3333,0.5,31,29,33.3,24.1,0.0,9.8,11.5,9.3,3.6,37.5,29.8,26.8,0.6,15.6,3.4999999999999964,2.6999999999999993,3.099999999999998,18.3,17.5,17.9
2015-02-08,Ivory Coast,Ghana,AFCON,Bata,Equatorial Guinea,True,2015,2,8,0,833.0,714.0,Yamoussoukro,Accra,"Yamoussoukro, Ivory Coast","Accra, Ghana","Bata, Equatorial Guinea",6.8200066,-5.2776034,5.5571096,-0.2012376,2.0064092,9.9087683,1766.16470159445,1189.0106210541012,6.745,6.791,9,11,13,9,1,1,2,2,0.4091,0.55,0.3333,0.3333,6.955,6.973,16,15,16,8,1,2,2,2,0.5,0.6522,0.3333,0.5,31,65,34.4,23.7,0.0,12.6,30.5,25.6,0.2,14.9,27.1,23.7,12.6,7.0,7.299999999999997,0.0,3.6499999999999986,3.3999999999999986,1.9000000000000021,2.6500000000000004
2015-06-13,Argentina,Paraguay,COPA,La Serena,Chile,True,2015,6,13,0,1496.0,382.0,Buenos Aires,Asunción,"Buenos Aires, Argentina","Asunción, Paraguay","La Serena, Chile",-34.6095579,-58.3887904,-25.2800459,-57.6343814,-29.902705,-71.2519575,1316.6023801773085,1435.8169850072195,6.827,7.118,7,4,6,6,0,4,1,2,0.5385,0.4,0.0,0.6667,6.773,7.382,5,11,14,11,0,5,1,3,0.2632,0.5,0.0,0.625,2,34,13.9,7.3,0.0,19.9,22.3,16.7,6.5,10.7,18.4,11.1,0.0,13.2,4.499999999999998,3.8,4.149999999999999,3.900000000000002,5.6,4.750000000000001
2015-06-13,Uruguay,Jamaica,COPA,Antofagasta,Chile,True,2015,6,13,1,1183.0,524.0,Montevideo,Kingston,"Montevideo, Uruguay","Kingston, Jamaica","Antofagasta, Chile",-34.9058916,-56.1913095,17.9712148,-76.7928128,-23.6463741,-70.3980033,1857.9514635276423,4679.435045608178,6.682,7.045,14,13,10,8,0,1,2,0,0.5833,0.619,0.0,1.0,7.318,6.5,9,8,22,24,2,0,1,5,0.2903,0.25,0.6667,0.0,20,71,14.0,7.3,0.0,17.1,31.8,25.9,0.0,26.2,21.2,13.8,0.0,17.7,7.199999999999999,6.500000000000001,6.85,10.600000000000001,12.099999999999998,11.35
2015-06-14,Brazil,Peru,COPA,Temuco,Chile,True,2015,6,14,1,1392.0,546.0,Brasília,Lima,"Brasília, Brazil","Lima, Peru","Temuco, Chile",-15.7939869,-47.8828,-12.0459808,-77.0305912,-38.7358908,-72.590538,3508.181272934593,3000.0936787643063,6.636,6.155,11,10,8,12,0,1,3,7,0.5789,0.4545,0.0,0.125,7.082,6.727,15,12,10,29,2,1,1,5,0.6,0.2927,0.6667,0.1667,5,50,27.1,15.3,0.0,12.8,22.7,17.7,0.0,15.3,10.4,4.2,1.3,13.6,16.700000000000003,11.100000000000001,13.900000000000002,12.299999999999999,13.5,12.899999999999999
2015-06-15,Ecuador,Bolivia,COPA,Valparaíso,Chile,True,2015,6,15,2,806.0,371.0,Quito,Sucre,"Quito, Ecuador","Sucre, Bolivia","Valparaíso, Chile",-0.2201641,-78.5123274,-19.0477251,-65.2594306,-33.0458456,-71.6196749,3720.6437952296455,1680.1629943314151,6.873,6.955,9,10,19,15,0,2,0,1,0.3214,0.4,0.5,0.6667,6.864,7.445,14,21,13,14,1,0,3,0,0.5185,0.6,0.25,0.5,25,77,19.4,8.4,1.8,9.2,12.7,8.0,1.9,11.7,15.8,10.2,0.0,24.7,3.599999999999998,1.799999999999999,2.6999999999999984,3.1000000000000014,2.1999999999999993,2.6500000000000004
2015-06-16,Paraguay,Jamaica,COPA,Antofagasta,Chile,True,2015,6,16,1,382.0,524.0,Asunción,Kingston,"Asunción, Paraguay","Kingston, Jamaica","Antofagasta, Chile",-25.2800459,-57.6343814,17.9712148,-76.7928128,-23.6463741,-70.3980033,1304.0239477275854,4679.435045608178,6.773,7.382,5,11,14,11,0,5,1,3,0.2632,0.5,0.0,0.625,7.318,6.5,9,8,22,24,2,0,1,5,0.2903,0.25,0.6667,0.0,34,71,17.8,8.2,0.0,16.0,32.3,25.1,0.0,23.5,19.4,13.5,0.0,11.2,1.5999999999999979,5.300000000000001,3.4499999999999993,12.899999999999999,11.600000000000001,12.25
2015-06-19,Mexico,Ecuador,COPA,Rancagua,Chile,True,2015,6,19,2,926.0,806.0,Mexico City,Quito,"Mexico City, Mexico","Quito, Ecuador","Rancagua, Chile",19.3207722,-99.1514678,-0.2201641,-78.5123274,-34.1702433,-70.740718,6664.986679612394,3860.9136705844057,6.818,7.282,10,8,10,9,1,3,2,1,0.5,0.4706,0.3333,0.75,6.873,6.955,9,10,19,15,0,2,0,1,0.3214,0.4,0.5,0.6667,10,25,21.2,13.0,13.8,9.5,16.8,8.7,0.1,11.8,23.3,2.7,0.0,7.9,2.1000000000000014,10.3,6.200000000000001,6.5,5.999999999999999,6.25
2015-06-20,Argentina,Jamaica,COPA,Viña del Mar,Chile,True,2015,6,20,1,1496.0,524.0,Buenos Aires,Kingston,"Buenos Aires, Argentina","Kingston, Jamaica","Viña del Mar, Chile",-34.6095579,-58.3887904,17.9712148,-76.7928128,-33.0244535,-71.5517636,1227.8279311852255,5697.748542693425,6.827,7.118,7,4,6,6,0,4,1,2,0.5385,0.4,0.0,0.6667,7.318,6.5,9,8,22,24,2,0,1,5,0.2903,0.25,0.6667,0.0,2,71,13.0,6.0,0.0,27.8,32.5,25.3,0.0,22.8,21.1,8.9,0.0,19.5,8.100000000000001,2.9000000000000004,5.500000000000001,11.399999999999999,16.4,13.899999999999999
2015-06-20,Uruguay,Paraguay,COPA,La Serena,Chile,True,2015,6,20,0,1183.0,382.0,Montevideo,Asunción,"Montevideo, Uruguay","Asunción, Paraguay","La Serena, Chile",-34.9058916,-56.1913095,-25.2800459,-57.6343814,-29.902705,-71.2519575,1517.3957106657335,1435.8169850072195,6.682,7.045,14,13,10,8,0,1,2,0,0.5833,0.619,0.0,1.0,6.773,7.382,5,11,14,11,0,5,1,3,0.2632,0.5,0.0,0.625,20,34,12.8,4.9,0.0,22.0,21.9,10.1,0.0,20.4,27.0,12.3,0.0,7.6,14.2,7.4,10.8,5.100000000000001,2.200000000000001,3.6500000000000012
2015-06-21,Colombia,Peru,COPA,Temuco,Chile,True,2015,6,21,0,1435.0,546.0,Bogotá,Lima,"Bogotá, Colombia","Lima, Peru","Temuco, Chile",4.6533817,-74.0836331,-12.0459808,-77.0305912,-38.7358908,-72.590538,4827.114630005013,3000.0936787643063,6.682,7.445,7,10,13,14,1,2,2,0,0.35,0.4167,0.3333,1.0,7.082,6.727,15,12,10,29,2,1,1,5,0.6,0.2927,0.6667,0.1667,11,50,19.7,12.3,0.9,14.1,22.6,17.7,0.0,12.7,10.2,3.4,0.0,16.3,9.5,8.9,9.2,12.400000000000002,14.299999999999999,13.350000000000001
2015-06-27,Brazil,Paraguay,COPA,Concepción,Chile,True,2015,6,27,0,1392.0,382.0,Brasília,Asunción,"Brasília, Brazil","Asunción, Paraguay","Concepción, Chile",-15.7939869,-47.8828,-25.2800459,-57.6343814,-36.8270698,-73.0502064,3408.656973559278,1945.8416674150856,6.636,6.155,11,10,8,12,0,1,3,7,0.5789,0.4545,0.0,0.125,6.773,7.382,5,11,14,11,0,5,1,3,0.2632,0.5,0.0,0.625,5,34,22.0,13.6,0.0,20.5,24.3,18.6,0.0,21.2,14.8,8.4,0.0,11.8,7.199999999999999,5.199999999999999,6.199999999999999,9.5,10.200000000000001,9.850000000000001
2015-07-04,Chile,Argentina,COPA,Santiago,Chile,False,2015,7,4,0,989.0,1496.0,Santiago,Buenos Aires,"Santiago, Chile","Buenos Aires, Argentina","Santiago, Chile",-33.4376995,-70.6510671,-34.6095579,-58.3887904,-33.4376995,-70.6510671,0.0,1136.8491280543396,7.236,6.718,10,9,19,10,3,0,4,2,0.3448,0.4737,0.4286,0.0,6.827,7.118,7,4,6,6,0,4,1,2,0.5385,0.4,0.0,0.6667,49,2,18.5,-0.1,0.0,7.9,9.6,4.2,0.0,25.8,18.5,-0.1,0.0,7.9,0.0,0.0,0.0,8.9,4.3,6.6
2016-06-04,Costa Rica,Paraguay,COPA,Orlando,United States,True,2016,6,4,0,853.0,638.0,San José,Asunción,"San José, Costa Rica","Asunción, Paraguay","Orlando, United States",9.9327707,-84.0796144,-25.2800459,-57.6343814,28.5421218,-81.379045,2088.366350063593,6500.76694897802,7.145,7.064,5,6,19,17,3,6,4,4,0.2083,0.2609,0.4286,0.6,6.773,7.382,5,11,14,11,0,5,1,3,0.2632,0.5,0.0,0.625,51,34,24.8,17.9,8.8,4.8,18.6,9.8,0.0,12.3,33.8,23.8,0.5,18.0,8.999999999999996,5.900000000000002,7.449999999999999,15.199999999999996,14.0,14.599999999999998
2016-06-10,France,Romania,EURO,Saint-Denis,France,False,2016,6,10,1,925.0,878.0,Paris,Bucharest,"Paris, France","Bucharest, Romania","Saint-Denis, France",48.8534951,2.3483915,44.4361414,26.102684,48.9383732,2.3627508,9.49620913904563,1870.1270101970008,7.045,7.364,13,13,6,8,0,2,1,0,0.6842,0.619,0.0,1.0,7.055,6.8,8,13,7,16,1,0,0,2,0.5333,0.4483,1.0,0.0,3,52,22.1,12.5,0.2,7.9,24.1,11.5,0.0,9.4,22.1,12.5,0.5,8.4,0.0,0.0,0.0,2.0,1.0,1.5
2016-06-11,England,Russia,EURO,Marseille,France,True,2016,6,11,0,1069.0,828.0,London,Moscow,"London, England","Moscow, Russia","Marseille, France",51.5074456,-0.1277653,55.625578,37.6063916,43.2963986,5.3777888,1001.9497726613065,2667.436611067684,7.082,6.964,7,13,3,7,0,1,0,2,0.7,0.65,0.5,0.3333,6.909,6.945,11,13,8,8,1,0,1,1,0.5789,0.619,0.5,0.0,4,35,21.0,13.8,2.0,7.6,14.9,8.8,10.0,23.5,25.5,18.7,1.1,21.4,4.5,4.899999999999999,4.699999999999999,10.6,9.899999999999999,10.25
2016-06-12,Germany,Ukraine,EURO,Villeneuve-d'Ascq,France,True,2016,6,12,1,1310.0,894.0,Berlin,Kyiv,"Berlin, Germany","Kyiv, Ukraine","Villeneuve-d'Ascq, France",52.5173885,13.3951309,50.4500336,30.5241361,50.6193174,3.1314002,739.3871294940336,1925.0450941565462,7.427,7.727,6,12,7,10,1,7,0,1,0.4615,0.5455,1.0,0.875,6.891,6.891,15,7,10,14,0,0,1,2,0.6,0.3333,0.0,0.0,12,33,21.1,13.1,0.0,14.3,19.0,10.3,0.0,11.2,19.8,13.3,2.2,18.4,1.3000000000000007,0.20000000000000107,0.7500000000000009,0.8000000000000007,3.0,1.9000000000000004
2016-06-12,Turkey,Croatia,EURO,Paris,France,True,2016,6,12,2,919.0,842.0,Ankara,Zagreb,"Ankara, Turkey","Zagreb, Croatia","Paris, France",39.9207759,32.8540497,45.8130967,15.9772795,48.8534951,2.3483915,2597.704175422353,1079.5239253558195,7.373,7.755,15,24,4,2,1,5,0,0,0.7895,0.9231,1.0,1.0,6.773,7.582,9,17,8,13,1,4,3,0,0.5294,0.5667,0.25,1.0,27,13,27.5,13.0,0.0,11.4,20.2,15.8,8.5,6.0,18.1,14.0,6.0,18.0,9.399999999999999,1.0,5.199999999999999,2.099999999999998,1.8000000000000007,1.9499999999999993
2016-06-12,Poland,Northern Ireland,EURO,Nice,France,True,2016,6,12,1,842.0,851.0,Warsaw,Belfast,"Warsaw, Poland","Belfast, Northern Ireland","Nice, France",52.2319581,21.0067249,54.596391,-5.9301829,43.7009358,7.2683912,1390.7673080440782,1540.46641062269,7.491,6.955,11,14,6,12,2,0,0,1,0.6471,0.5385,1.0,0.0,7.164,6.791,13,7,20,14,0,1,3,2,0.3939,0.3333,0.0,0.3333,36,70,18.8,6.6,0.1,11.2,16.8,12.9,5.6,11.0,22.3,17.1,3.0,8.6,3.5,10.500000000000002,7.000000000000001,5.5,4.200000000000001,4.8500000000000005
2016-06-13,Spain,Czech Republic,EURO,Toulouse,France,True,2016,6,13,1,1267.0,815.0,Madrid,Prague,"Madrid, Spain","Prague, Czech Republic","Toulouse, France",40.416782,-3.703507,50.0874654,14.4212535,43.6044638,1.4442433,553.4524862546964,1219.3898740659558,7.518,6.9,9,14,3,7,3,0,0,2,0.75,0.6667,1.0,0.0,7.09,6.682,10,2,8,18,0,0,0,1,0.5556,0.1,0.5,0.0,1,48,31.1,17.9,0.0,17.9,20.8,14.6,3.0,14.1,20.1,16.2,2.4,29.7,11.0,1.6999999999999993,6.35,0.6999999999999993,1.5999999999999996,1.1499999999999995
2016-06-13,Belgium,Italy,EURO,Lyon,France,True,2016,6,13,2,1384.0,982.0,Brussels,Rome,"Brussels, Belgium","Rome, Italy","Lyon, France",50.8467372,4.352493,41.8933203,12.4829321,45.7578137,4.8320114,566.9694850401055,748.7054972581881,6.809,7.618,8,34,9,16,0,2,1,1,0.4706,0.68,0.0,0.6667,6.864,7.036,8,7,13,9,0,0,1,1,0.381,0.4375,0.0,0.0,8,15,19.4,14.2,9.0,22.1,23.8,14.7,0.4,14.3,19.9,14.3,14.9,8.2,0.5,0.10000000000000142,0.3000000000000007,3.900000000000002,0.3999999999999986,2.1500000000000004
2016-06-13,Republic of Ireland,Sweden,EURO,Saint-Denis,France,True,2016,6,13,0,768.0,735.0,Dublin,Stockholm,"Dublin, Republic of Ireland","Stockholm, Sweden","Saint-Denis, France",53.3493795,-6.2605593,59.3251172,18.0710935,48.9383732,2.3627508,775.2612898206293,1535.471366308411,6.727,6.618,8,6,17,25,0,0,2,4,0.32,0.1935,0.0,0.0,7.264,6.782,9,15,21,15,2,2,0,3,0.3,0.5,1.0,0.4,55,37,17.2,12.6,9.3,11.2,19.5,9.2,0.0,13.4,17.5,12.6,1.0,20.2,0.3000000000000007,0.0,0.15000000000000036,2.0,3.4000000000000004,2.7
2016-06-14,Austria,Hungary,EURO,Bordeaux,France,True,2016,6,14,2,1077.0,886.0,Vienna,Budapest,"Vienna, Austria","Budapest, Hungary","Bordeaux, France",48.2083537,16.3725042,47.4813896,19.1457723,44.841225,-0.5800364,1346.7611536481038,1542.9138320149798,7.864,6.791,27,11,1,14,4,0,0,1,0.9643,0.44,1.0,0.0,6.745,7.182,14,9,14,7,0,2,3,0,0.5,0.5625,0.0,1.0,23,39,22.4,15.1,0.0,19.8,23.7,14.2,0.0,18.0,19.7,14.3,4.5,19.7,2.6999999999999993,0.7999999999999989,1.7499999999999991,4.0,0.10000000000000142,2.0500000000000007
2016-06-15,Romania,Switzerland,EURO,Paris,France,True,2016,6,15,0,878.0,948.0,Bucharest,Bern,"Bucharest, Romania","Bern, Switzerland","Paris, France",44.4361414,26.102684,46.9484742,7.4521749,48.8534951,2.3483915,1870.119686091137,435.3316059947914,6.591,7.055,10,8,12,7,1,1,2,0,0.4545,0.5333,0.3333,1.0,7.318,7.382,13,13,5,30,1,0,0,1,0.7222,0.3023,1.0,0.0,52,14,27.1,15.6,0.2,17.9,16.1,8.3,2.3,10.0,18.9,11.5,9.6,14.6,8.200000000000003,4.1,6.150000000000001,2.799999999999997,3.1999999999999993,2.9999999999999982
2016-06-15,Russia,Slovakia,EURO,Villeneuve-d'Ascq,France,True,2016,6,15,2,828.0,852.0,Moscow,Bratislava,"Moscow, Russia","Bratislava, Slovakia","Villeneuve-d'Ascq, France",55.625578,37.6063916,48.1516988,17.1093063,50.6193174,3.1314002,2340.5698190668218,1046.542671297163,6.891,6.909,6,11,15,8,1,1,1,1,0.2857,0.5789,0.5,0.5,6.855,6.8,11,19,10,10,1,0,2,1,0.5238,0.6552,0.3333,0.0,35,45,22.8,10.6,2.6,18.3,19.9,14.8,9.5,18.4,17.2,10.8,4.2,13.6,5.600000000000001,0.20000000000000107,2.9000000000000012,2.6999999999999993,4.0,3.3499999999999996
2016-06-16,Germany,Poland,EURO,Saint-Denis,France,True,2016,6,16,0,1310.0,842.0,Berlin,Warsaw,"Berlin, Germany","Warsaw, Poland","Saint-Denis, France",52.5173885,13.3951309,52.2319581,21.0067249,48.9383732,2.3627508,871.3162916109967,1361.9813664353608,7.545,7.427,16,6,5,7,2,1,0,0,0.7619,0.4615,1.0,1.0,7.109,7.491,17,11,2,6,1,2,0,0,0.8947,0.6471,1.0,1.0,12,36,22.3,11.7,1.7,12.2,25.4,15.2,1.3,17.6,19.1,10.4,7.7,9.3,3.1999999999999993,1.299999999999999,2.249999999999999,6.299999999999997,4.799999999999999,5.549999999999998
2016-06-16,Ukraine,Northern Ireland,EURO,Lyon,France,True,2016,6,16,2,894.0,851.0,Kyiv,Belfast,"Kyiv, Ukraine","Belfast, Northern Ireland","Lyon, France",50.4500336,30.5241361,54.596391,-5.9301829,45.7578137,4.8320114,1966.7599162539386,1243.398463769809,6.655,6.891,5,15,16,10,0,0,2,1,0.2381,0.6,0.0,0.0,6.818,7.164,2,13,17,20,0,0,1,3,0.1053,0.3939,0.0,0.0,33,70,24.7,14.6,1.0,11.5,13.2,12.0,1.3,17.9,20.3,12.5,11.6,6.6,4.399999999999999,2.0999999999999996,3.249999999999999,7.100000000000001,0.5,3.8000000000000007
2016-06-17,Italy,Sweden,EURO,Toulouse,France,True,2016,6,17,1,982.0,735.0,Rome,Stockholm,"Rome, Italy","Stockholm, Sweden","Toulouse, France",41.8933203,12.4829321,59.3251172,18.0710935,43.6044638,1.4442433,920.4745773897635,2080.5792886278364,7.309,6.864,11,8,14,13,2,0,0,1,0.44,0.381,1.0,0.0,6.736,7.264,7,9,8,21,1,2,1,0,0.4667,0.3,0.5,1.0,15,37,24.2,18.4,0.0,13.2,19.8,12.5,0.9,13.1,20.3,12.1,2.3,17.6,3.8999999999999986,6.299999999999999,5.099999999999999,0.5,0.40000000000000036,0.4500000000000002
2016-06-17,Spain,Turkey,EURO,Nice,France,True,2016,6,17,1,1267.0,919.0,Madrid,Ankara,"Madrid, Spain","Ankara, Turkey","Nice, France",40.416782,-3.703507,39.9207759,32.8540497,43.7009358,7.2683912,975.6805388368293,2152.7296911242233,7.391,7.518,17,9,6,3,1,3,0,0,0.7391,0.75,1.0,1.0,6.773,7.373,7,15,19,4,0,1,1,0,0.2692,0.7895,0.0,1.0,1,27,21.2,10.5,0.0,14.1,28.4,15.3,0.0,16.6,24.0,15.7,0.0,23.5,2.8000000000000007,5.199999999999999,4.0,4.399999999999999,0.3999999999999986,2.3999999999999986
2016-06-17,Czech Republic,Croatia,EURO,Saint-Étienne,France,True,2016,6,17,0,815.0,842.0,Prague,Zagreb,"Prague, Czech Republic","Zagreb, Croatia","Saint-Étienne, France",50.0874654,14.4212535,45.8130967,15.9772795,45.4401467,4.3873058,909.5520662892288,901.4219812501724,6.882,7.09,6,10,17,8,0,0,1,0,0.2609,0.5556,0.0,0.5,7.345,6.773,19,9,7,8,1,1,0,3,0.7308,0.5294,1.0,0.25,48,13,19.4,14.8,4.7,29.0,26.3,18.5,0.1,23.8,17.9,10.7,1.3,12.8,1.5,4.100000000000001,2.8000000000000007,8.400000000000002,7.800000000000001,8.100000000000001
2016-06-18,Portugal,Austria,EURO,Lyon,France,True,2016,6,18,0,1181.0,1077.0,Lisbon,Vienna,"Lisbon, Portugal","Vienna, Austria","Lyon, France",38.7077507,-9.1365919,48.2083537,16.3725042,45.7578137,4.8320114,1388.6663696502794,915.8339901704206,7.0,7.045,24,16,3,16,1,2,1,1,0.8889,0.5,0.5,0.6667,6.7,7.864,12,27,13,1,0,4,2,0,0.48,0.9643,0.0,1.0,7,23,23.6,15.7,0.0,33.0,23.5,12.8,0.0,9.9,18.4,12.7,1.8,16.2,5.200000000000003,3.0,4.100000000000001,5.100000000000001,0.10000000000000142,2.6000000000000014
2016-06-18,Belgium,Republic of Ireland,EURO,Bordeaux,France,True,2016,6,18,1,1384.0,768.0,Brussels,Dublin,"Brussels, Belgium","Dublin, Republic of Ireland","Bordeaux, France",50.8467372,4.352493,53.3493795,-6.2605593,44.841225,-0.5800364,762.110575885781,1031.722320293369,7.0,6.809,14,8,11,9,0,0,2,1,0.56,0.4706,0.0,0.0,6.882,6.727,8,8,7,17,1,0,1,2,0.5333,0.32,0.5,0.0,8,55,16.9,11.5,6.8,20.6,17.4,9.8,0.2,15.8,18.9,11.9,1.3,18.8,2.0,0.40000000000000036,1.2000000000000002,1.5,2.0999999999999996,1.7999999999999998
2016-06-19,Romania,Albania,EURO,Lyon,France,True,2016,6,19,2,878.0,667.0,Bucharest,Tirana,"Bucharest, Romania","Tirana, Albania","Lyon, France",44.4361414,26.102684,41.3281482,19.8184435,45.7578137,4.8320114,1671.0960131852285,1301.927143727913,6.864,6.591,12,10,17,12,1,1,1,2,0.4138,0.4545,0.5,0.3333,6.564,6.691,8,5,18,13,0,0,2,1,0.3077,0.2778,0.0,0.0,52,67,29.8,20.1,0.0,24.5,28.3,19.3,0.1,11.0,18.6,13.0,1.9,21.1,11.2,7.100000000000001,9.15,9.7,6.300000000000001,8.0
2016-06-19,France,Switzerland,EURO,Villeneuve-d'Ascq,France,False,2016,6,19,0,925.0,948.0,Paris,Bern,"Paris, France","Bern, Switzerland","Villeneuve-d'Ascq, France",48.8534951,2.3483915,46.9484742,7.4521749,50.6193174,3.1314002,204.25149814704514,516.3624137450132,7.382,7.073,18,12,8,10,2,2,0,1,0.6923,0.5455,1.0,0.6667,7.045,7.318,17,13,12,5,1,1,1,0,0.5862,0.7222,0.5,1.0,3,14,19.6,12.7,0.9,8.7,15.5,9.6,14.6,7.1,19.1,8.8,0.1,7.9,0.5,3.8999999999999986,2.1999999999999993,3.6000000000000014,0.7999999999999989,2.2
2016-06-20,Slovakia,England,EURO,Saint-Étienne,France,True,2016,6,20,0,852.0,1069.0,Bratislava,London,"Bratislava, Slovakia","London, England","Saint-Étienne, France",48.1516988,17.1093063,51.5074456,-0.1277653,45.4401467,4.3873058,1012.9073714160186,751.9364583902827,7.036,6.855,9,11,11,10,2,1,1,2,0.45,0.5238,0.6667,0.3333,6.827,7.136,15,15,7,6,2,1,1,1,0.6818,0.7143,0.6667,0.5,45,4,21.9,16.2,7.6,16.1,20.2,14.4,15.7,25.5,18.8,9.9,0.2,16.1,3.099999999999998,6.299999999999999,4.699999999999998,1.3999999999999986,4.5,2.9499999999999993
2016-06-20,Russia,Wales,EURO,Toulouse,France,True,2016,6,20,2,828.0,846.0,Moscow,Cardiff,"Moscow, Russia","Cardiff, Wales","Toulouse, France",55.625578,37.6063916,51.4816546,-3.1791934,43.6044638,1.4442433,2883.5783730743024,941.6667604020713,6.655,6.891,11,6,9,15,1,1,2,1,0.55,0.2857,0.3333,0.5,6.891,6.909,7,10,15,11,1,2,2,1,0.3182,0.4762,0.3333,0.6667,35,38,25.6,15.3,0.0,10.5,18.1,14.0,9.0,24.5,23.0,12.7,0.0,12.6,2.6000000000000014,2.6000000000000014,2.6000000000000014,4.899999999999999,1.3000000000000007,3.0999999999999996
2016-06-21,Northern Ireland,Germany,EURO,Paris,France,True,2016,6,21,2,851.0,1310.0,Belfast,Berlin,"Belfast, Northern Ireland","Berlin, Germany","Paris, France",54.596391,-5.9301829,52.5173885,13.3951309,48.8534951,2.3483915,854.983392634076,877.1539784325846,7.064,6.818,12,2,14,17,2,0,0,1,0.4615,0.1053,1.0,0.0,7.236,7.545,15,16,7,5,0,2,0,0,0.6818,0.7619,0.5,1.0,70,12,17.9,12.6,0.4,21.1,22.8,15.6,1.6,17.7,21.8,15.3,1.4,15.3,3.900000000000002,2.700000000000001,3.3000000000000016,1.0,0.29999999999999893,0.6499999999999995
2016-06-21,Ukraine,Poland,EURO,Marseille,France,True,2016,6,21,2,894.0,842.0,Kyiv,Warsaw,"Kyiv, Ukraine","Warsaw, Poland","Marseille, France",50.4500336,30.5241361,52.2319581,21.0067249,43.2963986,5.3777888,2057.707776354045,1527.8512274084148,6.745,6.655,14,5,12,16,0,0,2,2,0.5385,0.2381,0.0,0.0,7.036,7.109,7,17,15,2,0,1,0,0,0.3182,0.8947,0.5,1.0,33,36,31.9,21.1,0.0,20.5,23.9,13.5,0.0,12.4,25.4,19.0,0.0,14.7,6.5,2.1000000000000014,4.300000000000001,1.5,5.5,3.5
2016-06-21,Croatia,Spain,EURO,Bordeaux,France,True,2016,6,21,1,842.0,1267.0,Zagreb,Madrid,"Zagreb, Croatia","Madrid, Spain","Bordeaux, France",45.8130967,15.9772795,40.416782,-3.703507,44.841225,-0.5800364,1296.5545466531576,554.2717807883051,7.055,7.345,16,19,4,7,2,1,2,0,0.8,0.7308,0.5,1.0,7.436,7.391,16,17,5,6,3,1,0,0,0.7619,0.7391,1.0,1.0,13,1,25.5,14.8,0.1,6.7,33.3,17.6,0.0,8.7,27.7,12.9,0.0,8.8,2.1999999999999993,1.9000000000000004,2.05,5.599999999999998,4.700000000000001,5.1499999999999995
2016-06-21,Czech Republic,Turkey,EURO,Lens,France,True,2016,6,21,2,815.0,919.0,Prague,Ankara,"Prague, Czech Republic","Ankara, Turkey","Lens, France",50.0874654,14.4212535,39.9207759,32.8540497,50.4291723,2.8319805,823.9194521543316,2603.1676667320994,6.491,6.882,4,6,16,17,2,0,2,1,0.2,0.2609,0.5,0.0,6.518,6.773,5,7,16,19,0,0,3,1,0.2381,0.2692,0.0,0.0,48,27,21.5,15.0,0.0,15.4,32.6,17.1,0.0,17.9,19.0,15.3,2.9,15.4,2.5,0.3000000000000007,1.4000000000000004,13.600000000000001,1.8000000000000007,7.700000000000001
2016-06-22,Italy,Republic of Ireland,EURO,Villeneuve-d'Ascq,France,True,2016,6,22,2,982.0,768.0,Rome,Dublin,"Rome, Italy","Dublin, Republic of Ireland","Villeneuve-d'Ascq, France",41.8933203,12.4829321,53.3493795,-6.2605593,50.6193174,3.1314002,1205.6180816206995,710.4940706712747,7.009,7.309,8,11,3,14,1,2,0,0,0.7273,0.44,1.0,1.0,6.445,6.882,7,8,14,7,0,1,3,1,0.3333,0.5333,0.0,0.5,15,55,28.9,16.5,0.0,10.1,18.7,12.6,0.6,17.3,25.7,14.0,0.2,13.8,3.1999999999999993,2.5,2.8499999999999996,7.0,1.4000000000000004,4.2
2016-06-22,Hungary,Portugal,EURO,Lyon,France,True,2016,6,22,0,886.0,1181.0,Budapest,Lisbon,"Budapest, Hungary","Lisbon, Portugal","Lyon, France",47.4813896,19.1457723,38.7077507,-9.1365919,45.7578137,4.8320114,1108.1976662878387,1388.6663696502794,6.818,7.264,10,13,7,12,1,2,1,0,0.5882,0.52,0.5,1.0,7.073,7.0,22,24,4,3,0,1,0,1,0.8462,0.8889,0.5,0.5,39,7,29.3,17.0,0.0,10.0,27.5,19.3,0.0,19.3,28.9,15.6,0.0,9.2,0.40000000000000213,1.4000000000000004,0.9000000000000012,1.3999999999999986,3.700000000000001,2.55
2016-06-22,Iceland,Austria,EURO,Saint-Denis,France,True,2016,6,22,1,751.0,1077.0,Reykjavik,Vienna,"Reykjavik, Iceland","Vienna, Austria","Saint-Denis, France",64.145981,-21.9422367,48.2083537,16.3725042,48.9383732,2.3627508,2225.7522325515642,1032.4590695112324,6.736,7.018,7,3,10,24,1,1,1,1,0.4118,0.1111,0.5,0.5,6.991,6.7,4,12,22,13,0,0,0,2,0.1538,0.48,0.5,0.0,74,23,16.4,8.5,0.0,14.2,27.3,14.1,0.0,6.4,27.7,16.6,0.8,12.6,11.3,8.100000000000001,9.700000000000001,0.3999999999999986,2.5000000000000018,1.4500000000000002
2016-06-22,Sweden,Belgium,EURO,Nice,France,True,2016,6,22,2,735.0,1384.0,Stockholm,Brussels,"Stockholm, Sweden","Brussels, Belgium","Nice, France",59.3251172,18.0710935,50.8467372,4.352493,43.7009358,7.2683912,1885.7755381509958,824.2930194992972,6.764,6.736,3,7,8,8,0,1,1,1,0.2727,0.4667,0.0,0.5,7.4,7.0,14,14,7,11,3,0,0,2,0.6667,0.56,1.0,0.0,37,8,22.1,13.8,1.0,14.5,25.7,15.0,0.7,12.0,27.4,18.5,0.0,9.4,5.299999999999997,4.699999999999999,4.999999999999998,1.6999999999999993,3.5,2.5999999999999996
2016-06-25,Wales,Northern Ireland,EURO,Paris,France,True,2016,6,25,1,846.0,851.0,Cardiff,Belfast,"Cardiff, Wales","Belfast, Northern Ireland","Paris, France",51.4816546,-3.1791934,54.596391,-5.9301829,48.8534951,2.3483915,490.0923168267086,854.983392634076,7.845,6.891,19,7,12,15,3,1,0,2,0.6129,0.3182,1.0,0.3333,6.8,7.064,2,12,27,14,0,2,1,0,0.069,0.4615,0.0,1.0,38,70,17.9,11.7,2.8,24.4,15.8,11.5,1.0,23.5,19.8,14.6,1.1,16.3,1.9000000000000021,2.9000000000000004,2.4000000000000012,4.0,3.0999999999999996,3.55
2016-06-25,Switzerland,Poland,EURO,Saint-Étienne,France,True,2016,6,25,0,948.0,842.0,Bern,Warsaw,"Bern, Switzerland","Warsaw, Poland","Saint-Étienne, France",46.9484742,7.4521749,52.2319581,21.0067249,45.4401467,4.3873058,289.4135149980314,1426.7130364549819,7.018,7.045,6,17,11,12,0,1,0,1,0.3529,0.5862,0.5,0.5,7.073,7.036,8,7,19,15,1,0,0,0,0.2963,0.3182,1.0,0.5,14,36,21.5,14.5,9.9,15.3,33.7,21.5,0.3,15.5,21.7,16.5,5.4,13.5,0.1999999999999993,2.0,1.0999999999999996,12.000000000000004,5.0,8.500000000000002
2016-06-25,Croatia,Portugal,EURO,Lens,France,True,2016,6,25,2,842.0,1181.0,Zagreb,Lisbon,"Zagreb, Croatia","Lisbon, Portugal","Lens, France",45.8130967,15.9772795,38.7077507,-9.1365919,50.4291723,2.8319805,1100.3726157591477,1607.4090026698484,7.164,7.055,13,16,14,4,2,2,1,2,0.4815,0.8,0.6667,0.5,6.864,7.073,20,22,9,4,3,0,3,0,0.6897,0.8462,0.5,0.5,13,7,31.2,20.4,4.1,9.4,23.1,17.3,0.0,30.8,18.5,12.8,0.2,21.0,12.7,7.599999999999998,10.149999999999999,4.600000000000001,4.5,4.550000000000001
2016-06-26,France,Republic of Ireland,EURO,Lyon,France,False,2016,6,26,1,925.0,768.0,Paris,Dublin,"Paris, France","Dublin, Republic of Ireland","Lyon, France",48.8534951,2.3483915,53.3493795,-6.2605593,45.7578137,4.8320114,391.812013689019,1160.5578220153386,7.164,7.382,11,18,6,8,0,2,0,0,0.6471,0.6923,0.5,1.0,6.9,6.445,9,7,3,14,1,0,0,3,0.75,0.3333,1.0,0.0,3,55,19.3,11.6,1.9,16.1,17.8,12.4,5.5,22.1,21.0,14.6,0.0,15.5,1.6999999999999993,3.0,2.3499999999999996,3.1999999999999993,2.1999999999999993,2.6999999999999993
2016-06-26,Hungary,Belgium,EURO,Toulouse,France,True,2016,6,26,2,886.0,1384.0,Budapest,Brussels,"Budapest, Hungary","Brussels, Belgium","Toulouse, France",47.4813896,19.1457723,50.8467372,4.352493,43.6044638,1.4442433,1440.682877837192,834.5355194555631,6.655,6.818,9,10,20,7,3,1,3,1,0.3103,0.5882,0.5,0.5,7.282,7.4,18,14,12,7,1,3,0,0,0.6,0.6667,1.0,1.0,39,8,27.7,21.2,1.4,11.7,18.3,12.1,6.5,22.3,23.5,15.2,0.0,16.8,4.199999999999999,6.0,5.1,5.199999999999999,3.0999999999999996,4.1499999999999995
2016-06-26,Germany,Slovakia,EURO,Villeneuve-d'Ascq,France,True,2016,6,26,1,1310.0,852.0,Berlin,Bratislava,"Berlin, Germany","Bratislava, Slovakia","Villeneuve-d'Ascq, France",52.5173885,13.3951309,48.1516988,17.1093063,50.6193174,3.1314002,739.3871294940336,1046.542671297163,7.318,7.236,27,15,2,7,1,0,0,0,0.931,0.6818,1.0,0.5,7.091,7.036,4,9,21,11,0,2,0,1,0.16,0.45,0.5,0.6667,12,45,23.2,15.6,0.2,21.6,25.0,18.9,7.1,18.4,18.2,12.4,6.4,19.4,5.0,3.1999999999999993,4.1,6.800000000000001,6.499999999999998,6.6499999999999995
2016-06-27,England,Iceland,EURO,Nice,France,True,2016,6,27,2,1069.0,751.0,London,Reykjavik,"London, England","Reykjavik, Iceland","Nice, France",51.5074456,-0.1277653,64.145981,-21.9422367,43.7009358,7.2683912,1028.864214472421,2918.2476274555825,7.218,6.827,21,15,4,7,0,2,0,1,0.84,0.6818,0.5,0.6667,6.918,6.736,9,7,16,10,2,1,1,1,0.36,0.4118,0.6667,0.5,4,74,18.5,14.5,1.0,17.1,13.1,8.5,4.2,15.4,25.7,20.5,6.3,7.2,7.199999999999999,6.0,6.6,12.6,12.0,12.3
2016-06-27,Italy,Spain,EURO,Saint-Denis,France,True,2016,6,27,1,982.0,1267.0,Rome,Madrid,"Rome, Italy","Madrid, Spain","Saint-Denis, France",41.8933203,12.4829321,40.416782,-3.703507,48.9383732,2.3627508,1110.6794385124665,1061.2019161035964,6.755,7.009,3,8,9,3,0,1,1,0,0.25,0.7273,0.0,1.0,6.8,7.436,14,16,13,5,1,3,2,0,0.5185,0.7619,0.3333,1.0,15,1,27.9,20.8,0.0,19.7,32.1,18.1,0.0,16.5,20.0,12.6,1.1,19.6,7.899999999999999,8.200000000000001,8.05,12.100000000000001,5.500000000000002,8.8
2016-06-30,Poland,Portugal,EURO,Marseille,France,True,2016,6,30,0,842.0,1181.0,Warsaw,Lisbon,"Warsaw, Poland","Lisbon, Portugal","Marseille, France",52.2319581,21.0067249,38.7077507,-9.1365919,43.2963986,5.3777888,1527.8512274084148,1318.2804160611965,7.518,7.073,20,8,25,19,6,1,5,0,0.4444,0.2963,0.5455,1.0,6.818,6.864,4,20,16,9,1,3,0,3,0.2,0.6897,1.0,0.5,36,7,28.5,15.7,0.0,11.1,23.3,16.7,0.0,26.9,27.9,19.4,0.0,15.3,0.6000000000000014,3.6999999999999993,2.1500000000000004,4.599999999999998,2.6999999999999993,3.6499999999999986
2016-07-01,Wales,Belgium,EURO,Villeneuve-d'Ascq,France,True,2016,7,1,1,846.0,1384.0,Cardiff,Brussels,"Cardiff, Wales","Brussels, Belgium","Villeneuve-d'Ascq, France",51.4816546,-3.1791934,50.8467372,4.352493,50.6193174,3.1314002,451.2640816831624,89.5815095533743,6.927,7.845,7,19,5,12,1,3,0,0,0.5833,0.6129,1.0,1.0,7.709,7.282,22,18,14,12,4,1,0,0,0.6111,0.6,1.0,1.0,38,8,15.5,11.8,0.5,33.0,19.7,16.5,1.3,22.2,19.2,14.7,2.6,22.2,3.6999999999999993,2.8999999999999986,3.299999999999999,0.5,1.8000000000000007,1.1500000000000004
2016-07-02,Germany,Italy,EURO,Bordeaux,France,True,2016,7,2,0,1310.0,982.0,Berlin,Rome,"Berlin, Germany","Rome, Italy","Bordeaux, France",52.5173885,13.3951309,41.8933203,12.4829321,44.841225,-0.5800364,1330.6673344861651,1104.211366599201,7.4,7.318,20,27,6,2,3,1,0,0,0.7692,0.931,1.0,1.0,7.236,6.755,10,3,11,9,2,0,0,1,0.4762,0.25,1.0,0.0,12,15,23.7,15.1,5.5,22.2,31.5,19.8,0.0,14.7,21.4,16.5,0.0,14.2,2.3000000000000007,1.4000000000000004,1.8500000000000005,10.100000000000001,3.3000000000000007,6.700000000000001
2016-07-03,France,Iceland,EURO,Saint-Denis,France,False,2016,7,3,1,925.0,751.0,Paris,Reykjavik,"Paris, France","Reykjavik, Iceland","Saint-Denis, France",48.8534951,2.3483915,64.145981,-21.9422367,48.9383732,2.3627508,9.49620913904563,2225.7522325515642,7.327,7.164,20,11,5,6,2,0,1,0,0.8,0.6471,0.6667,0.5,6.955,6.918,8,9,16,16,2,2,1,1,0.3333,0.36,0.6667,0.6667,3,74,15.9,13.0,1.0,12.3,16.0,7.0,0.0,20.9,15.9,12.8,0.2,12.1,0.0,0.1999999999999993,0.09999999999999964,0.09999999999999964,5.800000000000001,2.95
2016-07-06,Portugal,Wales,EURO,Lyon,France,True,2016,7,6,1,1181.0,846.0,Lisbon,Cardiff,"Lisbon, Portugal","Cardiff, Wales","Lyon, France",38.7077507,-9.1365919,51.4816546,-3.1791934,45.7578137,4.8320114,1388.6663696502794,866.1004375688245,7.464,6.818,18,4,12,16,6,1,4,0,0.6,0.2,0.6,1.0,7.145,6.927,14,7,13,5,3,1,1,0,0.5185,0.5833,0.75,1.0,7,38,26.4,19.0,0.0,13.4,17.5,10.4,0.1,11.8,23.8,15.9,0.0,13.3,2.599999999999998,3.0999999999999996,2.8499999999999988,6.300000000000001,5.5,5.9
2016-07-07,France,Germany,EURO,Marseille,France,False,2016,7,7,1,925.0,1310.0,Paris,Berlin,"Paris, France","Berlin, Germany","Marseille, France",48.8534951,2.3483915,52.5173885,13.3951309,43.2963986,5.3777888,660.4885728122214,1185.1109414003358,7.527,7.327,13,20,8,5,5,2,2,1,0.619,0.8,0.7143,0.6667,7.509,7.4,10,20,10,6,7,3,6,0,0.5,0.7692,0.5385,1.0,3,12,25.3,11.9,0.0,9.4,21.0,12.0,0.0,20.7,30.3,20.0,0.0,18.7,5.0,8.1,6.55,9.3,8.0,8.65
2016-07-10,France,Portugal,EURO,Saint-Denis,France,False,2016,7,10,2,925.0,1181.0,Paris,Lisbon,"Paris, France","Lisbon, Portugal","Saint-Denis, France",48.8534951,2.3483915,38.7077507,-9.1365919,48.9383732,2.3627508,9.49620913904563,1461.2644328855904,7.109,7.527,15,13,16,8,2,5,0,2,0.4839,0.619,1.0,0.7143,7.182,7.464,18,18,8,12,2,6,0,4,0.6923,0.6,1.0,0.6,3,7,27.5,15.5,0.0,19.7,25.9,19.1,0.0,32.8,27.6,15.6,0.0,18.7,0.10000000000000142,0.09999999999999964,0.10000000000000053,1.7000000000000028,3.5000000000000018,2.6000000000000023
2017-01-15,Tunisia,Senegal,AFCON,Franceville,Gabon,True,2017,1,15,2,713.0,743.0,Tunis,Dakar,"Tunis, Tunisia","Dakar, Senegal","Franceville, Gabon",36.8002068,10.1857757,14.693425,-17.447938,-1.6343979,13.5894808,4288.183186362051,3868.591404319998,6.636,6.845,10,3,8,22,0,1,1,3,0.5556,0.12,0.0,0.25,7.0,7.464,8,26,8,12,0,2,1,1,0.5,0.6842,0.0,0.6667,57,18,9.4,5.3,3.5,31.7,24.3,18.9,0.0,21.2,31.7,22.3,3.3,8.0,22.299999999999997,17.0,19.65,7.399999999999999,3.400000000000002,5.4
2017-01-16,Ivory Coast,Togo,AFCON,Oyem,Gabon,True,2017,1,16,0,733.0,386.0,Yamoussoukro,Lomé,"Yamoussoukro, Ivory Coast","Lomé, Togo","Oyem, Gabon",6.8200066,-5.2776034,6.130419,1.215829,1.5997904,11.5751003,1956.2841737306499,1254.5611270283168,6.927,6.745,7,9,16,13,9,1,8,2,0.3043,0.4091,0.5294,0.3333,6.955,7.009,11,11,22,15,0,0,2,2,0.3333,0.4231,0.0,0.0,31,119,34.9,21.7,0.0,12.6,31.1,24.0,0.6,16.8,27.6,20.9,0.6,9.0,7.299999999999997,0.8000000000000007,4.049999999999999,3.5,3.1000000000000014,3.3000000000000007
2017-01-19,Algeria,Tunisia,AFCON,Franceville,Gabon,True,2017,1,19,2,687.0,713.0,Algiers,Tunis,"Algiers, Algeria","Tunis, Tunisia","Franceville, Gabon",36.7729333,3.0588445,36.8002068,10.1857757,-1.6343979,13.5894808,4407.16577787761,4288.183186362051,7.1,7.155,21,8,10,20,2,1,2,2,0.6774,0.2857,0.5,0.3333,6.536,6.636,15,10,7,8,0,0,2,1,0.6818,0.5556,0.0,0.0,29,57,12.5,3.4,2.5,22.7,13.8,4.2,0.0,10.5,30.7,21.7,6.3,7.7,18.2,18.3,18.25,16.9,17.5,17.2
2017-01-20,Morocco,Togo,AFCON,Oyem,Gabon,True,2017,1,20,1,587.0,386.0,Rabat,Lomé,"Rabat, Morocco","Lomé, Togo","Oyem, Gabon",34.0218454,-6.8408929,6.130419,1.215829,1.5997904,11.5751003,4081.7423319837008,1254.5611270283168,6.691,7.627,11,14,4,21,0,3,1,0,0.7333,0.4,0.0,1.0,6.891,6.955,8,11,10,22,0,0,0,2,0.4444,0.3333,0.5,0.0,6,119,12.2,6.2,10.6,24.7,31.3,25.9,0.3,16.9,30.7,20.1,6.0,10.6,18.5,13.900000000000002,16.200000000000003,0.6000000000000014,5.799999999999997,3.1999999999999993
2017-01-22,Gabon,Cameroon,AFCON,Libreville,Gabon,False,2017,1,22,0,313.0,552.0,Libreville,Yaoundé,"Libreville, Gabon","Yaoundé, Cameroon","Libreville, Gabon",0.4086518,9.4418849,3.8689867,11.5213344,0.4086518,9.4418849,0.0,448.80187520004256,6.709,6.7,11,7,6,8,1,1,1,1,0.6471,0.4667,0.5,0.5,6.8,6.845,13,14,5,15,2,1,1,1,0.7222,0.4828,0.6667,0.5,84,43,28.6,23.5,22.5,11.6,26.2,20.9,12.0,16.5,28.6,23.5,22.5,11.6,0.0,0.0,0.0,2.400000000000002,2.6000000000000014,2.5000000000000018
2017-01-22,Guinea-Bissau,Burkina Faso,AFCON,Franceville,Gabon,True,2017,1,22,2,515.0,611.0,Bissau,Ouagadougou,"Bissau, Guinea-Bissau","Ouagadougou, Burkina Faso","Franceville, Gabon",11.861324,-15.583055,12.3681873,-1.5270944,-1.6343979,13.5894808,3555.1831698740516,2282.646905793038,6.873,7.064,5,8,13,7,1,1,2,1,0.2778,0.5333,0.3333,0.5,6.682,6.891,6,15,11,14,1,1,1,1,0.3529,0.5172,0.5,0.5,132,62,32.4,21.7,0.0,19.1,33.7,20.2,0.0,15.4,29.4,22.6,7.0,8.9,3.0,0.9000000000000021,1.950000000000001,4.300000000000004,2.400000000000002,3.350000000000003
2017-01-23,Zimbabwe,Tunisia,AFCON,Libreville,Gabon,True,2017,1,23,2,330.0,713.0,Harare,Tunis,"Harare, Zimbabwe","Tunis, Tunisia","Libreville, Gabon",-17.8567035,31.0601584,36.8002068,10.1857757,0.4086518,9.4418849,3117.297817267955,4047.280910195544,6.736,6.736,12,10,21,21,0,2,2,2,0.3636,0.3226,0.0,0.5,6.864,6.536,12,15,4,7,2,0,1,2,0.75,0.6818,0.6667,0.0,130,57,23.4,15.6,0.8,22.4,15.6,5.2,0.5,12.9,28.3,23.7,28.6,10.4,4.900000000000002,8.1,6.500000000000001,12.700000000000001,18.5,15.600000000000001
2017-01-23,Senegal,Algeria,AFCON,Franceville,Gabon,True,2017,1,23,0,743.0,687.0,Dakar,Algiers,"Dakar, Senegal","Algiers, Algeria","Franceville, Gabon",14.693425,-17.447938,36.7729333,3.0588445,-1.6343979,13.5894808,3868.591404319998,4407.16577787761,7.445,7.2,21,7,12,15,2,2,0,0,0.6364,0.3182,1.0,1.0,6.555,7.1,4,21,12,10,1,2,2,2,0.25,0.6774,0.3333,0.5,18,29,25.1,19.0,0.0,33.9,12.3,7.7,22.3,19.8,25.9,21.0,4.3,9.2,0.7999999999999972,2.0,1.3999999999999986,13.599999999999998,13.3,13.45
2017-01-24,Togo,DR Congo,AFCON,Port-Gentil,Gabon,True,2017,1,24,2,386.0,630.0,Lomé,Kinshasa,"Lomé, Togo","Kinshasa, DR Congo","Port-Gentil, Gabon",6.130419,1.215829,-4.3196982,15.3424196,-0.7151966,8.7787919,1133.2320730506162,831.9295439551867,6.582,6.891,11,8,13,10,1,0,3,0,0.4583,0.4444,0.25,0.5,6.864,7.0,6,4,10,11,2,1,2,0,0.375,0.2667,0.5,1.0,119,41,31.4,25.8,0.0,18.1,29.7,22.7,5.6,8.6,28.5,25.5,2.7,17.4,2.8999999999999986,0.3000000000000007,1.5999999999999996,1.1999999999999993,2.8000000000000007,2.0
2017-01-24,Morocco,Ivory Coast,AFCON,Oyem,Gabon,True,2017,1,24,1,587.0,733.0,Rabat,Yamoussoukro,"Rabat, Morocco","Yamoussoukro, Ivory Coast","Oyem, Gabon",34.0218454,-6.8408929,6.8200066,-5.2776034,1.5997904,11.5751003,4081.7423319837008,1956.2841737306499,6.909,6.691,13,11,11,4,3,0,1,1,0.5417,0.7333,0.75,0.0,6.764,7.018,10,10,6,8,2,0,2,0,0.625,0.5556,0.5,0.5,6,31,14.9,8.9,0.0,13.5,34.6,22.4,0.0,10.7,30.1,19.6,0.6,11.6,15.200000000000001,10.700000000000001,12.950000000000001,4.5,2.799999999999997,3.6499999999999986
2017-01-25,Egypt,Ghana,AFCON,Port-Gentil,Gabon,True,2017,1,25,1,726.0,610.0,Cairo,Accra,"Cairo, Egypt","Accra, Ghana","Port-Gentil, Gabon",30.0443879,31.2357257,5.5571096,-0.2012376,-0.7151966,8.7787919,4166.368951622067,1216.8490161428783,7.0,6.809,10,7,2,13,1,0,0,0,0.8333,0.35,1.0,0.5,7.182,7.127,7,10,10,12,1,1,0,0,0.4118,0.4545,1.0,1.0,24,65,20.9,13.4,2.1,11.5,31.4,24.1,0.0,19.1,28.4,25.2,6.2,13.7,7.5,11.799999999999999,9.649999999999999,3.0,1.0999999999999979,2.049999999999999
2017-01-25,Uganda,Mali,AFCON,Oyem,Gabon,True,2017,1,25,0,476.0,544.0,Kampala,Bamako,"Kampala, Uganda","Bamako, Mali","Oyem, Gabon",0.3177137,32.5813539,12.6132656,-7.9847391,1.5997904,11.5751003,2339.756343716023,2478.3106079067297,6.527,6.745,2,12,10,10,0,0,1,1,0.1667,0.5455,0.0,0.0,6.664,6.991,10,13,7,7,0,0,1,0,0.5882,0.65,0.0,0.5,89,53,30.0,15.8,0.0,15.1,31.1,16.4,0.0,13.6,30.1,19.4,10.8,11.6,0.10000000000000142,3.599999999999998,1.8499999999999996,1.0,3.0,2.0
2017-01-28,Senegal,Cameroon,AFCON,Franceville,Gabon,True,2017,1,28,0,743.0,552.0,Dakar,Yaoundé,"Dakar, Senegal","Yaoundé, Cameroon","Franceville, Gabon",14.693425,-17.447938,3.8689867,11.5213344,-1.6343979,13.5894808,3868.591404319998,653.6857752747569,6.773,7.445,13,21,10,12,2,2,2,0,0.5652,0.6364,0.5,1.0,6.782,6.8,8,13,6,5,0,2,0,1,0.5714,0.7222,0.5,0.6667,18,43,26.2,19.4,0.0,22.4,30.8,21.0,0.0,16.7,29.8,21.6,24.3,9.4,3.6000000000000014,2.200000000000003,2.900000000000002,1.0,0.6000000000000014,0.8000000000000007
2017-01-28,Burkina Faso,Tunisia,AFCON,Libreville,Gabon,True,2017,1,28,1,611.0,713.0,Ouagadougou,Tunis,"Ouagadougou, Burkina Faso","Tunis, Tunisia","Libreville, Gabon",12.3681873,-1.5270944,36.8002068,10.1857757,0.4086518,9.4418849,1797.807535134206,4047.280910195544,7.127,6.682,6,6,14,11,2,1,0,1,0.3,0.3529,1.0,0.5,6.982,6.864,13,12,7,4,4,2,2,1,0.65,0.75,0.6667,0.6667,62,57,34.6,18.8,0.0,15.0,13.4,7.4,0.0,19.5,29.1,23.8,4.6,9.9,5.5,5.0,5.25,15.700000000000001,16.4,16.05
2017-01-29,DR Congo,Ghana,AFCON,Oyem,Gabon,True,2017,1,29,2,630.0,610.0,Kinshasa,Accra,"Kinshasa, DR Congo","Accra, Ghana","Oyem, Gabon",-4.3196982,15.3424196,5.5571096,-0.2012376,1.5997904,11.5751003,780.0496563034385,1378.7486895728734,7.082,6.864,16,6,5,10,3,2,1,2,0.7619,0.375,0.75,0.5,6.609,7.182,8,7,7,10,0,1,1,0,0.5333,0.4118,0.0,1.0,41,65,28.7,22.9,6.3,13.9,31.4,25.6,0.3,22.9,29.1,20.6,1.9,9.3,0.40000000000000213,2.299999999999997,1.3499999999999996,2.299999999999997,5.0,3.6499999999999986
2017-01-29,Egypt,Morocco,AFCON,Port-Gentil,Gabon,True,2017,1,29,1,726.0,587.0,Cairo,Rabat,"Cairo, Egypt","Rabat, Morocco","Port-Gentil, Gabon",30.0443879,31.2357257,34.0218454,-6.8408929,-0.7151966,8.7787919,4166.368951622067,4192.608205430534,6.973,7.0,7,10,8,2,1,1,0,0,0.4667,0.8333,1.0,1.0,6.936,6.909,7,13,10,11,1,3,0,1,0.4118,0.5417,1.0,0.75,24,6,17.0,10.1,0.0,10.9,16.1,7.9,0.0,17.4,28.9,25.5,0.9,13.7,11.899999999999999,15.4,13.649999999999999,12.799999999999997,17.6,15.2
2017-02-01,Burkina Faso,Egypt,AFCON,Libreville,Gabon,True,2017,2,1,0,611.0,726.0,Ouagadougou,Cairo,"Ouagadougou, Burkina Faso","Cairo, Egypt","Libreville, Gabon",12.3681873,-1.5270944,30.0443879,31.2357257,0.4086518,9.4418849,1797.807535134206,4021.402345475785,7.191,7.127,10,6,9,14,2,2,0,0,0.5263,0.3,1.0,1.0,6.864,6.973,4,7,15,8,1,1,0,0,0.2105,0.4667,1.0,1.0,62,24,36.4,17.9,0.0,12.8,17.8,7.6,0.2,18.0,29.3,23.7,31.2,11.1,7.099999999999998,5.800000000000001,6.449999999999999,11.5,16.1,13.8
2017-02-02,Cameroon,Ghana,AFCON,Franceville,Gabon,True,2017,2,2,1,552.0,610.0,Yaoundé,Accra,"Yaoundé, Cameroon","Accra, Ghana","Franceville, Gabon",3.8689867,11.5213344,5.5571096,-0.2012376,-1.6343979,13.5894808,653.6857752747569,1727.7389514533827,6.855,6.782,9,8,14,6,5,0,4,0,0.3913,0.5714,0.5556,0.5,6.909,6.609,10,8,14,7,2,0,1,1,0.4167,0.5333,0.6667,0.0,43,65,30.8,20.4,0.0,15.3,29.9,23.5,0.0,17.7,29.0,20.4,2.2,8.3,1.8000000000000007,0.0,0.9000000000000004,0.8999999999999986,3.1000000000000014,2.0
2017-02-04,Burkina Faso,Ghana,AFCON,Port-Gentil,Gabon,True,2017,2,4,1,611.0,610.0,Ouagadougou,Accra,"Ouagadougou, Burkina Faso","Accra, Ghana","Port-Gentil, Gabon",12.3681873,-1.5270944,5.5571096,-0.2012376,-0.7151966,8.7787919,1846.6962533075975,1216.8490161428783,7.118,7.191,22,10,5,9,4,2,5,0,0.8148,0.5263,0.4444,1.0,6.809,6.909,11,10,9,14,0,2,2,1,0.55,0.4167,0.0,0.6667,62,65,33.4,22.1,0.0,15.1,30.5,25.0,0.1,11.5,28.9,25.3,4.6,15.4,4.5,3.1999999999999993,3.8499999999999996,1.6000000000000014,0.3000000000000007,0.9500000000000011
2017-02-05,Egypt,Cameroon,AFCON,Libreville,Gabon,True,2017,2,5,2,726.0,552.0,Cairo,Yaoundé,"Cairo, Egypt","Yaoundé, Cameroon","Libreville, Gabon",30.0443879,31.2357257,3.8689867,11.5213344,0.4086518,9.4418849,4021.402345475785,448.80187520004256,6.964,6.864,5,4,22,15,5,1,4,0,0.1852,0.2105,0.5556,1.0,7.1,6.855,9,9,11,14,2,5,0,4,0.45,0.3913,1.0,0.5556,24,43,20.2,8.1,0.0,18.0,32.0,21.0,0.5,15.5,28.4,24.5,7.6,13.0,8.2,16.4,12.299999999999999,3.6000000000000014,3.5,3.5500000000000007
2018-06-14,Russia,Saudi Arabia,FWC,Moscow,Russia,False,2018,6,14,1,457.0,465.0,Moscow,Riyadh,"Moscow, Russia","Riyadh, Saudi Arabia","Moscow, Russia",55.625578,37.6063916,24.638916,46.7160104,55.625578,37.6063916,0.0,3524.8394458422235,6.391,6.655,12,11,19,9,0,1,3,2,0.3871,0.55,0.0,0.3333,7.045,6.809,7,10,11,8,1,1,0,2,0.3889,0.5556,1.0,0.3333,35,58,15.7,8.1,0.0,12.5,40.2,27.1,0.0,31.4,15.7,8.1,0.0,12.5,0.0,0.0,0.0,24.500000000000004,19.0,21.75
2018-06-15,Morocco,Iran,FWC,Saint Petersburg,Russia,True,2018,6,15,2,686.0,708.0,Rabat,Tehran,"Rabat, Morocco","Tehran, Iran","Saint Petersburg, Russia",34.0218454,-6.8408929,35.6892523,51.3896004,59.9606739,30.1586551,3929.821671899499,3098.9657137112267,7.118,7.618,8,20,7,1,2,3,0,0,0.5333,0.9524,1.0,1.0,7.055,6.827,16,6,12,7,2,0,2,0,0.5714,0.4615,0.5,0.5,6,22,23.1,16.0,0.0,13.2,33.9,22.0,0.0,16.4,24.7,12.5,0.1,20.0,1.5999999999999979,3.5,2.549999999999999,9.2,9.5,9.35
2018-06-15,Portugal,Spain,FWC,Sochi,Russia,True,2018,6,15,0,1274.0,1126.0,Lisbon,Madrid,"Lisbon, Portugal","Madrid, Spain","Sochi, Russia",38.7077507,-9.1365919,40.416782,-3.703507,43.5854823,39.723109,4067.6507805970255,3564.7448167655984,7.073,7.2,9,15,5,1,2,2,0,0,0.6429,0.9375,1.0,1.0,7.255,7.591,12,25,8,11,1,3,0,0,0.6,0.6944,1.0,1.0,7,1,22.9,15.4,0.0,26.8,30.2,13.3,0.0,20.6,29.7,21.0,0.0,16.0,6.800000000000001,5.6,6.2,0.5,7.699999999999999,4.1
2018-06-15,Egypt,Uruguay,FWC,Ekaterinburg,Russia,True,2018,6,15,2,649.0,1018.0,Cairo,Montevideo,"Cairo, Egypt","Montevideo, Uruguay","Ekaterinburg, Russia",30.0443879,31.2357257,-34.9058916,-56.1913095,56.8382071,60.6007886,3749.098224145297,14782.294983581603,6.927,7.045,5,16,15,7,1,2,1,1,0.25,0.6957,0.5,0.6667,7.318,7.073,20,12,5,11,4,0,2,0,0.8,0.5217,0.6667,0.5,24,20,40.4,23.9,0.0,13.4,10.5,7.4,8.8,18.9,13.2,7.8,0.8,23.3,27.2,16.099999999999998,21.65,2.6999999999999993,0.39999999999999947,1.5499999999999994
2018-06-16,Croatia,Nigeria,FWC,Kaliningrad,Russia,True,2018,6,16,1,945.0,618.0,Zagreb,Abuja,"Zagreb, Croatia","Abuja, Nigeria","Kaliningrad, Russia",45.8130967,15.9772795,9.0643305,7.4892974,54.710128,20.5105838,1039.9138497687718,5205.011854406871,6.918,7.282,5,17,6,7,0,4,0,1,0.4545,0.7083,0.5,0.8,7.045,6.991,10,11,10,5,1,1,0,1,0.5,0.6875,1.0,0.5,13,26,24.5,16.7,1.0,13.5,28.1,22.5,8.4,10.5,22.5,12.5,0.3,12.1,2.0,4.199999999999999,3.0999999999999996,5.600000000000001,10.0,7.800000000000001
2018-06-16,Argentina,Iceland,FWC,Moscow,Russia,True,2018,6,16,0,1241.0,908.0,Buenos Aires,Reykjavik,"Buenos Aires, Argentina","Reykjavik, Iceland","Moscow, Russia",-34.6095579,-58.3887904,64.145981,-21.9422367,55.625578,37.6063916,13471.607416433777,3316.5736223314907,7.064,7.191,12,21,6,2,3,0,1,0,0.6667,0.913,0.75,0.5,7.227,7.382,10,16,7,9,2,3,0,0,0.5882,0.64,1.0,1.0,2,74,10.0,3.2,0.0,17.4,7.9,5.0,10.8,11.9,21.9,7.9,0.0,11.5,11.899999999999999,4.7,8.299999999999999,13.999999999999998,2.9000000000000004,8.45
2018-06-16,France,Australia,FWC,Kazan,Russia,True,2018,6,16,1,1198.0,718.0,Paris,Canberra,"Paris, France","Canberra, Australia","Kazan, Russia",48.8534951,2.3483915,-35.2975906,149.1012676,55.7946485,49.1115022,3204.3510975765053,13774.92161186958,7.264,7.136,10,10,11,7,2,1,1,0,0.4762,0.5882,0.6667,1.0,6.945,6.909,11,7,6,2,3,0,1,0,0.6471,0.7778,0.75,0.5,3,28,21.7,12.7,0.0,16.6,7.6,3.0,3.7,23.7,19.1,6.4,0.0,20.1,2.599999999999998,6.299999999999999,4.449999999999998,11.500000000000002,3.4000000000000004,7.450000000000001
2018-06-16,Peru,Denmark,FWC,Saransk,Russia,True,2018,6,16,2,1125.0,1051.0,Lima,Copenhagen,"Lima, Peru","Copenhagen, Denmark","Saransk, Russia",-12.0459808,-77.0305912,55.6867243,12.5700724,54.18671,45.18383,13155.922781457424,2070.659812537733,6.982,6.982,7,10,2,3,2,0,0,0,0.7778,0.7692,1.0,0.5,7.091,7.027,15,11,10,6,5,0,1,0,0.6,0.6471,0.8333,0.5,50,21,18.3,14.9,0.1,18.4,19.7,12.5,1.8,23.7,20.3,6.1,0.0,16.6,2.0,8.8,5.4,0.6000000000000014,6.4,3.500000000000001
2018-06-17,Germany,Mexico,FWC,Moscow,Russia,True,2018,6,17,2,1558.0,989.0,Berlin,Mexico City,"Berlin, Germany","Mexico City, Mexico","Moscow, Russia",52.5173885,13.3951309,19.3207722,-99.1514678,55.625578,37.6063916,1608.23172667571,10742.148829420668,7.245,7.236,21,11,6,6,5,3,1,1,0.7778,0.6471,0.8333,0.75,6.9,7.1,14,21,15,7,2,3,3,1,0.4828,0.75,0.4,0.75,12,10,25.5,17.9,0.1,21.3,22.4,13.2,3.5,14.5,24.7,11.6,0.0,13.6,0.8000000000000007,6.299999999999999,3.55,2.3000000000000007,1.5999999999999996,1.9500000000000002
2018-06-17,Costa Rica,Serbia,FWC,Samara,Russia,True,2018,6,17,2,884.0,751.0,San José,Belgrade,"San José, Costa Rica","Belgrade, Serbia","Samara, Russia",9.9327707,-84.0796144,44.8153318,20.4456588,53.1956255,50.1014927,11770.174670502243,2333.7542574831805,6.736,6.818,5,6,13,11,1,1,2,1,0.2778,0.3529,0.3333,0.5,7.145,6.891,16,8,7,19,1,2,0,3,0.6957,0.2963,1.0,0.4,51,40,24.9,16.8,4.2,10.1,24.8,17.5,7.7,12.4,23.8,11.0,0.0,21.4,1.0999999999999979,5.800000000000001,3.4499999999999993,1.0,6.5,3.75
2018-06-17,Brazil,Switzerland,FWC,Rostov-on-Don,Russia,True,2018,6,17,0,1431.0,1199.0,Brasília,Bern,"Brasília, Brazil","Bern, Switzerland","Rostov-on-Don, Russia",-15.7939869,-47.8828,46.9484742,7.4521749,47.2610441,39.7249086,11112.999395804107,2425.278853981832,7.318,7.082,14,19,5,9,3,0,0,0,0.7368,0.6786,1.0,0.5,7.164,7.273,16,16,11,5,0,1,0,0,0.5926,0.7619,0.5,1.0,5,14,24.5,14.2,0.0,14.0,20.4,14.7,2.8,13.7,27.7,20.0,0.0,23.8,3.1999999999999993,5.800000000000001,4.5,7.300000000000001,5.300000000000001,6.300000000000001
2018-06-18,Tunisia,England,FWC,Volgograd,Russia,True,2018,6,18,2,910.0,1051.0,Tunis,London,"Tunis, Tunisia","London, England","Volgograd, Russia",36.8002068,10.1857757,51.5074456,-0.1277653,48.7081906,44.5153353,3065.761787003761,3149.0492381061213,7.182,7.191,18,13,6,6,0,4,0,1,0.75,0.6842,0.5,0.8,7.355,7.282,16,16,8,4,1,1,0,0,0.6667,0.8,1.0,1.0,57,4,28.1,19.0,0.0,26.2,23.5,14.7,0.6,25.2,28.4,14.7,0.0,14.5,0.29999999999999716,4.300000000000001,2.299999999999999,4.899999999999999,0.0,2.4499999999999993
2018-06-18,Belgium,Panama,FWC,Sochi,Russia,True,2018,6,18,1,1298.0,571.0,Brussels,Panama City,"Brussels, Belgium","Panama City, Panama","Sochi, Russia",50.8467372,4.352493,8.9714493,-79.5341802,43.5854823,39.723109,2760.865505707847,11565.89085473877,7.455,7.218,13,19,2,14,4,4,0,3,0.8667,0.5758,1.0,0.5714,6.955,6.491,13,7,5,14,2,0,1,4,0.7222,0.3333,0.6667,0.0,8,44,19.3,14.7,0.4,25.7,29.0,23.9,18.9,14.4,24.8,19.8,9.2,11.0,5.5,5.100000000000001,5.300000000000001,4.199999999999999,4.099999999999998,4.149999999999999
2018-06-18,Sweden,South Korea,FWC,Nizhny Novgorod,Russia,True,2018,6,18,1,880.0,544.0,Stockholm,Seoul,"Stockholm, Sweden","Seoul, South Korea","Nizhny Novgorod, Russia",59.3251172,18.0710935,37.5666791,126.9782914,56.3264816,44.0051395,1560.678291960353,6211.861261841168,6.945,7.018,3,7,23,7,0,1,0,0,0.1154,0.5,0.5,1.0,7.173,6.791,14,7,6,6,0,0,0,0,0.7,0.5385,0.5,0.5,37,32,20.7,10.1,0.0,21.4,27.4,18.0,0.0,13.5,26.3,13.5,0.0,14.5,5.600000000000001,3.4000000000000004,4.500000000000001,1.0999999999999979,4.5,2.799999999999999
2018-06-19,Poland,Senegal,FWC,Moscow,Russia,True,2018,6,19,2,1183.0,838.0,Warsaw,Dakar,"Warsaw, Poland","Dakar, Senegal","Moscow, Russia",52.2319581,21.0067249,14.693425,-17.447938,55.625578,37.6063916,1147.087606857574,6507.305865522725,7.018,7.545,9,12,9,6,4,6,2,1,0.5,0.6667,0.6667,0.8571,7.009,6.918,11,4,10,12,2,2,1,0,0.5238,0.25,0.6667,1.0,36,18,26.9,15.9,0.0,21.7,24.8,21.4,0.0,23.5,26.2,16.8,0.4,18.0,0.6999999999999993,0.9000000000000004,0.7999999999999998,1.3999999999999986,4.599999999999998,2.9999999999999982
2018-06-19,Russia,Egypt,FWC,Saint Petersburg,Russia,False,2018,6,19,1,457.0,649.0,Moscow,Cairo,"Moscow, Russia","Cairo, Egypt","Saint Petersburg, Russia",55.625578,37.6063916,30.0443879,31.2357257,59.9606739,30.1586551,652.8344038332967,3327.5171464867094,7.382,6.391,8,12,5,19,5,0,0,3,0.6154,0.3871,1.0,0.0,6.909,6.927,8,5,14,15,0,1,1,1,0.3636,0.25,0.0,0.5,35,24,26.2,16.8,0.4,18.0,37.4,22.9,0.0,28.5,21.3,13.2,6.8,31.2,4.899999999999999,3.6000000000000014,4.25,16.099999999999998,9.7,12.899999999999999
2018-06-19,Colombia,Japan,FWC,Saransk,Russia,True,2018,6,19,2,986.0,521.0,Bogotá,Tokyo,"Bogotá, Colombia","Tokyo, Japan","Saransk, Russia",4.6533817,-74.0836331,35.6768601,139.7638947,54.18671,45.18383,11416.404483350418,7140.432595454245,6.818,6.836,9,12,9,7,1,1,1,2,0.5,0.6316,0.5,0.3333,6.855,7.336,11,17,7,5,0,2,1,0,0.6111,0.7727,0.0,1.0,11,17,15.1,8.8,1.3,24.8,27.5,17.7,0.0,21.3,26.7,10.9,0.1,15.0,11.6,2.0999999999999996,6.85,0.8000000000000007,6.799999999999999,3.8
2018-06-20,Portugal,Morocco,FWC,Moscow,Russia,True,2018,6,20,1,1274.0,686.0,Lisbon,Rabat,"Lisbon, Portugal","Rabat, Morocco","Moscow, Russia",38.7077507,-9.1365919,34.0218454,-6.8408929,55.625578,37.6063916,3903.9400153476327,4143.412744517834,6.809,7.073,6,9,11,5,3,2,3,0,0.3529,0.6429,0.5,1.0,6.845,7.118,13,8,8,7,0,2,1,0,0.619,0.5333,0.0,1.0,7,6,28.3,18.0,0.0,16.0,22.3,17.6,0.0,14.0,22.2,16.2,0.0,32.5,6.100000000000001,1.8000000000000007,3.950000000000001,0.10000000000000142,1.4000000000000021,0.7500000000000018
2018-06-20,Uruguay,Saudi Arabia,FWC,Rostov-on-Don,Russia,True,2018,6,20,1,1018.0,465.0,Montevideo,Riyadh,"Montevideo, Uruguay","Riyadh, Saudi Arabia","Rostov-on-Don, Russia",-34.9058916,-56.1913095,24.638916,46.7160104,47.2610441,39.7249086,13180.114770125514,2590.3752033366704,7.364,7.318,14,20,8,5,1,4,0,2,0.6364,0.8,1.0,0.6667,6.345,7.045,5,7,8,11,0,1,5,0,0.3846,0.3889,0.0,1.0,20,58,18.9,10.3,0.4,24.5,42.9,28.9,0.0,32.6,32.4,19.1,0.0,13.3,13.5,8.8,11.15,10.5,9.799999999999997,10.149999999999999
2018-06-20,Iran,Spain,FWC,Kazan,Russia,True,2018,6,20,2,708.0,1126.0,Tehran,Madrid,"Tehran, Iran","Madrid, Spain","Kazan, Russia",35.6892523,51.3896004,40.416782,-3.703507,55.7946485,49.1115022,2242.296541218547,4153.837994211597,6.836,7.055,8,16,13,12,1,2,0,2,0.381,0.5714,1.0,0.5,7.0,7.255,11,12,6,8,3,1,3,0,0.6471,0.6,0.5,1.0,22,1,35.1,22.6,0.0,13.2,32.7,19.6,0.0,14.9,23.6,16.1,5.8,33.1,11.5,6.5,9.0,9.100000000000001,3.5,6.300000000000001
2018-06-21,France,Peru,FWC,Ekaterinburg,Russia,True,2018,6,21,1,1198.0,1125.0,Paris,Lima,"Paris, France","Lima, Peru","Ekaterinburg, Russia",48.8534951,2.3483915,-12.0459808,-77.0305912,56.8382071,60.6007886,3884.9943964844765,13871.187657577173,7.082,7.264,11,10,4,11,2,2,1,1,0.7333,0.4762,0.6667,0.6667,7.036,6.982,13,7,9,2,0,2,1,0,0.5909,0.7778,0.0,1.0,3,50,19.7,13.2,0.6,21.7,19.8,14.4,0.0,21.6,18.4,10.6,10.9,26.7,1.3000000000000007,2.5999999999999996,1.9500000000000002,1.4000000000000021,3.8000000000000007,2.6000000000000014
2018-06-21,Denmark,Australia,FWC,Samara,Russia,True,2018,6,21,0,1051.0,718.0,Copenhagen,Canberra,"Copenhagen, Denmark","Canberra, Australia","Samara, Russia",55.6867243,12.5700724,-35.2975906,149.1012676,53.1956255,50.1014927,2412.549835720133,13635.302459196664,7.2,7.091,9,15,13,10,1,5,0,1,0.4091,0.6,1.0,0.8333,6.636,6.945,4,11,11,6,1,3,2,1,0.2667,0.6471,0.3333,0.75,21,28,17.7,12.2,0.4,32.1,11.7,-2.4,0.0,9.9,24.0,14.0,0.0,25.8,6.300000000000001,1.8000000000000007,4.050000000000001,12.3,16.4,14.35
2018-06-21,Argentina,Croatia,FWC,Nizhny Novgorod,Russia,True,2018,6,21,2,1241.0,945.0,Buenos Aires,Zagreb,"Buenos Aires, Argentina","Zagreb, Croatia","Nizhny Novgorod, Russia",-34.6095579,-58.3887904,45.8130967,15.9772795,56.3264816,44.0051395,13876.444673481146,2257.2728982505487,7.455,7.064,26,12,9,6,1,3,1,1,0.7429,0.6667,0.5,0.75,7.127,6.918,10,5,13,6,2,0,0,0,0.4348,0.4545,1.0,0.5,2,13,17.2,7.5,7.0,29.3,29.4,18.1,0.0,16.6,21.3,13.0,0.1,32.1,4.100000000000001,5.5,4.800000000000001,8.099999999999998,5.100000000000001,6.6
2018-06-22,Nigeria,Iceland,FWC,Volgograd,Russia,True,2018,6,22,1,618.0,908.0,Abuja,Reykjavik,"Abuja, Nigeria","Reykjavik, Iceland","Volgograd, Russia",9.0643305,7.4892974,64.145981,-21.9422367,48.7081906,44.5153353,5594.271550088947,4193.381959818031,6.773,7.045,13,10,10,10,0,1,2,0,0.5652,0.5,0.0,1.0,6.982,7.227,9,10,26,7,1,2,1,0,0.2571,0.5882,0.5,1.0,26,74,27.8,20.7,10.0,11.0,9.5,7.8,1.1,21.4,31.3,19.0,0.0,10.6,3.5,1.6999999999999993,2.5999999999999996,21.8,11.2,16.5
2018-06-22,Serbia,Switzerland,FWC,Kaliningrad,Russia,True,2018,6,22,2,751.0,1199.0,Belgrade,Bern,"Belgrade, Serbia","Bern, Switzerland","Kaliningrad, Russia",44.8153318,20.4456588,46.9484742,7.4521749,54.710128,20.5105838,1100.2608925404024,1255.681969426214,7.327,7.145,9,16,9,7,1,1,0,0,0.5,0.6957,1.0,1.0,6.9,7.164,7,16,16,11,1,0,1,0,0.3043,0.5926,0.5,0.5,40,14,23.0,13.5,19.1,26.0,18.0,10.0,0.7,16.6,16.1,12.3,3.0,32.1,6.899999999999999,1.1999999999999993,4.049999999999999,1.8999999999999986,2.3000000000000007,2.0999999999999996
2018-06-22,Brazil,Costa Rica,FWC,Saint Petersburg,Russia,True,2018,6,22,1,1431.0,884.0,Brasília,San José,"Brasília, Brazil","San José, Costa Rica","Saint Petersburg, Russia",-15.7939869,-47.8828,9.9327707,-84.0796144,59.9606739,30.1586551,10875.48114874071,10346.040791191659,7.064,7.318,16,14,7,5,1,3,1,0,0.6957,0.7368,0.5,1.0,6.827,6.736,9,5,9,13,0,1,1,2,0.5,0.2778,0.0,0.3333,5,51,24.6,14.9,0.1,11.6,25.9,15.9,2.6,10.2,18.8,13.2,2.7,31.5,5.800000000000001,1.700000000000001,3.750000000000001,7.099999999999998,2.700000000000001,4.8999999999999995
2018-06-23,South Korea,Mexico,FWC,Rostov-on-Don,Russia,True,2018,6,23,2,544.0,989.0,Seoul,Mexico City,"Seoul, South Korea","Mexico City, Mexico","Rostov-on-Don, Russia",37.5666791,126.9782914,19.3207722,-99.1514678,47.2610441,39.7249086,6864.533379639032,11547.969397105804,6.891,7.173,3,14,15,6,0,0,1,0,0.1667,0.7,0.0,0.5,7.473,6.9,13,14,22,15,1,2,0,3,0.3714,0.4828,1.0,0.4,32,10,25.9,18.1,0.0,16.4,19.3,12.1,8.0,11.7,34.5,22.4,0.0,18.5,8.600000000000001,4.299999999999997,6.449999999999999,15.2,10.299999999999999,12.75
2018-06-23,Germany,Sweden,FWC,Sochi,Russia,True,2018,6,23,1,1558.0,880.0,Berlin,Stockholm,"Berlin, Germany","Stockholm, Sweden","Sochi, Russia",52.5173885,13.3951309,59.3251172,18.0710935,43.5854823,39.723109,2177.6345816516855,2283.8887296390876,7.291,7.245,22,21,13,6,0,5,1,1,0.6286,0.7778,0.0,0.8333,7.255,6.945,15,3,3,23,1,0,0,0,0.8333,0.1154,1.0,0.5,12,37,17.5,12.0,2.9,30.7,16.4,8.6,0.0,12.9,23.8,20.9,18.8,17.9,6.300000000000001,8.899999999999999,7.6,7.400000000000002,12.299999999999999,9.850000000000001
2018-06-23,Belgium,Tunisia,FWC,Moscow,Russia,True,2018,6,23,1,1298.0,910.0,Brussels,Tunis,"Brussels, Belgium","Tunis, Tunisia","Moscow, Russia",50.8467372,4.352493,36.8002068,10.1857757,55.625578,37.6063916,2252.481454870534,2935.5144074299897,7.591,7.455,15,13,6,2,3,4,0,0,0.7143,0.8667,1.0,1.0,6.7,7.182,6,18,16,6,1,0,2,0,0.2727,0.75,0.3333,0.5,8,57,20.1,7.3,0.0,16.5,34.0,19.9,0.0,17.9,29.3,16.7,0.0,18.8,9.2,9.399999999999999,9.299999999999999,4.699999999999999,3.1999999999999993,3.9499999999999993
2018-06-24,Poland,Colombia,FWC,Kazan,Russia,True,2018,6,24,2,1183.0,986.0,Warsaw,Bogotá,"Warsaw, Poland","Bogotá, Colombia","Kazan, Russia",52.2319581,21.0067249,4.6533817,-74.0836331,55.7946485,49.1115022,1864.7623246880555,11549.485611192375,6.845,7.018,10,9,7,9,1,4,2,2,0.5882,0.5,0.3333,0.6667,6.355,6.818,7,9,13,9,1,1,2,1,0.35,0.5,0.3333,0.5,36,11,16.7,11.2,10.0,23.4,16.4,7.5,0.5,18.1,30.2,18.2,0.0,8.4,13.5,7.0,10.25,13.8,10.7,12.25
2018-06-24,England,Panama,FWC,Nizhny Novgorod,Russia,True,2018,6,24,1,1051.0,571.0,London,Panama City,"London, England","Panama City, Panama","Nizhny Novgorod, Russia",51.5074456,-0.1277653,8.9714493,-79.5341802,56.3264816,44.0051395,2887.3229514949885,11114.132506703649,7.336,7.355,16,16,6,8,2,1,1,0,0.7273,0.6667,0.6667,1.0,6.618,6.955,6,13,15,5,0,2,3,1,0.2857,0.7222,0.0,0.6667,4,44,24.0,11.2,0.0,11.5,28.8,24.2,12.6,10.2,31.1,18.1,0.0,18.2,7.100000000000001,6.900000000000002,7.000000000000002,2.3000000000000007,6.099999999999998,4.199999999999999
2018-06-24,Japan,Senegal,FWC,Ekaterinburg,Russia,True,2018,6,24,0,521.0,838.0,Tokyo,Dakar,"Tokyo, Japan","Dakar, Senegal","Ekaterinburg, Russia",35.6768601,139.7638947,14.693425,-17.447938,56.8382071,60.6007886,6129.780092468058,7919.509060221724,7.145,6.855,13,11,7,7,2,0,1,1,0.65,0.6111,0.6667,0.0,6.882,7.009,7,11,10,10,2,2,1,1,0.4118,0.5238,0.6667,0.6667,17,18,25.4,18.2,5.3,23.1,26.8,22.8,0.0,16.9,24.4,14.3,1.0,20.9,1.0,3.8999999999999986,2.4499999999999993,2.400000000000002,8.5,5.450000000000001
2018-06-25,Russia,Uruguay,FWC,Samara,Russia,False,2018,6,25,2,457.0,1018.0,Moscow,Montevideo,"Moscow, Russia","Montevideo, Uruguay","Samara, Russia",55.625578,37.6063916,-34.9058916,-56.1913095,53.1956255,50.1014927,851.1379254309438,14075.57491695149,7.227,7.382,12,8,14,5,3,5,1,0,0.4615,0.6154,0.75,1.0,7.155,7.364,12,14,7,8,1,1,0,0,0.6316,0.6364,1.0,1.0,35,20,22.4,12.9,4.4,16.3,11.3,3.8,0.0,22.0,33.0,18.5,0.0,10.2,10.600000000000001,5.6,8.100000000000001,21.7,14.7,18.2
2018-06-25,Iran,Portugal,FWC,Saransk,Russia,True,2018,6,25,0,708.0,1274.0,Tehran,Lisbon,"Tehran, Iran","Lisbon, Portugal","Saransk, Russia",35.6892523,51.3896004,38.7077507,-9.1365919,54.18671,45.18383,2112.0337724261644,4374.039281299291,6.973,6.836,7,8,16,13,0,1,1,0,0.3043,0.381,0.0,1.0,7.255,6.809,9,6,15,11,1,3,0,3,0.375,0.3529,1.0,0.5,22,7,39.2,26.9,0.0,14.3,24.2,16.9,0.0,17.7,30.6,19.4,0.0,12.8,8.600000000000001,7.5,8.05,6.400000000000002,2.5,4.450000000000001
2018-06-25,Saudi Arabia,Egypt,FWC,Volgograd,Russia,True,2018,6,25,1,465.0,649.0,Riyadh,Cairo,"Riyadh, Saudi Arabia","Cairo, Egypt","Volgograd, Russia",24.638916,46.7160104,30.0443879,31.2357257,48.7081906,44.5153353,2683.283456879433,2360.597436780515,6.809,6.345,7,5,12,8,0,0,1,5,0.3684,0.3846,0.0,0.0,6.718,6.909,14,8,12,14,1,0,3,1,0.5385,0.3636,0.25,0.0,58,24,40.2,26.0,0.0,21.1,35.5,22.2,0.0,16.0,34.6,21.4,0.0,21.3,5.600000000000001,4.600000000000001,5.100000000000001,0.8999999999999986,0.8000000000000007,0.8499999999999996
2018-06-25,Spain,Morocco,FWC,Kaliningrad,Russia,True,2018,6,25,0,1126.0,686.0,Madrid,Rabat,"Madrid, Spain","Rabat, Morocco","Kaliningrad, Russia",40.416782,-3.703507,34.0218454,-6.8408929,54.710128,20.5105838,2391.9196486481264,3126.479526736563,7.473,7.0,16,11,7,6,1,3,0,3,0.6957,0.6471,1.0,0.5,7.1,6.845,15,13,9,8,0,0,1,1,0.625,0.619,0.0,0.0,1,6,36.4,20.6,0.0,19.4,21.6,18.6,0.0,14.0,15.7,11.9,8.9,14.1,20.7,8.700000000000001,14.7,5.900000000000002,6.700000000000001,6.300000000000002
2018-06-26,Nigeria,Argentina,FWC,Saint Petersburg,Russia,True,2018,6,26,2,618.0,1241.0,Abuja,Buenos Aires,"Abuja, Nigeria","Buenos Aires, Argentina","Saint Petersburg, Russia",9.0643305,7.4892974,-34.6095579,-58.3887904,59.9606739,30.1586551,5967.045076873444,13206.273338961244,7.427,6.773,15,13,9,10,2,0,0,2,0.625,0.5652,1.0,0.0,6.709,7.455,8,26,14,9,0,1,3,1,0.3636,0.7429,0.0,0.5,26,2,29.6,21.4,0.1,9.2,14.6,5.1,0.0,19.3,20.9,12.3,0.0,17.7,8.700000000000003,9.099999999999998,8.9,6.299999999999999,7.200000000000001,6.75
2018-06-26,Iceland,Croatia,FWC,Rostov-on-Don,Russia,True,2018,6,26,2,908.0,945.0,Reykjavik,Zagreb,"Reykjavik, Iceland","Zagreb, Croatia","Rostov-on-Don, Russia",64.145981,-21.9422367,45.8130967,15.9772795,47.2610441,39.7249086,4084.898941918491,1816.481982856348,6.564,6.982,9,9,15,26,0,1,2,1,0.375,0.2571,0.0,0.5,7.173,7.127,14,10,8,13,3,2,0,0,0.6364,0.4348,1.0,1.0,74,13,9.7,6.2,1.1,20.8,22.1,12.9,0.1,15.4,34.5,22.3,0.0,25.2,24.8,16.1,20.450000000000003,12.399999999999999,9.4,10.899999999999999
2018-06-26,Denmark,France,FWC,Moscow,Russia,True,2018,6,26,0,1051.0,1198.0,Copenhagen,Paris,"Copenhagen, Denmark","Paris, France","Moscow, Russia",55.6867243,12.5700724,48.8534951,2.3483915,55.625578,37.6063916,1562.0245329885554,2485.247601759751,7.045,7.2,8,9,13,13,1,1,1,0,0.381,0.4091,0.5,1.0,7.273,7.082,11,11,10,4,1,2,0,1,0.5238,0.7333,1.0,0.6667,21,3,23.6,14.5,0.0,19.9,25.6,13.2,0.0,16.4,23.8,14.5,0.0,12.4,0.1999999999999993,0.0,0.09999999999999964,1.8000000000000007,1.3000000000000007,1.5500000000000007
2018-06-26,Australia,Peru,FWC,Sochi,Russia,True,2018,6,26,2,718.0,1125.0,Canberra,Lima,"Canberra, Australia","Lima, Peru","Sochi, Russia",-35.2975906,149.1012676,-12.0459808,-77.0305912,43.5854823,39.723109,14063.822139665861,13072.75729847866,6.882,6.636,13,4,8,11,1,1,1,2,0.619,0.2667,0.5,0.3333,6.8,7.036,10,13,11,9,0,0,1,1,0.4762,0.5909,0.0,0.0,28,50,12.0,-4.3,0.0,12.2,18.5,14.5,0.0,18.6,26.3,22.5,0.7,12.4,14.3,26.8,20.55,7.800000000000001,8.0,7.9
2018-06-27,South Korea,Germany,FWC,Kazan,Russia,True,2018,6,27,1,544.0,1558.0,Seoul,Berlin,"Seoul, South Korea","Berlin, Germany","Kazan, Russia",37.5666791,126.9782914,52.5173885,13.3951309,55.7946485,49.1115022,5924.638713294778,2327.1971347713643,6.755,6.891,16,3,13,15,1,0,2,1,0.5517,0.1667,0.3333,0.0,7.391,7.291,14,22,7,13,2,0,1,1,0.6667,0.6286,0.6667,0.0,32,12,25.0,19.3,1.3,25.1,23.1,12.5,0.1,19.4,28.7,20.5,0.0,20.7,3.6999999999999993,1.1999999999999993,2.4499999999999993,5.599999999999998,8.0,6.799999999999999
2018-06-27,Serbia,Brazil,FWC,Moscow,Russia,True,2018,6,27,2,751.0,1431.0,Belgrade,Brasília,"Belgrade, Serbia","Brasília, Brazil","Moscow, Russia",44.8153318,20.4456588,-15.7939869,-47.8828,55.625578,37.6063916,1704.5232055408223,11173.04406163515,6.982,7.327,12,9,17,9,1,1,2,0,0.4138,0.5,0.3333,1.0,7.636,7.064,22,16,3,7,2,1,0,1,0.88,0.6957,1.0,0.5,40,5,20.1,15.8,9.3,19.6,25.5,16.4,0.0,11.2,25.1,14.3,0.0,15.1,5.0,1.5,3.25,0.3999999999999986,2.099999999999998,1.2499999999999982
2018-06-27,Switzerland,Costa Rica,FWC,Nizhny Novgorod,Russia,True,2018,6,27,0,1199.0,884.0,Bern,San José,"Bern, Switzerland","San José, Costa Rica","Nizhny Novgorod, Russia",46.9484742,7.4521749,9.9327707,-84.0796144,56.3264816,44.0051395,2689.903593831951,11247.04743806566,6.918,6.9,17,7,12,16,2,1,1,1,0.5862,0.3043,0.6667,0.5,6.782,6.827,3,9,22,9,0,0,2,1,0.12,0.5,0.0,0.0,14,51,23.9,12.3,0.0,23.9,24.9,16.8,1.1,15.0,25.9,15.4,0.0,17.2,2.0,3.0999999999999996,2.55,1.0,1.4000000000000004,1.2000000000000002
2018-06-27,Mexico,Sweden,FWC,Ekaterinburg,Russia,True,2018,6,27,2,989.0,880.0,Mexico City,Stockholm,"Mexico City, Mexico","Stockholm, Sweden","Ekaterinburg, Russia",19.3207722,-99.1514678,59.3251172,18.0710935,56.8382071,60.6007886,11338.095187562389,2472.342644950862,7.309,7.473,13,13,16,22,2,1,1,0,0.4483,0.3714,0.6667,1.0,6.773,7.255,7,15,14,3,1,1,2,0,0.3333,0.8333,0.3333,1.0,10,37,21.2,12.7,4.6,9.3,28.3,11.5,0.0,10.5,29.2,15.4,0.0,18.5,8.0,2.700000000000001,5.3500000000000005,0.8999999999999986,3.9000000000000004,2.3999999999999995
2018-06-28,Panama,Tunisia,FWC,Saransk,Russia,True,2018,6,28,2,571.0,910.0,Panama City,Tunis,"Panama City, Panama","Tunis, Tunisia","Saransk, Russia",8.9714493,-79.5341802,36.8002068,10.1857757,54.18671,45.18383,11308.136063452532,3290.2108707194993,6.064,6.618,7,6,11,15,1,0,6,3,0.3889,0.2857,0.1429,0.0,6.727,6.7,13,6,17,16,2,1,5,2,0.4333,0.2727,0.2857,0.3333,44,57,27.5,24.2,6.2,10.9,33.0,17.6,0.0,19.4,26.7,15.8,0.0,16.8,0.8000000000000007,8.399999999999999,4.6,6.300000000000001,1.8000000000000007,4.050000000000001
2018-06-28,Japan,Poland,FWC,Volgograd,Russia,True,2018,6,28,2,521.0,1183.0,Tokyo,Warsaw,"Tokyo, Japan","Warsaw, Poland","Volgograd, Russia",35.6768601,139.7638947,52.2319581,21.0067249,48.7081906,44.5153353,7460.884377129293,1701.1254008397616,6.973,7.145,6,13,14,7,2,2,2,1,0.3,0.65,0.5,0.6667,6.709,6.845,9,10,11,7,0,1,3,2,0.45,0.5882,0.0,0.3333,17,36,29.3,24.3,0.0,49.9,25.4,18.2,0.6,23.5,36.8,25.3,0.0,21.4,7.4999999999999964,1.0,4.249999999999998,11.399999999999999,7.100000000000001,9.25
2018-06-28,England,Belgium,FWC,Kaliningrad,Russia,True,2018,6,28,2,1051.0,1298.0,London,Brussels,"London, England","Brussels, Belgium","Kaliningrad, Russia",51.5074456,-0.1277653,50.8467372,4.352493,54.710128,20.5105838,1417.1693174780812,1165.3268152779588,7.509,7.336,11,16,7,6,6,2,1,1,0.6111,0.7273,0.8571,0.6667,7.418,7.591,17,15,13,6,5,3,2,0,0.5667,0.7143,0.7143,1.0,4,8,26.6,12.2,0.0,22.7,26.7,14.9,0.0,19.6,26.5,16.6,0.0,20.6,0.10000000000000142,4.400000000000002,2.2500000000000018,0.1999999999999993,1.700000000000001,0.9500000000000002
2018-06-28,Senegal,Colombia,FWC,Samara,Russia,True,2018,6,28,2,838.0,986.0,Dakar,Bogotá,"Dakar, Senegal","Bogotá, Colombia","Samara, Russia",14.693425,-17.447938,4.6533817,-74.0836331,53.1956255,50.1014927,7215.1973688529015,11752.90170410327,6.918,6.882,14,7,6,10,2,2,2,1,0.7,0.4118,0.5,0.6667,7.427,6.355,11,7,9,13,3,1,0,2,0.55,0.35,1.0,0.3333,18,11,26.4,24.0,0.0,26.0,16.4,7.3,1.6,15.8,28.9,19.8,0.0,19.9,2.5,4.199999999999999,3.3499999999999996,12.5,12.5,12.5
2018-06-30,France,Argentina,FWC,Kazan,Russia,True,2018,6,30,1,1198.0,1241.0,Paris,Buenos Aires,"Paris, France","Buenos Aires, Argentina","Kazan, Russia",48.8534951,2.3483915,-34.6095579,-58.3887904,55.7946485,49.1115022,3204.3510975765053,14178.22158280275,7.264,7.273,9,11,6,10,0,1,0,0,0.6,0.5238,0.5,1.0,7.155,6.709,8,8,7,14,2,0,1,3,0.5333,0.3636,0.6667,0.0,3,2,30.9,18.0,0.1,16.2,13.1,8.4,0.0,13.7,28.1,16.3,0.0,14.5,2.799999999999997,1.6999999999999993,2.2499999999999982,15.000000000000002,7.9,11.450000000000001
2018-06-30,Uruguay,Portugal,FWC,Sochi,Russia,True,2018,6,30,1,1018.0,1274.0,Montevideo,Lisbon,"Montevideo, Uruguay","Lisbon, Portugal","Sochi, Russia",-34.9058916,-56.1913095,38.7077507,-9.1365919,43.5854823,39.723109,13022.22793630302,4067.6507805970255,7.118,7.155,11,12,3,7,3,1,0,0,0.7857,0.6316,1.0,1.0,7.055,7.255,13,9,5,15,1,1,1,0,0.7222,0.375,0.5,1.0,20,7,13.4,9.0,0.0,12.8,21.7,15.7,0.3,20.6,28.4,23.7,4.2,12.6,14.999999999999998,14.7,14.849999999999998,6.699999999999999,8.0,7.35
2018-07-01,Croatia,Denmark,FWC,Nizhny Novgorod,Russia,True,2018,7,1,0,2036.0,2014.0,Zagreb,Copenhagen,"Zagreb, Croatia","Copenhagen, Denmark","Nizhny Novgorod, Russia",45.8130967,15.9772795,55.6867243,12.5700724,56.3264816,44.0051395,2257.2728982505487,1938.5453905973197,7.145,7.173,11,14,16,8,2,3,1,0,0.4074,0.6364,0.6667,1.0,6.982,7.045,6,8,9,13,0,1,0,1,0.4,0.381,0.5,0.5,13,21,21.1,13.9,0.1,9.2,21.5,13.7,0.0,22.7,30.9,22.0,0.2,20.3,9.799999999999997,8.1,8.95,9.399999999999999,8.3,8.85
2018-07-01,Russia,Spain,FWC,Moscow,Russia,False,2018,7,1,0,1758.0,2104.0,Moscow,Madrid,"Moscow, Russia","Madrid, Spain","Moscow, Russia",55.625578,37.6063916,40.416782,-3.703507,55.625578,37.6063916,0.0,3436.647210241187,6.482,7.227,3,12,11,14,0,3,3,1,0.2143,0.4615,0.0,0.75,7.282,7.473,15,16,5,7,2,1,2,0,0.75,0.6957,0.5,1.0,35,1,24.4,18.3,15.7,22.6,26.2,17.8,0.1,20.3,24.4,18.3,15.7,22.6,0.0,0.0,0.0,1.8000000000000007,0.5,1.1500000000000004
2018-07-02,Belgium,Japan,FWC,Rostov-on-Don,Russia,True,2018,7,2,1,2124.0,1816.0,Brussels,Tokyo,"Brussels, Belgium","Tokyo, Japan","Rostov-on-Don, Russia",50.8467372,4.352493,35.6768601,139.7638947,47.2610441,39.7249086,2582.8233312937996,7849.8064706752875,7.227,7.418,13,17,9,13,1,5,0,2,0.5909,0.5667,1.0,0.7143,6.955,6.973,10,6,11,14,0,2,1,2,0.4762,0.3,0.0,0.5,8,17,27.4,14.8,0.0,18.1,29.7,22.8,0.0,33.8,28.5,18.4,0.0,14.0,1.1000000000000014,3.599999999999998,2.3499999999999996,1.1999999999999993,4.400000000000002,2.8000000000000007
2018-07-02,Brazil,Mexico,FWC,Samara,Russia,True,2018,7,2,1,2160.0,2041.0,Brasília,Mexico City,"Brasília, Brazil","Mexico City, Mexico","Samara, Russia",-15.7939869,-47.8828,19.3207722,-99.1514678,53.1956255,50.1014927,11935.402500813612,11427.019357146446,7.318,7.636,13,22,10,3,2,2,0,0,0.5652,0.88,1.0,1.0,6.673,7.309,20,13,15,16,0,2,3,1,0.5714,0.4483,0.0,0.6667,5,10,26.0,14.6,0.0,9.2,21.4,13.5,6.0,22.3,34.1,21.1,0.0,13.1,8.100000000000001,6.500000000000002,7.300000000000002,12.700000000000003,7.600000000000001,10.150000000000002
2018-07-03,Colombia,England,FWC,Moscow,Russia,True,2018,7,3,0,1998.0,2099.0,Bogotá,London,"Bogotá, Colombia","London, England","Moscow, Russia",4.6533817,-74.0836331,51.5074456,-0.1277653,55.625578,37.6063916,10908.982943059847,2501.1607258158497,6.964,7.427,3,11,9,9,1,3,0,0,0.25,0.55,1.0,1.0,6.918,7.509,9,11,13,7,0,6,1,1,0.4091,0.6111,0.0,0.8571,11,4,16.7,8.0,0.7,13.6,24.9,14.9,0.0,27.0,19.1,11.8,0.0,22.6,2.400000000000002,3.8000000000000007,3.1000000000000014,5.799999999999997,3.0999999999999996,4.449999999999998
2018-07-03,Sweden,Switzerland,FWC,Saint Petersburg,Russia,True,2018,7,3,1,1955.0,2087.0,Stockholm,Bern,"Stockholm, Sweden","Bern, Switzerland","Saint Petersburg, Russia",59.3251172,18.0710935,46.9484742,7.4521749,59.9606739,30.1586551,681.9784737384279,2066.8773321586286,7.282,6.773,15,7,20,14,3,1,0,2,0.4286,0.3333,1.0,0.3333,6.973,6.918,9,17,14,12,2,2,2,1,0.3913,0.5862,0.5,0.6667,37,14,22.6,11.5,0.0,17.3,23.7,16.7,4.2,8.6,19.7,11.0,4.1,18.0,2.900000000000002,0.5,1.700000000000001,4.0,5.699999999999999,4.85
2018-07-06,Uruguay,France,FWC,Nizhny Novgorod,Russia,True,2018,7,6,2,2017.0,2164.0,Montevideo,Paris,"Montevideo, Uruguay","Paris, France","Nizhny Novgorod, Russia",-34.9058916,-56.1913095,48.8534951,2.3483915,56.3264816,44.0051395,13769.110997543074,2884.3450321425544,7.1,7.118,6,11,17,3,2,3,1,0,0.2609,0.7857,0.6667,1.0,6.891,7.264,9,9,9,6,4,0,3,0,0.5,0.6,0.5714,0.5,20,3,12.4,9.0,0.1,27.3,27.8,15.5,0.1,13.0,24.1,13.9,1.7,20.6,11.700000000000001,4.9,8.3,3.6999999999999993,1.5999999999999996,2.6499999999999995
2018-07-06,Brazil,Belgium,FWC,Kazan,Russia,True,2018,7,6,2,2160.0,2124.0,Brasília,Brussels,"Brasília, Brazil","Brussels, Belgium","Kazan, Russia",-15.7939869,-47.8828,50.8467372,4.352493,55.7946485,49.1115022,11888.521939307771,2968.987508016776,7.509,7.318,21,13,11,10,2,2,0,0,0.6562,0.5652,1.0,1.0,7.145,7.227,21,13,9,9,3,1,2,0,0.7,0.5909,0.6,1.0,5,8,24.8,14.2,0.0,13.2,26.2,13.8,0.0,11.3,25.0,15.9,0.0,14.1,0.1999999999999993,1.700000000000001,0.9500000000000002,1.1999999999999993,2.0999999999999996,1.6499999999999995
2018-07-07,Russia,Croatia,FWC,Sochi,Russia,False,2018,7,7,0,1758.0,2036.0,Moscow,Zagreb,"Moscow, Russia","Zagreb, Croatia","Sochi, Russia",55.625578,37.6063916,45.8130967,15.9772795,43.5854823,39.723109,1347.2939228547605,1886.0028827036722,7.136,6.482,5,3,16,11,5,0,4,3,0.2381,0.2143,0.5556,0.0,7.2,7.145,17,11,8,16,4,2,3,1,0.68,0.4074,0.5714,0.6667,35,13,22.6,13.1,0.3,18.4,24.4,17.1,3.3,15.6,26.3,19.6,1.0,11.7,3.6999999999999993,6.500000000000002,5.1000000000000005,1.9000000000000021,2.5,2.200000000000001
2018-07-07,Sweden,England,FWC,Samara,Russia,True,2018,7,7,2,1955.0,2099.0,Stockholm,London,"Stockholm, Sweden","London, England","Samara, Russia",59.3251172,18.0710935,51.5074456,-0.1277653,53.1956255,50.1014927,2068.47969802411,3346.039646959109,7.191,7.282,12,15,16,20,1,3,0,0,0.4286,0.4286,1.0,1.0,7.218,6.918,12,9,12,13,5,0,4,1,0.5,0.4091,0.5556,0.0,37,4,23.0,13.7,0.1,12.1,29.0,16.9,0.0,16.5,27.0,17.6,0.2,7.9,4.0,3.900000000000002,3.950000000000001,2.0,0.7000000000000028,1.3500000000000014
2018-07-10,France,Belgium,FWC,Saint Petersburg,Russia,True,2018,7,10,1,2164.0,2124.0,Paris,Brussels,"Paris, France","Brussels, Belgium","Saint Petersburg, Russia",48.8534951,2.3483915,50.8467372,4.352493,59.9606739,30.1586551,2157.1599004062505,1900.113723311949,7.445,6.891,10,9,9,9,2,4,0,3,0.5263,0.5,1.0,0.5714,7.373,7.145,8,21,17,9,2,3,1,2,0.32,0.7,0.6667,0.6,3,8,21.8,16.7,0.2,18.8,18.8,14.1,1.9,26.3,18.1,15.2,1.9,16.4,3.6999999999999993,1.5,2.5999999999999996,0.6999999999999993,1.0999999999999996,0.8999999999999995
2018-07-11,Croatia,England,FWC,Moscow,Russia,True,2018,7,11,1,2036.0,2099.0,Zagreb,London,"Zagreb, Croatia","London, England","Moscow, Russia",45.8130967,15.9772795,51.5074456,-0.1277653,55.625578,37.6063916,1860.5020669859848,2501.1607258158497,7.336,7.2,18,17,9,8,6,4,5,3,0.6667,0.68,0.5455,0.5714,7.373,7.218,12,12,7,12,2,5,0,4,0.6316,0.5,1.0,0.5556,13,4,21.1,17.2,8.0,13.3,22.1,12.3,0.3,16.0,23.2,15.4,8.7,18.9,2.099999999999998,1.799999999999999,1.9499999999999984,1.0999999999999979,3.0999999999999996,2.0999999999999988
2018-07-14,Belgium,England,FWC,Saint Petersburg,Russia,True,2018,7,14,1,2124.0,2099.0,Brussels,London,"Brussels, Belgium","London, England","Saint Petersburg, Russia",50.8467372,4.352493,51.5074456,-0.1277653,59.9606739,30.1586551,1900.113723311949,2091.2262827331356,7.027,7.373,9,8,19,17,0,2,1,1,0.3214,0.32,0.0,0.6667,7.036,7.373,10,12,21,7,1,2,2,0,0.3226,0.6316,0.3333,1.0,8,4,26.6,13.1,0.0,11.3,25.2,14.9,0.8,10.7,26.6,17.0,0.4,13.0,0.0,3.9000000000000004,1.9500000000000002,1.4000000000000021,2.0999999999999996,1.7500000000000009
2018-07-15,France,Croatia,FWC,Moscow,Russia,True,2018,7,15,1,2164.0,2036.0,Paris,Zagreb,"Paris, France","Zagreb, Croatia","Moscow, Russia",48.8534951,2.3483915,45.8130967,15.9772795,55.625578,37.6063916,2485.247601759751,1860.5020669859848,7.473,7.445,19,10,9,9,1,2,0,0,0.6786,0.5263,1.0,1.0,7.355,7.336,21,18,10,9,2,6,1,5,0.6774,0.6667,0.6667,0.5455,3,13,29.2,17.7,1.7,13.3,23.6,17.6,4.6,6.2,27.6,17.6,0.3,11.6,1.5999999999999979,0.09999999999999787,0.8499999999999979,4.0,0.0,2.0
2018-09-06,Gibraltar,North Macedonia,UEFA,Gibraltar,Gibraltar,False,2018,9,6,2,900.0,1336.0,Gibraltar,Skopje,"Gibraltar, Gibraltar","Skopje, North Macedonia","Gibraltar, Gibraltar",36.140807,-5.3541295,41.9962164,21.4318935,36.140807,-5.3541295,0.0,2391.3270231292863,6.109,5.909,3,4,19,12,0,0,4,6,0.1364,0.25,0.0,0.0,7.491,6.836,12,5,3,8,4,1,0,1,0.8,0.3846,1.0,0.5,202,69,28.9,18.9,0.0,21.4,27.6,15.3,1.5,9.4,28.9,18.9,0.0,21.4,0.0,0.0,0.0,1.2999999999999972,3.599999999999998,2.4499999999999975
2018-09-06,Wales,Republic of Ireland,UEFA,Cardiff,Wales,False,2018,9,6,1,1536.0,1484.0,Cardiff,Dublin,"Cardiff, Wales","Dublin, Republic of Ireland","Cardiff, Wales",51.4816546,-3.1791934,53.3493795,-6.2605593,51.4816546,-3.1791934,0.0,294.57594111437277,6.8,7.009,15,10,8,5,0,1,1,0,0.6522,0.6667,0.0,1.0,6.345,7.1,10,6,15,11,1,0,5,0,0.4,0.3529,0.1667,0.5,38,55,18.2,10.5,0.8,22.4,15.2,11.0,4.0,18.5,18.2,10.5,0.8,22.4,0.0,0.0,0.0,3.0,0.5,1.75
2018-09-06,Czech Republic,Ukraine,UEFA,Uherské Hradiště,Czech Republic,False,2018,9,6,2,1430.0,1468.0,Prague,Kyiv,"Prague, Czech Republic","Kyiv, Ukraine","Uherské Hradiště, Czech Republic",50.0874654,14.4212535,50.4500336,30.5241361,49.0681018,17.4663899,247.0615632482549,949.1856533667843,7.845,7.182,28,27,4,3,5,2,0,1,0.875,0.9,1.0,0.6667,6.591,7.045,8,13,7,6,0,2,2,0,0.5333,0.6842,0.0,1.0,48,33,23.4,13.4,0.0,8.4,25.7,15.8,0.0,18.0,24.0,13.2,0.0,10.8,0.6000000000000014,0.20000000000000107,0.40000000000000124,1.6999999999999993,2.6000000000000014,2.1500000000000004
2018-09-06,Armenia,Liechtenstein,UEFA,Yerevan,Armenia,False,2018,9,6,1,1227.0,944.0,Yerevan,Vaduz,"Yerevan, Armenia","Vaduz, Liechtenstein","Yerevan, Armenia",40.1777112,44.5126233,47.1392862,9.5227962,40.1777112,44.5126233,0.0,2892.5728702954098,7.036,6.091,16,6,11,12,1,1,1,6,0.5926,0.3333,0.5,0.1429,6.064,6.736,3,5,12,15,0,0,4,1,0.2,0.25,0.0,0.0,107,206,31.8,19.1,0.0,16.5,24.1,13.2,8.6,7.3,31.8,19.1,0.0,16.5,0.0,0.0,0.0,7.699999999999999,5.900000000000002,6.800000000000001
2018-09-06,Latvia,Andorra,UEFA,Riga,Latvia,False,2018,9,6,0,1122.0,1120.0,Riga,Andorra la Vella,"Riga, Latvia","Andorra la Vella, Andorra","Riga, Latvia",56.9493977,24.1051846,42.4979185,1.5032264,56.9493977,24.1051846,0.0,2264.8249731967107,7.509,7.009,12,12,4,16,4,0,0,0,0.75,0.4286,1.0,0.5,6.309,6.427,4,1,12,15,0,0,4,2,0.25,0.0625,0.0,0.0,137,172,26.5,13.0,0.0,10.7,21.0,10.6,0.9,10.8,26.5,13.0,0.0,10.7,0.0,0.0,0.0,5.5,2.4000000000000004,3.95
2018-09-06,Germany,France,UEFA,Munich,Germany,False,2018,9,6,0,1561.0,1726.0,Berlin,Paris,"Berlin, Germany","Paris, France","Munich, Germany",52.5173885,13.3951309,48.8534951,2.3483915,48.1371079,11.5753822,503.86008184339755,684.1271986597453,7.2,7.391,21,14,12,7,0,2,2,1,0.6364,0.6667,0.0,0.6667,6.745,7.473,7,19,14,9,4,1,2,0,0.3333,0.6786,0.6667,1.0,12,3,24.0,15.7,0.1,13.0,21.7,14.9,0.5,19.0,24.0,12.1,1.1,11.2,0.0,3.5999999999999996,1.7999999999999998,2.3000000000000007,2.8000000000000007,2.5500000000000007
2018-09-06,Norway,Cyprus,UEFA,Oslo,Norway,False,2018,9,6,1,1406.0,1280.0,Oslo,Nicosia,"Oslo, Norway","Nicosia, Cyprus","Oslo, Norway",59.9133301,10.7389701,35.1746503,33.3638783,59.9133301,10.7389701,0.0,3197.324945954622,7.1,7.8,14,24,7,1,1,8,0,0,0.6667,0.96,1.0,1.0,6.245,6.636,2,8,13,11,0,1,4,2,0.1333,0.4211,0.0,0.3333,19,124,16.7,13.4,2.5,12.8,34.5,20.9,0.0,26.4,16.7,13.4,2.5,12.8,0.0,0.0,0.0,17.8,7.499999999999998,12.649999999999999
2018-09-06,Slovenia,Bulgaria,UEFA,Ljubljana,Slovenia,False,2018,9,6,2,1392.0,1416.0,Ljubljana,Sofia,"Ljubljana, Slovenia","Sofia, Bulgaria","Ljubljana, Slovenia",46.0500268,14.5069289,42.6977028,23.3217359,46.0500268,14.5069289,0.0,792.9638010073974,7.027,6.664,17,4,9,16,2,0,2,1,0.6538,0.2,0.5,0.0,7.055,6.664,9,7,16,10,1,0,1,1,0.36,0.4118,0.5,0.0,56,85,24.5,13.7,1.5,4.8,24.2,13.4,0.7,13.6,24.5,13.7,1.5,4.8,0.0,0.0,0.0,0.3000000000000007,0.29999999999999893,0.2999999999999998
2018-09-06,Kazakhstan,Georgia,UEFA,Astana,Kazakhstan,False,2018,9,6,2,1167.0,1242.0,Nur-Sultan,Tbilisi,"Nur-Sultan, Kazakhstan","Tbilisi, Georgia","Astana, Kazakhstan",51.1282205,71.4306682,41.6934591,44.8014495,51.1282205,71.4306682,0.0,2277.8231131502457,7.127,6.455,11,9,16,14,1,1,1,3,0.4074,0.3913,0.5,0.25,6.855,6.809,7,5,16,10,0,0,1,1,0.3043,0.3333,0.0,0.0,111,72,15.4,8.3,0.0,20.9,27.8,17.3,0.0,13.2,15.4,8.3,0.0,20.9,0.0,0.0,0.0,12.4,9.0,10.7
2018-09-07,Turkey,Russia,UEFA,Trabzon,Turkey,False,2018,9,7,2,1455.0,1410.0,Ankara,Moscow,"Ankara, Turkey","Moscow, Russia","Trabzon, Turkey",39.9207759,32.8540497,55.625578,37.6063916,41.0054605,39.7301463,593.9169898625404,1633.0535814393045,7.009,6.564,11,9,17,16,2,0,2,3,0.3929,0.36,0.5,0.0,6.936,7.136,9,5,18,16,5,5,6,4,0.3333,0.2381,0.4545,0.5556,27,35,23.9,13.4,0.0,19.8,23.4,10.8,0.0,10.3,25.0,20.5,8.0,11.9,1.1000000000000014,7.1,4.1000000000000005,1.6000000000000014,9.7,5.65
2018-09-07,Albania,Israel,UEFA,Elbasan,Albania,False,2018,9,7,1,1384.0,1256.0,Tirana,Jerusalem,"Tirana, Albania","Jerusalem, Israel","Elbasan, Albania",41.3281482,19.8184435,31.7788472,35.2257856,41.1126792,20.0820858,32.56173642683651,1702.2118463599372,6.809,6.6,11,11,19,25,0,0,1,3,0.3667,0.3056,0.0,0.0,6.773,7.409,8,15,12,5,0,1,1,0,0.4,0.75,0.0,1.0,67,76,28.4,17.0,0.1,10.9,28.0,18.6,0.0,26.5,28.5,15.3,4.5,9.6,0.10000000000000142,1.6999999999999993,0.9000000000000004,0.5,3.3000000000000007,1.9000000000000004
2018-09-07,Azerbaijan,Kosovo,UEFA,Baku,Azerbaijan,False,2018,9,7,0,1207.0,1080.0,Baku,Pristina,"Baku, Azerbaijan","Pristina, Kosovo","Baku, Azerbaijan",40.3755885,49.8328009,42.6638771,21.1640849,40.3755885,49.8328009,0.0,2388.781042791931,6.345,6.936,6,3,21,27,1,1,5,2,0.2222,0.1,0.1667,0.3333,6.545,6.7,7,6,10,13,0,0,2,2,0.4118,0.3158,0.0,0.0,126,78,29.2,19.6,0.0,18.1,25.6,14.1,0.0,12.7,29.2,19.6,0.0,18.1,0.0,0.0,0.0,3.599999999999998,5.500000000000002,4.55
2018-09-07,Faroe Islands,Malta,UEFA,Tórshavn,Faroe Islands,False,2018,9,7,1,1268.0,928.0,Tórshavn,Valletta,"Tórshavn, Faroe Islands","Valletta, Malta","Tórshavn, Faroe Islands",62.0101396,-6.7715709,35.8989979,14.5136607,62.0101396,-6.7715709,0.0,3258.800299337651,6.827,7.118,6,16,15,12,0,0,1,0,0.2857,0.5714,0.0,0.5,6.382,6.855,2,3,15,14,0,1,3,1,0.1176,0.1765,0.0,0.5,123,161,12.0,8.9,0.8,28.6,32.0,25.3,0.0,23.7,12.0,8.9,0.8,28.6,0.0,0.0,0.0,20.0,16.4,18.2
2018-09-07,Romania,Montenegro,UEFA,Ploiești,Romania,False,2018,9,7,0,1490.0,1440.0,Bucharest,Podgorica,"Bucharest, Romania","Podgorica, Montenegro","Ploiești, Romania",44.4361414,26.102684,42.4415238,19.2621081,44.9417468,26.0236504,56.566838977965865,610.3229098128792,6.536,7.236,7,14,13,9,1,3,1,1,0.35,0.6087,0.5,0.75,6.391,6.809,9,10,9,8,2,0,4,1,0.5,0.5556,0.3333,0.0,52,80,26.4,15.5,0.2,7.8,28.3,18.1,0.0,9.0,26.4,14.5,0.4,9.9,0.0,1.0,0.5,1.9000000000000021,3.6000000000000014,2.7500000000000018
2018-09-07,Italy,Poland,UEFA,Bologna,Italy,False,2018,9,7,0,1532.0,1538.0,Rome,Warsaw,"Rome, Italy","Warsaw, Poland","Bologna, Italy",41.8933203,12.4829321,52.2319581,21.0067249,44.4938203,11.3426327,303.5696205287697,1116.12020765842,7.445,6.673,23,7,3,7,0,0,0,1,0.8846,0.5,0.5,0.0,7.218,6.709,11,9,10,11,1,0,0,3,0.5238,0.45,1.0,0.0,15,36,28.2,18.0,2.6,9.7,25.3,12.8,0.0,12.7,24.9,17.6,16.2,10.8,3.3000000000000007,0.3999999999999986,1.8499999999999996,0.40000000000000213,4.800000000000001,2.6000000000000014
2018-09-07,Lithuania,Serbia,UEFA,Vilnius,Lithuania,False,2018,9,7,2,1130.0,1459.0,Vilnius,Belgrade,"Vilnius, Lithuania","Belgrade, Serbia","Vilnius, Lithuania",54.6870458,25.2829111,44.8153318,20.4456588,54.6870458,25.2829111,0.0,1150.6920301175871,6.682,6.873,8,14,16,3,0,1,1,1,0.3333,0.8235,0.0,0.5,6.809,6.982,10,12,13,17,0,1,2,2,0.4348,0.4138,0.0,0.3333,149,40,23.6,13.7,0.0,14.5,26.5,16.5,0.0,10.1,23.6,13.7,0.0,14.5,0.0,0.0,0.0,2.8999999999999986,2.8000000000000007,2.8499999999999996
2018-09-08,Belarus,San Marino,UEFA,Minsk,Belarus,False,2018,9,8,1,1306.0,876.0,Minsk,City of San Marino,"Minsk, Belarus","City of San Marino, San Marino","Minsk, Belarus",53.9024716,27.5618225,43.9363996,12.4466991,53.9024716,27.5618225,0.0,1558.3907496602951,6.5,6.782,11,14,10,17,1,1,2,3,0.5238,0.4516,0.3333,0.25,6.345,5.627,4,1,28,24,0,0,5,8,0.125,0.04,0.0,0.0,96,211,25.3,13.8,0.0,14.3,21.0,14.1,2.1,8.7,25.3,13.8,0.0,14.3,0.0,0.0,0.0,4.300000000000001,0.29999999999999893,2.3
2018-09-08,England,Spain,UEFA,London,England,False,2018,9,8,2,1615.0,1580.0,London,Madrid,"London, England","Madrid, Spain","London, England",51.5074456,-0.1277653,40.416782,-3.703507,51.5074456,-0.1277653,0.0,1263.4146298827739,7.064,7.036,12,10,11,21,0,1,2,2,0.5217,0.3226,0.0,0.3333,7.518,7.282,16,15,5,5,4,2,5,2,0.7619,0.75,0.4444,0.5,4,1,18.8,8.7,1.1,21.4,24.3,17.5,8.0,16.3,18.8,8.7,1.1,21.4,0.0,0.0,0.0,5.5,8.8,7.15
2018-09-08,Luxembourg,Moldova,UEFA,Luxembourg,Luxembourg,False,2018,9,8,1,1286.0,957.0,Luxembourg,Chișinău,"Luxembourg, Luxembourg","Chișinău, Moldova","Luxembourg, Luxembourg",49.6112768,6.129799,47.0245117,28.8322923,49.6112768,6.129799,0.0,1696.4382943864412,6.882,6.0,16,3,9,22,1,0,1,8,0.64,0.12,0.5,0.0,6.464,6.645,3,8,7,14,0,0,1,2,0.3,0.3636,0.0,0.0,98,159,19.7,7.0,0.0,11.2,21.4,13.9,0.3,21.1,19.7,7.0,0.0,11.2,0.0,0.0,0.0,1.6999999999999993,6.9,4.3
2018-09-08,Finland,Hungary,UEFA,Tampere,Finland,False,2018,9,8,1,1364.0,1409.0,Helsinki,Budapest,"Helsinki, Finland","Budapest, Hungary","Tampere, Finland",60.1666204,24.9435408,47.4813896,19.1457723,61.4977988,23.7616335,161.27760922389206,1585.8341040203277,6.955,7.036,17,9,11,18,2,1,2,1,0.6071,0.3333,0.5,0.5,7.245,6.318,15,8,6,23,1,2,0,5,0.7143,0.2581,1.0,0.2857,75,39,21.2,16.3,0.0,15.8,25.0,14.6,0.0,16.0,22.0,14.9,2.6,17.1,0.8000000000000007,1.4000000000000004,1.1000000000000005,3.0,0.3000000000000007,1.6500000000000004
2018-09-08,Northern Ireland,Bosnia and Herzegovina,UEFA,Belfast,Northern Ireland,False,2018,9,8,2,1492.0,1452.0,Belfast,Sarajevo,"Belfast, Northern Ireland","Sarajevo, Bosnia and Herzegovina","Belfast, Northern Ireland",54.596391,-5.9301829,43.8570713,18.4126147,54.596391,-5.9301829,0.0,2116.0726160539757,7.018,6.545,11,5,16,16,0,0,0,1,0.4074,0.2381,0.5,0.0,7.045,6.564,7,14,11,19,2,3,1,4,0.3889,0.4242,0.6667,0.4286,70,61,15.5,10.6,2.9,15.3,21.9,14.1,2.0,8.8,15.5,10.6,2.9,15.3,0.0,0.0,0.0,6.399999999999999,3.5,4.949999999999999
2018-09-08,Switzerland,Iceland,UEFA,St. Gallen,Switzerland,False,2018,9,8,1,1597.0,1471.0,Bern,Reykjavik,"Bern, Switzerland","Reykjavik, Iceland","St. Gallen, Switzerland",46.9484742,7.4521749,64.145981,-21.9422367,47.425618,9.3762397,154.77177976992516,2650.029757134357,6.909,6.973,16,9,12,14,0,2,1,2,0.5714,0.3913,0.0,0.5,6.855,6.564,16,9,11,15,1,0,2,2,0.5926,0.375,0.3333,0.0,14,74,22.3,11.7,0.0,6.9,10.7,7.2,5.6,31.7,19.1,11.3,0.0,10.2,3.1999999999999993,0.3999999999999986,1.799999999999999,8.400000000000002,4.1000000000000005,6.250000000000002
2018-09-08,Estonia,Greece,UEFA,Tallinn,Estonia,False,2018,9,8,2,1250.0,1436.0,Tallinn,Athens,"Tallinn, Estonia","Athens, Greece","Tallinn, Estonia",59.437242,24.7572693,37.9755648,23.7348324,59.437242,24.7572693,0.0,2387.5406179112006,6.573,7.591,11,12,7,4,1,6,2,0,0.6111,0.75,0.3333,1.0,7.036,6.5,6,7,5,17,0,1,0,4,0.5455,0.2917,0.5,0.2,127,46,24.2,15.6,0.1,12.0,29.4,21.4,2.7,10.4,24.2,15.6,0.1,12.0,0.0,0.0,0.0,5.199999999999999,5.799999999999999,5.499999999999999
2018-09-09,North Macedonia,Armenia,UEFA,Skopje,North Macedonia,False,2018,9,9,1,1336.0,1227.0,Skopje,Yerevan,"Skopje, North Macedonia","Yerevan, Armenia","Skopje, North Macedonia",41.9962164,21.4318935,40.1777112,44.5126233,41.9962164,21.4318935,0.0,1938.9830234739065,7.491,6.836,12,5,3,8,4,1,0,1,0.8,0.3846,1.0,0.5,7.036,6.091,16,6,11,12,1,1,1,6,0.5926,0.3333,0.5,0.1429,69,107,27.9,15.7,0.6,11.0,27.1,17.6,0.2,11.2,27.9,15.7,0.6,11.0,0.0,0.0,0.0,0.7999999999999972,1.9000000000000021,1.3499999999999996
2018-09-09,Liechtenstein,Gibraltar,UEFA,Vaduz,Liechtenstein,False,2018,9,9,1,944.0,900.0,Vaduz,Gibraltar,"Vaduz, Liechtenstein","Gibraltar, Gibraltar","Vaduz, Liechtenstein",47.1392862,9.5227962,36.140807,-5.3541295,47.1392862,9.5227962,0.0,1733.3114130094725,6.064,6.736,3,5,12,15,0,0,4,1,0.2,0.25,0.0,0.0,6.109,5.909,3,4,19,12,0,0,4,6,0.1364,0.25,0.0,0.0,206,202,24.1,10.2,0.0,8.0,24.2,20.1,7.0,10.9,24.1,10.2,0.0,8.0,0.0,0.0,0.0,0.09999999999999787,9.900000000000002,5.0
2018-09-09,Georgia,Latvia,UEFA,Tbilisi,Georgia,False,2018,9,9,1,1242.0,1122.0,Tbilisi,Riga,"Tbilisi, Georgia","Riga, Latvia","Tbilisi, Georgia",41.6934591,44.8014495,56.9493977,24.1051846,41.6934591,44.8014495,0.0,2246.387020999087,6.855,6.809,7,5,16,10,0,0,1,1,0.3043,0.3333,0.0,0.0,7.509,7.009,12,12,4,16,4,0,0,0,0.75,0.4286,1.0,0.5,72,137,28.9,18.5,0.2,21.4,18.9,13.8,0.9,11.4,28.9,18.5,0.2,21.4,0.0,0.0,0.0,10.0,4.699999999999999,7.35
2018-09-09,France,Netherlands,UEFA,Paris,France,False,2018,9,9,1,1726.0,1540.0,Paris,Amsterdam,"Paris, France","Amsterdam, Netherlands","Paris, France",48.8534951,2.3483915,52.3730796,4.8924534,48.8534951,2.3483915,0.0,430.495836705593,6.745,7.473,7,19,14,9,4,1,2,0,0.3333,0.6786,0.6667,1.0,7.282,7.291,19,17,5,14,2,3,0,1,0.7917,0.5484,1.0,0.75,3,9,28.4,12.0,0.0,12.8,21.9,14.3,0.2,19.2,28.4,12.0,0.0,12.8,0.0,0.0,0.0,6.5,2.3000000000000007,4.4
2018-09-09,Bulgaria,Norway,UEFA,Sofia,Bulgaria,False,2018,9,9,1,1416.0,1406.0,Sofia,Oslo,"Sofia, Bulgaria","Oslo, Norway","Sofia, Bulgaria",42.6977028,23.3217359,59.9133301,10.7389701,42.6977028,23.3217359,0.0,2096.3970987766497,7.055,6.664,9,7,16,10,1,0,1,1,0.36,0.4118,0.5,0.0,7.1,7.8,14,24,7,1,1,8,0,0,0.6667,0.96,1.0,1.0,85,19,23.9,14.3,0.7,15.6,16.0,11.4,10.7,19.5,23.9,14.3,0.7,15.6,0.0,0.0,0.0,7.899999999999999,2.9000000000000004,5.3999999999999995
2018-09-09,Ukraine,Slovakia,UEFA,Lviv,Ukraine,False,2018,9,9,1,1468.0,1493.0,Kyiv,Bratislava,"Kyiv, Ukraine","Bratislava, Slovakia","Lviv, Ukraine",50.4500336,30.5241361,48.1516988,17.1093063,49.841952,24.0315921,467.4012322291787,538.6063148730889,6.591,7.045,8,13,7,6,0,2,2,0,0.5333,0.6842,0.0,1.0,7.464,6.955,15,10,2,18,3,0,0,1,0.8824,0.3571,1.0,0.0,33,45,24.4,15.0,2.2,22.9,24.2,12.4,0.0,9.0,18.0,11.3,0.2,12.6,6.399999999999999,3.6999999999999993,5.049999999999999,6.199999999999999,1.0999999999999996,3.6499999999999995
2018-09-09,Cyprus,Slovenia,UEFA,Nicosia,Cyprus,False,2018,9,9,1,1280.0,1392.0,Nicosia,Ljubljana,"Nicosia, Cyprus","Ljubljana, Slovenia","Nicosia, Cyprus",35.1746503,33.3638783,46.0500268,14.5069289,35.1746503,33.3638783,0.0,1990.4384018025526,6.245,6.636,2,8,13,11,0,1,4,2,0.1333,0.4211,0.0,0.3333,7.027,6.664,17,4,9,16,2,0,2,1,0.6538,0.2,0.5,0.0,124,56,31.2,20.5,14.1,14.3,25.7,12.6,0.0,5.7,31.2,20.5,14.1,14.3,0.0,0.0,0.0,5.5,7.9,6.7
2018-09-09,Denmark,Wales,UEFA,Aarhus,Denmark,False,2018,9,9,1,1580.0,1536.0,Copenhagen,Cardiff,"Copenhagen, Denmark","Cardiff, Wales","Aarhus, Denmark",55.6867243,12.5700724,51.4816546,-3.1791934,56.1496278,10.2134046,155.5965689136978,1018.4725433180254,7.136,6.982,8,6,17,9,3,0,4,0,0.32,0.4,0.4286,0.5,6.8,7.009,15,10,8,5,0,1,1,0,0.6522,0.6667,0.0,1.0,21,38,19.6,15.5,1.0,23.9,17.9,14.1,0.9,29.7,18.6,13.8,1.9,28.2,1.0,1.6999999999999993,1.3499999999999996,0.7000000000000028,0.29999999999999893,0.5000000000000009
2018-09-10,Sweden,Turkey,UEFA,Stockholm,Sweden,False,2018,9,10,2,1565.0,1455.0,Stockholm,Ankara,"Stockholm, Sweden","Ankara, Turkey","Stockholm, Sweden",59.3251172,18.0710935,39.9207759,32.8540497,59.3251172,18.0710935,0.0,2393.664160651477,6.673,7.191,7,12,12,16,0,1,2,0,0.3684,0.4286,0.0,1.0,7.009,6.564,11,9,17,16,2,0,2,3,0.3929,0.36,0.5,0.0,37,27,18.9,12.3,7.0,20.8,25.2,13.0,0.1,23.3,18.9,12.3,7.0,20.8,0.0,0.0,0.0,6.300000000000001,0.6999999999999993,3.5
2018-09-10,Montenegro,Lithuania,UEFA,Podgorica,Montenegro,False,2018,9,10,1,1440.0,1130.0,Podgorica,Vilnius,"Podgorica, Montenegro","Vilnius, Lithuania","Podgorica, Montenegro",42.4415238,19.2621081,54.6870458,25.2829111,42.4415238,19.2621081,0.0,1430.6012881144152,6.391,6.809,9,10,9,8,2,0,4,1,0.5,0.5556,0.3333,0.0,6.682,6.873,8,14,16,3,0,1,1,1,0.3333,0.8235,0.0,0.5,80,149,31.6,18.1,0.0,14.7,23.1,12.3,0.0,9.5,31.6,18.1,0.0,14.7,0.0,0.0,0.0,8.5,5.800000000000001,7.15
2018-09-10,Andorra,Kazakhstan,UEFA,Andorra la Vella,Andorra,False,2018,9,10,0,1120.0,1167.0,Andorra la Vella,Nur-Sultan,"Andorra la Vella, Andorra","Nur-Sultan, Kazakhstan","Andorra la Vella, Andorra",42.4979185,1.5032264,51.1282205,71.4306682,42.4979185,1.5032264,0.0,5201.973568291305,6.309,6.427,4,1,12,15,0,0,4,2,0.25,0.0625,0.0,0.0,7.127,6.455,11,9,16,14,1,1,1,3,0.4074,0.3913,0.5,0.25,172,111,23.6,13.1,7.9,9.0,16.2,7.2,0.4,18.8,23.6,13.1,7.9,9.0,0.0,0.0,0.0,7.400000000000002,5.8999999999999995,6.65
2018-09-10,Serbia,Romania,UEFA,Belgrade,Serbia,False,2018,9,10,0,1459.0,1490.0,Belgrade,Bucharest,"Belgrade, Serbia","Bucharest, Romania","Belgrade, Serbia",44.8153318,20.4456588,44.4361414,26.102684,44.8153318,20.4456588,0.0,449.5776697434591,6.809,6.982,10,12,13,17,0,1,2,2,0.4348,0.4138,0.0,0.3333,6.536,7.236,7,14,13,9,1,3,1,1,0.35,0.6087,0.5,0.75,40,52,25.4,14.5,0.0,11.8,25.4,15.9,0.0,16.6,25.4,14.5,0.0,11.8,0.0,0.0,0.0,0.0,1.4000000000000004,0.7000000000000002
2018-09-10,Kosovo,Faroe Islands,UEFA,Pristina,Kosovo,False,2018,9,10,1,1080.0,1268.0,Pristina,Tórshavn,"Pristina, Kosovo","Tórshavn, Faroe Islands","Pristina, Kosovo",42.6638771,21.1640849,62.0101396,-6.7715709,42.6638771,21.1640849,0.0,2824.5797891186326,6.545,6.7,7,6,10,13,0,0,2,2,0.4118,0.3158,0.0,0.0,6.827,7.118,6,16,15,12,0,0,1,0,0.2857,0.5714,0.0,0.5,78,123,24.2,10.7,0.0,14.7,11.8,8.6,1.1,18.8,24.2,10.7,0.0,14.7,0.0,0.0,0.0,12.399999999999999,2.0999999999999996,7.249999999999999
2018-09-10,Malta,Azerbaijan,UEFA,Attard,Malta,False,2018,9,10,0,928.0,1207.0,Valletta,Baku,"Valletta, Malta","Baku, Azerbaijan","Attard, Malta",35.8989979,14.5136607,40.3755885,49.8328009,35.8909172,14.4430093,6.4272723039174675,3114.049485153708,6.382,6.855,2,3,15,14,0,1,3,1,0.1176,0.1765,0.0,0.5,6.345,6.936,6,3,21,27,1,1,5,2,0.2222,0.1,0.1667,0.3333,161,126,28.5,25.2,0.0,17.1,29.2,20.9,0.0,24.2,29.2,24.3,0.0,14.0,0.6999999999999993,0.8999999999999986,0.7999999999999989,0.0,3.400000000000002,1.700000000000001
2018-09-10,Scotland,Albania,UEFA,Glasgow,Scotland,False,2018,9,10,1,1444.0,1384.0,Edinburgh,Tirana,"Edinburgh, Scotland","Tirana, Albania","Glasgow, Scotland",55.9533456,-3.1883749,41.3281482,19.8184435,55.861155,-4.2501687,66.96861427666241,2374.195556687173,6.909,7.155,9,18,17,10,2,1,2,0,0.3462,0.6429,0.5,1.0,6.809,6.6,11,11,19,25,0,0,1,3,0.3667,0.3056,0.0,0.0,42,67,14.2,11.6,6.4,36.2,29.0,17.5,0.0,13.8,14.0,11.0,13.2,29.3,0.1999999999999993,0.5999999999999996,0.39999999999999947,15.0,6.5,10.75
2018-09-10,Portugal,Italy,UEFA,Lisbon,Portugal,False,2018,9,10,1,1599.0,1532.0,Lisbon,Rome,"Lisbon, Portugal","Rome, Italy","Lisbon, Portugal",38.7077507,-9.1365919,41.8933203,12.4829321,38.7077507,-9.1365919,0.0,1862.0945804870253,7.2,7.055,17,13,6,5,1,1,2,1,0.7391,0.7222,0.3333,0.5,7.445,6.673,23,7,3,7,0,0,0,1,0.8846,0.5,0.5,0.0,7,15,32.0,18.9,0.0,23.4,30.1,19.5,0.0,15.8,32.0,18.9,0.0,23.4,0.0,0.0,0.0,1.8999999999999986,0.6000000000000014,1.25
2018-09-11,San Marino,Luxembourg,UEFA,Serravalle,San Marino,False,2018,9,11,2,876.0,1286.0,City of San Marino,Luxembourg,"City of San Marino, San Marino","Luxembourg, Luxembourg","Serravalle, San Marino",43.9363996,12.4466991,49.6112768,6.129799,43.9699026,12.4802946,4.594647588483443,791.3803345132102,6.345,5.627,4,1,28,24,0,0,5,8,0.125,0.04,0.0,0.0,6.882,6.0,16,3,9,22,1,0,1,8,0.64,0.12,0.5,0.0,211,98,25.2,14.4,0.0,8.3,24.7,10.9,0.0,15.0,27.9,17.1,0.0,9.0,2.6999999999999993,2.700000000000001,2.7,3.1999999999999993,6.200000000000001,4.7
2018-09-11,Hungary,Greece,UEFA,Budapest,Hungary,False,2018,9,11,1,1409.0,1436.0,Budapest,Athens,"Budapest, Hungary","Athens, Greece","Budapest, Hungary",47.4813896,19.1457723,37.9755648,23.7348324,47.4813896,19.1457723,0.0,1120.9680440997154,7.245,6.318,15,8,6,23,1,2,0,5,0.7143,0.2581,1.0,0.2857,7.036,6.5,6,7,5,17,0,1,0,4,0.5455,0.2917,0.5,0.2,39,46,24.9,13.4,0.0,11.0,30.3,19.1,0.0,12.9,24.9,13.4,0.0,11.0,0.0,0.0,0.0,5.400000000000002,5.700000000000001,5.550000000000002
2018-09-11,Spain,Croatia,UEFA,Elche,Spain,False,2018,9,11,1,1580.0,1643.0,Madrid,Zagreb,"Madrid, Spain","Zagreb, Croatia","Elche, Spain",40.416782,-3.703507,45.8130967,15.9772795,38.2653307,-0.6988391,352.0901265017733,1607.9474888296602,7.518,7.282,16,15,5,5,4,2,5,2,0.7619,0.75,0.4444,0.5,6.755,7.355,14,21,7,10,2,2,4,1,0.6667,0.6774,0.3333,0.6667,1,13,28.7,16.0,0.0,14.2,27.3,15.5,0.1,9.4,27.9,20.4,0.7,22.8,0.8000000000000007,4.399999999999999,2.5999999999999996,0.5999999999999979,4.899999999999999,2.7499999999999982
2018-09-11,Finland,Estonia,UEFA,Turku,Finland,False,2018,9,11,1,1364.0,1250.0,Helsinki,Tallinn,"Helsinki, Finland","Tallinn, Estonia","Turku, Finland",60.1666204,24.9435408,59.437242,24.7572693,60.4515932,22.2669991,150.77205120339138,178.74025368764248,6.955,7.036,17,9,11,18,2,1,2,1,0.6071,0.3333,0.5,0.5,6.573,7.591,11,12,7,4,1,6,2,0,0.6111,0.75,0.3333,1.0,75,127,17.5,14.2,7.6,27.1,18.4,12.5,4.1,23.8,17.3,12.7,17.7,22.0,0.1999999999999993,1.5,0.8499999999999996,1.0999999999999979,0.1999999999999993,0.6499999999999986
2018-09-11,Moldova,Belarus,UEFA,Chișinău,Moldova,False,2018,9,11,0,957.0,1306.0,Chișinău,Minsk,"Chișinău, Moldova","Minsk, Belarus","Chișinău, Moldova",47.0245117,28.8322923,53.9024716,27.5618225,47.0245117,28.8322923,0.0,770.0289439410737,6.464,6.645,3,8,7,14,0,0,1,2,0.3,0.3636,0.0,0.0,6.5,6.782,11,14,10,17,1,1,2,3,0.5238,0.4516,0.3333,0.25,159,96,20.5,14.3,4.2,18.8,21.4,11.8,0.2,9.7,20.5,14.3,4.2,18.8,0.0,0.0,0.0,0.8999999999999986,2.5,1.6999999999999993
2018-09-11,Bosnia and Herzegovina,Austria,UEFA,Zenica,Bosnia and Herzegovina,False,2018,9,11,1,1452.0,1502.0,Sarajevo,Vienna,"Sarajevo, Bosnia and Herzegovina","Vienna, Austria","Zenica, Bosnia and Herzegovina",43.8570713,18.4126147,48.2083537,16.3725042,44.199828,17.9093012,55.423419927545865,461.12429359243083,7.045,6.564,7,14,11,19,2,3,1,4,0.3889,0.4242,0.6667,0.4286,7.182,7.073,7,19,3,8,1,3,0,2,0.7,0.7037,1.0,0.6,61,23,23.4,12.1,0.0,10.4,27.5,18.6,0.1,18.9,25.8,13.4,0.0,11.5,2.400000000000002,1.3000000000000007,1.8500000000000014,1.6999999999999993,5.200000000000001,3.45
2018-09-11,Iceland,Belgium,UEFA,Reykjavík,Iceland,False,2018,9,11,2,1471.0,1723.0,Reykjavik,Brussels,"Reykjavik, Iceland","Brussels, Belgium","Reykjavík, Iceland",64.145981,-21.9422367,50.8467372,4.352493,64.145981,-21.9422367,0.0,2128.82416758117,6.855,6.564,16,9,11,15,1,0,2,2,0.5926,0.375,0.3333,0.0,7.409,7.027,11,9,12,19,2,0,0,1,0.4783,0.3214,1.0,0.0,74,8,9.4,6.1,6.5,16.2,24.3,14.2,0.0,27.3,9.4,6.1,6.5,16.2,0.0,0.0,0.0,14.9,8.1,11.5
2018-10-11,Montenegro,Serbia,UEFA,Podgorica,Montenegro,False,2018,10,11,2,1444.0,1463.0,Podgorica,Belgrade,"Podgorica, Montenegro","Belgrade, Serbia","Podgorica, Montenegro",42.4415238,19.2621081,44.8153318,20.4456588,42.4415238,19.2621081,0.0,280.6097534022015,6.391,6.809,9,10,9,8,2,0,4,1,0.5,0.5556,0.3333,0.0,6.809,6.982,10,12,13,17,0,1,2,2,0.4348,0.4138,0.0,0.3333,80,40,24.1,11.2,0.0,8.7,22.0,12.9,0.0,21.4,24.1,11.2,0.0,8.7,0.0,0.0,0.0,2.1000000000000014,1.700000000000001,1.9000000000000012
2018-10-11,Faroe Islands,Azerbaijan,UEFA,Tórshavn,Faroe Islands,False,2018,10,11,2,1261.0,1202.0,Tórshavn,Baku,"Tórshavn, Faroe Islands","Baku, Azerbaijan","Tórshavn, Faroe Islands",62.0101396,-6.7715709,40.3755885,49.8328009,62.0101396,-6.7715709,0.0,4420.271485703719,6.827,7.118,6,16,15,12,0,0,1,0,0.2857,0.5714,0.0,0.5,6.345,6.936,6,3,21,27,1,1,5,2,0.2222,0.1,0.1667,0.3333,123,126,12.1,10.4,7.9,31.9,22.5,13.7,0.1,9.8,12.1,10.4,7.9,31.9,0.0,0.0,0.0,10.4,3.299999999999999,6.85
2018-10-11,Kosovo,Malta,UEFA,Pristina,Kosovo,False,2018,10,11,1,1092.0,928.0,Pristina,Valletta,"Pristina, Kosovo","Valletta, Malta","Pristina, Kosovo",42.6638771,21.1640849,35.8989979,14.5136607,42.6638771,21.1640849,0.0,944.5557600098144,6.545,6.7,7,6,10,13,0,0,2,2,0.4118,0.3158,0.0,0.0,6.382,6.855,2,3,15,14,0,1,3,1,0.1176,0.1765,0.0,0.5,78,161,21.0,6.1,0.0,13.8,24.3,20.8,1.6,17.7,21.0,6.1,0.0,13.8,0.0,0.0,0.0,3.3000000000000007,14.700000000000001,9.0
2018-10-11,Poland,Portugal,UEFA,Chorzów,Poland,False,2018,10,11,2,1537.0,1606.0,Warsaw,Lisbon,"Warsaw, Poland","Lisbon, Portugal","Chorzów, Poland",52.2319581,21.0067249,38.7077507,-9.1365919,50.2884726,18.9703798,258.3942374279061,2551.9311436294192,7.218,6.709,11,9,10,11,1,0,0,3,0.5238,0.45,1.0,0.0,7.2,7.055,17,13,6,5,1,1,2,1,0.7391,0.7222,0.3333,0.5,36,7,20.0,7.1,0.0,15.9,22.2,17.3,6.9,22.6,22.1,8.5,0.0,12.1,2.1000000000000014,1.4000000000000004,1.7500000000000009,0.09999999999999787,8.8,4.449999999999999
2018-10-11,Lithuania,Romania,UEFA,Vilnius,Lithuania,False,2018,10,11,2,1123.0,1489.0,Vilnius,Bucharest,"Vilnius, Lithuania","Bucharest, Romania","Vilnius, Lithuania",54.6870458,25.2829111,44.4361414,26.102684,54.6870458,25.2829111,0.0,1141.359978152375,6.682,6.873,8,14,16,3,0,1,1,1,0.3333,0.8235,0.0,0.5,6.536,7.236,7,14,13,9,1,3,1,1,0.35,0.6087,0.5,0.75,149,52,17.4,4.7,0.0,12.0,21.1,11.2,0.0,15.0,17.4,4.7,0.0,12.0,0.0,0.0,0.0,3.700000000000003,6.499999999999999,5.100000000000001
2018-10-11,Israel,Scotland,UEFA,Haifa,Israel,False,2018,10,11,1,1247.0,1448.0,Jerusalem,Edinburgh,"Jerusalem, Israel","Edinburgh, Scotland","Haifa, Israel",31.7788472,35.2257856,55.9533456,-3.1883749,32.8191218,34.9983856,117.6311723884102,3894.6342015466494,6.773,7.409,8,15,12,5,0,1,1,0,0.4,0.75,0.0,1.0,6.909,7.155,9,18,17,10,2,1,2,0,0.3462,0.6429,0.5,1.0,76,42,24.8,16.3,0.4,22.2,16.9,10.7,2.7,31.6,26.2,20.7,0.5,14.7,1.3999999999999986,4.399999999999999,2.8999999999999986,9.3,10.0,9.65
2018-10-11,Russia,Sweden,UEFA,Kaliningrad,Russia,False,2018,10,11,0,1423.0,1550.0,Moscow,Stockholm,"Moscow, Russia","Stockholm, Sweden","Kaliningrad, Russia",55.625578,37.6063916,59.3251172,18.0710935,54.710128,20.5105838,1087.7541332465166,533.8955348316533,6.936,7.136,9,5,18,16,5,5,6,4,0.3333,0.2381,0.4545,0.5556,6.673,7.191,7,12,12,16,0,1,2,0,0.3684,0.4286,0.0,1.0,35,37,13.7,5.7,0.0,18.8,15.8,9.4,0.0,14.0,19.3,7.4,0.0,15.8,5.600000000000001,1.7000000000000002,3.650000000000001,3.5,2.0,2.75
2018-10-12,Belgium,Switzerland,UEFA,Brussels,Belgium,False,2018,10,12,1,1729.0,1598.0,Brussels,Bern,"Brussels, Belgium","Bern, Switzerland","Brussels, Belgium",50.8467372,4.352493,46.9484742,7.4521749,50.8467372,4.352493,0.0,489.0098761057037,7.409,7.027,11,9,12,19,2,0,0,1,0.4783,0.3214,1.0,0.0,6.909,6.973,16,9,12,14,0,2,1,2,0.5714,0.3913,0.0,0.5,8,14,23.2,14.6,0.4,26.8,21.2,9.0,0.0,8.4,23.2,14.6,0.4,26.8,0.0,0.0,0.0,2.0,5.6,3.8
2018-10-12,Moldova,San Marino,UEFA,Chișinău,Moldova,False,2018,10,12,1,958.0,871.0,Chișinău,City of San Marino,"Chișinău, Moldova","City of San Marino, San Marino","Chișinău, Moldova",47.0245117,28.8322923,43.9363996,12.4466991,47.0245117,28.8322923,0.0,1320.082888711184,6.464,6.645,3,8,7,14,0,0,1,2,0.3,0.3636,0.0,0.0,6.345,5.627,4,1,28,24,0,0,5,8,0.125,0.04,0.0,0.0,159,211,20.3,9.3,0.0,12.1,17.8,10.9,0.3,9.2,20.3,9.3,0.0,12.1,0.0,0.0,0.0,2.5,1.5999999999999996,2.05
2018-10-12,Belarus,Luxembourg,UEFA,Minsk,Belarus,False,2018,10,12,1,1304.0,1292.0,Minsk,Luxembourg,"Minsk, Belarus","Luxembourg, Luxembourg","Minsk, Belarus",53.9024716,27.5618225,49.6112768,6.129799,53.9024716,27.5618225,0.0,1543.4281943578344,6.5,6.782,11,14,10,17,1,1,2,3,0.5238,0.4516,0.3333,0.25,6.882,6.0,16,3,9,22,1,0,1,8,0.64,0.12,0.5,0.0,96,98,15.2,8.1,0.0,16.6,23.0,12.6,0.0,16.7,15.2,8.1,0.0,16.6,0.0,0.0,0.0,7.800000000000001,4.5,6.15
2018-10-12,Austria,Northern Ireland,UEFA,Vienna,Austria,False,2018,10,12,1,1499.0,1487.0,Vienna,Belfast,"Vienna, Austria","Belfast, Northern Ireland","Vienna, Austria",48.2083537,16.3725042,54.596391,-5.9301829,48.2083537,16.3725042,0.0,1692.768195167158,7.182,7.073,7,19,3,8,1,3,0,2,0.7,0.7037,1.0,0.6,7.018,6.545,11,5,16,16,0,0,0,1,0.4074,0.2381,0.5,0.0,23,70,21.9,12.3,0.0,22.5,15.4,10.5,14.4,45.3,21.9,12.3,0.0,22.5,0.0,0.0,0.0,6.499999999999998,1.8000000000000007,4.1499999999999995
2018-10-12,Estonia,Finland,UEFA,Tallinn,Estonia,False,2018,10,12,2,1240.0,1378.0,Tallinn,Helsinki,"Tallinn, Estonia","Helsinki, Finland","Tallinn, Estonia",59.437242,24.7572693,60.1666204,24.9435408,59.437242,24.7572693,0.0,81.76948804877523,6.573,7.591,11,12,7,4,1,6,2,0,0.6111,0.75,0.3333,1.0,6.955,7.036,17,9,11,18,2,1,2,1,0.6071,0.3333,0.5,0.5,127,75,15.5,7.6,0.0,17.7,12.3,9.5,0.0,18.7,15.5,7.6,0.0,17.7,0.0,0.0,0.0,3.1999999999999993,1.9000000000000004,2.55
2018-10-12,Croatia,England,UEFA,Rijeka,Croatia,False,2018,10,12,0,1634.0,1612.0,Zagreb,London,"Zagreb, Croatia","London, England","Rijeka, Croatia",45.8130967,15.9772795,51.5074456,-0.1277653,45.3267976,14.442208,131.15375333275554,1272.6517734276615,6.755,7.355,14,21,7,10,2,2,4,1,0.6667,0.6774,0.3333,0.6667,7.064,7.036,12,10,11,21,0,1,2,2,0.5217,0.3226,0.0,0.3333,13,4,20.4,8.7,0.0,8.4,20.8,13.6,0.0,37.4,24.2,13.1,0.0,13.2,3.8000000000000007,4.4,4.1000000000000005,3.3999999999999986,0.5,1.9499999999999993
2018-10-12,Greece,Hungary,UEFA,Athens,Greece,False,2018,10,12,1,1433.0,1409.0,Athens,Budapest,"Athens, Greece","Budapest, Hungary","Athens, Greece",37.9755648,23.7348324,47.4813896,19.1457723,37.9755648,23.7348324,0.0,1120.9680440997154,7.036,6.5,6,7,5,17,0,1,0,4,0.5455,0.2917,0.5,0.2,7.245,6.318,15,8,6,23,1,2,0,5,0.7143,0.2581,1.0,0.2857,46,39,21.5,14.0,0.0,19.5,21.8,8.3,0.0,8.3,21.5,14.0,0.0,19.5,0.0,0.0,0.0,0.3000000000000007,5.699999999999999,3.0
2018-10-13,Georgia,Andorra,UEFA,Tbilisi,Georgia,False,2018,10,13,1,1254.0,1121.0,Tbilisi,Andorra la Vella,"Tbilisi, Georgia","Andorra la Vella, Andorra","Tbilisi, Georgia",41.6934591,44.8014495,42.4979185,1.5032264,41.6934591,44.8014495,0.0,3534.2484810035894,6.855,6.809,7,5,16,10,0,0,1,1,0.3043,0.3333,0.0,0.0,6.309,6.427,4,1,12,15,0,0,4,2,0.25,0.0625,0.0,0.0,72,172,16.8,13.1,2.4,12.4,19.1,10.9,0.4,6.5,16.8,13.1,2.4,12.4,0.0,0.0,0.0,2.3000000000000007,2.1999999999999993,2.25
2018-10-13,Bulgaria,Cyprus,UEFA,Sofia,Bulgaria,False,2018,10,13,1,1430.0,1283.0,Sofia,Nicosia,"Sofia, Bulgaria","Nicosia, Cyprus","Sofia, Bulgaria",42.6977028,23.3217359,35.1746503,33.3638783,42.6977028,23.3217359,0.0,1204.2490884803278,7.055,6.664,9,7,16,10,1,0,1,1,0.36,0.4118,0.5,0.0,6.245,6.636,2,8,13,11,0,1,4,2,0.1333,0.4211,0.0,0.3333,85,124,18.4,8.9,0.0,15.3,26.2,16.0,0.6,11.2,18.4,8.9,0.0,15.3,0.0,0.0,0.0,7.800000000000001,7.1,7.45
2018-10-13,Slovakia,Czech Republic,UEFA,Trnava,Slovakia,False,2018,10,13,2,1491.0,1418.0,Bratislava,Prague,"Bratislava, Slovakia","Prague, Czech Republic","Trnava, Slovakia",48.1516988,17.1093063,50.0874654,14.4212535,48.374218,17.5809299,42.79032946372501,298.16517014978115,7.464,6.955,15,10,2,18,3,0,0,1,0.8824,0.3571,1.0,0.0,7.845,7.182,28,27,4,3,5,2,0,1,0.875,0.9,1.0,0.6667,45,48,21.4,9.7,0.0,15.4,23.1,8.1,0.0,16.8,21.7,8.5,0.0,13.4,0.3000000000000007,1.1999999999999993,0.75,1.4000000000000021,0.40000000000000036,0.9000000000000012
2018-10-13,Republic of Ireland,Denmark,UEFA,Dublin,Republic of Ireland,False,2018,10,13,0,1478.0,1581.0,Dublin,Copenhagen,"Dublin, Republic of Ireland","Copenhagen, Denmark","Dublin, Republic of Ireland",53.3493795,-6.2605593,55.6867243,12.5700724,53.3493795,-6.2605593,0.0,1238.732912622912,6.345,7.1,10,6,15,11,1,0,5,0,0.4,0.3529,0.1667,0.5,7.136,6.982,8,6,17,9,3,0,4,0,0.32,0.4,0.4286,0.5,55,21,14.1,9.4,17.9,24.1,16.5,14.9,0.0,22.5,14.1,9.4,17.9,24.1,0.0,0.0,0.0,2.4000000000000004,5.5,3.95
2018-10-13,Netherlands,Germany,UEFA,Amsterdam,Netherlands,False,2018,10,13,1,1540.0,1568.0,Amsterdam,Berlin,"Amsterdam, Netherlands","Berlin, Germany","Amsterdam, Netherlands",52.3730796,4.8924534,52.5173885,13.3951309,52.3730796,4.8924534,0.0,576.1630082747441,7.282,7.291,19,17,5,14,2,3,0,1,0.7917,0.5484,1.0,0.75,7.2,7.391,21,14,12,7,0,2,2,1,0.6364,0.6667,0.0,0.6667,9,12,25.1,16.7,0.0,20.6,24.0,10.2,0.0,15.8,25.1,16.7,0.0,20.6,0.0,0.0,0.0,1.1000000000000014,6.5,3.8000000000000007
2018-10-13,Armenia,Gibraltar,UEFA,Yerevan,Armenia,False,2018,10,13,2,1225.0,891.0,Yerevan,Gibraltar,"Yerevan, Armenia","Gibraltar, Gibraltar","Yerevan, Armenia",40.1777112,44.5126233,36.140807,-5.3541295,40.1777112,44.5126233,0.0,4325.825631168231,7.036,6.091,16,6,11,12,1,1,1,6,0.5926,0.3333,0.5,0.1429,6.109,5.909,3,4,19,12,0,0,4,6,0.1364,0.25,0.0,0.0,107,202,22.5,14.0,0.1,8.8,23.6,18.5,0.0,22.8,22.5,14.0,0.1,8.8,0.0,0.0,0.0,1.1000000000000014,4.5,2.8000000000000007
2018-10-13,Latvia,Kazakhstan,UEFA,Riga,Latvia,False,2018,10,13,0,1116.0,1160.0,Riga,Nur-Sultan,"Riga, Latvia","Nur-Sultan, Kazakhstan","Riga, Latvia",56.9493977,24.1051846,51.1282205,71.4306682,56.9493977,24.1051846,0.0,3091.2952497630913,7.509,7.009,12,12,4,16,4,0,0,0,0.75,0.4286,1.0,0.5,7.127,6.455,11,9,16,14,1,1,1,3,0.4074,0.3913,0.5,0.25,137,111,18.8,8.9,0.0,14.4,4.0,-1.1,0.9,15.8,18.8,8.9,0.0,14.4,0.0,0.0,0.0,14.8,10.0,12.4
2018-10-13,North Macedonia,Liechtenstein,UEFA,Skopje,North Macedonia,False,2018,10,13,1,1344.0,947.0,Skopje,Vaduz,"Skopje, North Macedonia","Vaduz, Liechtenstein","Skopje, North Macedonia",41.9962164,21.4318935,47.1392862,9.5227962,41.9962164,21.4318935,0.0,1101.433388959885,7.491,6.836,12,5,3,8,4,1,0,1,0.8,0.3846,1.0,0.5,6.064,6.736,3,5,12,15,0,0,4,1,0.2,0.25,0.0,0.0,69,206,23.6,8.5,0.0,9.0,24.2,10.1,0.0,9.8,23.6,8.5,0.0,9.0,0.0,0.0,0.0,0.5999999999999979,1.5999999999999996,1.0999999999999988
2018-10-13,Norway,Slovenia,UEFA,Oslo,Norway,False,2018,10,13,1,1405.0,1376.0,Oslo,Ljubljana,"Oslo, Norway","Ljubljana, Slovenia","Oslo, Norway",59.9133301,10.7389701,46.0500268,14.5069289,59.9133301,10.7389701,0.0,1561.4008757251815,7.1,7.8,14,24,7,1,1,8,0,0,0.6667,0.96,1.0,1.0,7.027,6.664,17,4,9,16,2,0,2,1,0.6538,0.2,0.5,0.0,19,56,17.0,13.0,0.2,27.4,19.8,7.1,0.0,11.5,17.0,13.0,0.2,27.4,0.0,0.0,0.0,2.8000000000000007,5.9,4.3500000000000005
2018-10-14,Romania,Serbia,UEFA,Bucharest,Romania,False,2018,10,14,0,1489.0,1463.0,Bucharest,Belgrade,"Bucharest, Romania","Belgrade, Serbia","Bucharest, Romania",44.4361414,26.102684,44.8153318,20.4456588,44.4361414,26.102684,0.0,449.5776697434591,6.536,7.236,7,14,13,9,1,3,1,1,0.35,0.6087,0.5,0.75,6.809,6.982,10,12,13,17,0,1,2,2,0.4348,0.4138,0.0,0.3333,52,40,19.9,9.1,0.0,21.0,20.8,12.1,0.0,24.4,19.9,9.1,0.0,21.0,0.0,0.0,0.0,0.9000000000000021,3.0,1.950000000000001
2018-10-14,Russia,Turkey,UEFA,Sochi,Russia,False,2018,10,14,1,1423.0,1456.0,Moscow,Ankara,"Moscow, Russia","Ankara, Turkey","Sochi, Russia",55.625578,37.6063916,39.9207759,32.8540497,43.5854823,39.723109,1347.2939228547605,700.1385117156082,6.936,7.136,9,5,18,16,5,5,6,4,0.3333,0.2381,0.4545,0.5556,7.009,6.564,11,9,17,16,2,0,2,3,0.3929,0.36,0.5,0.0,35,27,17.2,8.0,0.0,15.8,21.9,9.9,1.4,13.4,21.8,14.4,0.0,11.2,4.600000000000001,6.4,5.500000000000001,0.09999999999999787,4.5,2.299999999999999
2018-10-14,Lithuania,Montenegro,UEFA,Vilnius,Lithuania,False,2018,10,14,2,1123.0,1444.0,Vilnius,Podgorica,"Vilnius, Lithuania","Podgorica, Montenegro","Vilnius, Lithuania",54.6870458,25.2829111,42.4415238,19.2621081,54.6870458,25.2829111,0.0,1430.6012881144152,6.682,6.873,8,14,16,3,0,1,1,1,0.3333,0.8235,0.0,0.5,6.391,6.809,9,10,9,8,2,0,4,1,0.5,0.5556,0.3333,0.0,149,80,17.6,6.7,0.0,15.9,24.0,12.4,0.0,7.2,17.6,6.7,0.0,15.9,0.0,0.0,0.0,6.399999999999999,5.7,6.049999999999999
2018-10-14,Faroe Islands,Kosovo,UEFA,Tórshavn,Faroe Islands,False,2018,10,14,0,1261.0,1092.0,Tórshavn,Pristina,"Tórshavn, Faroe Islands","Pristina, Kosovo","Tórshavn, Faroe Islands",62.0101396,-6.7715709,42.6638771,21.1640849,62.0101396,-6.7715709,0.0,2824.5797891186326,6.827,7.118,6,16,15,12,0,0,1,0,0.2857,0.5714,0.0,0.5,6.545,6.7,7,6,10,13,0,0,2,2,0.4118,0.3158,0.0,0.0,123,78,8.4,6.5,4.5,30.3,21.2,8.8,0.0,16.3,8.4,6.5,4.5,30.3,0.0,0.0,0.0,12.799999999999999,2.3000000000000007,7.55
2018-10-14,Poland,Italy,UEFA,Chorzów,Poland,False,2018,10,14,2,1537.0,1526.0,Warsaw,Rome,"Warsaw, Poland","Rome, Italy","Chorzów, Poland",52.2319581,21.0067249,41.8933203,12.4829321,50.2884726,18.9703798,258.3942374279061,1058.141392164472,7.218,6.709,11,9,10,11,1,0,0,3,0.5238,0.45,1.0,0.0,7.445,6.673,23,7,3,7,0,0,0,1,0.8846,0.5,0.5,0.0,36,15,19.9,9.2,0.0,15.5,23.7,13.1,0.0,8.5,22.2,7.9,0.0,12.2,2.3000000000000007,1.299999999999999,1.7999999999999998,1.5,5.199999999999999,3.3499999999999996
2018-10-14,Israel,Albania,UEFA,Beer Sheva,Israel,False,2018,10,14,1,1247.0,1383.0,Jerusalem,Tirana,"Jerusalem, Israel","Tirana, Albania","Beer Sheva, Israel",31.7788472,35.2257856,41.3281482,19.8184435,31.2457442,34.7925181,72.11680807077265,1744.2483475992626,6.773,7.409,8,15,12,5,0,1,1,0,0.4,0.75,0.0,1.0,6.809,6.6,11,11,19,25,0,0,1,3,0.3667,0.3056,0.0,0.0,76,67,26.5,16.2,0.0,24.7,25.6,11.2,0.0,11.3,29.1,18.2,0.0,24.9,2.6000000000000014,2.0,2.3000000000000007,3.5,7.0,5.25
2018-10-14,Azerbaijan,Malta,UEFA,Baku,Azerbaijan,False,2018,10,14,0,1202.0,928.0,Baku,Valletta,"Baku, Azerbaijan","Valletta, Malta","Baku, Azerbaijan",40.3755885,49.8328009,35.8989979,14.5136607,40.3755885,49.8328009,0.0,3107.761947707412,6.345,6.936,6,3,21,27,1,1,5,2,0.2222,0.1,0.1667,0.3333,6.382,6.855,2,3,15,14,0,1,3,1,0.1176,0.1765,0.0,0.5,126,161,18.3,13.9,0.1,17.4,22.1,19.3,9.0,37.6,18.3,13.9,0.1,17.4,0.0,0.0,0.0,3.8000000000000007,5.4,4.6000000000000005
2018-10-15,Spain,England,UEFA,Seville,Spain,False,2018,10,15,2,1597.0,1612.0,Madrid,London,"Madrid, Spain","London, England","Seville, Spain",40.416782,-3.703507,51.5074456,-0.1277653,37.3886303,-5.9953403,390.74136507365967,1636.2394750939493,7.518,7.282,16,15,5,5,4,2,5,2,0.7619,0.75,0.4444,0.5,7.064,7.036,12,10,11,21,0,1,2,2,0.5217,0.3226,0.0,0.3333,1,4,15.5,8.6,5.6,19.6,16.0,10.9,5.1,21.5,20.0,11.7,15.0,29.0,4.5,3.0999999999999996,3.8,4.0,0.7999999999999989,2.3999999999999995
2018-10-15,Finland,Greece,UEFA,Tampere,Finland,False,2018,10,15,1,1378.0,1433.0,Helsinki,Athens,"Helsinki, Finland","Athens, Greece","Tampere, Finland",60.1666204,24.9435408,37.9755648,23.7348324,61.4977988,23.7616335,161.27760922389206,2615.5537410788284,6.955,7.036,17,9,11,18,2,1,2,1,0.6071,0.3333,0.5,0.5,7.036,6.5,6,7,5,17,0,1,0,4,0.5455,0.2917,0.5,0.2,75,46,14.4,11.4,0.0,24.9,21.1,15.4,0.1,12.3,16.5,10.5,0.0,20.0,2.0999999999999996,0.9000000000000004,1.5,4.600000000000001,4.9,4.750000000000001
2018-10-15,Estonia,Hungary,UEFA,Tallinn,Estonia,False,2018,10,15,0,1240.0,1409.0,Tallinn,Budapest,"Tallinn, Estonia","Budapest, Hungary","Tallinn, Estonia",59.437242,24.7572693,47.4813896,19.1457723,59.437242,24.7572693,0.0,1379.1610211691182,6.573,7.591,11,12,7,4,1,6,2,0,0.6111,0.75,0.3333,1.0,7.245,6.318,15,8,6,23,1,2,0,5,0.7143,0.2581,1.0,0.2857,127,39,16.7,10.1,0.0,20.5,21.2,7.6,0.0,10.1,16.7,10.1,0.0,20.5,0.0,0.0,0.0,4.5,2.5,3.5
2018-10-15,Belarus,Moldova,UEFA,Minsk,Belarus,False,2018,10,15,0,1304.0,958.0,Minsk,Chișinău,"Minsk, Belarus","Chișinău, Moldova","Minsk, Belarus",53.9024716,27.5618225,47.0245117,28.8322923,53.9024716,27.5618225,0.0,770.0289439410737,6.5,6.782,11,14,10,17,1,1,2,3,0.5238,0.4516,0.3333,0.25,6.464,6.645,3,8,7,14,0,0,1,2,0.3,0.3636,0.0,0.0,96,159,16.9,3.6,0.0,14.8,20.7,5.9,0.0,8.6,16.9,3.6,0.0,14.8,0.0,0.0,0.0,3.8000000000000007,2.3000000000000003,3.0500000000000007
2018-10-15,Bosnia and Herzegovina,Northern Ireland,UEFA,Sarajevo,Bosnia and Herzegovina,False,2018,10,15,1,1468.0,1487.0,Sarajevo,Belfast,"Sarajevo, Bosnia and Herzegovina","Belfast, Northern Ireland","Sarajevo, Bosnia and Herzegovina",43.8570713,18.4126147,54.596391,-5.9301829,43.8570713,18.4126147,0.0,2116.0726160539757,7.045,6.564,7,14,11,19,2,3,1,4,0.3889,0.4242,0.6667,0.4286,7.018,6.545,11,5,16,16,0,0,0,1,0.4074,0.2381,0.5,0.0,61,70,21.3,8.9,0.0,6.9,12.4,4.0,0.0,11.0,21.3,8.9,0.0,6.9,0.0,0.0,0.0,8.9,4.9,6.9
2018-10-15,Luxembourg,San Marino,UEFA,Luxembourg,Luxembourg,False,2018,10,15,1,1292.0,871.0,Luxembourg,City of San Marino,"Luxembourg, Luxembourg","City of San Marino, San Marino","Luxembourg, Luxembourg",49.6112768,6.129799,43.9363996,12.4466991,49.6112768,6.129799,0.0,792.8743506623273,6.882,6.0,16,3,9,22,1,0,1,8,0.64,0.12,0.5,0.0,6.345,5.627,4,1,28,24,0,0,5,8,0.125,0.04,0.0,0.0,98,211,22.2,10.8,0.0,14.1,16.8,8.9,1.2,15.2,22.2,10.8,0.0,14.1,0.0,0.0,0.0,5.399999999999999,1.9000000000000004,3.6499999999999995
2018-10-15,Iceland,Switzerland,UEFA,Reykjavík,Iceland,False,2018,10,15,2,1461.0,1598.0,Reykjavik,Bern,"Reykjavik, Iceland","Bern, Switzerland","Reykjavík, Iceland",64.145981,-21.9422367,46.9484742,7.4521749,64.145981,-21.9422367,0.0,2614.5703838834083,6.855,6.564,16,9,11,15,1,0,2,2,0.5926,0.375,0.3333,0.0,6.909,6.973,16,9,12,14,0,2,1,2,0.5714,0.3913,0.0,0.5,74,14,5.8,3.2,2.8,17.8,20.1,5.9,0.0,10.0,5.8,3.2,2.8,17.8,0.0,0.0,0.0,14.3,2.7,8.5
2018-10-16,France,Germany,UEFA,Paris,France,False,2018,10,16,1,1729.0,1568.0,Paris,Berlin,"Paris, France","Berlin, Germany","Paris, France",48.8534951,2.3483915,52.5173885,13.3951309,48.8534951,2.3483915,0.0,877.1539784325846,6.745,7.473,7,19,14,9,4,1,2,0,0.3333,0.6786,0.6667,1.0,7.2,7.391,21,14,12,7,0,2,2,1,0.6364,0.6667,0.0,0.6667,3,12,24.1,12.5,0.0,9.8,20.9,8.8,0.0,8.7,24.1,12.5,0.0,9.8,0.0,0.0,0.0,3.200000000000003,3.6999999999999993,3.450000000000001
2018-10-16,Armenia,North Macedonia,UEFA,Yerevan,Armenia,False,2018,10,16,1,1225.0,1344.0,Yerevan,Skopje,"Yerevan, Armenia","Skopje, North Macedonia","Yerevan, Armenia",40.1777112,44.5126233,41.9962164,21.4318935,40.1777112,44.5126233,0.0,1938.9830234739065,7.036,6.091,16,6,11,12,1,1,1,6,0.5926,0.3333,0.5,0.1429,7.491,6.836,12,5,3,8,4,1,0,1,0.8,0.3846,1.0,0.5,107,69,22.5,11.6,0.0,10.6,24.0,12.6,0.0,7.7,22.5,11.6,0.0,10.6,0.0,0.0,0.0,1.5,1.0,1.25
2018-10-16,Gibraltar,Liechtenstein,UEFA,Gibraltar,Gibraltar,False,2018,10,16,1,891.0,947.0,Gibraltar,Vaduz,"Gibraltar, Gibraltar","Vaduz, Liechtenstein","Gibraltar, Gibraltar",36.140807,-5.3541295,47.1392862,9.5227962,36.140807,-5.3541295,0.0,1733.3114130094725,6.109,5.909,3,4,19,12,0,0,4,6,0.1364,0.25,0.0,0.0,6.064,6.736,3,5,12,15,0,0,4,1,0.2,0.25,0.0,0.0,202,206,23.5,15.7,1.1,17.9,20.5,7.2,0.0,8.8,23.5,15.7,1.1,17.9,0.0,0.0,0.0,3.0,8.5,5.75
2018-10-16,Latvia,Georgia,UEFA,Riga,Latvia,False,2018,10,16,2,1116.0,1254.0,Riga,Tbilisi,"Riga, Latvia","Tbilisi, Georgia","Riga, Latvia",56.9493977,24.1051846,41.6934591,44.8014495,56.9493977,24.1051846,0.0,2246.387020999087,7.509,7.009,12,12,4,16,4,0,0,0,0.75,0.4286,1.0,0.5,6.855,6.809,7,5,16,10,0,0,1,1,0.3043,0.3333,0.0,0.0,137,72,18.1,7.8,0.0,15.2,18.7,12.6,0.2,12.0,18.1,7.8,0.0,15.2,0.0,0.0,0.0,0.5999999999999979,4.8,2.699999999999999
2018-10-16,Republic of Ireland,Wales,UEFA,Dublin,Republic of Ireland,False,2018,10,16,2,1478.0,1536.0,Dublin,Cardiff,"Dublin, Republic of Ireland","Cardiff, Wales","Dublin, Republic of Ireland",53.3493795,-6.2605593,51.4816546,-3.1791934,53.3493795,-6.2605593,0.0,294.57594111437277,6.345,7.1,10,6,15,11,1,0,5,0,0.4,0.3529,0.1667,0.5,6.8,7.009,15,10,8,5,0,1,1,0,0.6522,0.6667,0.0,1.0,55,38,15.5,8.5,0.5,17.8,15.7,10.2,0.3,16.8,15.5,8.5,0.5,17.8,0.0,0.0,0.0,0.1999999999999993,1.6999999999999993,0.9499999999999993
2018-10-16,Slovenia,Cyprus,UEFA,Ljubljana,Slovenia,False,2018,10,16,0,1376.0,1283.0,Ljubljana,Nicosia,"Ljubljana, Slovenia","Nicosia, Cyprus","Ljubljana, Slovenia",46.0500268,14.5069289,35.1746503,33.3638783,46.0500268,14.5069289,0.0,1990.4384018025526,7.027,6.664,17,4,9,16,2,0,2,1,0.6538,0.2,0.5,0.0,6.245,6.636,2,8,13,11,0,1,4,2,0.1333,0.4211,0.0,0.3333,56,124,16.7,8.6,0.4,3.5,28.1,18.3,0.1,14.5,16.7,8.6,0.4,3.5,0.0,0.0,0.0,11.400000000000002,9.700000000000001,10.55
2018-10-16,Norway,Bulgaria,UEFA,Oslo,Norway,False,2018,10,16,1,1405.0,1430.0,Oslo,Sofia,"Oslo, Norway","Sofia, Bulgaria","Oslo, Norway",59.9133301,10.7389701,42.6977028,23.3217359,59.9133301,10.7389701,0.0,2096.3970987766497,7.1,7.8,14,24,7,1,1,8,0,0,0.6667,0.96,1.0,1.0,7.055,6.664,9,7,16,10,1,0,1,1,0.36,0.4118,0.5,0.0,19,85,9.5,3.1,0.2,9.2,21.7,8.3,0.0,12.6,9.5,3.1,0.2,9.2,0.0,0.0,0.0,12.2,5.200000000000001,8.7
2018-10-16,Kazakhstan,Andorra,UEFA,Astana,Kazakhstan,False,2018,10,16,1,1160.0,1121.0,Nur-Sultan,Andorra la Vella,"Nur-Sultan, Kazakhstan","Andorra la Vella, Andorra","Astana, Kazakhstan",51.1282205,71.4306682,42.4979185,1.5032264,51.1282205,71.4306682,0.0,5201.973568291305,7.127,6.455,11,9,16,14,1,1,1,3,0.4074,0.3913,0.5,0.25,6.309,6.427,4,1,12,15,0,0,4,2,0.25,0.0625,0.0,0.0,111,172,0.9,-0.1,12.3,22.7,16.9,7.2,1.9,5.9,0.9,-0.1,12.3,22.7,0.0,0.0,0.0,15.999999999999998,7.3,11.649999999999999
2018-10-16,Ukraine,Czech Republic,UEFA,Kharkiv,Ukraine,False,2018,10,16,1,1483.0,1418.0,Kyiv,Prague,"Kyiv, Ukraine","Prague, Czech Republic","Kharkiv, Ukraine",50.4500336,30.5241361,50.0874654,14.4212535,49.9923181,36.2310146,409.09142920057667,1552.036091597452,6.591,7.045,8,13,7,6,0,2,2,0,0.5333,0.6842,0.0,1.0,7.845,7.182,28,27,4,3,5,2,0,1,0.875,0.9,1.0,0.6667,33,48,20.4,6.9,0.0,11.2,20.6,9.7,0.0,10.5,22.7,7.9,0.0,9.7,2.3000000000000007,1.0,1.6500000000000004,2.099999999999998,1.799999999999999,1.9499999999999984
2018-11-15,San Marino,Moldova,UEFA,Serravalle,San Marino,False,2018,11,15,2,862.0,969.0,City of San Marino,Chișinău,"City of San Marino, San Marino","Chișinău, Moldova","Serravalle, San Marino",43.9363996,12.4466991,47.0245117,28.8322923,43.9699026,12.4802946,4.594647588483443,1316.248466345857,6.345,5.627,4,1,28,24,0,0,5,8,0.125,0.04,0.0,0.0,6.464,6.645,3,8,7,14,0,0,1,2,0.3,0.3636,0.0,0.0,211,159,10.5,5.0,0.0,11.1,3.8,1.6,4.3,13.4,14.5,9.1,0.0,12.8,4.0,4.1,4.05,10.7,7.5,9.1
2018-11-15,Hungary,Estonia,UEFA,Budapest,Hungary,False,2018,11,15,1,1400.0,1237.0,Budapest,Tallinn,"Budapest, Hungary","Tallinn, Estonia","Budapest, Hungary",47.4813896,19.1457723,59.437242,24.7572693,47.4813896,19.1457723,0.0,1379.1610211691182,7.245,6.318,15,8,6,23,1,2,0,5,0.7143,0.2581,1.0,0.2857,6.573,7.591,11,12,7,4,1,6,2,0,0.6111,0.75,0.3333,1.0,39,127,11.9,2.6,0.0,12.4,7.1,5.1,0.0,17.4,11.9,2.6,0.0,12.4,0.0,0.0,0.0,4.800000000000001,2.4999999999999996,3.6500000000000004
2018-11-15,Kazakhstan,Latvia,UEFA,Astana,Kazakhstan,False,2018,11,15,0,1166.0,1111.0,Nur-Sultan,Riga,"Nur-Sultan, Kazakhstan","Riga, Latvia","Astana, Kazakhstan",51.1282205,71.4306682,56.9493977,24.1051846,51.1282205,71.4306682,0.0,3091.2952497630913,7.127,6.455,11,9,16,14,1,1,1,3,0.4074,0.3913,0.5,0.25,7.509,7.009,12,12,4,16,4,0,0,0,0.75,0.4286,1.0,0.5,111,137,-4.6,-12.3,0.0,14.8,8.0,5.0,0.0,7.0,-4.6,-12.3,0.0,14.8,0.0,0.0,0.0,12.6,17.3,14.95
2018-11-15,Croatia,Spain,UEFA,Zagreb,Croatia,False,2018,11,15,1,1635.0,1594.0,Zagreb,Madrid,"Zagreb, Croatia","Madrid, Spain","Zagreb, Croatia",45.8130967,15.9772795,40.416782,-3.703507,45.8130967,15.9772795,0.0,1701.0102778934317,6.755,7.355,14,21,7,10,2,2,4,1,0.6667,0.6774,0.3333,0.6667,7.518,7.282,16,15,5,5,4,2,5,2,0.7619,0.75,0.4444,0.5,13,1,11.7,2.7,0.0,9.2,16.2,8.8,1.3,10.8,11.7,2.7,0.0,9.2,0.0,0.0,0.0,4.5,6.1000000000000005,5.300000000000001
2018-11-15,Belgium,Iceland,UEFA,Brussels,Belgium,False,2018,11,15,1,1733.0,1458.0,Brussels,Reykjavik,"Brussels, Belgium","Reykjavik, Iceland","Brussels, Belgium",50.8467372,4.352493,64.145981,-21.9422367,50.8467372,4.352493,0.0,2128.82416758117,7.409,7.027,11,9,12,19,2,0,0,1,0.4783,0.3214,1.0,0.0,6.855,6.564,16,9,11,15,1,0,2,2,0.5926,0.375,0.3333,0.0,8,74,14.3,4.9,0.0,9.7,3.0,0.9,1.9,14.0,14.3,4.9,0.0,9.7,0.0,0.0,0.0,11.3,4.0,7.65
2018-11-15,Austria,Bosnia and Herzegovina,UEFA,Vienna,Austria,False,2018,11,15,0,1502.0,1476.0,Vienna,Sarajevo,"Vienna, Austria","Sarajevo, Bosnia and Herzegovina","Vienna, Austria",48.2083537,16.3725042,43.8570713,18.4126147,48.2083537,16.3725042,0.0,508.7760074206996,7.182,7.073,7,19,3,8,1,3,0,2,0.7,0.7037,1.0,0.6,7.045,6.564,7,14,11,19,2,3,1,4,0.3889,0.4242,0.6667,0.4286,23,61,10.4,2.0,0.0,8.6,10.7,2.2,0.0,9.5,10.4,2.0,0.0,8.6,0.0,0.0,0.0,0.29999999999999893,0.20000000000000018,0.24999999999999956
2018-11-15,Greece,Finland,UEFA,Athens,Greece,False,2018,11,15,1,1432.0,1392.0,Athens,Helsinki,"Athens, Greece","Helsinki, Finland","Athens, Greece",37.9755648,23.7348324,60.1666204,24.9435408,37.9755648,23.7348324,0.0,2469.0042500206637,7.036,6.5,6,7,5,17,0,1,0,4,0.5455,0.2917,0.5,0.2,6.955,7.036,17,9,11,18,2,1,2,1,0.6071,0.3333,0.5,0.5,46,75,16.8,8.2,0.0,20.5,8.2,4.5,0.0,26.8,16.8,8.2,0.0,20.5,0.0,0.0,0.0,8.600000000000001,3.6999999999999993,6.15
2018-11-15,Andorra,Georgia,UEFA,Andorra la Vella,Andorra,False,2018,11,15,0,1109.0,1265.0,Andorra la Vella,Tbilisi,"Andorra la Vella, Andorra","Tbilisi, Georgia","Andorra la Vella, Andorra",42.4979185,1.5032264,41.6934591,44.8014495,42.4979185,1.5032264,0.0,3534.2484810035894,6.309,6.427,4,1,12,15,0,0,4,2,0.25,0.0625,0.0,0.0,6.855,6.809,7,5,16,10,0,0,1,1,0.3043,0.3333,0.0,0.0,172,72,13.0,5.1,1.4,6.6,7.4,5.2,24.3,13.2,13.0,5.1,1.4,6.6,0.0,0.0,0.0,5.6,0.10000000000000053,2.85
2018-11-15,Luxembourg,Belarus,UEFA,Luxembourg,Luxembourg,False,2018,11,15,2,1287.0,1307.0,Luxembourg,Minsk,"Luxembourg, Luxembourg","Minsk, Belarus","Luxembourg, Luxembourg",49.6112768,6.129799,53.9024716,27.5618225,49.6112768,6.129799,0.0,1543.4281943578344,6.882,6.0,16,3,9,22,1,0,1,8,0.64,0.12,0.5,0.0,6.5,6.782,11,14,10,17,1,1,2,3,0.5238,0.4516,0.3333,0.25,98,96,6.8,2.9,0.0,13.4,3.6,-2.7,3.7,15.1,6.8,2.9,0.0,13.4,0.0,0.0,0.0,3.1999999999999997,5.6,4.3999999999999995
2018-11-16,Slovenia,Norway,UEFA,Ljubljana,Slovenia,False,2018,11,16,0,1367.0,1420.0,Ljubljana,Oslo,"Ljubljana, Slovenia","Oslo, Norway","Ljubljana, Slovenia",46.0500268,14.5069289,59.9133301,10.7389701,46.0500268,14.5069289,0.0,1561.4008757251815,7.027,6.664,17,4,9,16,2,0,2,1,0.6538,0.2,0.5,0.0,7.1,7.8,14,24,7,1,1,8,0,0,0.6667,0.96,1.0,1.0,56,19,9.6,3.6,0.1,16.0,7.8,5.7,0.0,17.5,9.6,3.6,0.1,16.0,0.0,0.0,0.0,1.7999999999999998,2.1,1.95
2018-11-16,Liechtenstein,North Macedonia,UEFA,Vaduz,Liechtenstein,False,2018,11,16,2,936.0,1338.0,Vaduz,Skopje,"Vaduz, Liechtenstein","Skopje, North Macedonia","Vaduz, Liechtenstein",47.1392862,9.5227962,41.9962164,21.4318935,47.1392862,9.5227962,0.0,1101.433388959885,6.064,6.736,3,5,12,15,0,0,4,1,0.2,0.25,0.0,0.0,7.491,6.836,12,5,3,8,4,1,0,1,0.8,0.3846,1.0,0.5,206,69,10.9,0.9,0.0,6.8,11.7,-0.9,0.0,8.3,10.9,0.9,0.0,6.8,0.0,0.0,0.0,0.7999999999999989,1.8,1.2999999999999994
2018-11-16,Netherlands,France,UEFA,Rotterdam,Netherlands,False,2018,11,16,1,1550.0,1732.0,Amsterdam,Paris,"Amsterdam, Netherlands","Paris, France","Rotterdam, Netherlands",52.3730796,4.8924534,48.8534951,2.3483915,51.9244424,4.47775,57.351895749089884,373.31283924523785,7.282,7.291,19,17,5,14,2,3,0,1,0.7917,0.5484,1.0,0.75,6.745,7.473,7,19,14,9,4,1,2,0,0.3333,0.6786,0.6667,1.0,9,3,7.0,-0.5,0.0,10.7,9.5,4.3,0.0,11.5,8.3,0.5,0.0,11.7,1.3000000000000007,1.0,1.1500000000000004,1.1999999999999993,3.8,2.4999999999999996
2018-11-16,Slovakia,Ukraine,UEFA,Trnava,Slovakia,False,2018,11,16,1,1483.0,1490.0,Bratislava,Kyiv,"Bratislava, Slovakia","Kyiv, Ukraine","Trnava, Slovakia",48.1516988,17.1093063,50.4500336,30.5241361,48.374218,17.5809299,42.79032946372501,963.034879827173,7.464,6.955,15,10,2,18,3,0,0,1,0.8824,0.3571,1.0,0.0,6.591,7.045,8,13,7,6,0,2,2,0,0.5333,0.6842,0.0,1.0,45,33,10.0,1.0,0.0,11.0,0.7,-4.5,0.0,16.9,10.0,1.7,0.0,11.6,0.0,0.7,0.35,9.3,6.2,7.75
2018-11-16,Cyprus,Bulgaria,UEFA,Nicosia,Cyprus,False,2018,11,16,0,1279.0,1428.0,Nicosia,Sofia,"Nicosia, Cyprus","Sofia, Bulgaria","Nicosia, Cyprus",35.1746503,33.3638783,42.6977028,23.3217359,35.1746503,33.3638783,0.0,1204.2490884803278,6.245,6.636,2,8,13,11,0,1,4,2,0.1333,0.4211,0.0,0.3333,7.055,6.664,9,7,16,10,1,0,1,1,0.36,0.4118,0.5,0.0,124,85,18.4,10.3,0.8,15.5,6.3,0.4,0.0,15.1,18.4,10.3,0.8,15.5,0.0,0.0,0.0,12.099999999999998,9.9,11.0
2018-11-16,Gibraltar,Armenia,UEFA,Gibraltar,Gibraltar,False,2018,11,16,2,911.0,1222.0,Gibraltar,Yerevan,"Gibraltar, Gibraltar","Yerevan, Armenia","Gibraltar, Gibraltar",36.140807,-5.3541295,40.1777112,44.5126233,36.140807,-5.3541295,0.0,4325.825631168231,6.109,5.909,3,4,19,12,0,0,4,6,0.1364,0.25,0.0,0.0,7.036,6.091,16,6,11,12,1,1,1,6,0.5926,0.3333,0.5,0.1429,202,107,17.7,15.5,3.2,25.1,12.2,5.2,5.0,8.0,17.7,15.5,3.2,25.1,0.0,0.0,0.0,5.5,10.3,7.9
2018-11-16,Wales,Denmark,UEFA,Cardiff,Wales,False,2018,11,16,2,1538.0,1584.0,Cardiff,Copenhagen,"Cardiff, Wales","Copenhagen, Denmark","Cardiff, Wales",51.4816546,-3.1791934,55.6867243,12.5700724,51.4816546,-3.1791934,0.0,1136.595965292106,6.8,7.009,15,10,8,5,0,1,1,0,0.6522,0.6667,0.0,1.0,7.136,6.982,8,6,17,9,3,0,4,0,0.32,0.4,0.4286,0.5,38,21,14.3,11.2,0.1,15.4,9.0,7.7,0.0,25.8,14.3,11.2,0.1,15.4,0.0,0.0,0.0,5.300000000000001,3.499999999999999,4.4
2018-11-17,Azerbaijan,Faroe Islands,UEFA,Baku,Azerbaijan,False,2018,11,17,1,1207.0,1251.0,Baku,Tórshavn,"Baku, Azerbaijan","Tórshavn, Faroe Islands","Baku, Azerbaijan",40.3755885,49.8328009,62.0101396,-6.7715709,40.3755885,49.8328009,0.0,4420.271485703719,6.345,6.936,6,3,21,27,1,1,5,2,0.2222,0.1,0.1667,0.3333,6.827,7.118,6,16,15,12,0,0,1,0,0.2857,0.5714,0.0,0.5,126,123,13.8,6.4,0.0,18.3,9.6,8.1,0.7,24.1,13.8,6.4,0.0,18.3,0.0,0.0,0.0,4.200000000000001,1.6999999999999993,2.95
2018-11-17,Malta,Kosovo,UEFA,Attard,Malta,False,2018,11,17,2,927.0,1099.0,Valletta,Pristina,"Valletta, Malta","Pristina, Kosovo","Attard, Malta",35.8989979,14.5136607,42.6638771,21.1640849,35.8909172,14.4430093,6.4272723039174675,948.9687657929903,6.382,6.855,2,3,15,14,0,1,3,1,0.1176,0.1765,0.0,0.5,6.545,6.7,7,6,10,13,0,0,2,2,0.4118,0.3158,0.0,0.0,161,78,18.3,16.6,10.9,33.4,7.0,-1.4,0.0,19.9,18.0,16.3,7.8,29.5,0.3000000000000007,0.3000000000000007,0.3000000000000007,11.0,17.7,14.35
2018-11-17,Romania,Lithuania,UEFA,Ploiești,Romania,False,2018,11,17,1,1491.0,1117.0,Bucharest,Vilnius,"Bucharest, Romania","Vilnius, Lithuania","Ploiești, Romania",44.4361414,26.102684,54.6870458,25.2829111,44.9417468,26.0236504,56.566838977965865,1084.9140147913677,6.536,7.236,7,14,13,9,1,3,1,1,0.35,0.6087,0.5,0.75,6.682,6.873,8,14,16,3,0,1,1,1,0.3333,0.8235,0.0,0.5,52,149,4.0,0.7,0.3,20.6,1.9,-5.4,0.0,12.1,4.4,0.6,0.5,16.6,0.40000000000000036,0.09999999999999998,0.25000000000000017,2.5000000000000004,6.0,4.25
2018-11-17,Serbia,Montenegro,UEFA,Belgrade,Serbia,False,2018,11,17,1,1471.0,1440.0,Belgrade,Podgorica,"Belgrade, Serbia","Podgorica, Montenegro","Belgrade, Serbia",44.8153318,20.4456588,42.4415238,19.2621081,44.8153318,20.4456588,0.0,280.6097534022015,6.809,6.982,10,12,13,17,0,1,2,2,0.4348,0.4138,0.0,0.3333,6.391,6.809,9,10,9,8,2,0,4,1,0.5,0.5556,0.3333,0.0,40,80,6.6,1.7,0.0,25.1,14.8,7.8,1.6,13.4,6.6,1.7,0.0,25.1,0.0,0.0,0.0,8.200000000000001,6.1,7.15
2018-11-17,Italy,Portugal,UEFA,Milan,Italy,False,2018,11,17,0,1533.0,1616.0,Rome,Lisbon,"Rome, Italy","Lisbon, Portugal","Milan, Italy",41.8933203,12.4829321,38.7077507,-9.1365919,45.4641943,9.1896346,477.18633136892186,1683.330554875472,7.445,6.673,23,7,3,7,0,0,0,1,0.8846,0.5,0.5,0.0,7.2,7.055,17,13,6,5,1,1,2,1,0.7391,0.7222,0.3333,0.5,15,7,16.1,6.0,0.0,15.3,18.6,13.8,2.4,28.0,11.2,5.7,0.0,12.6,4.900000000000002,0.2999999999999998,2.600000000000001,7.400000000000002,8.100000000000001,7.750000000000002
2018-11-17,Albania,Scotland,UEFA,Shkodër,Albania,False,2018,11,17,2,1372.0,1435.0,Tirana,Edinburgh,"Tirana, Albania","Edinburgh, Scotland","Shkodër, Albania",41.3281482,19.8184435,55.9533456,-3.1883749,42.0681371,19.5121437,86.12300397636655,2244.4855580589465,6.809,6.6,11,11,19,25,0,0,1,3,0.3667,0.3056,0.0,0.0,6.909,7.155,9,18,17,10,2,1,2,0,0.3462,0.6429,0.5,1.0,67,42,13.5,6.6,1.4,14.4,9.9,6.2,0.0,12.5,12.1,7.7,2.7,29.5,1.4000000000000004,1.1000000000000005,1.2500000000000004,2.1999999999999993,1.5,1.8499999999999996
2018-11-17,Turkey,Sweden,UEFA,Konya,Turkey,False,2018,11,17,2,1449.0,1548.0,Ankara,Stockholm,"Ankara, Turkey","Stockholm, Sweden","Konya, Turkey",39.9207759,32.8540497,59.3251172,18.0710935,37.872734,32.4924376,229.8713082031818,2597.49952099429,7.009,6.564,11,9,17,16,2,0,2,3,0.3929,0.36,0.5,0.0,6.673,7.191,7,12,12,16,0,1,2,0,0.3684,0.4286,0.0,1.0,27,37,8.8,-1.3,1.1,8.7,8.0,3.6,0.0,14.0,4.0,-2.2,0.4,5.2,4.800000000000001,0.9000000000000001,2.8500000000000005,4.0,5.800000000000001,4.9
2018-11-18,Hungary,Finland,UEFA,Budapest,Hungary,False,2018,11,18,1,1400.0,1392.0,Budapest,Helsinki,"Budapest, Hungary","Helsinki, Finland","Budapest, Hungary",47.4813896,19.1457723,60.1666204,24.9435408,47.4813896,19.1457723,0.0,1459.5916004484789,7.245,6.318,15,8,6,23,1,2,0,5,0.7143,0.2581,1.0,0.2857,6.955,7.036,17,9,11,18,2,1,2,1,0.6071,0.3333,0.5,0.5,39,75,7.3,-1.4,0.0,10.6,6.1,2.1,0.0,25.4,7.3,-1.4,0.0,10.6,0.0,0.0,0.0,1.2000000000000002,3.5,2.35
2018-11-18,Moldova,Luxembourg,UEFA,Chișinău,Moldova,False,2018,11,18,0,969.0,1287.0,Chișinău,Luxembourg,"Chișinău, Moldova","Luxembourg, Luxembourg","Chișinău, Moldova",47.0245117,28.8322923,49.6112768,6.129799,47.0245117,28.8322923,0.0,1696.4382943864412,6.464,6.645,3,8,7,14,0,0,1,2,0.3,0.3636,0.0,0.0,6.882,6.0,16,3,9,22,1,0,1,8,0.64,0.12,0.5,0.0,159,98,4.1,-0.5,0.0,8.3,6.4,0.2,0.0,22.5,4.1,-0.5,0.0,8.3,0.0,0.0,0.0,2.3000000000000007,0.7,1.5000000000000004
2018-11-18,Greece,Estonia,UEFA,Athens,Greece,False,2018,11,18,2,1432.0,1237.0,Athens,Tallinn,"Athens, Greece","Tallinn, Estonia","Athens, Greece",37.9755648,23.7348324,59.437242,24.7572693,37.9755648,23.7348324,0.0,2387.5406179112006,7.036,6.5,6,7,5,17,0,1,0,4,0.5455,0.2917,0.5,0.2,6.573,7.591,11,12,7,4,1,6,2,0,0.6111,0.75,0.3333,1.0,46,127,15.6,10.1,14.3,18.4,6.9,3.7,0.0,29.4,15.6,10.1,14.3,18.4,0.0,0.0,0.0,8.7,6.3999999999999995,7.549999999999999
2018-11-18,Northern Ireland,Austria,UEFA,Belfast,Northern Ireland,False,2018,11,18,2,1472.0,1502.0,Belfast,Vienna,"Belfast, Northern Ireland","Vienna, Austria","Belfast, Northern Ireland",54.596391,-5.9301829,48.2083537,16.3725042,54.596391,-5.9301829,0.0,1692.768195167158,7.018,6.545,11,5,16,16,0,0,0,1,0.4074,0.2381,0.5,0.0,7.182,7.073,7,19,3,8,1,3,0,2,0.7,0.7037,1.0,0.6,70,23,10.4,7.3,0.0,18.4,4.7,-2.8,0.1,12.3,10.4,7.3,0.0,18.4,0.0,0.0,0.0,5.7,10.1,7.9
2018-11-18,Switzerland,Belgium,UEFA,Lucerne,Switzerland,False,2018,11,18,1,1598.0,1733.0,Bern,Brussels,"Bern, Switzerland","Brussels, Belgium","Lucerne, Switzerland",46.9484742,7.4521749,50.8467372,4.352493,47.052144,8.3058123,65.75301983365694,511.08168303353943,6.909,6.973,16,9,12,14,0,2,1,2,0.5714,0.3913,0.0,0.5,7.409,7.027,11,9,12,19,2,0,0,1,0.4783,0.3214,1.0,0.0,14,8,2.0,-0.9,0.0,10.0,7.0,1.1,0.0,20.9,1.6,-0.6,0.0,5.9,0.3999999999999999,0.30000000000000004,0.35,5.4,1.7000000000000002,3.5500000000000003
2018-11-18,San Marino,Belarus,UEFA,Serravalle,San Marino,False,2018,11,18,2,862.0,1307.0,City of San Marino,Minsk,"City of San Marino, San Marino","Minsk, Belarus","Serravalle, San Marino",43.9363996,12.4466991,53.9024716,27.5618225,43.9699026,12.4802946,4.594647588483443,1553.8049931743294,6.345,5.627,4,1,28,24,0,0,5,8,0.125,0.04,0.0,0.0,6.5,6.782,11,14,10,17,1,1,2,3,0.5238,0.4516,0.3333,0.25,211,96,4.7,1.7,9.4,16.5,3.4,-2.1,2.4,16.5,9.2,6.5,9.2,20.6,4.499999999999999,4.8,4.6499999999999995,5.799999999999999,8.6,7.199999999999999
2018-11-18,England,Croatia,UEFA,London,England,False,2018,11,18,1,1619.0,1635.0,London,Zagreb,"London, England","Zagreb, Croatia","London, England",51.5074456,-0.1277653,45.8130967,15.9772795,51.5074456,-0.1277653,0.0,1337.6360135311877,7.064,7.036,12,10,11,21,0,1,2,2,0.5217,0.3226,0.0,0.3333,6.755,7.355,14,21,7,10,2,2,4,1,0.6667,0.6774,0.3333,0.6667,4,13,10.8,5.6,0.0,23.7,5.2,2.5,0.5,15.0,10.8,5.6,0.0,23.7,0.0,0.0,0.0,5.6000000000000005,3.0999999999999996,4.35
2018-11-19,Liechtenstein,Armenia,UEFA,Vaduz,Liechtenstein,False,2018,11,19,0,936.0,1222.0,Vaduz,Yerevan,"Vaduz, Liechtenstein","Yerevan, Armenia","Vaduz, Liechtenstein",47.1392862,9.5227962,40.1777112,44.5126233,47.1392862,9.5227962,0.0,2892.5728702954098,6.064,6.736,3,5,12,15,0,0,4,1,0.2,0.25,0.0,0.0,7.036,6.091,16,6,11,12,1,1,1,6,0.5926,0.3333,0.5,0.1429,206,107,4.6,-0.7,3.3,6.6,9.7,0.2,0.0,7.4,4.6,-0.7,3.3,6.6,0.0,0.0,0.0,5.1,0.8999999999999999,3.0
2018-11-19,North Macedonia,Gibraltar,UEFA,Skopje,North Macedonia,False,2018,11,19,1,1338.0,911.0,Skopje,Gibraltar,"Skopje, North Macedonia","Gibraltar, Gibraltar","Skopje, North Macedonia",41.9962164,21.4318935,36.140807,-5.3541295,41.9962164,21.4318935,0.0,2391.3270231292863,7.491,6.836,12,5,3,8,4,1,0,1,0.8,0.3846,1.0,0.5,6.109,5.909,3,4,19,12,0,0,4,6,0.1364,0.25,0.0,0.0,69,202,6.2,1.1,1.4,6.1,16.1,13.5,1.8,25.6,6.2,1.1,1.4,6.1,0.0,0.0,0.0,9.900000000000002,12.4,11.150000000000002
2018-11-19,Georgia,Kazakhstan,UEFA,Tbilisi,Georgia,False,2018,11,19,1,1265.0,1166.0,Tbilisi,Nur-Sultan,"Tbilisi, Georgia","Nur-Sultan, Kazakhstan","Tbilisi, Georgia",41.6934591,44.8014495,51.1282205,71.4306682,41.6934591,44.8014495,0.0,2277.8231131502457,6.855,6.809,7,5,16,10,0,0,1,1,0.3043,0.3333,0.0,0.0,7.127,6.455,11,9,16,14,1,1,1,3,0.4074,0.3913,0.5,0.25,72,111,10.6,1.9,0.0,7.7,-4.2,-10.3,0.0,13.6,10.6,1.9,0.0,7.7,0.0,0.0,0.0,14.8,12.200000000000001,13.5
2018-11-19,Andorra,Latvia,UEFA,Andorra la Vella,Andorra,False,2018,11,19,0,1109.0,1111.0,Andorra la Vella,Riga,"Andorra la Vella, Andorra","Riga, Latvia","Andorra la Vella, Andorra",42.4979185,1.5032264,56.9493977,24.1051846,42.4979185,1.5032264,0.0,2264.8249731967107,6.309,6.427,4,1,12,15,0,0,4,2,0.25,0.0625,0.0,0.0,7.509,7.009,12,12,4,16,4,0,0,0,0.75,0.4286,1.0,0.5,172,137,9.4,1.8,1.0,4.9,3.9,-1.2,0.0,16.8,9.4,1.8,1.0,4.9,0.0,0.0,0.0,5.5,3.0,4.25
2018-11-19,Germany,Netherlands,UEFA,Gelsenkirchen,Germany,False,2018,11,19,0,1555.0,1550.0,Berlin,Amsterdam,"Berlin, Germany","Amsterdam, Netherlands","Gelsenkirchen, Germany",52.5173885,13.3951309,52.3730796,4.8924534,51.5110321,7.0960124,445.2154079407252,178.88340429711997,7.2,7.391,21,14,12,7,0,2,2,1,0.6364,0.6667,0.0,0.6667,7.282,7.291,19,17,5,14,2,3,0,1,0.7917,0.5484,1.0,0.75,12,9,4.4,2.1,1.3,26.7,7.0,3.0,0.1,30.9,5.6,3.1,0.7,28.8,1.1999999999999993,1.0,1.0999999999999996,1.4000000000000004,0.10000000000000009,0.7500000000000002
2018-11-19,Cyprus,Norway,UEFA,Nicosia,Cyprus,False,2018,11,19,2,1279.0,1420.0,Nicosia,Oslo,"Nicosia, Cyprus","Oslo, Norway","Nicosia, Cyprus",35.1746503,33.3638783,59.9133301,10.7389701,35.1746503,33.3638783,0.0,3197.324945954622,6.245,6.636,2,8,13,11,0,1,4,2,0.1333,0.4211,0.0,0.3333,7.1,7.8,14,24,7,1,1,8,0,0,0.6667,0.96,1.0,1.0,124,19,23.5,13.4,0.0,10.5,1.5,-0.7,0.0,12.8,23.5,13.4,0.0,10.5,0.0,0.0,0.0,22.0,14.1,18.05
2018-11-19,Denmark,Republic of Ireland,UEFA,Aarhus,Denmark,False,2018,11,19,0,1584.0,1473.0,Copenhagen,Dublin,"Copenhagen, Denmark","Dublin, Republic of Ireland","Aarhus, Denmark",55.6867243,12.5700724,53.3493795,-6.2605593,56.1496278,10.2134046,155.5965689136978,1099.096978426801,7.136,6.982,8,6,17,9,3,0,4,0,0.32,0.4,0.4286,0.5,6.345,7.1,10,6,15,11,1,0,5,0,0.4,0.3529,0.1667,0.5,21,55,6.1,4.8,0.0,37.6,9.5,8.7,0.1,32.0,5.7,4.9,0.1,31.2,0.39999999999999947,0.10000000000000053,0.25,3.8,3.799999999999999,3.7999999999999994
2018-11-19,Czech Republic,Slovakia,UEFA,Prague,Czech Republic,False,2018,11,19,1,1420.0,1483.0,Prague,Bratislava,"Prague, Czech Republic","Bratislava, Slovakia","Prague, Czech Republic",50.0874654,14.4212535,48.1516988,17.1093063,50.0874654,14.4212535,0.0,290.82251500457215,7.845,7.182,28,27,4,3,5,2,0,1,0.875,0.9,1.0,0.6667,7.464,6.955,15,10,2,18,3,0,0,1,0.8824,0.3571,1.0,0.0,48,45,3.2,-1.9,0.9,22.1,4.0,1.1,2.7,14.6,3.2,-1.9,0.9,22.1,0.0,0.0,0.0,0.7999999999999998,3.0,1.9
2018-11-19,Bulgaria,Slovenia,UEFA,Sofia,Bulgaria,False,2018,11,19,0,1428.0,1367.0,Sofia,Ljubljana,"Sofia, Bulgaria","Ljubljana, Slovenia","Sofia, Bulgaria",42.6977028,23.3217359,46.0500268,14.5069289,42.6977028,23.3217359,0.0,792.9638010073974,7.055,6.664,9,7,16,10,1,0,1,1,0.36,0.4118,0.5,0.0,7.027,6.664,17,4,9,16,2,0,2,1,0.6538,0.2,0.5,0.0,85,56,8.8,-0.5,9.3,11.3,3.6,1.6,1.0,15.7,8.8,-0.5,9.3,11.3,0.0,0.0,0.0,5.200000000000001,2.1,3.6500000000000004
2018-11-20,Sweden,Russia,UEFA,Stockholm,Sweden,False,2018,11,20,1,1548.0,1433.0,Stockholm,Moscow,"Stockholm, Sweden","Moscow, Russia","Stockholm, Sweden",59.3251172,18.0710935,55.625578,37.6063916,59.3251172,18.0710935,0.0,1232.849797557562,6.673,7.191,7,12,12,16,0,1,2,0,0.3684,0.4286,0.0,1.0,6.936,7.136,9,5,18,16,5,5,6,4,0.3333,0.2381,0.4545,0.5556,37,35,3.0,-3.2,0.0,8.6,-1.7,-4.1,0.1,15.9,3.0,-3.2,0.0,8.6,0.0,0.0,0.0,4.7,0.8999999999999995,2.8
2018-11-20,Montenegro,Romania,UEFA,Podgorica,Montenegro,False,2018,11,20,2,1440.0,1491.0,Podgorica,Bucharest,"Podgorica, Montenegro","Bucharest, Romania","Podgorica, Montenegro",42.4415238,19.2621081,44.4361414,26.102684,42.4415238,19.2621081,0.0,594.9350201551273,6.391,6.809,9,10,9,8,2,0,4,1,0.5,0.5556,0.3333,0.0,6.536,7.236,7,14,13,9,1,3,1,1,0.35,0.6087,0.5,0.75,80,52,15.7,10.5,67.6,25.7,3.6,-5.3,2.3,21.8,15.7,10.5,67.6,25.7,0.0,0.0,0.0,12.1,15.8,13.95
2018-11-20,Portugal,Poland,UEFA,Guimarães,Portugal,False,2018,11,20,0,1616.0,1523.0,Lisbon,Warsaw,"Lisbon, Portugal","Warsaw, Poland","Guimarães, Portugal",38.7077507,-9.1365919,52.2319581,21.0067249,41.4417677,-8.2955712,312.31250871399226,2506.9598643516233,7.2,7.055,17,13,6,5,1,1,2,1,0.7391,0.7222,0.3333,0.5,7.218,6.709,11,9,10,11,1,0,0,3,0.5238,0.45,1.0,0.0,7,36,15.7,12.5,1.5,25.6,1.7,-0.5,0.0,22.3,12.2,9.1,15.9,14.4,3.5,3.4000000000000004,3.45,10.5,9.6,10.05
2018-11-20,Malta,Faroe Islands,UEFA,Attard,Malta,False,2018,11,20,0,927.0,1251.0,Valletta,Tórshavn,"Valletta, Malta","Tórshavn, Faroe Islands","Attard, Malta",35.8989979,14.5136607,62.0101396,-6.7715709,35.8909172,14.4430093,6.4272723039174675,3257.43085876526,6.382,6.855,2,3,15,14,0,1,3,1,0.1176,0.1765,0.0,0.5,6.827,7.118,6,16,15,12,0,0,1,0,0.2857,0.5714,0.0,0.5,161,123,22.0,19.0,2.0,37.5,7.7,4.3,0.0,17.9,22.4,19.2,1.9,34.7,0.3999999999999986,0.1999999999999993,0.29999999999999893,14.7,14.899999999999999,14.799999999999999
2018-11-20,Scotland,Israel,UEFA,Glasgow,Scotland,False,2018,11,20,1,1435.0,1267.0,Edinburgh,Jerusalem,"Edinburgh, Scotland","Jerusalem, Israel","Glasgow, Scotland",55.9533456,-3.1883749,31.7788472,35.2257856,55.861155,-4.2501687,66.96861427666241,4055.616856209377,6.909,7.155,9,18,17,10,2,1,2,0,0.3462,0.6429,0.5,1.0,6.773,7.409,8,15,12,5,0,1,1,0,0.4,0.75,0.0,1.0,42,76,6.9,5.7,3.2,34.9,21.4,12.3,0.0,12.3,6.3,5.3,2.0,27.5,0.6000000000000005,0.40000000000000036,0.5000000000000004,15.099999999999998,7.000000000000001,11.049999999999999
2018-11-20,Kosovo,Azerbaijan,UEFA,Pristina,Kosovo,False,2018,11,20,1,1099.0,1207.0,Pristina,Baku,"Pristina, Kosovo","Baku, Azerbaijan","Pristina, Kosovo",42.6638771,21.1640849,40.3755885,49.8328009,42.6638771,21.1640849,0.0,2388.781042791931,6.545,6.7,7,6,10,13,0,0,2,2,0.4118,0.3158,0.0,0.0,6.345,6.936,6,3,21,27,1,1,5,2,0.2222,0.1,0.1667,0.3333,78,126,9.8,3.6,10.2,28.2,14.2,8.0,0.0,26.4,9.8,3.6,10.2,28.2,0.0,0.0,0.0,4.399999999999999,4.4,4.3999999999999995
2018-11-20,Serbia,Lithuania,UEFA,Belgrade,Serbia,False,2018,11,20,1,1471.0,1117.0,Belgrade,Vilnius,"Belgrade, Serbia","Vilnius, Lithuania","Belgrade, Serbia",44.8153318,20.4456588,54.6870458,25.2829111,44.8153318,20.4456588,0.0,1150.6920301175871,6.809,6.982,10,12,13,17,0,1,2,2,0.4348,0.4138,0.0,0.3333,6.682,6.873,8,14,16,3,0,1,1,1,0.3333,0.8235,0.0,0.5,40,149,4.8,2.0,11.2,37.0,1.7,-1.6,0.0,16.4,4.8,2.0,11.2,37.0,0.0,0.0,0.0,3.0999999999999996,3.6,3.3499999999999996
2019-01-08,Saudi Arabia,North Korea,AFC,Dubai,United Arab Emirates,True,2019,1,8,1,1335.0,1196.0,Riyadh,Pyongyang,"Riyadh, Saudi Arabia","Pyongyang, North Korea","Dubai, United Arab Emirates",24.638916,46.7160104,39.0167979,125.7473609,25.0742823,55.1885387,856.0570245995237,6664.1149864341405,7.164,6.809,22,7,6,12,2,0,1,1,0.7857,0.3684,0.6667,0.0,6.536,6.136,8,13,24,26,0,0,3,7,0.25,0.3333,0.0,0.0,58,120,21.9,9.8,0.0,25.1,-3.3,-7.9,0.0,27.1,26.7,14.8,0.0,15.5,4.800000000000001,5.0,4.9,30.0,22.700000000000003,26.35
2019-01-13,North Korea,Qatar,AFC,Al Ain,United Arab Emirates,True,2019,1,13,2,1196.0,1258.0,Pyongyang,Doha,"Pyongyang, North Korea","Doha, Qatar","Al Ain, United Arab Emirates",39.0167979,125.7473609,25.3108807,51.5081812,24.2248697,55.7452211,6667.082560573155,444.48929712774725,6.064,6.536,6,8,14,24,0,0,4,3,0.3,0.25,0.0,0.0,7.136,6.909,9,15,5,11,2,1,0,2,0.6429,0.5769,1.0,0.3333,120,59,6.1,-5.7,0.0,12.4,22.3,13.0,0.0,13.9,26.5,11.9,0.0,13.9,20.4,17.6,19.0,4.199999999999999,1.0999999999999996,2.6499999999999995
2019-01-14,India,Bahrain,AFC,Sharjah,United Arab Emirates,True,2019,1,14,2,1240.0,1178.0,New Delhi,Manama,"New Delhi, India","Manama, Bahrain","Sharjah, United Arab Emirates",28.6138954,77.2090057,26.2235041,50.5822436,24.9760668,56.2536044,2115.9619944341434,585.3308906505789,6.564,7.073,8,13,9,14,0,4,2,1,0.4706,0.4815,0.0,0.8,6.809,6.855,13,13,8,9,0,1,1,1,0.619,0.5909,0.0,0.5,138,92,18.1,8.0,0.0,20.9,24.2,16.2,0.0,30.0,21.2,13.8,0.0,17.2,3.099999999999998,5.800000000000001,4.449999999999999,3.0,2.3999999999999986,2.6999999999999993
2019-01-14,United Arab Emirates,Thailand,AFC,Al Ain,United Arab Emirates,False,2019,1,14,0,1309.0,1160.0,Abu Dhabi,Bangkok,"Abu Dhabi, United Arab Emirates","Bangkok, Thailand","Al Ain, United Arab Emirates",24.4538352,54.3774014,13.7524938,100.4935089,24.2248697,55.7452211,140.89518597817928,4825.217012759168,7.191,6.918,9,9,8,13,2,1,0,1,0.5294,0.4091,1.0,0.5,7.018,6.527,8,14,13,13,1,1,0,4,0.381,0.5185,1.0,0.2,68,94,27.1,17.3,0.0,20.2,33.1,24.3,0.0,10.9,26.0,14.7,0.0,15.5,1.1000000000000014,2.6000000000000014,1.8500000000000014,7.100000000000001,9.600000000000001,8.350000000000001
2019-01-15,Australia,Syria,AFC,Al Ain,United Arab Emirates,True,2019,1,15,1,1436.0,1322.0,Canberra,Damascus,"Canberra, Australia","Damascus, Syria","Al Ain, United Arab Emirates",-35.2975906,149.1012676,33.5130695,36.3095814,24.2248697,55.7452211,11819.996947331803,2150.6707773829708,7.218,6.809,15,13,3,8,3,0,0,1,0.8333,0.619,1.0,0.0,6.564,6.973,10,12,15,3,0,0,2,0,0.4,0.8,0.0,0.5,28,83,36.5,19.8,0.0,19.9,12.7,2.5,0.4,24.0,26.3,15.9,0.0,20.7,10.2,3.9000000000000004,7.05,13.600000000000001,13.4,13.5
2019-01-15,Palestine,Jordan,AFC,Abu Dhabi,United Arab Emirates,True,2019,1,15,0,1236.0,1196.0,Ramallah,Amman,"Ramallah, Palestine","Amman, Jordan","Abu Dhabi, United Arab Emirates",31.9158969,35.1781625,31.9515694,35.9239625,24.4538352,54.3774014,2052.4538046440343,1987.4709069365429,6.5,6.864,3,3,15,12,0,0,3,0,0.1667,0.2,0.0,0.5,7.409,7.291,15,8,10,13,2,1,0,0,0.6,0.381,1.0,1.0,95,73,11.9,5.5,0.0,21.5,10.5,3.9,0.0,20.0,27.0,18.5,0.0,17.0,15.1,13.0,14.05,16.5,14.6,15.55
2019-01-16,Vietnam,Yemen,AFC,Al Ain,United Arab Emirates,True,2019,1,16,1,1229.0,1106.0,Hanoi,Sana'a,"Hanoi, Vietnam","Sana'a, Yemen","Al Ain, United Arab Emirates",21.0283334,105.854041,15.35,44.2,24.2248697,55.7452211,5128.382204453495,1558.3388989249697,6.364,6.482,5,6,13,13,0,2,2,3,0.2778,0.3158,0.0,0.4,6.255,6.018,3,3,11,18,0,0,3,5,0.2143,0.1429,0.0,0.0,99,145,14.7,11.0,5.3,22.7,24.9,7.8,0.0,12.7,28.8,14.9,0.0,12.3,14.100000000000001,3.9000000000000004,9.0,3.900000000000002,7.1000000000000005,5.500000000000002
2019-01-16,Kyrgyzstan,Philippines,AFC,Dubai,United Arab Emirates,True,2019,1,16,1,1264.0,1171.0,Bishkek,Manila,"Bishkek, Kyrgyzstan","Manila, Philippines","Dubai, United Arab Emirates",42.8761424,74.6036724,14.5904492,120.9803621,25.0742823,55.1885387,2655.663279042179,6917.749647287767,6.673,6.609,10,8,18,8,0,1,1,2,0.3571,0.5,0.0,0.3333,6.455,6.764,3,6,13,14,0,0,3,1,0.1875,0.3,0.0,0.0,106,135,5.7,0.3,2.4,7.3,28.8,20.9,0.0,18.1,26.9,15.2,0.0,17.1,21.2,14.899999999999999,18.049999999999997,1.9000000000000021,5.699999999999999,3.8000000000000007
2019-01-16,South Korea,China,AFC,Abu Dhabi,United Arab Emirates,True,2019,1,16,1,1405.0,1317.0,Seoul,Beijing,"Seoul, South Korea","Beijing, China","Abu Dhabi, United Arab Emirates",37.5666791,126.9782914,39.9057136,116.3912972,24.4538352,54.3774014,6903.659748858191,5961.439045540032,7.445,7.136,18,14,10,6,1,1,0,0,0.6429,0.7,1.0,1.0,7.3,6.773,13,8,3,8,3,2,0,1,0.8125,0.5,1.0,0.6667,32,91,-2.7,-9.6,0.0,16.2,1.2,-10.6,0.0,15.3,27.3,18.3,0.0,19.7,30.0,27.9,28.95,26.1,28.9,27.5
2019-01-16,Iran,Iraq,AFC,Dubai,United Arab Emirates,True,2019,1,16,0,1481.0,1271.0,Tehran,Baghdad,"Tehran, Iran","Baghdad, Iraq","Dubai, United Arab Emirates",35.6892523,51.3896004,33.3061701,44.3872213,25.0742823,55.1885387,1234.9868612265943,1390.2569317405903,7.4,7.609,13,18,5,3,2,5,0,0,0.7222,0.8571,1.0,1.0,7.355,6.964,11,13,3,6,3,3,0,2,0.7857,0.6842,1.0,0.6,22,63,13.8,1.7,1.2,16.4,18.0,7.1,0.3,22.3,26.9,15.2,0.0,17.1,13.099999999999998,13.5,13.299999999999999,8.899999999999999,8.1,8.5
2019-01-17,Lebanon,North Korea,AFC,Sharjah,United Arab Emirates,True,2019,1,17,1,1296.0,1196.0,Beirut,Pyongyang,"Beirut, Lebanon","Pyongyang, North Korea","Sharjah, United Arab Emirates",33.8892265,35.5025585,39.0167979,125.7473609,24.9760668,56.2536044,2234.736155533118,6579.019742237565,6.609,6.555,3,5,15,9,0,0,2,2,0.1667,0.3571,0.0,0.0,6.045,6.064,5,6,12,14,0,0,6,4,0.2941,0.3,0.0,0.0,115,120,13.4,8.4,6.2,18.4,1.3,-10.1,0.0,18.5,27.5,15.7,0.0,18.3,14.1,7.299999999999999,10.7,26.2,25.799999999999997,26.0
2019-01-17,Saudi Arabia,Qatar,AFC,Abu Dhabi,United Arab Emirates,True,2019,1,17,2,1335.0,1258.0,Riyadh,Doha,"Riyadh, Saudi Arabia","Doha, Qatar","Abu Dhabi, United Arab Emirates",24.638916,46.7160104,25.3108807,51.5081812,24.4538352,54.3774014,775.0898531214565,304.70366519537674,7.227,7.582,15,14,3,6,2,4,0,0,0.8333,0.7,1.0,1.0,7.673,7.136,12,9,5,5,6,2,0,0,0.7059,0.6429,1.0,1.0,58,59,22.4,11.0,0.0,37.5,29.4,16.7,0.0,47.7,28.6,18.6,0.0,31.1,6.200000000000003,7.600000000000001,6.900000000000002,0.7999999999999972,1.9000000000000021,1.3499999999999996
2019-01-17,Oman,Turkmenistan,AFC,Abu Dhabi,United Arab Emirates,True,2019,1,17,1,1295.0,1120.0,Muscat,Ashgabat,"Muscat, Oman","Ashgabat, Turkmenistan","Abu Dhabi, United Arab Emirates",23.6123628,58.5938134,37.9404648,58.3823487,24.4538352,54.3774014,438.2817407895701,1546.8082071268573,6.718,6.709,6,14,10,4,0,1,1,2,0.375,0.7778,0.0,0.3333,6.255,6.618,5,7,17,21,0,2,4,3,0.2273,0.25,0.0,0.4,79,141,26.8,19.0,0.0,19.3,21.4,7.9,0.0,14.1,28.6,18.6,0.0,31.1,1.8000000000000007,0.3999999999999986,1.0999999999999996,7.200000000000003,10.700000000000001,8.950000000000003
2019-01-17,Japan,Uzbekistan,AFC,Al Ain,United Arab Emirates,True,2019,1,17,1,1414.0,1251.0,Tokyo,Tashkent,"Tokyo, Japan","Tashkent, Uzbekistan","Al Ain, United Arab Emirates",35.6768601,139.7638947,41.3123363,69.2787079,24.2248697,55.7452211,7955.864361602931,2276.483182915726,7.164,7.191,10,21,6,7,1,3,0,2,0.625,0.75,1.0,0.6,7.573,6.918,17,4,5,14,4,2,0,1,0.7727,0.2222,1.0,0.6667,17,60,9.9,0.6,0.0,18.3,15.2,1.1,0.0,16.6,28.4,17.0,0.0,19.5,18.5,16.4,17.45,13.2,15.9,14.55
2019-01-20,Thailand,China,AFC,Al Ain,United Arab Emirates,True,2019,1,20,2,1160.0,1317.0,Bangkok,Beijing,"Bangkok, Thailand","Beijing, China","Al Ain, United Arab Emirates",13.7524938,100.4935089,39.9057136,116.3912972,24.2248697,55.7452211,4825.217012759168,5858.656553049261,6.673,7.018,6,8,7,13,1,1,1,0,0.4615,0.381,0.5,1.0,6.6,7.3,4,13,17,3,0,3,2,0,0.1905,0.8125,0.0,1.0,94,91,32.3,22.9,0.1,9.7,4.6,-4.6,0.0,24.1,20.2,12.2,0.0,29.7,12.099999999999998,10.7,11.399999999999999,15.6,16.799999999999997,16.2
2019-01-20,Iran,Oman,AFC,Abu Dhabi,United Arab Emirates,True,2019,1,20,1,1481.0,1295.0,Tehran,Muscat,"Tehran, Iran","Muscat, Oman","Abu Dhabi, United Arab Emirates",35.6892523,51.3896004,23.6123628,58.5938134,24.4538352,54.3774014,1281.7679772513195,438.2817407895701,6.727,7.4,14,13,6,5,0,2,0,0,0.7,0.7222,0.5,1.0,7.409,6.718,21,6,7,10,3,0,1,1,0.75,0.375,0.75,0.0,22,79,6.3,-3.2,0.0,14.0,22.1,20.3,0.0,31.7,20.0,17.3,0.0,36.5,13.7,20.5,17.1,2.1000000000000014,3.0,2.5500000000000007
2019-01-20,Jordan,Vietnam,AFC,Dubai,United Arab Emirates,True,2019,1,20,0,1196.0,1229.0,Amman,Hanoi,"Amman, Jordan","Hanoi, Vietnam","Dubai, United Arab Emirates",31.9515694,35.9239625,21.0283334,105.854041,25.0742823,55.1885387,2027.844975721967,5174.136484258182,7.009,7.409,9,15,6,10,0,2,0,0,0.6,0.6,0.5,1.0,7.109,6.364,8,5,8,13,2,0,0,2,0.5,0.2778,1.0,0.0,73,99,11.4,2.8,0.0,19.4,23.5,16.0,4.6,21.9,20.5,17.3,0.0,35.1,9.1,14.5,11.8,3.0,1.3000000000000007,2.1500000000000004
2019-01-21,United Arab Emirates,Kyrgyzstan,AFC,Abu Dhabi,United Arab Emirates,False,2019,1,21,1,1309.0,1264.0,Abu Dhabi,Bishkek,"Abu Dhabi, United Arab Emirates","Bishkek, Kyrgyzstan","Abu Dhabi, United Arab Emirates",24.4538352,54.3774014,42.8761424,74.6036724,24.4538352,54.3774014,0.0,2760.073889402854,6.873,7.191,7,9,6,8,1,2,1,0,0.5385,0.5294,0.5,1.0,7.1,6.673,21,10,7,18,3,0,1,1,0.75,0.3571,0.75,0.0,68,106,21.1,17.7,0.0,29.8,3.2,-0.8,6.6,11.5,21.1,17.7,0.0,29.8,0.0,0.0,0.0,17.900000000000002,18.5,18.200000000000003
2019-01-21,Japan,Saudi Arabia,AFC,Sharjah,United Arab Emirates,True,2019,1,21,1,1414.0,1335.0,Tokyo,Riyadh,"Tokyo, Japan","Riyadh, Saudi Arabia","Sharjah, United Arab Emirates",35.6768601,139.7638947,24.638916,46.7160104,24.9760668,56.2536044,7868.448825387825,963.200427773037,6.936,7.164,14,10,8,6,2,1,1,0,0.6364,0.625,0.6667,1.0,6.755,7.227,11,15,11,3,0,2,2,0,0.5,0.8333,0.0,1.0,17,58,9.9,0.3,0.0,41.3,18.8,5.4,0.0,16.7,18.5,8.8,0.0,19.9,8.6,8.5,8.55,0.3000000000000007,3.4000000000000004,1.8500000000000005
2019-01-21,Australia,Uzbekistan,AFC,Al Ain,United Arab Emirates,True,2019,1,21,0,1436.0,1251.0,Canberra,Tashkent,"Canberra, Australia","Tashkent, Uzbekistan","Al Ain, United Arab Emirates",-35.2975906,149.1012676,41.3123363,69.2787079,24.2248697,55.7452211,11819.996947331803,2276.483182915726,6.991,7.218,13,15,11,3,3,3,2,0,0.5417,0.8333,0.6,1.0,6.809,7.573,8,17,14,5,1,4,2,0,0.3636,0.7727,0.3333,1.0,28,60,31.2,18.0,0.2,15.4,4.3,-2.1,0.3,16.1,22.1,10.9,0.0,20.3,9.099999999999998,7.1,8.099999999999998,17.8,13.0,15.4
2019-01-22,South Korea,Bahrain,AFC,Dubai,United Arab Emirates,True,2019,1,22,1,1405.0,1178.0,Seoul,Manama,"Seoul, South Korea","Manama, Bahrain","Dubai, United Arab Emirates",37.5666791,126.9782914,26.2235041,50.5822436,25.0742823,55.1885387,6797.9484128788245,479.0485225036695,7.364,7.445,17,18,4,10,2,1,0,0,0.8095,0.6429,1.0,1.0,7.173,6.809,16,13,3,8,1,0,0,1,0.8421,0.619,1.0,0.0,32,92,5.5,-4.2,0.0,19.3,18.5,13.5,0.0,19.9,21.9,15.5,0.0,19.7,16.4,19.7,18.049999999999997,3.3999999999999986,2.0,2.6999999999999993
2019-01-22,Qatar,Iraq,AFC,Abu Dhabi,United Arab Emirates,True,2019,1,22,1,1258.0,1271.0,Doha,Baghdad,"Doha, Qatar","Baghdad, Iraq","Abu Dhabi, United Arab Emirates",25.3108807,51.5081812,33.3061701,44.3872213,24.4538352,54.3774014,304.70366519537674,1382.353278555619,7.182,7.673,11,12,11,5,2,6,0,0,0.5,0.7059,1.0,1.0,7.136,7.355,6,11,14,3,0,3,0,0,0.3,0.7857,0.5,1.0,59,63,22.3,11.5,0.0,18.9,13.9,2.6,0.5,10.3,21.3,18.1,0.0,21.8,1.0,6.600000000000001,3.8000000000000007,7.4,15.500000000000002,11.450000000000001
2019-01-24,China,Iran,AFC,Abu Dhabi,United Arab Emirates,True,2019,1,24,2,1317.0,1481.0,Beijing,Tehran,"Beijing, China","Tehran, Iran","Abu Dhabi, United Arab Emirates",39.9057136,116.3912972,35.6892523,51.3896004,24.4538352,54.3774014,5961.439045540032,1281.7679772513195,7.009,6.6,12,4,11,17,2,0,1,2,0.5217,0.1905,0.6667,0.0,7.291,6.727,12,14,6,6,2,0,0,0,0.6667,0.7,1.0,0.5,91,22,5.4,-4.8,0.0,14.1,10.3,-0.8,0.0,15.7,23.8,16.3,0.0,14.3,18.4,21.1,19.75,13.5,17.1,15.3
2019-01-24,Vietnam,Japan,AFC,Dubai,United Arab Emirates,True,2019,1,24,2,1229.0,1414.0,Hanoi,Tokyo,"Hanoi, Vietnam","Tokyo, Japan","Dubai, United Arab Emirates",21.0283334,105.854041,35.6768601,139.7638947,25.0742823,55.1885387,5174.136484258182,7954.375985891385,7.055,7.109,18,8,11,8,5,2,3,0,0.6207,0.5,0.625,1.0,7.027,6.936,5,14,15,8,1,2,0,1,0.25,0.6364,1.0,0.6667,99,17,21.6,12.7,0.0,14.7,8.6,2.2,0.0,45.5,24.2,13.2,0.0,16.9,2.599999999999998,0.5,1.549999999999999,15.6,11.0,13.3
2019-01-25,South Korea,Qatar,AFC,Abu Dhabi,United Arab Emirates,True,2019,1,25,2,1405.0,1258.0,Seoul,Doha,"Seoul, South Korea","Doha, Qatar","Abu Dhabi, United Arab Emirates",37.5666791,126.9782914,25.3108807,51.5081812,24.4538352,54.3774014,6903.659748858191,304.70366519537674,7.027,7.364,11,17,15,4,2,2,1,0,0.4231,0.8095,0.6667,1.0,7.036,7.182,8,11,12,11,1,2,0,0,0.4,0.5,1.0,1.0,32,59,1.5,-6.1,0.0,24.9,25.1,16.1,0.0,21.3,26.6,16.7,0.0,13.2,25.1,22.799999999999997,23.95,1.5,0.5999999999999979,1.049999999999999
2019-01-25,United Arab Emirates,Australia,AFC,Al Ain,United Arab Emirates,False,2019,1,25,1,1309.0,1436.0,Abu Dhabi,Canberra,"Abu Dhabi, United Arab Emirates","Canberra, Australia","Al Ain, United Arab Emirates",24.4538352,54.3774014,-35.2975906,149.1012676,24.2248697,55.7452211,140.89518597817928,11819.996947331803,6.836,6.873,15,7,11,6,3,1,2,1,0.5769,0.5385,0.6,0.5,7.209,6.991,13,13,6,11,4,3,2,2,0.6842,0.5417,0.6667,0.6,68,28,26.6,16.7,0.0,13.2,36.2,18.1,0.0,16.3,26.5,12.2,0.0,19.9,0.10000000000000142,4.5,2.3000000000000007,9.700000000000003,5.900000000000002,7.8000000000000025
2019-01-28,Iran,Japan,AFC,Al Ain,United Arab Emirates,True,2019,1,28,2,1481.0,1414.0,Tehran,Tokyo,"Tehran, Iran","Tokyo, Japan","Al Ain, United Arab Emirates",35.6892523,51.3896004,35.6768601,139.7638947,24.2248697,55.7452211,1341.6218698367795,7955.864361602931,7.355,7.291,16,12,1,6,3,2,0,0,0.9412,0.6667,1.0,1.0,7.364,7.027,11,5,11,15,1,1,0,0,0.5,0.25,1.0,1.0,22,17,12.4,7.8,9.4,23.2,11.5,-1.4,0.0,49.2,27.9,16.8,0.0,25.1,15.499999999999998,9.0,12.25,16.4,18.2,17.299999999999997
2019-01-29,United Arab Emirates,Qatar,AFC,Abu Dhabi,United Arab Emirates,False,2019,1,29,2,1309.0,1258.0,Abu Dhabi,Doha,"Abu Dhabi, United Arab Emirates","Doha, Qatar","Abu Dhabi, United Arab Emirates",24.4538352,54.3774014,25.3108807,51.5081812,24.4538352,54.3774014,0.0,304.70366519537674,7.045,6.836,6,15,16,11,1,3,0,2,0.2727,0.5769,1.0,0.6,7.1,7.036,11,8,10,12,1,1,0,0,0.5238,0.4,1.0,1.0,68,59,27.9,19.8,0.0,27.5,27.2,18.2,0.7,31.2,27.9,19.8,0.0,27.5,0.0,0.0,0.0,0.6999999999999993,1.6000000000000014,1.1500000000000004
2019-02-01,Japan,Qatar,AFC,Abu Dhabi,United Arab Emirates,True,2019,2,1,2,1414.0,1258.0,Tokyo,Doha,"Tokyo, Japan","Doha, Qatar","Abu Dhabi, United Arab Emirates",35.6768601,139.7638947,25.3108807,51.5081812,24.4538352,54.3774014,8060.309815229125,304.70366519537674,7.264,7.364,7,11,9,11,3,1,0,0,0.4375,0.5,1.0,1.0,7.427,7.1,6,11,7,10,4,1,0,0,0.4615,0.5238,1.0,1.0,17,59,7.0,0.1,0.7,46.0,26.7,15.8,0.0,14.6,24.4,17.9,0.0,14.1,17.4,17.799999999999997,17.599999999999998,2.3000000000000007,2.099999999999998,2.1999999999999993
2019-06-05,Portugal,Switzerland,UEFA,Porto,Portugal,False,2019,6,5,1,1607.0,1604.0,Lisbon,Bern,"Lisbon, Portugal","Bern, Switzerland","Porto, Portugal",38.7077507,-9.1365919,46.9484742,7.4521749,41.1502195,-8.6103497,275.27032351547194,1432.8442168962295,7.291,7.591,24,16,8,3,1,0,1,0,0.75,0.8421,0.5,0.5,6.8,7.336,10,19,12,6,3,2,3,0,0.4545,0.76,0.5,1.0,7,14,20.2,14.1,0.0,20.5,25.2,15.4,3.0,17.2,16.1,12.0,0.9,18.3,4.099999999999998,2.0999999999999996,3.0999999999999988,9.099999999999998,3.4000000000000004,6.249999999999999
2019-06-06,England,Netherlands,UEFA,Guimarães,Portugal,True,2019,6,6,2,1647.0,1554.0,London,Amsterdam,"London, England","Amsterdam, Netherlands","Guimarães, Portugal",51.5074456,-0.1277653,52.3730796,4.8924534,41.4417677,-8.2955712,1280.3232594879064,1570.1187123669938,7.527,7.3,12,10,9,6,5,5,1,0,0.5714,0.625,0.8333,1.0,6.745,7.418,15,10,11,6,2,4,3,0,0.5769,0.625,0.4,1.0,4,9,17.2,8.7,0.1,23.0,16.9,12.0,18.2,23.0,14.9,9.6,18.4,30.0,2.299999999999999,0.9000000000000004,1.5999999999999996,1.9999999999999982,2.4000000000000004,2.1999999999999993
2019-06-09,Switzerland,England,UEFA,Guimarães,Portugal,True,2019,6,9,0,1604.0,1647.0,Bern,London,"Bern, Switzerland","London, England","Guimarães, Portugal",46.9484742,7.4521749,51.5074456,-0.1277653,41.4417677,-8.2955712,1393.4253429580453,1280.3232594879064,6.673,6.8,16,10,10,12,1,3,3,3,0.6154,0.4545,0.25,0.5,6.827,7.527,8,12,23,9,1,5,3,1,0.2581,0.5714,0.25,0.8333,14,4,17.4,8.9,11.0,8.1,17.8,8.4,0.0,10.8,17.7,7.9,0.0,15.7,0.3000000000000007,1.0,0.6500000000000004,0.10000000000000142,0.5,0.3000000000000007
2019-06-09,Portugal,Netherlands,UEFA,Porto,Portugal,False,2019,6,9,1,1607.0,1554.0,Lisbon,Amsterdam,"Lisbon, Portugal","Amsterdam, Netherlands","Porto, Portugal",38.7077507,-9.1365919,52.3730796,4.8924534,41.1502195,-8.6103497,275.27032351547194,1611.7456184095452,7.009,7.291,10,24,16,8,3,1,1,1,0.3846,0.75,0.75,0.5,7.082,6.745,23,15,8,11,3,2,1,3,0.7419,0.5769,0.75,0.4,7,9,21.3,12.0,0.0,18.4,18.2,11.1,1.0,22.4,17.2,12.0,0.0,13.6,4.100000000000001,0.0,2.0500000000000007,1.0,0.9000000000000004,0.9500000000000002
2019-06-15,Venezuela,Peru,COPA,Porto Alegre,Brazil,True,2019,6,15,0,1485.0,1516.0,Caracas,Lima,"Caracas, Venezuela","Lima, Peru","Porto Alegre, Brazil",10.5060934,-66.9146008,-12.0459808,-77.0305912,-30.0324999,-51.2303767,4810.083073119094,3326.8604403662575,7.136,6.982,9,11,14,12,1,0,0,0,0.3913,0.4783,1.0,0.5,7.273,6.8,4,10,10,11,2,0,0,1,0.2857,0.4762,1.0,0.0,47,50,27.6,19.1,1.0,8.8,19.1,15.2,0.0,23.7,27.8,17.7,0.0,9.2,0.1999999999999993,1.4000000000000021,0.8000000000000007,8.7,2.5,5.6
2019-06-16,Paraguay,Qatar,COPA,Rio de Janeiro,Brazil,True,2019,6,16,0,1468.0,1396.0,Asunción,Doha,"Asunción, Paraguay","Doha, Qatar","Rio de Janeiro, Brazil",-25.2800459,-57.6343814,25.3108807,51.5081812,-22.9110137,-43.2093727,1486.9309965560299,11518.344600451132,6.845,6.827,14,7,9,12,0,2,1,1,0.6087,0.3684,0.0,0.6667,7.127,7.427,9,6,9,7,3,4,1,0,0.5,0.4615,0.75,1.0,34,59,27.2,18.0,0.0,18.1,41.3,30.0,0.0,27.8,25.9,18.8,0.0,11.5,1.3000000000000007,0.8000000000000007,1.0500000000000007,15.399999999999999,11.2,13.299999999999999
2019-06-18,Bolivia,Peru,COPA,Rio de Janeiro,Brazil,True,2019,6,18,2,1365.0,1516.0,Sucre,Lima,"Sucre, Bolivia","Lima, Peru","Rio de Janeiro, Brazil",-19.0477251,-65.2594306,-12.0459808,-77.0305912,-22.9110137,-43.2093727,2326.855361389854,3773.8228728638915,6.373,6.464,4,5,18,20,0,2,3,4,0.1818,0.2,0.0,0.3333,7.164,7.273,13,4,9,10,0,2,0,0,0.5909,0.2857,0.5,1.0,77,50,21.4,5.1,0.0,13.2,18.4,15.1,0.0,24.3,24.7,19.6,0.0,11.3,3.3000000000000007,14.500000000000002,8.900000000000002,6.300000000000001,4.500000000000002,5.400000000000001
2019-06-19,Colombia,Qatar,COPA,São Paulo,Brazil,True,2019,6,19,1,1580.0,1396.0,Bogotá,Doha,"Bogotá, Colombia","Doha, Qatar","São Paulo, Brazil",4.6533817,-74.0836331,25.3108807,51.5081812,-23.5506507,-46.6333824,4323.894624026618,11869.977916721542,7.136,6.973,5,12,13,12,2,4,0,5,0.2778,0.5,1.0,0.4444,6.664,7.127,8,9,12,9,2,3,2,1,0.4,0.5,0.5,0.75,11,59,17.5,9.9,5.1,21.9,42.1,34.4,0.0,47.7,23.9,11.7,0.0,19.6,6.399999999999999,1.799999999999999,4.099999999999999,18.200000000000003,22.7,20.450000000000003
2019-06-21,Egypt,Zimbabwe,AFCON,Cairo,Egypt,False,2019,6,21,1,1384.0,1192.0,Cairo,Harare,"Cairo, Egypt","Harare, Zimbabwe","Cairo, Egypt",30.0443879,31.2357257,-17.8567035,31.0601584,30.0443879,31.2357257,0.0,5326.391557940834,6.927,6.718,6,14,22,12,1,1,2,3,0.2143,0.5385,0.3333,0.25,6.364,6.736,7,12,13,21,2,0,4,2,0.35,0.3636,0.3333,0.0,24,130,37.1,22.9,0.0,19.5,19.8,8.8,0.0,19.0,37.1,22.9,0.0,19.5,0.0,0.0,0.0,17.3,14.099999999999998,15.7
2019-06-22,Brazil,Peru,COPA,São Paulo,Brazil,False,2019,6,22,1,1681.0,1516.0,Brasília,Lima,"Brasília, Brazil","Lima, Peru","São Paulo, Brazil",-15.7939869,-47.8828,-12.0459808,-77.0305912,-23.5506507,-46.6333824,872.3455445143414,3453.1761628064596,7.045,7.3,13,18,5,4,0,3,0,0,0.7222,0.8182,0.5,1.0,7.136,7.164,17,13,7,9,3,0,1,0,0.7083,0.5909,0.75,0.5,5,50,23.9,13.2,0.0,20.5,19.0,13.0,0.0,20.6,22.7,14.2,0.0,12.5,1.1999999999999993,1.0,1.0999999999999996,3.6999999999999993,1.1999999999999993,2.4499999999999993
2019-06-22,DR Congo,Uganda,AFCON,Cairo,Egypt,True,2019,6,22,2,1424.0,1299.0,Kinshasa,Kampala,"Kinshasa, DR Congo","Kampala, Uganda","Cairo, Egypt",-4.3196982,15.3424196,0.3177137,32.5813539,30.0443879,31.2357257,4179.035199757066,3308.5211824328258,7.055,6.973,12,19,11,5,3,2,1,1,0.5217,0.7917,0.75,0.6667,6.518,6.736,5,7,2,5,1,0,1,0,0.7143,0.5833,0.5,0.5,41,89,29.5,22.1,0.0,12.1,24.5,18.1,8.1,12.4,36.2,22.1,0.0,18.9,6.700000000000003,0.0,3.3500000000000014,11.700000000000003,4.0,7.850000000000001
2019-06-22,Bolivia,Venezuela,COPA,Belo Horizonte,Brazil,True,2019,6,22,2,1365.0,1485.0,Sucre,Caracas,"Sucre, Bolivia","Caracas, Venezuela","Belo Horizonte, Brazil",-19.0477251,-65.2594306,10.5060934,-66.9146008,-19.9227318,-43.9450948,2234.945445286295,4215.507873336693,6.527,6.373,7,4,17,18,1,0,3,3,0.2917,0.1818,0.25,0.0,6.909,6.982,5,9,13,13,0,0,0,0,0.2778,0.4091,0.5,0.5,77,47,21.1,3.3,0.0,12.6,27.6,19.2,0.4,9.7,21.9,14.0,0.2,16.9,0.7999999999999972,10.7,5.749999999999998,5.700000000000003,5.199999999999999,5.450000000000001
2019-06-23,Colombia,Paraguay,COPA,Salvador,Brazil,True,2019,6,23,1,1580.0,1468.0,Bogotá,Asunción,"Bogotá, Colombia","Asunción, Paraguay","Salvador, Brazil",4.6533817,-74.0836331,-25.2800459,-57.6343814,-12.9822499,-38.4812772,4393.873056742653,2427.584346262199,7.309,7.136,18,5,7,13,1,2,0,0,0.72,0.2778,1.0,1.0,6.664,6.6,10,12,7,8,1,2,1,2,0.5882,0.6,0.5,0.5,11,34,16.1,9.0,4.6,20.4,27.2,18.5,0.0,20.1,27.1,23.6,3.8,21.9,11.0,14.600000000000001,12.8,0.09999999999999787,5.100000000000001,2.5999999999999996
2019-06-23,Qatar,Argentina,COPA,Porto Alegre,Brazil,True,2019,6,23,2,1396.0,1582.0,Doha,Buenos Aires,"Doha, Qatar","Buenos Aires, Argentina","Porto Alegre, Brazil",25.3108807,51.5081812,-34.6095579,-58.3887904,-30.0324999,-51.2303767,12536.096048875079,843.0846904156618,6.855,6.664,7,8,18,12,0,2,1,2,0.28,0.4,0.0,0.5,6.745,6.536,7,13,10,5,1,0,1,2,0.4118,0.7222,0.5,0.0,59,2,40.6,28.6,0.0,24.0,21.1,13.5,2.6,23.4,26.1,14.2,0.0,15.5,14.5,14.400000000000002,14.450000000000001,5.0,0.6999999999999993,2.8499999999999996
2019-06-24,Tunisia,Angola,AFCON,Suez,Egypt,True,2019,6,24,0,1501.0,1142.0,Tunis,Luanda,"Tunis, Tunisia","Luanda, Angola","Suez, Egypt",36.8002068,10.1857757,-8.8272699,13.2439512,29.974498,32.537086,2203.1868802529016,4782.3800496493795,7.282,6.727,15,13,9,17,2,2,1,5,0.625,0.4333,0.6667,0.2857,7.091,7.009,12,8,17,13,1,0,1,0,0.4138,0.381,0.5,0.5,57,87,32.5,20.5,0.0,15.8,26.8,19.9,0.0,21.4,35.6,22.2,0.0,26.3,3.1000000000000014,1.6999999999999993,2.4000000000000004,8.8,2.3000000000000007,5.550000000000001
2019-06-24,Ivory Coast,South Africa,AFCON,Cairo,Egypt,True,2019,6,24,1,1365.0,1335.0,Yamoussoukro,Pretoria,"Yamoussoukro, Ivory Coast","Pretoria, South Africa","Cairo, Egypt",6.8200066,-5.2776034,-25.7459277,28.1879101,30.0443879,31.2357257,4602.023821913496,6212.092699630815,6.6,6.845,7,2,8,18,0,0,2,0,0.4667,0.1,0.0,0.5,6.609,6.809,10,12,11,4,1,0,2,2,0.4762,0.75,0.3333,0.0,31,54,29.0,22.7,1.8,13.3,18.4,5.0,0.0,18.8,38.2,23.0,0.0,18.2,9.200000000000003,0.3000000000000007,4.750000000000002,19.800000000000004,18.0,18.900000000000002
2019-06-25,Cameroon,Guinea-Bissau,AFCON,Ismailia,Egypt,True,2019,6,25,1,1404.0,1158.0,Yaoundé,Bissau,"Yaoundé, Cameroon","Bissau, Guinea-Bissau","Ismailia, Egypt",3.8689867,11.5213344,11.861324,-15.583055,30.6043775,32.2770825,3684.7224830129467,5331.65178263437,6.727,7.036,4,4,17,6,2,2,2,0,0.1905,0.4,0.5,1.0,6.555,6.873,14,5,6,13,0,1,2,2,0.7,0.2778,0.0,0.3333,43,132,24.9,17.8,1.2,12.3,33.2,24.4,0.0,22.5,38.1,23.4,0.0,21.1,13.200000000000003,5.599999999999998,9.4,4.899999999999999,1.0,2.9499999999999993
2019-06-26,Egypt,DR Congo,AFCON,Cairo,Egypt,False,2019,6,26,1,1384.0,1424.0,Cairo,Kinshasa,"Cairo, Egypt","Kinshasa, DR Congo","Cairo, Egypt",30.0443879,31.2357257,-4.3196982,15.3424196,30.0443879,31.2357257,0.0,4179.035199757066,7.309,6.927,16,6,10,22,1,1,0,2,0.6154,0.2143,1.0,0.3333,6.727,7.055,8,12,12,11,0,3,2,1,0.4,0.5217,0.0,0.75,24,41,41.1,24.2,0.0,23.6,29.7,19.8,0.0,13.7,41.1,24.2,0.0,23.6,0.0,0.0,0.0,11.400000000000002,4.399999999999999,7.9
2019-06-26,Nigeria,Guinea,AFCON,Alexandria,Egypt,True,2019,6,26,1,1433.0,1336.0,Abuja,Conakry,"Abuja, Nigeria","Conakry, Guinea","Alexandria, Egypt",9.0643305,7.4892974,9.5170602,-13.6998434,31.1991806,29.8951716,3380.1023237570416,5097.656470879067,7.436,6.736,11,7,13,8,1,1,0,2,0.4583,0.4667,1.0,0.3333,6.791,6.409,15,11,6,12,2,1,2,3,0.7143,0.4783,0.5,0.25,26,81,27.5,21.2,1.7,11.6,28.6,24.9,15.4,13.5,30.5,23.3,0.0,16.4,3.0,2.1000000000000014,2.5500000000000007,1.8999999999999986,1.5999999999999979,1.7499999999999982
2019-06-26,Uganda,Zimbabwe,AFCON,Cairo,Egypt,True,2019,6,26,0,1299.0,1192.0,Kampala,Harare,"Kampala, Uganda","Harare, Zimbabwe","Cairo, Egypt",0.3177137,32.5813539,-17.8567035,31.0601584,30.0443879,31.2357257,3308.5211824328258,5326.391557940834,7.118,6.518,12,5,8,2,2,1,0,1,0.6,0.7143,1.0,0.5,6.891,6.364,10,7,16,13,0,2,1,4,0.3846,0.35,0.0,0.3333,89,130,24.3,17.0,14.8,8.4,19.0,10.1,0.8,15.3,41.1,24.2,0.0,23.6,16.8,7.199999999999999,12.0,22.1,14.1,18.1
2019-06-27,Senegal,Algeria,AFCON,Cairo,Egypt,True,2019,6,27,2,1515.0,1346.0,Dakar,Algiers,"Dakar, Senegal","Algiers, Algeria","Cairo, Egypt",14.693425,-17.447938,36.7729333,3.0588445,30.0443879,31.2357257,5245.18712681327,2709.172784111711,7.282,6.927,23,9,3,3,2,0,0,1,0.8846,0.75,1.0,0.0,7.309,6.5,12,6,4,4,2,0,0,2,0.75,0.6,1.0,0.0,18,29,28.1,24.1,0.0,17.8,31.2,22.0,0.0,17.6,40.9,24.2,0.0,18.6,12.799999999999997,0.09999999999999787,6.4499999999999975,9.7,2.1999999999999993,5.949999999999999
2019-06-28,Tunisia,Mali,AFCON,Suez,Egypt,True,2019,6,28,0,1501.0,1365.0,Tunis,Bamako,"Tunis, Tunisia","Bamako, Mali","Suez, Egypt",36.8002068,10.1857757,12.6132656,-7.9847391,29.974498,32.537086,2203.1868802529016,4588.195904413027,6.609,7.282,9,15,8,9,1,2,1,1,0.5294,0.625,0.5,0.6667,7.009,7.055,17,15,5,5,4,0,1,0,0.7727,0.75,0.8,0.5,57,53,33.8,21.4,0.0,14.5,32.6,25.6,0.7,13.7,37.6,23.5,0.0,28.1,3.8000000000000043,2.1000000000000014,2.950000000000003,5.0,2.1000000000000014,3.5500000000000007
2019-06-28,Venezuela,Argentina,COPA,Rio de Janeiro,Brazil,True,2019,6,28,2,1485.0,1582.0,Caracas,Buenos Aires,"Caracas, Venezuela","Buenos Aires, Argentina","Rio de Janeiro, Brazil",10.5060934,-66.9146008,-34.6095579,-58.3887904,-22.9110137,-43.2093727,4524.322573100554,1965.7093721602043,7.127,6.909,12,5,9,13,3,0,1,0,0.5714,0.2778,0.75,0.5,7.073,6.745,18,7,4,10,2,1,0,1,0.8182,0.4118,1.0,0.5,47,2,27.0,19.0,1.3,14.4,15.2,11.5,3.1,16.8,26.2,21.7,0.0,12.5,0.8000000000000007,2.6999999999999993,1.75,11.0,10.2,10.6
2019-06-28,Morocco,Ivory Coast,AFCON,Cairo,Egypt,True,2019,6,28,1,1429.0,1365.0,Rabat,Yamoussoukro,"Rabat, Morocco","Yamoussoukro, Ivory Coast","Cairo, Egypt",34.0218454,-6.8408929,6.8200066,-5.2776034,30.0443879,31.2357257,3595.835480155586,4602.023821913496,7.164,6.7,14,5,3,15,1,2,0,2,0.8235,0.25,1.0,0.5,6.909,6.6,9,7,1,8,1,0,0,2,0.9,0.4667,1.0,0.0,6,31,23.7,18.0,0.0,15.3,29.6,22.6,4.7,11.2,37.4,24.8,0.0,18.7,13.7,6.800000000000001,10.25,7.799999999999997,2.1999999999999993,4.999999999999998
2019-06-29,Uruguay,Peru,COPA,Salvador,Brazil,True,2019,6,29,0,1615.0,1516.0,Montevideo,Lima,"Montevideo, Uruguay","Lima, Peru","Salvador, Brazil",-34.9058916,-56.1913095,-12.0459808,-77.0305912,-12.9822499,-38.4812772,3019.0106553307687,4182.022956986605,7.136,7.082,8,28,11,12,1,2,0,2,0.4211,0.7,1.0,0.5,5.982,7.136,7,17,18,7,0,3,5,1,0.28,0.7083,0.0,0.75,20,50,15.5,13.8,4.3,23.5,18.7,15.7,0.1,21.5,27.0,23.8,2.4,23.8,11.5,10.0,10.75,8.3,8.100000000000001,8.200000000000001
2019-06-29,Cameroon,Ghana,AFCON,Ismailia,Egypt,True,2019,6,29,0,1404.0,1423.0,Yaoundé,Accra,"Yaoundé, Cameroon","Accra, Ghana","Ismailia, Egypt",3.8689867,11.5213344,5.5571096,-0.2012376,30.6043775,32.2770825,3684.7224830129467,4388.70895509316,7.236,6.727,14,4,11,17,2,2,0,2,0.56,0.1905,1.0,0.5,6.609,6.891,6,15,9,5,2,1,2,1,0.4,0.75,0.5,0.5,43,65,27.1,20.6,2.3,12.6,26.6,23.3,0.8,15.4,37.4,24.6,0.0,24.5,10.299999999999997,4.0,7.149999999999999,10.799999999999997,1.3000000000000007,6.049999999999999
2019-06-30,Madagascar,Nigeria,AFCON,Alexandria,Egypt,True,2019,6,30,1,1198.0,1433.0,Antananarivo,Abuja,"Antananarivo, Madagascar","Abuja, Nigeria","Alexandria, Egypt",-18.9100122,47.5255809,9.0643305,7.4892974,31.1991806,29.8951716,5881.331497147114,3380.1023237570416,7.045,6.682,10,6,11,15,1,2,0,2,0.4762,0.2857,1.0,0.5,7.055,7.436,10,11,7,13,1,1,0,0,0.5882,0.4583,1.0,1.0,104,26,20.7,13.9,0.6,19.7,29.6,22.1,3.9,9.4,30.1,24.6,0.0,21.8,9.400000000000002,10.700000000000001,10.05,0.5,2.5,1.5
2019-06-30,Egypt,Uganda,AFCON,Cairo,Egypt,False,2019,6,30,1,1384.0,1299.0,Cairo,Kampala,"Cairo, Egypt","Kampala, Uganda","Cairo, Egypt",30.0443879,31.2357257,0.3177137,32.5813539,30.0443879,31.2357257,0.0,3308.5211824328258,7.091,7.309,8,16,12,10,2,1,0,0,0.4,0.6154,1.0,1.0,6.527,7.118,8,12,12,8,1,2,1,0,0.4,0.6,0.5,1.0,24,89,36.9,22.6,0.0,19.7,23.9,17.1,3.0,10.0,36.9,22.6,0.0,19.7,0.0,0.0,0.0,13.0,5.5,9.25
2019-06-30,Zimbabwe,DR Congo,AFCON,Cairo,Egypt,True,2019,6,30,2,1192.0,1424.0,Harare,Kinshasa,"Harare, Zimbabwe","Kinshasa, DR Congo","Cairo, Egypt",-17.8567035,31.0601584,-4.3196982,15.3424196,30.0443879,31.2357257,5326.391557940834,4179.035199757066,6.809,6.891,12,10,8,16,1,0,1,1,0.6,0.3846,0.5,0.0,6.636,6.727,12,8,8,12,0,0,2,2,0.6,0.4,0.0,0.0,130,41,19.9,9.0,0.0,16.9,32.4,22.1,0.0,12.0,36.9,22.6,0.0,19.7,17.0,13.600000000000001,15.3,4.5,0.5,2.5
2019-06-30,Burundi,Guinea,AFCON,Cairo,Egypt,True,2019,6,30,2,1092.0,1336.0,Bujumbura,Conakry,"Bujumbura, Burundi","Conakry, Guinea","Cairo, Egypt",-3.3638125,29.3675028,9.5170602,-13.6998434,30.0443879,31.2357257,3720.134023063916,5181.2786379957215,6.773,6.564,11,13,10,11,0,0,1,1,0.5238,0.5417,0.0,0.0,6.709,6.791,7,15,10,6,0,2,1,2,0.4118,0.7143,0.0,0.5,142,81,26.6,19.1,0.0,18.4,27.9,23.4,20.8,19.7,36.9,22.6,0.0,19.7,10.299999999999997,3.5,6.899999999999999,9.0,0.7999999999999972,4.899999999999999
2019-07-01,Tanzania,Algeria,AFCON,Cairo,Egypt,True,2019,7,1,2,1105.0,1346.0,Dodoma,Algiers,"Dodoma, Tanzania","Algiers, Algeria","Cairo, Egypt",-6.1791181,35.7468174,36.7729333,3.0588445,30.0443879,31.2357257,4056.525477310751,2709.172784111711,6.645,6.555,11,3,10,23,2,0,3,2,0.5238,0.1154,0.4,0.0,6.809,7.309,8,12,10,4,1,2,0,0,0.4444,0.75,1.0,1.0,112,29,27.7,15.9,0.0,24.0,29.1,20.5,0.0,14.4,37.2,24.8,0.0,19.9,9.500000000000004,8.9,9.200000000000003,8.100000000000001,4.300000000000001,6.200000000000001
2019-07-01,Namibia,Ivory Coast,AFCON,Cairo,Egypt,True,2019,7,1,2,1182.0,1365.0,Windhoek,Yamoussoukro,"Windhoek, Namibia","Yamoussoukro, Ivory Coast","Cairo, Egypt",-22.5776104,17.0772739,6.8200066,-5.2776034,30.0443879,31.2357257,6043.771552616525,4602.023821913496,6.7,6.6,6,3,17,14,0,0,1,1,0.2609,0.1765,0.0,0.0,6.609,6.909,8,9,13,1,0,1,1,0,0.381,0.9,0.0,1.0,121,31,17.6,0.8,0.0,25.2,30.5,22.4,0.6,8.6,37.2,24.8,0.0,19.9,19.6,24.0,21.8,6.700000000000003,2.400000000000002,4.5500000000000025
2019-07-01,South Africa,Morocco,AFCON,Cairo,Egypt,True,2019,7,1,2,1335.0,1429.0,Pretoria,Rabat,"Pretoria, South Africa","Rabat, Morocco","Cairo, Egypt",-25.7459277,28.1879101,34.0218454,-6.8408929,30.0443879,31.2357257,6212.092699630815,3595.835480155586,7.264,6.745,17,1,6,9,1,0,0,1,0.7391,0.1,1.0,0.0,7.227,7.164,13,14,8,3,1,1,0,0,0.619,0.8235,1.0,1.0,54,6,19.5,6.7,0.0,30.8,23.3,19.6,0.0,15.3,37.2,24.8,0.0,19.9,17.700000000000003,18.1,17.900000000000002,13.900000000000002,5.199999999999999,9.55
2019-07-01,Kenya,Senegal,AFCON,Cairo,Egypt,True,2019,7,1,2,1207.0,1515.0,Nairobi,Dakar,"Nairobi, Kenya","Dakar, Senegal","Cairo, Egypt",-1.2890006,36.8172812,14.693425,-17.447938,30.0443879,31.2357257,3534.062651936536,5245.18712681327,6.745,6.227,10,4,11,12,3,0,2,2,0.4762,0.25,0.6,0.0,6.645,7.282,10,23,8,3,0,2,1,0,0.5556,0.8846,0.0,1.0,109,18,24.4,14.5,0.5,9.5,27.3,23.7,0.0,15.5,37.2,24.8,0.0,19.9,12.800000000000004,10.3,11.550000000000002,9.900000000000002,1.1000000000000014,5.500000000000002
2019-07-02,Benin,Cameroon,AFCON,Ismailia,Egypt,True,2019,7,2,0,1273.0,1404.0,Porto-Novo,Yaoundé,"Porto-Novo, Benin","Yaoundé, Cameroon","Ismailia, Egypt",6.4990718,2.6253361,3.8689867,11.5213344,30.6043775,32.2770825,4091.1339331428317,3684.7224830129467,7.118,6.609,13,9,9,6,0,2,0,2,0.5909,0.6,0.5,0.5,6.809,7.236,8,14,11,11,0,2,0,0,0.4211,0.56,0.5,1.0,93,43,29.4,23.8,0.6,14.0,27.6,20.6,1.6,11.7,36.4,23.6,0.0,25.7,7.0,0.1999999999999993,3.5999999999999996,8.799999999999997,3.0,5.899999999999999
2019-07-02,Guinea-Bissau,Ghana,AFCON,Suez,Egypt,True,2019,7,2,2,1158.0,1423.0,Bissau,Accra,"Bissau, Guinea-Bissau","Accra, Ghana","Suez, Egypt",11.861324,-15.583055,5.5571096,-0.2012376,29.974498,32.537086,5341.673354241845,4372.367877856532,6.818,6.682,9,11,13,14,0,0,0,2,0.4091,0.44,0.5,0.0,7.118,6.609,11,6,8,9,0,2,0,2,0.5789,0.4,0.5,0.5,132,65,30.8,25.4,4.4,15.1,27.4,23.7,0.2,20.2,36.4,24.6,0.0,23.2,5.599999999999998,0.7999999999999972,3.1999999999999975,9.0,0.9000000000000021,4.950000000000001
2019-07-02,Angola,Mali,AFCON,Ismailia,Egypt,True,2019,7,2,2,1142.0,1365.0,Luanda,Bamako,"Luanda, Angola","Bamako, Mali","Ismailia, Egypt",-8.8272699,13.2439512,12.6132656,-7.9847391,30.6043775,32.2770825,4832.244935611105,4584.043640990561,6.864,6.745,3,8,6,9,0,1,0,1,0.3333,0.4706,0.5,0.5,6.736,7.009,9,17,7,5,1,4,1,1,0.5625,0.7727,0.5,0.8,87,53,24.1,17.6,0.0,19.5,33.9,25.6,0.8,10.9,36.4,23.6,0.0,25.7,12.299999999999997,6.0,9.149999999999999,2.5,2.0,2.25
2019-07-02,Mauritania,Tunisia,AFCON,Suez,Egypt,True,2019,7,2,0,1210.0,1501.0,Nouakchott,Tunis,"Nouakchott, Mauritania","Tunis, Tunisia","Suez, Egypt",18.0792379,-15.9780071,36.8002068,10.1857757,29.974498,32.537086,5062.684429904139,2203.1868802529016,6.818,6.364,6,5,3,17,0,1,0,4,0.6667,0.2273,0.5,0.2,6.582,6.609,7,9,9,8,1,1,1,1,0.4375,0.5294,0.5,0.5,113,57,26.4,21.1,0.0,20.6,35.1,20.1,0.0,18.4,36.4,24.6,0.0,23.2,10.0,3.5,6.75,1.2999999999999972,4.5,2.8999999999999986
2019-07-05,Morocco,Benin,AFCON,Cairo,Egypt,True,2019,7,5,0,1429.0,1273.0,Rabat,Porto-Novo,"Rabat, Morocco","Porto-Novo, Benin","Cairo, Egypt",34.0218454,-6.8408929,6.4990718,2.6253361,30.0443879,31.2357257,3595.835480155586,3973.561091714974,6.955,7.227,11,13,2,8,1,1,0,0,0.8462,0.619,1.0,1.0,6.809,7.118,6,13,9,9,0,0,0,0,0.4,0.5909,0.5,0.5,6,93,23.6,17.7,0.0,20.6,27.5,24.4,10.2,11.2,37.3,21.8,0.0,15.9,13.699999999999996,4.100000000000001,8.899999999999999,9.799999999999997,2.599999999999998,6.1999999999999975
2019-07-05,Uganda,Senegal,AFCON,Cairo,Egypt,True,2019,7,5,2,1299.0,1515.0,Kampala,Dakar,"Kampala, Uganda","Dakar, Senegal","Cairo, Egypt",0.3177137,32.5813539,14.693425,-17.447938,30.0443879,31.2357257,3308.5211824328258,5245.18712681327,6.582,6.527,17,8,7,12,0,1,2,1,0.7083,0.4,0.0,0.5,7.418,6.645,15,10,12,8,3,0,0,1,0.5556,0.5556,1.0,0.0,89,18,24.7,16.7,0.5,12.3,26.8,23.5,0.0,19.9,37.3,21.8,0.0,15.9,12.599999999999998,5.100000000000001,8.85,10.499999999999996,1.6999999999999993,6.099999999999998
2019-07-06,Argentina,Chile,COPA,São Paulo,Brazil,True,2019,7,6,1,1582.0,1561.0,Buenos Aires,Santiago,"Buenos Aires, Argentina","Santiago, Chile","São Paulo, Brazil",-34.6095579,-58.3887904,-33.4376995,-70.6510671,-23.5506507,-46.6333824,1675.7775837269019,2583.2640655410924,6.591,7.155,12,14,4,6,0,2,2,0,0.75,0.7,0.0,1.0,6.555,6.964,19,10,9,6,0,5,3,4,0.6786,0.625,0.0,0.5556,2,49,9.5,-0.7,0.0,13.2,16.9,7.2,0.0,14.5,12.5,5.9,0.0,13.6,3.0,6.6000000000000005,4.800000000000001,4.399999999999999,1.2999999999999998,2.849999999999999
2019-07-06,Egypt,South Africa,AFCON,Cairo,Egypt,False,2019,7,6,2,1384.0,1335.0,Cairo,Pretoria,"Cairo, Egypt","Pretoria, South Africa","Cairo, Egypt",30.0443879,31.2357257,-25.7459277,28.1879101,30.0443879,31.2357257,0.0,6212.092699630815,7.127,7.091,7,8,17,12,2,2,0,0,0.2917,0.4,1.0,1.0,6.709,7.264,2,17,11,6,0,1,1,0,0.1538,0.7391,0.0,1.0,24,54,39.5,22.8,0.0,23.4,19.0,4.5,0.0,19.4,39.5,22.8,0.0,23.4,0.0,0.0,0.0,20.5,18.3,19.4
2019-07-06,Nigeria,Cameroon,AFCON,Alexandria,Egypt,True,2019,7,6,1,1433.0,1404.0,Abuja,Yaoundé,"Abuja, Nigeria","Yaoundé, Cameroon","Alexandria, Egypt",9.0643305,7.4892974,3.8689867,11.5213344,31.1991806,29.8951716,3380.1023237570416,3596.289210150962,6.436,7.055,8,10,7,7,0,1,2,0,0.5333,0.5882,0.0,1.0,7.055,6.809,9,8,6,11,0,0,0,0,0.6,0.4211,0.5,0.5,26,43,29.1,21.1,1.7,7.7,26.7,20.4,1.2,12.0,31.1,25.2,0.0,23.7,2.0,4.099999999999998,3.049999999999999,4.400000000000002,4.800000000000001,4.600000000000001
2019-07-07,Madagascar,DR Congo,AFCON,Alexandria,Egypt,True,2019,7,7,0,1198.0,1424.0,Antananarivo,Kinshasa,"Antananarivo, Madagascar","Kinshasa, DR Congo","Alexandria, Egypt",-18.9100122,47.5255809,-4.3196982,15.3424196,31.1991806,29.8951716,5881.331497147114,4240.40818970808,7.018,7.045,7,10,8,11,2,1,0,0,0.4667,0.4762,1.0,1.0,7.227,6.636,6,12,12,8,4,0,0,2,0.3333,0.6,1.0,0.0,104,41,23.6,13.5,0.0,8.3,31.6,21.7,0.0,16.9,31.2,25.5,0.0,25.8,7.599999999999998,12.0,9.799999999999999,0.40000000000000213,3.8000000000000007,2.1000000000000014
2019-07-07,Algeria,Guinea,AFCON,Cairo,Egypt,True,2019,7,7,1,1346.0,1336.0,Algiers,Conakry,"Algiers, Algeria","Conakry, Guinea","Cairo, Egypt",36.7729333,3.0588445,9.5170602,-13.6998434,30.0443879,31.2357257,2709.172784111711,5181.2786379957215,7.564,6.809,16,8,5,10,3,1,0,0,0.7619,0.4444,1.0,1.0,7.291,6.709,13,7,7,10,2,0,0,1,0.65,0.4118,1.0,0.0,29,81,40.8,23.0,0.0,17.1,27.8,24.8,10.7,18.9,38.0,22.7,0.0,21.0,2.799999999999997,0.3000000000000007,1.549999999999999,10.2,2.1000000000000014,6.15
2019-07-07,Brazil,Peru,COPA,Rio de Janeiro,Brazil,False,2019,7,7,1,1681.0,1516.0,Brasília,Lima,"Brasília, Brazil","Lima, Peru","Rio de Janeiro, Brazil",-15.7939869,-47.8828,-12.0459808,-77.0305912,-22.9110137,-43.2093727,930.71640008568,3773.8228728638915,7.082,7.236,4,23,12,4,2,4,0,3,0.25,0.8519,1.0,0.5714,7.4,6.927,9,2,19,11,3,5,0,4,0.3214,0.1538,1.0,0.5556,5,50,23.6,11.0,0.0,13.1,18.5,13.4,0.0,18.7,19.6,17.4,1.7,22.4,4.0,6.399999999999999,5.199999999999999,1.1000000000000014,3.9999999999999982,2.55
2019-07-08,Mali,Ivory Coast,AFCON,Suez,Egypt,True,2019,7,8,2,1365.0,1365.0,Bamako,Yamoussoukro,"Bamako, Mali","Yamoussoukro, Ivory Coast","Suez, Egypt",12.6132656,-7.9847391,6.8200066,-5.2776034,29.974498,32.537086,4588.195904413027,4711.206762202221,7.2,6.736,12,9,10,7,1,1,0,1,0.5455,0.5625,1.0,0.5,7.027,6.609,13,8,10,13,4,0,1,1,0.5652,0.381,0.8,0.0,53,31,31.2,24.3,2.3,17.7,27.0,22.3,3.6,13.8,37.1,24.2,0.0,25.6,5.900000000000002,0.10000000000000142,3.0000000000000018,10.100000000000001,1.8999999999999986,6.0
2019-07-08,Ghana,Tunisia,AFCON,Ismailia,Egypt,True,2019,7,8,0,1423.0,1501.0,Accra,Tunis,"Accra, Ghana","Tunis, Tunisia","Ismailia, Egypt",5.5571096,-0.2012376,36.8002068,10.1857757,30.6043775,32.2770825,4388.70895509316,2150.655424953764,7.282,7.118,17,11,6,8,2,0,0,0,0.7391,0.5789,1.0,0.5,6.982,6.582,10,7,11,9,0,1,0,1,0.4762,0.4375,0.5,0.5,65,57,26.8,23.5,6.4,25.5,40.1,26.2,0.0,15.3,38.0,24.4,0.0,26.0,11.2,0.8999999999999986,6.049999999999999,2.1000000000000014,1.8000000000000007,1.950000000000001
2019-07-10,Senegal,Benin,AFCON,Cairo,Egypt,True,2019,7,10,1,1515.0,1273.0,Dakar,Porto-Novo,"Dakar, Senegal","Porto-Novo, Benin","Cairo, Egypt",14.693425,-17.447938,6.4990718,2.6253361,30.0443879,31.2357257,5245.18712681327,3973.561091714974,6.973,7.418,5,15,6,12,1,3,0,0,0.4545,0.5556,1.0,1.0,6.464,6.809,6,6,17,9,5,0,2,0,0.2609,0.4,0.7143,0.5,18,93,26.5,23.5,0.0,17.9,28.7,24.1,5.1,12.5,40.0,22.9,0.0,22.3,13.5,0.6000000000000014,7.050000000000001,11.3,1.2000000000000028,6.250000000000002
2019-07-10,Nigeria,South Africa,AFCON,Cairo,Egypt,True,2019,7,10,1,1433.0,1335.0,Abuja,Pretoria,"Abuja, Nigeria","Pretoria, South Africa","Cairo, Egypt",9.0643305,7.4892974,-25.7459277,28.1879101,30.0443879,31.2357257,3395.167749509511,6212.092699630815,6.955,6.436,15,8,11,7,3,0,2,2,0.5769,0.5333,0.6,0.0,7.191,6.709,13,2,13,11,1,0,0,1,0.5,0.1538,1.0,0.0,26,54,28.1,21.3,6.5,9.8,23.6,6.4,0.0,13.3,40.0,22.9,0.0,22.3,11.899999999999999,1.5999999999999979,6.749999999999998,16.4,16.5,16.45
2019-07-11,Ivory Coast,Algeria,AFCON,Suez,Egypt,True,2019,7,11,0,1365.0,1346.0,Yamoussoukro,Algiers,"Yamoussoukro, Ivory Coast","Algiers, Algeria","Suez, Egypt",6.8200066,-5.2776034,36.7729333,3.0588445,29.974498,32.537086,4711.206762202221,2827.2316486264604,6.755,7.027,7,13,12,10,1,4,0,1,0.3684,0.5652,1.0,0.8,7.236,7.564,8,16,11,5,3,3,0,0,0.4211,0.7619,1.0,1.0,31,29,29.2,22.3,6.0,11.5,28.0,21.4,0.0,22.7,39.0,23.3,0.0,22.5,9.8,1.0,5.4,11.0,1.9000000000000021,6.450000000000001
2019-07-11,Madagascar,Tunisia,AFCON,Cairo,Egypt,True,2019,7,11,2,1198.0,1501.0,Antananarivo,Tunis,"Antananarivo, Madagascar","Tunis, Tunisia","Cairo, Egypt",-18.9100122,47.5255809,36.8002068,10.1857757,30.0443879,31.2357257,5716.198701747068,2087.4517298361825,7.036,7.018,16,7,13,8,6,2,4,0,0.5517,0.4667,0.6,1.0,7.009,6.982,11,10,18,11,6,0,5,0,0.3793,0.4762,0.5455,0.5,104,57,22.0,13.7,0.0,15.4,32.6,22.9,0.0,15.5,41.2,23.7,0.0,19.7,19.200000000000003,10.0,14.600000000000001,8.600000000000001,0.8000000000000007,4.700000000000001
2019-07-14,Algeria,Nigeria,AFCON,Cairo,Egypt,True,2019,7,14,1,1346.0,1433.0,Algiers,Abuja,"Algiers, Algeria","Abuja, Nigeria","Cairo, Egypt",36.7729333,3.0588445,9.0643305,7.4892974,30.0443879,31.2357257,2709.172784111711,3395.167749509511,7.064,7.236,16,8,12,11,5,3,4,0,0.5714,0.4211,0.5556,1.0,6.8,6.955,11,15,5,11,2,3,1,2,0.6875,0.5769,0.6667,0.6,29,26,32.8,21.3,0.0,28.9,28.3,21.0,5.8,11.2,37.1,21.5,0.0,22.5,4.300000000000004,0.1999999999999993,2.2500000000000018,8.8,0.5,4.65
2019-07-14,Senegal,Tunisia,AFCON,Cairo,Egypt,True,2019,7,14,1,1515.0,1501.0,Dakar,Tunis,"Dakar, Senegal","Tunis, Tunisia","Cairo, Egypt",14.693425,-17.447938,36.8002068,10.1857757,30.0443879,31.2357257,5245.18712681327,2087.4517298361825,6.945,6.973,12,5,9,6,1,1,0,0,0.5714,0.4545,1.0,1.0,7.345,7.009,16,11,6,18,3,6,0,5,0.7273,0.3793,1.0,0.5455,18,57,29.0,24.9,0.0,18.1,33.0,22.9,0.0,16.2,37.1,21.5,0.0,22.5,8.100000000000001,3.3999999999999986,5.75,4.100000000000001,1.3999999999999986,2.75
2019-07-17,Tunisia,Nigeria,AFCON,Cairo,Egypt,True,2019,7,17,2,1501.0,1433.0,Tunis,Abuja,"Tunis, Tunisia","Abuja, Nigeria","Cairo, Egypt",36.8002068,10.1857757,9.0643305,7.4892974,30.0443879,31.2357257,2087.4517298361825,3395.167749509511,6.618,7.345,9,16,10,6,0,3,1,0,0.4737,0.7273,0.0,1.0,6.536,6.8,10,11,8,5,1,2,2,1,0.5556,0.6875,0.3333,0.6667,57,26,30.0,20.9,0.0,18.6,30.2,20.7,0.1,11.3,41.7,29.6,0.0,19.4,11.700000000000003,8.700000000000003,10.200000000000003,11.500000000000004,8.900000000000002,10.200000000000003
2019-07-19,Senegal,Algeria,AFCON,Cairo,Egypt,True,2019,7,19,2,1515.0,1346.0,Dakar,Algiers,"Dakar, Senegal","Algiers, Algeria","Cairo, Egypt",14.693425,-17.447938,36.7729333,3.0588445,30.0443879,31.2357257,5245.18712681327,2709.172784111711,7.045,6.945,10,12,9,9,1,1,0,0,0.5263,0.5714,1.0,1.0,6.745,7.064,8,16,10,12,2,5,1,4,0.4444,0.5714,0.6667,0.5556,18,29,26.8,24.1,0.0,30.2,30.2,21.8,0.0,23.9,37.7,24.3,0.0,23.0,10.900000000000002,0.1999999999999993,5.550000000000001,7.5000000000000036,2.5,5.000000000000002
2020-09-03,Finland,Wales,UEFA,Helsinki,Finland,False,2020,9,3,2,1386.0,1540.0,Helsinki,Cardiff,"Helsinki, Finland","Cardiff, Wales","Helsinki, Finland",60.1666204,24.9435408,51.4816546,-3.1791934,60.1666204,24.9435408,0.0,1982.8592417005787,6.764,7.491,3,21,22,2,1,3,2,0,0.12,0.913,0.3333,1.0,7.473,7.509,15,19,5,10,2,2,0,0,0.75,0.6552,1.0,1.0,75,38,17.8,15.7,7.5,24.0,18.1,14.9,4.5,25.7,17.8,15.7,7.5,24.0,0.0,0.0,0.0,0.3000000000000007,0.7999999999999989,0.5499999999999998
2020-09-03,Russia,Serbia,UEFA,Moscow,Russia,False,2020,9,3,1,1470.0,1494.0,Moscow,Belgrade,"Moscow, Russia","Belgrade, Serbia","Moscow, Russia",55.625578,37.6063916,44.8153318,20.4456588,55.625578,37.6063916,0.0,1704.5232055408223,7.7,6.464,20,8,2,10,5,1,0,4,0.9091,0.4444,1.0,0.2,7.136,7.055,13,15,11,8,2,3,2,2,0.5417,0.6522,0.5,0.6,35,40,21.8,11.6,0.0,23.5,23.2,14.6,1.0,11.5,21.8,11.6,0.0,23.5,0.0,0.0,0.0,1.3999999999999986,3.0,2.1999999999999993
2020-09-03,Ukraine,Switzerland,UEFA,Lviv,Ukraine,False,2020,9,3,1,1537.0,1608.0,Kyiv,Bern,"Kyiv, Ukraine","Bern, Switzerland","Lviv, Ukraine",50.4500336,30.5241361,46.9484742,7.4521749,49.841952,24.0315921,467.4012322291787,1262.749893342946,6.7,7.109,11,5,13,20,2,2,2,1,0.4583,0.2,0.5,0.6667,7.982,7.455,36,21,3,14,6,1,1,0,0.9231,0.6,0.8571,1.0,33,14,24.2,17.7,0.0,18.4,20.3,9.0,0.0,7.2,18.6,10.1,0.0,6.1,5.599999999999998,7.6,6.599999999999999,1.6999999999999993,1.0999999999999996,1.3999999999999995
2020-09-03,Bulgaria,Republic of Ireland,UEFA,Sofia,Bulgaria,False,2020,9,3,0,1381.0,1486.0,Sofia,Dublin,"Sofia, Bulgaria","Dublin, Republic of Ireland","Sofia, Bulgaria",42.6977028,23.3217359,53.3493795,-6.2605593,42.6977028,23.3217359,0.0,2473.390814752523,7.018,5.927,3,3,14,16,1,0,0,6,0.1765,0.1579,1.0,0.0,6.945,6.509,11,9,3,19,1,0,1,2,0.7857,0.3214,0.5,0.0,85,55,26.5,15.0,0.4,13.9,19.1,13.1,0.1,27.0,26.5,15.0,0.4,13.9,0.0,0.0,0.0,7.399999999999999,1.9000000000000004,4.6499999999999995
2020-09-03,Germany,Spain,UEFA,Stuttgart,Germany,False,2020,9,3,0,1602.0,1636.0,Berlin,Madrid,"Berlin, Germany","Madrid, Spain","Stuttgart, Germany",52.5173885,13.3951309,40.416782,-3.703507,48.7784485,9.1800132,510.8608925859356,1376.8200135076577,7.682,7.909,21,31,7,12,6,4,1,0,0.75,0.7209,0.8571,1.0,7.618,8.145,15,25,6,1,5,7,0,0,0.7143,0.9615,1.0,1.0,12,1,21.1,13.2,3.4,19.4,31.0,15.0,0.0,17.3,22.7,11.7,0.1,10.3,1.5999999999999979,1.5,1.549999999999999,8.3,3.3000000000000007,5.800000000000001
2020-09-03,Moldova,Kosovo,UEFA,Parma,Italy,True,2020,9,3,0,959.0,1174.0,Chișinău,Pristina,"Chișinău, Moldova","Pristina, Kosovo","Parma, Italy",47.0245117,28.8322923,42.6638771,21.1640849,44.6952006,10.0979869,1469.981427066013,917.3184593761641,6.773,6.3,7,2,17,17,1,1,2,2,0.2917,0.1053,0.3333,0.3333,6.436,6.809,12,4,11,23,0,1,4,2,0.5217,0.1481,0.0,0.3333,159,78,30.4,20.6,0.0,18.8,24.0,14.0,0.0,20.3,25.6,15.2,0.0,8.1,4.799999999999997,5.400000000000002,5.1,1.6000000000000014,1.1999999999999993,1.4000000000000004
2020-09-03,Turkey,Hungary,UEFA,Sivas,Turkey,False,2020,9,3,2,1494.0,1416.0,Ankara,Budapest,"Ankara, Turkey","Budapest, Hungary","Sivas, Turkey",39.9207759,32.8540497,47.4813896,19.1457723,39.4191717,37.1012388,367.736186052049,1698.112957218284,7.218,7.209,14,12,2,6,2,0,0,0,0.875,0.6667,1.0,0.5,6.536,7.182,5,22,15,4,0,1,2,0,0.25,0.8462,0.0,1.0,27,39,37.8,20.2,0.0,18.0,22.6,11.3,0.0,13.7,30.7,14.1,0.0,14.1,7.099999999999998,6.1,6.599999999999999,8.099999999999998,2.799999999999999,5.449999999999998
2020-09-03,Slovenia,Greece,UEFA,Ljubljana,Slovenia,False,2020,9,3,0,1365.0,1409.0,Ljubljana,Athens,"Ljubljana, Slovenia","Athens, Greece","Ljubljana, Slovenia",46.0500268,14.5069289,37.9755648,23.7348324,46.0500268,14.5069289,0.0,1176.2119183720908,6.573,7.291,10,23,19,8,2,1,3,0,0.3448,0.7419,0.4,1.0,7.327,7.445,22,14,3,7,2,1,1,0,0.88,0.6667,0.6667,1.0,56,46,20.6,10.9,1.6,9.1,32.3,22.6,0.0,16.4,20.6,10.9,1.6,9.1,0.0,0.0,0.0,11.699999999999996,11.700000000000001,11.7
2020-09-03,Latvia,Andorra,UEFA,Riga,Latvia,False,2020,9,3,0,1079.0,1082.0,Riga,Andorra la Vella,"Riga, Latvia","Andorra la Vella, Andorra","Riga, Latvia",56.9493977,24.1051846,42.4979185,1.5032264,56.9493977,24.1051846,0.0,2264.8249731967107,7.055,6.909,10,8,17,23,1,0,0,1,0.3704,0.2581,1.0,0.0,6.345,6.645,2,3,14,17,0,2,2,2,0.125,0.15,0.0,0.5,137,172,20.2,15.0,6.0,16.8,24.5,9.3,0.0,11.9,20.2,15.0,6.0,16.8,0.0,0.0,0.0,4.300000000000001,5.699999999999999,5.0
2020-09-03,Faroe Islands,Malta,UEFA,Tórshavn,Faroe Islands,False,2020,9,3,1,1181.0,919.0,Tórshavn,Valletta,"Tórshavn, Faroe Islands","Valletta, Malta","Tórshavn, Faroe Islands",62.0101396,-6.7715709,35.8989979,14.5136607,62.0101396,-6.7715709,0.0,3258.800299337651,6.755,6.364,8,2,18,17,0,0,3,4,0.3077,0.1053,0.0,0.0,6.773,6.1,5,1,12,25,1,0,2,7,0.2941,0.0385,0.3333,0.0,123,161,12.3,9.5,5.0,29.9,28.3,25.3,0.0,16.7,12.3,9.5,5.0,29.9,0.0,0.0,0.0,16.0,15.8,15.9
2020-09-04,Netherlands,Poland,UEFA,Amsterdam,Netherlands,False,2020,9,4,1,1604.0,1559.0,Amsterdam,Warsaw,"Amsterdam, Netherlands","Warsaw, Poland","Amsterdam, Netherlands",52.3730796,4.8924534,52.2319581,21.0067249,52.3730796,4.8924534,0.0,1093.5320065536514,7.736,7.055,18,10,9,6,5,0,0,0,0.6667,0.625,1.0,0.5,7.12,7.1,19,18,10,9,3,2,2,1,0.6552,0.6667,0.6,0.6667,9,36,19.2,15.8,2.3,22.0,21.2,11.3,3.6,18.8,19.2,15.8,2.3,22.0,0.0,0.0,0.0,2.0,4.5,3.25
2020-09-04,Romania,Northern Ireland,UEFA,Bucharest,Romania,False,2020,9,4,0,1475.0,1476.0,Bucharest,Belfast,"Bucharest, Romania","Belfast, Northern Ireland","Bucharest, Romania",44.4361414,26.102684,54.596391,-5.9301829,44.4361414,26.102684,0.0,2543.9007543956864,6.109,6.627,6,10,15,10,0,0,5,2,0.2857,0.5,0.0,0.0,6.2,6.655,7,6,21,10,1,0,6,0,0.25,0.375,0.1429,0.5,52,70,21.3,17.2,51.4,12.2,15.6,11.2,1.2,25.5,21.3,17.2,51.4,12.2,0.0,0.0,0.0,5.700000000000001,6.0,5.8500000000000005
2020-09-04,Lithuania,Kazakhstan,UEFA,Vilnius,Lithuania,False,2020,9,4,2,1089.0,1155.0,Vilnius,Nur-Sultan,"Vilnius, Lithuania","Nur-Sultan, Kazakhstan","Vilnius, Lithuania",54.6870458,25.2829111,51.1282205,71.4306682,54.6870458,25.2829111,0.0,3063.113887612728,6.255,6.736,1,6,30,17,0,1,6,2,0.0323,0.2609,0.0,0.3333,6.691,7.245,5,19,22,8,1,3,3,1,0.1852,0.7037,0.25,0.75,149,111,20.1,11.7,0.0,16.0,12.8,7.5,0.0,24.7,20.1,11.7,0.0,16.0,0.0,0.0,0.0,7.300000000000001,4.199999999999999,5.75
2020-09-04,Scotland,Israel,UEFA,Glasgow,Scotland,False,2020,9,4,0,1422.0,1260.0,Edinburgh,Jerusalem,"Edinburgh, Scotland","Jerusalem, Israel","Glasgow, Scotland",55.9533456,-3.1883749,31.7788472,35.2257856,55.861155,-4.2501687,66.96861427666241,4055.616856209377,7.2,6.955,22,8,5,9,3,2,1,1,0.8148,0.4706,0.75,0.6667,6.918,7.009,9,9,15,18,0,1,1,2,0.375,0.3333,0.0,0.3333,42,76,15.2,11.0,0.8,36.9,40.9,28.5,0.0,19.0,14.4,10.9,3.0,31.8,0.7999999999999989,0.09999999999999964,0.4499999999999993,26.5,17.6,22.05
2020-09-04,Slovakia,Czech Republic,UEFA,Bratislava,Slovakia,False,2020,9,4,2,1490.0,1446.0,Bratislava,Prague,"Bratislava, Slovakia","Prague, Czech Republic","Bratislava, Slovakia",48.1516988,17.1093063,50.0874654,14.4212535,48.1516988,17.1093063,0.0,290.82251500457215,7.291,6.691,16,6,3,19,2,1,0,3,0.8421,0.24,1.0,0.25,6.991,7.091,14,23,3,4,0,2,1,1,0.8235,0.8519,0.0,0.6667,45,48,24.5,12.5,0.0,12.9,24.9,14.8,0.7,19.3,24.5,12.5,0.0,12.9,0.0,0.0,0.0,0.3999999999999986,2.3000000000000007,1.3499999999999996
2020-09-04,Italy,Bosnia and Herzegovina,UEFA,Florence,Italy,False,2020,9,4,0,1607.0,1430.0,Rome,Sarajevo,"Rome, Italy","Sarajevo, Bosnia and Herzegovina","Florence, Italy",41.8933203,12.4829321,43.8570713,18.4126147,43.7697955,11.2556404,231.4072973652352,574.1642502723644,7.773,7.491,19,12,11,16,9,3,1,0,0.6333,0.4286,0.9,1.0,7.482,6.782,22,16,1,12,3,0,0,3,0.9565,0.5714,1.0,0.0,15,61,29.0,15.9,0.0,15.4,21.5,11.7,0.0,8.0,29.8,14.1,0.0,8.9,0.8000000000000007,1.8000000000000007,1.3000000000000007,8.3,2.4000000000000004,5.3500000000000005
2020-09-04,Norway,Austria,UEFA,Oslo,Norway,False,2020,9,4,2,1451.0,1507.0,Oslo,Vienna,"Oslo, Norway","Vienna, Austria","Oslo, Norway",59.9133301,10.7389701,48.2083537,16.3725042,59.9133301,10.7389701,0.0,1351.2705856708842,6.873,7.7,12,17,5,2,2,4,1,0,0.7059,0.8947,0.6667,1.0,6.864,7.1,17,16,10,5,0,2,1,1,0.6296,0.7619,0.0,0.6667,19,23,19.0,12.3,3.1,18.6,24.8,13.5,0.0,13.6,19.0,12.3,3.1,18.6,0.0,0.0,0.0,5.800000000000001,1.1999999999999993,3.5
2020-09-04,Belarus,Albania,UEFA,Minsk,Belarus,False,2020,9,4,2,1283.0,1356.0,Minsk,Tirana,"Minsk, Belarus","Tirana, Albania","Minsk, Belarus",53.9024716,27.5618225,41.3281482,19.8184435,53.9024716,27.5618225,0.0,1511.7317869295684,6.618,6.66,12,9,31,20,0,1,4,2,0.2791,0.3103,0.0,0.3333,6.455,7.055,8,17,9,3,0,2,2,2,0.4706,0.85,0.0,0.5,96,67,20.3,13.7,0.0,13.4,28.9,17.6,0.0,14.5,20.3,13.7,0.0,13.4,0.0,0.0,0.0,8.599999999999998,3.900000000000002,6.25
2020-09-05,Gibraltar,San Marino,UEFA,Gibraltar,Gibraltar,False,2020,9,5,1,879.0,824.0,Gibraltar,City of San Marino,"Gibraltar, Gibraltar","City of San Marino, San Marino","Gibraltar, Gibraltar",36.140807,-5.3541295,43.9363996,12.4466991,36.140807,-5.3541295,0.0,1740.4479099231496,6.164,5.673,3,3,36,25,1,0,6,6,0.0769,0.1071,0.1429,0.0,6.309,6.464,2,8,20,19,0,1,5,3,0.0909,0.2963,0.0,0.25,202,211,25.2,21.2,0.4,27.1,25.4,14.2,0.0,10.0,25.2,21.2,0.4,27.1,0.0,0.0,0.0,0.1999999999999993,7.0,3.5999999999999996
2020-09-05,Azerbaijan,Luxembourg,UEFA,Baku,Azerbaijan,False,2020,9,5,2,1177.0,1236.0,Baku,Luxembourg,"Baku, Azerbaijan","Luxembourg, Luxembourg","Baku, Azerbaijan",40.3755885,49.8328009,49.6112768,6.129799,40.3755885,49.8328009,0.0,3531.481558722905,6.6,6.709,3,10,16,19,0,0,2,2,0.1579,0.3448,0.0,0.0,6.918,6.773,6,8,11,15,0,2,2,3,0.3529,0.3478,0.0,0.4,126,98,30.1,20.5,0.0,20.0,18.4,13.9,0.2,17.3,30.1,20.5,0.0,20.0,0.0,0.0,0.0,11.700000000000003,6.6,9.150000000000002
2020-09-05,Estonia,Georgia,UEFA,Tallinn,Estonia,False,2020,9,5,2,1202.0,1267.0,Tallinn,Tbilisi,"Tallinn, Estonia","Tbilisi, Georgia","Tallinn, Estonia",59.437242,24.7572693,41.6934591,44.8014495,59.437242,24.7572693,0.0,2407.791342704351,6.445,6.482,9,7,18,9,0,0,5,3,0.3333,0.4375,0.0,0.0,7.127,6.982,14,16,21,9,0,3,1,2,0.4,0.64,0.0,0.6,127,72,18.0,12.4,7.7,25.4,30.4,21.0,0.0,9.6,18.0,12.4,7.7,25.4,0.0,0.0,0.0,12.399999999999999,8.6,10.5
2020-09-05,Sweden,France,UEFA,Stockholm,Sweden,False,2020,9,5,2,1579.0,1733.0,Stockholm,Paris,"Stockholm, Sweden","Paris, France","Stockholm, Sweden",59.3251172,18.0710935,48.8534951,2.3483915,59.3251172,18.0710935,0.0,1543.783158413782,7.4,7.273,18,10,8,10,3,2,0,0,0.6923,0.5,1.0,1.0,7.336,7.091,9,17,8,2,2,2,0,1,0.5294,0.8947,1.0,0.6667,37,3,18.3,11.7,0.3,18.9,20.0,14.3,1.3,16.8,18.3,11.7,0.3,18.9,0.0,0.0,0.0,1.6999999999999993,2.6000000000000014,2.1500000000000004
2020-09-05,Cyprus,Montenegro,UEFA,Nicosia,Cyprus,False,2020,9,5,2,1251.0,1365.0,Nicosia,Podgorica,"Nicosia, Cyprus","Podgorica, Montenegro","Nicosia, Cyprus",35.1746503,33.3638783,42.4415238,19.2621081,35.1746503,33.3638783,0.0,1461.8832880973446,6.136,6.7,8,9,17,8,1,1,6,2,0.32,0.5294,0.1429,0.3333,6.018,6.4,6,7,16,22,0,0,7,2,0.2727,0.2414,0.0,0.0,124,80,40.3,24.4,0.0,11.4,30.3,16.5,0.0,10.9,40.3,24.4,0.0,11.4,0.0,0.0,0.0,9.999999999999996,7.899999999999999,8.949999999999998
2020-09-05,Portugal,Croatia,UEFA,Porto,Portugal,False,2020,9,5,1,1639.0,1642.0,Lisbon,Zagreb,"Lisbon, Portugal","Zagreb, Croatia","Porto, Portugal",38.7077507,-9.1365919,45.8130967,15.9772795,41.1502195,-8.6103497,275.27032351547194,2041.4293043187727,7.482,8.236,11,30,6,1,2,6,0,0,0.6471,0.9677,1.0,1.0,7.318,6.727,19,5,6,6,3,1,1,1,0.76,0.4545,0.75,0.5,7,13,31.5,18.8,0.0,15.3,26.3,13.7,0.0,8.9,26.1,14.8,0.0,11.9,5.399999999999999,4.0,4.699999999999999,0.1999999999999993,1.1000000000000014,0.6500000000000004
2020-09-05,Denmark,Belgium,UEFA,Copenhagen,Denmark,False,2020,9,5,2,1598.0,1765.0,Copenhagen,Brussels,"Copenhagen, Denmark","Brussels, Belgium","Copenhagen, Denmark",55.6867243,12.5700724,50.8467372,4.352493,55.6867243,12.5700724,0.0,766.0592566261139,6.809,7.836,3,25,11,3,1,6,1,0,0.2143,0.8929,0.5,1.0,7.573,7.4,17,10,8,8,6,4,1,1,0.68,0.5556,0.8571,0.8,21,8,17.5,13.8,0.7,25.1,18.0,13.0,4.4,17.9,17.5,13.8,0.7,25.1,0.0,0.0,0.0,0.5,0.8000000000000007,0.6500000000000004
2020-09-05,North Macedonia,Armenia,UEFA,Skopje,North Macedonia,False,2020,9,5,1,1347.0,1213.0,Skopje,Yerevan,"Skopje, North Macedonia","Yerevan, Armenia","Skopje, North Macedonia",41.9962164,21.4318935,40.1777112,44.5126233,41.9962164,21.4318935,0.0,1938.9830234739065,7.182,6.782,15,5,9,16,1,1,0,2,0.625,0.2381,1.0,0.3333,5.536,6.609,11,7,19,14,1,0,9,1,0.3667,0.3333,0.1,0.0,69,107,28.0,12.1,0.0,8.0,32.5,19.9,0.0,11.5,28.0,12.1,0.0,8.0,0.0,0.0,0.0,4.5,7.799999999999999,6.1499999999999995
2020-09-05,Iceland,England,UEFA,Reykjavík,Iceland,False,2020,9,5,2,1465.0,1661.0,Reykjavik,London,"Reykjavik, Iceland","London, England","Reykjavík, Iceland",64.145981,-21.9422367,51.5074456,-0.1277653,64.145981,-21.9422367,0.0,1889.6794087093147,7.155,6.864,17,6,7,12,2,0,1,0,0.7083,0.3333,0.6667,0.5,7.245,7.591,11,16,12,6,4,7,0,0,0.4783,0.7273,1.0,1.0,74,4,11.7,3.3,0.0,19.1,17.2,10.3,0.1,17.8,11.7,3.3,0.0,19.1,0.0,0.0,0.0,5.5,7.000000000000001,6.25
2020-09-06,Spain,Ukraine,UEFA,Madrid,Spain,False,2020,9,6,1,1636.0,1537.0,Madrid,Kyiv,"Madrid, Spain","Kyiv, Ukraine","Madrid, Spain",40.416782,-3.703507,50.4500336,30.5241361,40.416782,-3.703507,0.0,2862.5716879105876,7.191,7.618,10,15,10,6,1,5,1,0,0.5,0.7143,0.5,1.0,7.118,6.7,12,11,8,13,2,2,1,2,0.6,0.4583,0.6667,0.5,1,33,32.9,17.5,0.0,25.9,26.2,14.1,0.0,11.1,32.9,17.5,0.0,25.9,0.0,0.0,0.0,6.699999999999999,3.4000000000000004,5.05
2020-09-06,Serbia,Turkey,UEFA,Belgrade,Serbia,False,2020,9,6,0,1494.0,1494.0,Belgrade,Ankara,"Belgrade, Serbia","Ankara, Turkey","Belgrade, Serbia",44.8153318,20.4456588,39.9207759,32.8540497,44.8153318,20.4456588,0.0,1153.833301511569,6.727,7.136,9,13,8,11,1,2,3,2,0.5294,0.5417,0.25,0.5,6.973,7.218,10,14,14,2,0,2,1,0,0.4167,0.875,0.0,1.0,40,27,28.3,14.6,0.0,9.8,27.9,14.3,0.0,15.3,28.3,14.6,0.0,9.8,0.0,0.0,0.0,0.40000000000000213,0.29999999999999893,0.35000000000000053
2020-09-06,Slovenia,Moldova,UEFA,Ljubljana,Slovenia,False,2020,9,6,1,1365.0,959.0,Ljubljana,Chișinău,"Ljubljana, Slovenia","Chișinău, Moldova","Ljubljana, Slovenia",46.0500268,14.5069289,47.0245117,28.8322923,46.0500268,14.5069289,0.0,1099.521113290131,6.9,6.573,5,10,11,19,0,2,0,3,0.3125,0.3448,0.5,0.4,6.909,6.773,4,7,13,17,1,1,1,2,0.2353,0.2917,0.5,0.3333,56,159,25.2,12.0,2.0,11.7,29.2,16.7,0.0,13.5,25.2,12.0,2.0,11.7,0.0,0.0,0.0,4.0,4.699999999999999,4.35
2020-09-06,Malta,Latvia,UEFA,Attard,Malta,False,2020,9,6,0,919.0,1079.0,Valletta,Riga,"Valletta, Malta","Riga, Latvia","Attard, Malta",35.8989979,14.5136607,56.9493977,24.1051846,35.8909172,14.4430093,6.4272723039174675,2450.320857174056,6.827,6.773,7,5,8,12,2,1,3,2,0.4667,0.2941,0.4,0.3333,7.091,7.055,13,10,7,17,0,1,0,0,0.65,0.3704,0.5,1.0,161,137,28.5,24.8,0.0,20.5,18.3,11.5,1.2,16.5,29.3,24.1,0.0,18.7,0.8000000000000007,0.6999999999999993,0.75,11.0,12.600000000000001,11.8
2020-09-06,Hungary,Russia,UEFA,Budapest,Hungary,False,2020,9,6,2,1416.0,1470.0,Budapest,Moscow,"Budapest, Hungary","Moscow, Russia","Budapest, Hungary",47.4813896,19.1457723,55.625578,37.6063916,47.4813896,19.1457723,0.0,1557.1547369840919,7.136,6.536,14,5,10,15,1,0,0,2,0.5833,0.25,1.0,0.0,6.973,7.7,8,20,9,2,3,5,1,0,0.4706,0.9091,0.75,1.0,39,35,28.4,14.8,0.0,12.4,24.1,12.7,0.0,16.9,28.4,14.8,0.0,12.4,0.0,0.0,0.0,4.299999999999997,2.1000000000000014,3.1999999999999993
2020-09-06,Switzerland,Germany,UEFA,Basel,Switzerland,False,2020,9,6,0,1608.0,1602.0,Bern,Berlin,"Bern, Switzerland","Berlin, Germany","Basel, Switzerland",46.9484742,7.4521749,52.5173885,13.3951309,47.5581077,7.5878261,68.55691068827497,689.5345272072642,6.491,7.982,8,36,12,3,1,6,2,1,0.4,0.9231,0.3333,0.8571,7.145,7.682,10,21,10,7,1,6,1,1,0.5,0.75,0.5,0.8571,14,12,16.8,12.5,3.2,9.8,18.1,11.2,0.1,20.5,18.3,13.5,0.7,10.0,1.5,1.0,1.25,0.1999999999999993,2.3000000000000007,1.25
2020-09-06,Republic of Ireland,Finland,UEFA,Dublin,Republic of Ireland,False,2020,9,6,2,1486.0,1386.0,Dublin,Helsinki,"Dublin, Republic of Ireland","Helsinki, Finland","Dublin, Republic of Ireland",53.3493795,-6.2605593,60.1666204,24.9435408,53.3493795,-6.2605593,0.0,2023.8413913506045,6.955,6.945,11,11,9,3,1,1,1,1,0.55,0.7857,0.5,0.5,6.636,6.764,7,3,2,22,0,1,1,2,0.7778,0.12,0.0,0.3333,55,75,17.9,12.0,0.5,18.2,16.0,12.3,1.4,22.9,17.9,12.0,0.5,18.2,0.0,0.0,0.0,1.8999999999999986,0.3000000000000007,1.0999999999999996
2020-09-06,Andorra,Faroe Islands,UEFA,Andorra la Vella,Andorra,False,2020,9,6,2,1082.0,1181.0,Andorra la Vella,Tórshavn,"Andorra la Vella, Andorra","Tórshavn, Faroe Islands","Andorra la Vella, Andorra",42.4979185,1.5032264,62.0101396,-6.7715709,42.4979185,1.5032264,0.0,2237.3602205223815,6.927,6.345,7,2,13,14,0,0,0,2,0.35,0.125,0.5,0.0,6.791,6.755,8,8,7,18,3,0,2,3,0.5333,0.3077,0.6,0.0,172,123,23.2,14.3,0.9,12.3,10.7,6.8,5.2,32.8,23.2,14.3,0.9,12.3,0.0,0.0,0.0,12.5,7.500000000000001,10.0
2020-09-06,Wales,Bulgaria,UEFA,Cardiff,Wales,False,2020,9,6,1,1540.0,1381.0,Cardiff,Sofia,"Cardiff, Wales","Sofia, Bulgaria","Cardiff, Wales",51.4816546,-3.1791934,42.6977028,23.3217359,51.4816546,-3.1791934,0.0,2214.8068333006277,7.136,7.473,2,15,7,5,1,2,0,0,0.2222,0.75,1.0,1.0,6.882,7.018,9,3,11,14,1,1,1,0,0.45,0.1765,0.5,1.0,38,85,17.5,9.8,1.2,12.7,27.9,14.5,0.0,8.7,17.5,9.8,1.2,12.7,0.0,0.0,0.0,10.399999999999999,4.699999999999999,7.549999999999999
2020-09-06,Kosovo,Greece,UEFA,Pristina,Kosovo,False,2020,9,6,2,1174.0,1409.0,Pristina,Athens,"Pristina, Kosovo","Athens, Greece","Pristina, Kosovo",42.6638771,21.1640849,37.9755648,23.7348324,42.6638771,21.1640849,0.0,564.9647907372499,6.918,6.436,13,12,4,11,1,0,1,4,0.7647,0.5217,0.5,0.0,7.182,7.327,11,22,5,3,0,2,0,1,0.6875,0.88,0.5,0.6667,78,46,28.4,12.3,0.0,9.9,32.2,19.0,0.0,13.3,28.4,12.3,0.0,9.9,0.0,0.0,0.0,3.8000000000000043,6.699999999999999,5.250000000000002
2020-09-07,Israel,Slovakia,UEFA,Netanya,Israel,False,2020,9,7,0,1260.0,1490.0,Jerusalem,Bratislava,"Jerusalem, Israel","Bratislava, Slovakia","Netanya, Israel",31.7788472,35.2257856,48.1516988,17.1093063,32.3286181,34.8566246,70.33831833072429,2304.6980248125265,6.864,6.918,5,9,9,15,1,0,1,1,0.3571,0.375,0.5,0.0,6.455,7.291,3,16,19,3,1,2,3,0,0.1364,0.8421,0.25,1.0,76,45,37.7,22.9,0.0,20.6,20.6,14.1,5.2,21.3,32.4,22.9,0.0,18.0,5.300000000000004,0.0,2.650000000000002,11.799999999999997,8.799999999999999,10.299999999999997
2020-09-07,Kazakhstan,Belarus,UEFA,Almaty,Kazakhstan,False,2020,9,7,2,1155.0,1283.0,Nur-Sultan,Minsk,"Nur-Sultan, Kazakhstan","Minsk, Belarus","Almaty, Kazakhstan",51.1282205,71.4306682,53.9024716,27.5618225,43.2363924,76.9457275,970.8133970427426,3736.1868966077423,7.082,6.691,8,5,16,22,2,1,0,3,0.3333,0.1852,1.0,0.25,6.691,6.618,2,12,10,31,0,0,2,4,0.1667,0.2791,0.0,0.0,111,96,15.6,7.6,0.7,26.3,16.0,10.0,17.4,16.3,19.4,11.0,1.5,12.0,3.799999999999999,3.4000000000000004,3.5999999999999996,3.3999999999999986,1.0,2.1999999999999993
2020-09-07,Netherlands,Italy,UEFA,Amsterdam,Netherlands,False,2020,9,7,2,1604.0,1607.0,Amsterdam,Rome,"Amsterdam, Netherlands","Rome, Italy","Amsterdam, Netherlands",52.3730796,4.8924534,41.8933203,12.4829321,52.3730796,4.8924534,0.0,1297.388334557153,7.427,7.736,14,18,2,9,1,5,0,0,0.875,0.6667,1.0,1.0,7.155,7.773,18,19,8,11,1,9,1,1,0.6923,0.6333,0.5,0.9,9,15,19.0,9.9,0.5,21.7,29.9,17.8,0.0,13.7,19.0,9.9,0.5,21.7,0.0,0.0,0.0,10.899999999999999,7.9,9.399999999999999
2020-09-07,Albania,Lithuania,UEFA,Tirana,Albania,False,2020,9,7,2,1356.0,1089.0,Tirana,Vilnius,"Tirana, Albania","Vilnius, Lithuania","Tirana, Albania",41.3281482,19.8184435,54.6870458,25.2829111,41.3281482,19.8184435,0.0,1538.892893310848,7.164,6.455,10,8,2,9,2,0,0,2,0.8333,0.4706,1.0,0.0,6.809,6.255,16,1,8,30,0,0,2,6,0.6667,0.0323,0.0,0.0,67,149,31.2,18.4,0.0,9.4,15.8,9.4,0.5,15.7,31.2,18.4,0.0,9.4,0.0,0.0,0.0,15.399999999999999,8.999999999999998,12.2
2020-09-07,Northern Ireland,Norway,UEFA,Belfast,Northern Ireland,False,2020,9,7,2,1476.0,1451.0,Belfast,Oslo,"Belfast, Northern Ireland","Oslo, Norway","Belfast, Northern Ireland",54.596391,-5.9301829,59.9133301,10.7389701,54.596391,-5.9301829,0.0,1159.1990028283594,6.718,6.2,6,7,17,21,1,1,1,6,0.2609,0.25,0.5,0.1429,6.573,6.873,3,12,17,5,1,2,2,1,0.15,0.7059,0.3333,0.6667,70,19,18.6,12.8,4.7,25.8,16.6,6.4,2.0,24.1,18.6,12.8,4.7,25.8,0.0,0.0,0.0,2.0,6.4,4.2
2020-09-07,Bosnia and Herzegovina,Poland,UEFA,Zenica,Bosnia and Herzegovina,False,2020,9,7,2,1430.0,1559.0,Sarajevo,Warsaw,"Sarajevo, Bosnia and Herzegovina","Warsaw, Poland","Zenica, Bosnia and Herzegovina",43.8570713,18.4126147,52.2319581,21.0067249,44.199828,17.9093012,55.423419927545865,921.9190263101657,6.836,7.482,8,22,18,1,1,3,1,0,0.3077,0.9565,0.5,1.0,6.518,7.12,2,19,14,10,0,3,1,2,0.125,0.6552,0.0,0.6,61,36,26.3,14.0,0.4,10.9,18.0,10.4,0.0,12.5,26.3,15.0,0.0,14.5,0.0,1.0,0.5,8.3,4.6,6.45
2020-09-07,Austria,Romania,UEFA,Klagenfurt,Austria,False,2020,9,7,2,1507.0,1475.0,Vienna,Bucharest,"Vienna, Austria","Bucharest, Romania","Klagenfurt, Austria",48.2083537,16.3725042,44.4361414,26.102684,46.623943,14.3075976,234.882117938645,949.4280835564201,7.109,6.864,17,17,3,10,2,0,1,1,0.85,0.6296,0.6667,0.0,6.982,6.109,17,6,6,15,1,0,1,5,0.7391,0.2857,0.5,0.0,23,52,18.8,14.2,4.6,17.5,29.5,16.5,0.0,8.2,18.2,15.2,21.0,7.3,0.6000000000000014,1.0,0.8000000000000007,11.3,1.3000000000000007,6.300000000000001
2020-09-07,Czech Republic,Scotland,UEFA,Olomouc,Czech Republic,False,2020,9,7,2,1446.0,1422.0,Prague,Edinburgh,"Prague, Czech Republic","Edinburgh, Scotland","Olomouc, Czech Republic",50.0874654,14.4212535,55.9533456,-3.1883749,49.5940567,17.251143,210.20561767388827,1538.1038069952197,7.245,6.991,19,14,3,3,3,0,1,1,0.8636,0.8235,0.75,0.0,6.791,7.2,9,22,5,5,1,3,1,1,0.6429,0.8148,0.5,0.75,48,42,19.2,12.3,0.3,8.3,18.5,11.5,12.8,32.2,19.0,11.9,1.2,12.6,0.1999999999999993,0.40000000000000036,0.2999999999999998,0.5,0.40000000000000036,0.4500000000000002
2020-09-08,Georgia,North Macedonia,UEFA,Tbilisi,Georgia,False,2020,9,8,0,1267.0,1347.0,Tbilisi,Skopje,"Tbilisi, Georgia","Skopje, North Macedonia","Tbilisi, Georgia",41.6934591,44.8014495,41.9962164,21.4318935,41.6934591,44.8014495,0.0,1930.0842470789144,7.2,7.127,9,14,3,21,1,0,0,1,0.75,0.4,1.0,0.0,7.027,7.182,7,15,6,9,2,1,1,0,0.5385,0.625,0.6667,1.0,72,69,28.5,19.8,2.1,16.5,29.7,18.4,0.0,7.4,28.5,19.8,2.1,16.5,0.0,0.0,0.0,1.1999999999999993,1.4000000000000021,1.3000000000000007
2020-09-08,France,Croatia,UEFA,Paris,France,False,2020,9,8,1,1733.0,1642.0,Paris,Zagreb,"Paris, France","Zagreb, Croatia","Paris, France",48.8534951,2.3483915,45.8130967,15.9772795,48.8534951,2.3483915,0.0,1079.5239253558195,7.145,7.336,7,9,7,8,1,2,0,0,0.5,0.5294,1.0,1.0,6.482,7.318,3,19,25,6,1,3,4,1,0.1071,0.76,0.2,0.75,3,13,24.3,12.7,0.0,10.6,23.2,12.4,0.0,7.6,24.3,12.7,0.0,10.6,0.0,0.0,0.0,1.1000000000000014,0.29999999999999893,0.7000000000000002
2020-09-08,Luxembourg,Montenegro,UEFA,Luxembourg,Luxembourg,False,2020,9,8,2,1236.0,1365.0,Luxembourg,Podgorica,"Luxembourg, Luxembourg","Podgorica, Montenegro","Luxembourg, Luxembourg",49.6112768,6.129799,42.4415238,19.2621081,49.6112768,6.129799,0.0,1286.6852864201544,7.0,6.918,17,6,2,11,2,0,1,2,0.8947,0.3529,0.6667,0.0,7.036,6.018,6,6,8,16,2,0,0,7,0.4286,0.2727,1.0,0.0,98,80,22.3,9.0,0.0,12.8,34.0,21.4,0.0,11.3,22.3,9.0,0.0,12.8,0.0,0.0,0.0,11.7,12.399999999999999,12.049999999999999
2020-09-08,Sweden,Portugal,UEFA,Stockholm,Sweden,False,2020,9,8,2,1579.0,1639.0,Stockholm,Lisbon,"Stockholm, Sweden","Lisbon, Portugal","Stockholm, Sweden",59.3251172,18.0710935,38.7077507,-9.1365919,59.3251172,18.0710935,0.0,2989.637600262615,6.709,7.4,7,18,7,8,0,3,1,0,0.5,0.6923,0.0,1.0,7.491,7.482,25,11,3,6,4,2,1,0,0.8929,0.6471,0.8,1.0,37,7,18.6,11.6,3.0,20.0,32.2,21.6,0.0,20.7,18.6,11.6,3.0,20.0,0.0,0.0,0.0,13.600000000000001,10.000000000000002,11.8
2020-09-08,San Marino,Liechtenstein,UEFA,Rimini,Italy,True,2020,9,8,2,824.0,926.0,City of San Marino,Vaduz,"City of San Marino, San Marino","Vaduz, Liechtenstein","Rimini, Italy",43.9363996,12.4466991,47.1392862,9.5227962,43.9465433,12.630749,14.779202972664546,429.5943712266623,6.573,6.309,5,2,12,20,0,0,1,5,0.2941,0.0909,0.0,0.0,6.327,6.418,1,2,22,21,0,0,3,3,0.0435,0.087,0.0,0.0,211,206,21.8,15.1,0.0,13.7,22.0,9.6,0.0,5.4,25.0,17.9,0.0,17.1,3.1999999999999993,2.799999999999999,2.999999999999999,3.0,8.299999999999999,5.6499999999999995
2020-09-08,Cyprus,Azerbaijan,UEFA,Nicosia,Cyprus,False,2020,9,8,2,1251.0,1177.0,Nicosia,Baku,"Nicosia, Cyprus","Baku, Azerbaijan","Nicosia, Cyprus",35.1746503,33.3638783,40.3755885,49.8328009,35.1746503,33.3638783,0.0,1555.680731129821,6.609,6.136,8,8,6,17,0,1,2,6,0.5714,0.32,0.0,0.1429,6.655,6.6,2,3,17,16,1,0,2,2,0.1053,0.1579,0.3333,0.0,124,126,40.0,23.7,0.0,13.3,27.3,20.7,0.0,29.6,40.0,23.7,0.0,13.3,0.0,0.0,0.0,12.7,3.0,7.85
2020-09-08,Armenia,Estonia,UEFA,Yerevan,Armenia,False,2020,9,8,1,1213.0,1202.0,Yerevan,Tallinn,"Yerevan, Armenia","Tallinn, Estonia","Yerevan, Armenia",40.1777112,44.5126233,59.437242,24.7572693,40.1777112,44.5126233,0.0,2546.6399423641183,6.436,5.536,6,11,7,19,1,1,2,9,0.4615,0.3667,0.3333,0.1,6.509,6.445,3,9,9,18,0,0,1,5,0.25,0.3333,0.0,0.0,107,127,31.6,19.3,0.0,26.4,15.0,9.0,5.6,23.3,31.6,19.3,0.0,26.4,0.0,0.0,0.0,16.6,10.3,13.450000000000001
2020-09-08,Belgium,Iceland,UEFA,Brussels,Belgium,False,2020,9,8,1,1765.0,1465.0,Brussels,Reykjavik,"Brussels, Belgium","Reykjavik, Iceland","Brussels, Belgium",50.8467372,4.352493,64.145981,-21.9422367,50.8467372,4.352493,0.0,2128.82416758117,7.255,7.573,10,17,8,8,2,6,0,1,0.5556,0.68,1.0,0.8571,6.518,7.155,2,17,12,7,0,2,1,1,0.1429,0.7083,0.0,0.6667,8,74,19.9,13.9,0.1,18.4,8.6,5.6,4.9,17.7,19.9,13.9,0.1,18.4,0.0,0.0,0.0,11.299999999999999,8.3,9.8
2020-09-08,Denmark,England,UEFA,Copenhagen,Denmark,False,2020,9,8,0,1598.0,1661.0,Copenhagen,London,"Copenhagen, Denmark","London, England","Copenhagen, Denmark",55.6867243,12.5700724,51.5074456,-0.1277653,55.6867243,12.5700724,0.0,956.1333822976515,6.645,6.809,8,3,10,11,0,1,2,1,0.4444,0.2143,0.0,0.5,7.118,7.245,12,11,2,12,1,4,0,0,0.8571,0.4783,1.0,1.0,21,4,19.4,14.8,4.3,30.7,23.6,15.2,0.0,17.2,19.4,14.8,4.3,30.7,0.0,0.0,0.0,4.200000000000003,0.3999999999999986,2.3000000000000007
2020-10-10,Montenegro,Azerbaijan,UEFA,Podgorica,Montenegro,False,2020,10,10,1,1376.0,1179.0,Podgorica,Baku,"Podgorica, Montenegro","Baku, Azerbaijan","Podgorica, Montenegro",42.4415238,19.2621081,40.3755885,49.8328009,42.4415238,19.2621081,0.0,2546.020041452988,7.245,7.036,9,6,21,8,1,2,0,0,0.3,0.4286,1.0,1.0,6.945,6.655,12,2,9,17,1,1,0,2,0.5714,0.1053,1.0,0.3333,80,126,21.1,9.9,0.0,8.0,19.8,13.5,0.0,27.5,21.1,9.9,0.0,8.0,0.0,0.0,0.0,1.3000000000000007,3.5999999999999996,2.45
2020-10-10,Luxembourg,Cyprus,UEFA,Luxembourg,Luxembourg,False,2020,10,10,1,1237.0,1236.0,Luxembourg,Nicosia,"Luxembourg, Luxembourg","Nicosia, Cyprus","Luxembourg, Luxembourg",49.6112768,6.129799,35.1746503,33.3638783,49.6112768,6.129799,0.0,2728.145422568917,6.8,7.0,21,17,9,2,0,2,1,1,0.7,0.8947,0.0,0.6667,6.845,6.609,9,8,12,6,0,0,1,2,0.4286,0.5714,0.0,0.0,98,124,11.2,7.4,0.0,18.4,31.2,20.7,0.0,15.0,11.2,7.4,0.0,18.4,0.0,0.0,0.0,20.0,13.299999999999999,16.65
2020-10-10,Ukraine,Germany,UEFA,Kyiv,Ukraine,False,2020,10,10,2,1539.0,1602.0,Kyiv,Berlin,"Kyiv, Ukraine","Berlin, Germany","Kyiv, Ukraine",50.4500336,30.5241361,52.5173885,13.3951309,50.4500336,30.5241361,0.0,1205.1482965194393,6.264,7.118,4,12,22,8,0,2,4,1,0.1538,0.6,0.0,0.6667,7.045,7.145,12,10,18,10,1,1,1,1,0.4,0.5,0.5,0.5,33,12,19.3,11.9,0.0,9.0,12.3,6.9,1.0,21.6,19.3,11.9,0.0,9.0,0.0,0.0,0.0,7.0,5.0,6.0
2020-10-10,Liechtenstein,Gibraltar,UEFA,Vaduz,Liechtenstein,False,2020,10,10,2,932.0,886.0,Vaduz,Gibraltar,"Vaduz, Liechtenstein","Gibraltar, Gibraltar","Vaduz, Liechtenstein",47.1392862,9.5227962,36.140807,-5.3541295,47.1392862,9.5227962,0.0,1733.3114130094725,7.073,6.327,12,1,5,22,2,0,0,3,0.7059,0.0435,1.0,0.0,7.191,6.164,12,3,5,36,1,1,0,6,0.7059,0.0769,1.0,0.1429,206,202,14.6,9.5,13.3,11.8,22.2,17.9,0.0,16.9,14.6,9.5,13.3,11.8,0.0,0.0,0.0,7.6,8.399999999999999,7.999999999999999
2020-10-10,Faroe Islands,Latvia,UEFA,Tórshavn,Faroe Islands,False,2020,10,10,0,1191.0,1076.0,Tórshavn,Riga,"Tórshavn, Faroe Islands","Riga, Latvia","Tórshavn, Faroe Islands",62.0101396,-6.7715709,56.9493977,24.1051846,62.0101396,-6.7715709,0.0,1812.0058694396296,7.173,6.791,11,8,6,7,1,3,0,2,0.6471,0.5333,1.0,0.6,6.909,7.091,9,13,10,7,1,0,1,0,0.4737,0.65,0.5,0.5,123,137,8.1,6.8,1.5,26.0,14.0,7.7,0.6,18.6,8.1,6.8,1.5,26.0,0.0,0.0,0.0,5.9,0.9000000000000004,3.4000000000000004
2020-10-10,Andorra,Malta,UEFA,Andorra la Vella,Andorra,False,2020,10,10,0,1076.0,917.0,Andorra la Vella,Valletta,"Andorra la Vella, Andorra","Valletta, Malta","Andorra la Vella, Andorra",42.4979185,1.5032264,35.8989979,14.5136607,42.4979185,1.5032264,0.0,1337.543545782016,6.573,6.927,6,7,11,13,0,0,1,0,0.3529,0.35,0.0,0.5,6.836,6.827,10,7,9,8,1,2,1,3,0.5263,0.4667,0.5,0.4,172,161,17.0,8.6,0.0,11.3,24.8,20.2,0.1,18.7,17.0,8.6,0.0,11.3,0.0,0.0,0.0,7.800000000000001,11.6,9.7
2020-10-10,Spain,Switzerland,UEFA,Madrid,Spain,False,2020,10,10,1,1642.0,1600.0,Madrid,Bern,"Madrid, Spain","Bern, Switzerland","Madrid, Spain",40.416782,-3.703507,46.9484742,7.4521749,40.416782,-3.703507,0.0,1152.2835135713092,7.455,7.191,22,10,4,10,4,1,0,1,0.8462,0.5,1.0,0.5,7.127,6.491,18,8,12,12,1,1,1,2,0.6,0.4,0.5,0.3333,1,14,24.2,12.8,0.0,25.6,11.9,6.8,8.9,14.1,24.2,12.8,0.0,25.6,0.0,0.0,0.0,12.299999999999999,6.000000000000001,9.15
2020-10-11,Estonia,North Macedonia,UEFA,Tallinn,Estonia,False,2020,10,11,0,1188.0,1351.0,Tallinn,Skopje,"Tallinn, Estonia","Skopje, North Macedonia","Tallinn, Estonia",59.437242,24.7572693,41.9962164,21.4318935,59.437242,24.7572693,0.0,1952.833425351333,6.745,6.509,6,3,10,9,0,0,2,1,0.375,0.25,0.0,0.0,7.009,6.782,15,2,8,9,2,1,1,1,0.6522,0.1818,0.6667,0.5,127,69,12.5,7.3,4.0,16.3,21.9,12.2,0.0,7.9,12.5,7.3,4.0,16.3,0.0,0.0,0.0,9.399999999999999,4.8999999999999995,7.149999999999999
2020-10-11,France,Portugal,UEFA,Paris,France,False,2020,10,11,0,1744.0,1653.0,Paris,Lisbon,"Paris, France","Lisbon, Portugal","Paris, France",48.8534951,2.3483915,38.7077507,-9.1365919,48.8534951,2.3483915,0.0,1453.6738896087943,6.973,7.145,10,7,10,7,4,1,2,0,0.5,0.5,0.6667,1.0,7.336,7.491,21,25,7,3,2,4,0,1,0.75,0.8929,1.0,0.8,3,7,13.9,8.4,0.6,18.4,26.0,16.8,0.0,22.6,13.9,8.4,0.6,18.4,0.0,0.0,0.0,12.1,8.4,10.25
2020-10-11,Scotland,Slovakia,UEFA,Glasgow,Scotland,False,2020,10,11,1,1428.0,1479.0,Edinburgh,Bratislava,"Edinburgh, Scotland","Bratislava, Slovakia","Glasgow, Scotland",55.9533456,-3.1883749,48.1516988,17.1093063,55.861155,-4.2501687,66.96861427666241,1684.6217195908523,7.218,6.945,15,5,12,17,5,2,3,1,0.5556,0.2273,0.625,0.6667,7.318,6.918,9,4,8,16,4,1,2,1,0.5294,0.2,0.6667,0.5,42,45,11.7,6.7,0.0,15.8,13.2,8.5,4.7,21.4,12.0,5.0,0.4,12.9,0.3000000000000007,1.7000000000000002,1.0000000000000004,1.1999999999999993,3.5,2.3499999999999996
2020-10-11,Republic of Ireland,Wales,UEFA,Dublin,Republic of Ireland,False,2020,10,11,0,1475.0,1550.0,Dublin,Cardiff,"Dublin, Republic of Ireland","Cardiff, Wales","Dublin, Republic of Ireland",53.3493795,-6.2605593,51.4816546,-3.1791934,53.3493795,-6.2605593,0.0,294.57594111437277,7.045,6.9,8,9,9,10,2,0,4,1,0.4706,0.4737,0.3333,0.0,6.991,7.136,7,2,2,7,1,1,0,0,0.7778,0.2222,1.0,1.0,55,38,12.9,7.7,0.0,19.5,14.4,7.7,0.0,16.3,12.9,7.7,0.0,19.5,0.0,0.0,0.0,1.5,0.0,0.75
2020-10-11,Croatia,Sweden,UEFA,Zagreb,Croatia,False,2020,10,11,1,1628.0,1567.0,Zagreb,Stockholm,"Zagreb, Croatia","Stockholm, Sweden","Zagreb, Croatia",45.8130967,15.9772795,59.3251172,18.0710935,45.8130967,15.9772795,0.0,1508.9280222022667,6.673,6.482,10,3,10,25,2,1,4,4,0.5,0.1071,0.3333,0.2,6.673,6.709,7,7,21,7,0,0,2,1,0.25,0.5,0.0,0.0,13,37,13.2,7.4,18.1,22.0,11.7,4.5,0.0,15.0,13.2,7.4,18.1,22.0,0.0,0.0,0.0,1.5,2.9000000000000004,2.2
2020-10-11,Russia,Turkey,UEFA,Moscow,Russia,False,2020,10,11,0,1485.0,1485.0,Moscow,Ankara,"Moscow, Russia","Ankara, Turkey","Moscow, Russia",55.625578,37.6063916,39.9207759,32.8540497,55.625578,37.6063916,0.0,1780.996241548415,7.018,6.973,6,8,9,9,3,3,2,1,0.4,0.4706,0.6,0.75,7.109,6.973,14,10,7,14,0,0,0,1,0.6667,0.4167,0.5,0.0,35,27,14.3,5.6,0.0,14.9,23.5,11.8,0.0,9.4,14.3,5.6,0.0,14.9,0.0,0.0,0.0,9.2,6.200000000000001,7.7
2020-10-11,Bosnia and Herzegovina,Netherlands,UEFA,Zenica,Bosnia and Herzegovina,False,2020,10,11,0,1426.0,1603.0,Sarajevo,Amsterdam,"Sarajevo, Bosnia and Herzegovina","Amsterdam, Netherlands","Zenica, Bosnia and Herzegovina",43.8570713,18.4126147,52.3730796,4.8924534,44.199828,17.9093012,55.423419927545865,1320.5336390415152,7.164,6.582,19,4,11,12,4,1,5,2,0.6333,0.25,0.4444,0.3333,6.864,7.427,8,14,14,2,0,1,1,0,0.3636,0.875,0.0,1.0,61,9,19.9,8.2,0.1,10.1,13.1,5.5,6.1,21.1,20.8,9.1,0.1,9.7,0.9000000000000021,0.9000000000000004,0.9000000000000012,7.700000000000001,3.5999999999999996,5.65
2020-10-11,Kosovo,Slovenia,UEFA,Pristina,Kosovo,False,2020,10,11,2,1167.0,1368.0,Pristina,Ljubljana,"Pristina, Kosovo","Ljubljana, Slovenia","Pristina, Kosovo",42.6638771,21.1640849,46.0500268,14.5069289,42.6638771,21.1640849,0.0,649.1750485288201,6.773,6.736,8,8,15,11,1,1,2,2,0.3478,0.4211,0.3333,0.3333,7.173,6.9,12,5,3,11,1,0,0,0,0.8,0.3125,1.0,0.5,78,56,19.8,8.1,0.0,7.5,11.2,4.6,47.6,9.8,19.8,8.1,0.0,7.5,0.0,0.0,0.0,8.600000000000001,3.5,6.050000000000001
2020-10-11,Greece,Moldova,UEFA,Athens,Greece,False,2020,10,11,1,1413.0,959.0,Athens,Chișinău,"Athens, Greece","Chișinău, Moldova","Athens, Greece",37.9755648,23.7348324,47.0245117,28.8322923,37.9755648,23.7348324,0.0,1088.9161528180236,6.927,7.182,11,11,8,5,2,0,1,0,0.5789,0.6875,0.6667,0.5,6.755,6.909,3,4,12,13,0,1,1,1,0.2,0.2353,0.0,0.5,46,159,24.5,17.9,0.0,14.8,20.9,13.4,0.0,10.2,24.5,17.9,0.0,14.8,0.0,0.0,0.0,3.6000000000000014,4.499999999999998,4.05
2020-10-11,Norway,Romania,UEFA,Oslo,Norway,False,2020,10,11,1,1452.0,1483.0,Oslo,Bucharest,"Oslo, Norway","Bucharest, Romania","Oslo, Norway",59.9133301,10.7389701,44.4361414,26.102684,59.9133301,10.7389701,0.0,2003.8099746312357,6.918,7.336,5,12,16,8,1,5,2,1,0.2381,0.6,0.3333,0.8333,6.536,6.9,7,10,8,17,1,3,2,2,0.4667,0.3704,0.3333,0.6,19,52,11.5,6.1,4.9,15.7,21.5,12.2,0.0,11.1,11.5,6.1,4.9,15.7,0.0,0.0,0.0,10.0,6.1,8.05
2020-10-11,Serbia,Hungary,UEFA,Belgrade,Serbia,False,2020,10,11,2,1486.0,1418.0,Belgrade,Budapest,"Belgrade, Serbia","Budapest, Hungary","Belgrade, Serbia",44.8153318,20.4456588,47.4813896,19.1457723,44.8153318,20.4456588,0.0,312.8950821116242,7.082,6.782,16,7,5,14,2,0,1,0,0.7619,0.3333,0.6667,0.5,6.945,6.545,8,9,9,6,3,2,1,3,0.4706,0.6,0.75,0.4,40,39,19.2,9.3,0.0,11.5,14.2,11.2,1.9,15.6,19.2,9.3,0.0,11.5,0.0,0.0,0.0,5.0,1.8999999999999986,3.4499999999999993
2020-10-11,Armenia,Georgia,UEFA,Tychy,Poland,True,2020,10,11,0,1215.0,1274.0,Yerevan,Tbilisi,"Yerevan, Armenia","Tbilisi, Georgia","Tychy, Poland",40.1777112,44.5126233,41.6934591,44.8014495,50.114397,18.9965933,2269.662139162375,2190.5446241746085,6.945,6.436,10,6,6,7,2,1,0,2,0.625,0.4615,1.0,0.3333,7.118,6.864,6,9,2,2,1,1,0,1,0.75,0.8182,1.0,0.5,107,72,20.0,9.1,0.0,6.9,19.1,11.5,0.0,11.3,11.2,8.7,2.1,14.7,8.8,0.40000000000000036,4.6000000000000005,7.900000000000002,2.8000000000000007,5.350000000000001
2020-10-11,Iceland,Denmark,UEFA,Reykjavík,Iceland,False,2020,10,11,2,1457.0,1593.0,Reykjavik,Copenhagen,"Reykjavik, Iceland","Copenhagen, Denmark","Reykjavík, Iceland",64.145981,-21.9422367,55.6867243,12.5700724,64.145981,-21.9422367,0.0,2106.080978975159,7.027,6.382,8,5,7,18,2,1,1,5,0.5333,0.2174,0.6667,0.1667,7.082,6.645,10,8,6,10,0,0,0,2,0.625,0.4444,0.5,0.0,74,21,8.9,6.1,16.7,37.4,11.9,7.9,0.5,20.2,8.9,6.1,16.7,37.4,0.0,0.0,0.0,3.0,1.8000000000000007,2.4000000000000004
2020-10-11,Israel,Czech Republic,UEFA,Haifa,Israel,False,2020,10,11,2,1265.0,1446.0,Jerusalem,Prague,"Jerusalem, Israel","Prague, Czech Republic","Haifa, Israel",31.7788472,35.2257856,50.0874654,14.4212535,32.8191218,34.9983856,117.6311723884102,2557.1785754519938,7.182,6.973,12,16,15,4,3,1,5,1,0.4444,0.8,0.375,0.5,6.682,7.245,17,19,5,3,1,3,2,1,0.7727,0.8636,0.3333,0.75,76,48,28.4,17.5,0.0,18.8,11.8,4.5,0.0,10.2,27.6,22.2,0.0,16.1,0.7999999999999972,4.699999999999999,2.7499999999999982,15.8,17.7,16.75
2020-10-11,Finland,Bulgaria,UEFA,Helsinki,Finland,False,2020,10,11,1,1390.0,1378.0,Helsinki,Sofia,"Helsinki, Finland","Sofia, Bulgaria","Helsinki, Finland",60.1666204,24.9435408,42.6977028,23.3217359,60.1666204,24.9435408,0.0,1945.5609900821803,7.127,6.636,10,7,9,2,1,0,0,1,0.5263,0.7778,1.0,0.0,6.545,6.609,9,2,8,7,1,0,3,1,0.5294,0.2222,0.25,0.0,75,85,12.5,7.0,9.2,20.4,20.1,9.3,0.0,9.1,12.5,7.0,9.2,20.4,0.0,0.0,0.0,7.600000000000001,2.3000000000000007,4.950000000000001
2020-10-11,England,Belgium,UEFA,London,England,False,2020,10,11,1,1664.0,1773.0,London,Brussels,"London, England","Brussels, Belgium","London, England",51.5074456,-0.1277653,50.8467372,4.352493,51.5074456,-0.1277653,0.0,320.7860684618983,6.873,7.118,6,12,10,2,0,1,0,0,0.375,0.8571,0.5,1.0,7.4,7.255,18,10,5,8,5,2,1,0,0.7826,0.5556,0.8333,1.0,4,8,13.2,5.9,0.1,19.4,12.4,6.8,2.6,18.2,13.2,5.9,0.1,19.4,0.0,0.0,0.0,0.7999999999999989,0.8999999999999995,0.8499999999999992
2020-10-11,Lithuania,Belarus,UEFA,Vilnius,Lithuania,False,2020,10,11,0,1093.0,1282.0,Vilnius,Minsk,"Vilnius, Lithuania","Minsk, Belarus","Vilnius, Lithuania",54.6870458,25.2829111,53.9024716,27.5618225,54.6870458,25.2829111,0.0,171.6921695965739,6.873,6.809,5,16,8,8,1,0,0,2,0.3846,0.6667,1.0,0.0,6.782,7.009,2,12,6,10,0,2,1,1,0.25,0.5455,0.0,0.6667,149,96,13.6,10.7,4.4,10.2,13.6,10.4,7.2,10.5,13.6,10.7,4.4,10.2,0.0,0.0,0.0,0.0,0.29999999999999893,0.14999999999999947
2020-10-11,Northern Ireland,Austria,UEFA,Belfast,Northern Ireland,False,2020,10,11,2,1468.0,1505.0,Belfast,Vienna,"Belfast, Northern Ireland","Vienna, Austria","Belfast, Northern Ireland",54.596391,-5.9301829,48.2083537,16.3725042,54.596391,-5.9301829,0.0,1692.768195167158,7.036,6.255,11,8,19,12,5,1,4,5,0.3667,0.4,0.5556,0.1667,6.745,7.109,17,17,10,3,2,2,3,1,0.6296,0.85,0.4,0.6667,70,23,13.0,7.6,0.6,15.6,12.4,7.0,7.0,23.5,13.0,7.6,0.6,15.6,0.0,0.0,0.0,0.5999999999999996,0.5999999999999996,0.5999999999999996
2020-10-11,Kazakhstan,Albania,UEFA,Almaty,Kazakhstan,False,2020,10,11,0,1156.0,1351.0,Nur-Sultan,Tirana,"Nur-Sultan, Kazakhstan","Tirana, Albania","Almaty, Kazakhstan",51.1282205,71.4306682,41.3281482,19.8184435,43.2363924,76.9457275,970.8133970427426,4611.237030147099,6.627,7.082,10,8,12,16,1,2,2,0,0.4545,0.3333,0.3333,1.0,6.718,7.164,8,10,5,2,0,2,1,0,0.6154,0.8333,0.0,1.0,111,67,9.9,4.9,0.3,15.9,21.9,13.1,0.0,8.8,10.9,1.0,0.0,6.8,1.0,3.9000000000000004,2.45,10.999999999999998,12.1,11.549999999999999
2020-10-11,Poland,Italy,UEFA,Gdańsk,Poland,False,2020,10,11,0,1558.0,1612.0,Warsaw,Rome,"Warsaw, Poland","Rome, Italy","Gdańsk, Poland",52.2319581,21.0067249,41.8933203,12.4829321,54.4288032,18.798327,284.88483455782466,1469.0264410682432,7.155,6.518,12,2,4,14,2,0,1,1,0.75,0.125,0.6667,0.0,7.318,7.155,14,18,8,8,1,1,0,1,0.6364,0.6923,1.0,0.5,36,15,11.8,5.9,4.5,14.3,17.6,14.5,21.4,17.1,13.5,6.1,0.0,13.4,1.6999999999999993,0.1999999999999993,0.9499999999999993,4.100000000000001,8.4,6.250000000000001
2020-10-13,Germany,Switzerland,UEFA,Cologne,Germany,False,2020,10,13,0,1602.0,1600.0,Berlin,Bern,"Berlin, Germany","Bern, Switzerland","Cologne, Germany",52.5173885,13.3951309,46.9484742,7.4521749,50.938361,6.959974,476.515642578782,445.1061754879036,7.009,7.045,16,12,7,18,2,1,1,1,0.6957,0.4,0.6667,0.5,6.736,7.127,4,18,11,12,0,1,1,1,0.2667,0.6,0.0,0.5,12,14,12.0,3.0,0.0,19.1,9.6,1.3,0.1,8.0,12.3,6.1,0.1,16.4,0.3000000000000007,3.0999999999999996,1.7000000000000002,2.700000000000001,4.8,3.7500000000000004
2020-10-13,Ukraine,Spain,UEFA,Kyiv,Ukraine,False,2020,10,13,1,1539.0,1642.0,Kyiv,Madrid,"Kyiv, Ukraine","Madrid, Spain","Kyiv, Ukraine",50.4500336,30.5241361,40.416782,-3.703507,50.4500336,30.5241361,0.0,2862.5716879105876,6.736,6.264,7,4,16,22,1,0,2,4,0.3043,0.1538,0.3333,0.0,7.209,7.455,11,22,4,4,1,4,0,0,0.7333,0.8462,1.0,1.0,33,1,19.5,12.5,0.3,21.7,24.2,8.6,0.0,18.9,19.5,12.5,0.3,21.7,0.0,0.0,0.0,4.699999999999999,3.9000000000000004,4.3
2020-10-13,Liechtenstein,San Marino,UEFA,Vaduz,Liechtenstein,False,2020,10,13,0,932.0,811.0,Vaduz,City of San Marino,"Vaduz, Liechtenstein","City of San Marino, San Marino","Vaduz, Liechtenstein",47.1392862,9.5227962,43.9363996,12.4466991,47.1392862,9.5227962,0.0,422.65599595565055,6.927,7.073,15,12,10,5,0,2,1,0,0.6,0.7059,0.0,1.0,6.309,6.573,5,5,12,12,0,0,2,1,0.2941,0.2941,0.0,0.0,206,211,9.5,4.4,0.1,5.8,11.9,3.7,0.1,9.6,9.5,4.4,0.1,5.8,0.0,0.0,0.0,2.4000000000000004,0.7000000000000002,1.5500000000000003
2020-10-13,Latvia,Malta,UEFA,Riga,Latvia,False,2020,10,13,2,1076.0,917.0,Riga,Valletta,"Riga, Latvia","Valletta, Malta","Riga, Latvia",56.9493977,24.1051846,35.8989979,14.5136607,56.9493977,24.1051846,0.0,2447.901539288847,6.982,6.909,11,9,4,10,1,1,1,1,0.7333,0.4737,0.5,0.5,7.027,6.836,8,10,8,9,0,1,0,1,0.5,0.5263,0.5,0.5,137,161,11.8,5.9,3.7,11.4,20.9,18.5,0.1,49.1,11.8,5.9,3.7,11.4,0.0,0.0,0.0,9.099999999999998,12.6,10.849999999999998
2020-10-13,Azerbaijan,Cyprus,UEFA,Elbasan,Albania,True,2020,10,13,0,1179.0,1236.0,Baku,Nicosia,"Baku, Azerbaijan","Nicosia, Cyprus","Elbasan, Albania",40.3755885,49.8328009,35.1746503,33.3638783,41.1126792,20.0820858,2495.469297611381,1333.9057499065561,6.609,6.945,7,12,6,9,0,1,2,0,0.5385,0.5714,0.0,1.0,6.6,6.845,11,9,10,12,0,0,2,1,0.5238,0.4286,0.0,0.0,126,124,21.1,13.6,0.0,20.7,26.9,18.7,0.0,11.9,15.5,12.5,28.4,16.9,5.600000000000001,1.0999999999999996,3.3500000000000005,11.399999999999999,6.199999999999999,8.799999999999999
2020-10-13,Faroe Islands,Andorra,UEFA,Tórshavn,Faroe Islands,False,2020,10,13,1,1191.0,1076.0,Tórshavn,Andorra la Vella,"Tórshavn, Faroe Islands","Andorra la Vella, Andorra","Tórshavn, Faroe Islands",62.0101396,-6.7715709,42.4979185,1.5032264,62.0101396,-6.7715709,0.0,2237.3602205223815,6.827,7.173,4,11,11,6,1,1,1,0,0.2667,0.6471,0.5,1.0,6.8,6.573,8,6,8,11,0,0,0,1,0.5,0.3529,0.5,0.0,123,172,8.7,2.3,0.0,17.9,13.5,4.3,0.5,11.9,8.7,2.3,0.0,17.9,0.0,0.0,0.0,4.800000000000001,2.0,3.4000000000000004
2020-10-13,Montenegro,Luxembourg,UEFA,Podgorica,Montenegro,False,2020,10,13,2,1376.0,1237.0,Podgorica,Luxembourg,"Podgorica, Montenegro","Luxembourg, Luxembourg","Podgorica, Montenegro",42.4415238,19.2621081,49.6112768,6.129799,42.4415238,19.2621081,0.0,1286.6852864201544,6.836,7.245,6,9,7,21,2,1,0,0,0.4615,0.3,1.0,1.0,7.355,6.8,10,21,11,9,2,0,0,1,0.4762,0.7,1.0,0.0,80,98,16.5,11.7,29.9,16.6,9.6,4.6,1.1,18.4,16.5,11.7,29.9,16.6,0.0,0.0,0.0,6.9,7.1,7.0
2020-10-14,Belarus,Kazakhstan,UEFA,Minsk,Belarus,False,2020,10,14,1,1282.0,1156.0,Minsk,Nur-Sultan,"Minsk, Belarus","Nur-Sultan, Kazakhstan","Minsk, Belarus",53.9024716,27.5618225,51.1282205,71.4306682,53.9024716,27.5618225,0.0,2936.5410269853182,6.636,6.782,5,2,7,6,2,0,2,1,0.4167,0.25,0.5,0.0,7.109,6.627,6,10,12,12,0,1,0,2,0.3333,0.4545,0.5,0.3333,96,111,15.6,6.2,11.8,24.6,15.2,-0.1,0.0,13.0,15.6,6.2,11.8,24.6,0.0,0.0,0.0,0.40000000000000036,6.3,3.35
2020-10-14,Bulgaria,Wales,UEFA,Sofia,Bulgaria,False,2020,10,14,2,1378.0,1550.0,Sofia,Cardiff,"Sofia, Bulgaria","Cardiff, Wales","Sofia, Bulgaria",42.6977028,23.3217359,51.4816546,-3.1791934,42.6977028,23.3217359,0.0,2214.8068333006277,6.655,6.545,9,9,12,8,0,1,2,3,0.4286,0.5294,0.0,0.25,7.0,6.991,6,7,8,2,0,1,0,0,0.4286,0.7778,0.5,1.0,85,38,18.7,6.7,0.0,8.9,14.2,9.0,0.0,24.5,18.7,6.7,0.0,8.9,0.0,0.0,0.0,4.5,2.3,3.4
2020-10-14,Portugal,Sweden,UEFA,Lisbon,Portugal,False,2020,10,14,1,1653.0,1567.0,Lisbon,Stockholm,"Lisbon, Portugal","Stockholm, Sweden","Lisbon, Portugal",38.7077507,-9.1365919,59.3251172,18.0710935,38.7077507,-9.1365919,0.0,2989.637600262615,7.182,7.336,9,21,8,7,0,2,0,0,0.5294,0.75,0.5,1.0,6.709,6.673,12,7,11,21,1,0,2,2,0.5217,0.25,0.3333,0.0,7,37,19.7,13.9,0.0,25.1,9.5,3.9,0.0,22.3,19.7,13.9,0.0,25.1,0.0,0.0,0.0,10.2,10.0,10.1
2020-10-14,Turkey,Serbia,UEFA,Istanbul,Turkey,False,2020,10,14,0,1485.0,1486.0,Ankara,Belgrade,"Ankara, Turkey","Belgrade, Serbia","Istanbul, Turkey",39.9207759,32.8540497,44.8153318,20.4456588,41.006381,28.9758715,349.5536355266844,812.9869104516282,6.973,7.109,11,14,11,7,1,0,1,0,0.5,0.6667,0.5,0.5,6.845,7.082,8,16,3,5,0,2,1,1,0.7273,0.7619,0.0,0.6667,27,40,25.5,12.0,0.0,21.0,18.0,7.1,0.0,18.0,22.5,16.6,0.1,24.7,3.0,4.600000000000001,3.8000000000000007,4.5,9.500000000000002,7.000000000000001
2020-10-14,Finland,Republic of Ireland,UEFA,Helsinki,Finland,False,2020,10,14,1,1390.0,1475.0,Helsinki,Dublin,"Helsinki, Finland","Dublin, Republic of Ireland","Helsinki, Finland",60.1666204,24.9435408,53.3493795,-6.2605593,60.1666204,24.9435408,0.0,2023.8413913506045,7.327,7.127,12,10,9,9,2,1,0,0,0.5714,0.5263,1.0,1.0,6.955,7.045,8,8,6,9,0,2,0,4,0.5714,0.4706,0.5,0.3333,75,55,10.2,4.3,0.0,20.5,13.4,10.7,1.9,29.4,10.2,4.3,0.0,20.5,0.0,0.0,0.0,3.200000000000001,6.3999999999999995,4.800000000000001
2020-10-14,Norway,Northern Ireland,UEFA,Oslo,Norway,False,2020,10,14,1,1452.0,1468.0,Oslo,Belfast,"Oslo, Norway","Belfast, Northern Ireland","Oslo, Norway",59.9133301,10.7389701,54.596391,-5.9301829,59.9133301,10.7389701,0.0,1159.1990028283594,7.8,6.918,20,5,10,16,4,1,0,2,0.6667,0.2381,1.0,0.3333,6.636,7.036,2,11,13,19,0,5,1,4,0.1333,0.3667,0.0,0.5556,19,70,9.0,2.6,0.0,17.2,13.3,9.6,1.5,23.5,9.0,2.6,0.0,17.2,0.0,0.0,0.0,4.300000000000001,7.0,5.65
2020-10-14,Italy,Netherlands,UEFA,Bergamo,Italy,False,2020,10,14,0,1612.0,1603.0,Rome,Amsterdam,"Rome, Italy","Amsterdam, Netherlands","Bergamo, Italy",41.8933203,12.4829321,52.3730796,4.8924534,45.7566557,9.7542192,482.0665452086434,816.0857914426535,7.127,7.318,14,14,2,8,0,1,0,0,0.875,0.6364,0.5,1.0,7.027,6.864,13,8,4,14,0,0,0,1,0.7647,0.3636,0.5,0.0,15,9,18.7,12.3,7.6,27.3,12.0,7.4,0.0,24.3,13.1,2.4,0.0,8.3,5.6,9.9,7.75,1.0999999999999996,5.0,3.05
2020-10-14,Slovakia,Israel,UEFA,Trnava,Slovakia,False,2020,10,14,2,1479.0,1265.0,Bratislava,Jerusalem,"Bratislava, Slovakia","Jerusalem, Israel","Trnava, Slovakia",48.1516988,17.1093063,31.7788472,35.2257856,48.374218,17.5809299,42.79032946372501,2366.9037886031433,6.855,7.318,7,9,9,8,0,4,1,2,0.4375,0.5294,0.0,0.6667,6.555,7.182,10,12,9,15,1,3,2,5,0.5263,0.4444,0.3333,0.375,45,76,8.6,6.4,21.5,28.2,26.9,16.2,0.0,22.7,8.1,5.4,25.3,24.6,0.5,1.0,0.75,18.799999999999997,10.799999999999999,14.799999999999997
2020-10-14,Estonia,Armenia,UEFA,Tallinn,Estonia,False,2020,10,14,0,1188.0,1215.0,Tallinn,Yerevan,"Tallinn, Estonia","Yerevan, Armenia","Tallinn, Estonia",59.437242,24.7572693,40.1777112,44.5126233,59.437242,24.7572693,0.0,2546.6399423641183,6.682,6.745,9,6,12,10,3,0,3,2,0.4286,0.375,0.5,0.0,6.627,6.945,10,10,13,6,2,2,2,0,0.4348,0.625,0.5,1.0,127,107,10.0,7.2,0.0,24.0,22.7,12.6,0.0,6.9,10.0,7.2,0.0,24.0,0.0,0.0,0.0,12.7,5.3999999999999995,9.049999999999999
2020-10-14,North Macedonia,Georgia,UEFA,Skopje,North Macedonia,False,2020,10,14,0,1351.0,1274.0,Skopje,Tbilisi,"Skopje, North Macedonia","Tbilisi, Georgia","Skopje, North Macedonia",41.9962164,21.4318935,41.6934591,44.8014495,41.9962164,21.4318935,0.0,1930.0842470789144,6.6,7.009,12,15,9,8,3,2,3,1,0.5714,0.6522,0.5,0.6667,7.0,7.118,13,6,10,2,2,1,2,0,0.5652,0.75,0.5,1.0,69,72,19.6,12.2,0.0,11.8,23.2,14.6,0.0,7.7,19.6,12.2,0.0,11.8,0.0,0.0,0.0,3.599999999999998,2.4000000000000004,2.999999999999999
2020-10-14,Croatia,France,UEFA,Zagreb,Croatia,False,2020,10,14,2,1628.0,1744.0,Zagreb,Paris,"Zagreb, Croatia","Paris, France","Zagreb, Croatia",45.8130967,15.9772795,48.8534951,2.3483915,45.8130967,15.9772795,0.0,1079.5239253558195,7.064,6.673,11,10,12,10,2,2,1,4,0.4783,0.5,0.6667,0.3333,7.109,6.973,8,10,9,10,0,4,0,2,0.4706,0.5,0.5,0.6667,13,3,15.8,3.8,0.2,18.3,13.0,6.2,2.1,21.2,15.8,3.8,0.2,18.3,0.0,0.0,0.0,2.8000000000000007,2.4000000000000004,2.6000000000000005
2020-10-14,England,Denmark,UEFA,London,England,False,2020,10,14,2,1664.0,1593.0,London,Copenhagen,"London, England","Copenhagen, Denmark","London, England",51.5074456,-0.1277653,55.6867243,12.5700724,51.5074456,-0.1277653,0.0,956.1333822976515,6.882,6.873,8,6,11,10,2,0,1,0,0.4211,0.375,0.6667,0.5,7.245,7.082,16,10,5,6,3,0,0,0,0.7619,0.625,1.0,0.5,4,21,13.5,8.4,2.5,23.2,10.7,6.9,0.0,41.1,13.5,8.4,2.5,23.2,0.0,0.0,0.0,2.8000000000000007,1.5,2.1500000000000004
2020-10-14,Scotland,Czech Republic,UEFA,Glasgow,Scotland,False,2020,10,14,1,1428.0,1446.0,Edinburgh,Prague,"Edinburgh, Scotland","Prague, Czech Republic","Glasgow, Scotland",55.9533456,-3.1883749,50.0874654,14.4212535,55.861155,-4.2501687,66.96861427666241,1399.317858855794,7.127,7.218,9,15,7,12,1,5,0,3,0.5625,0.5556,1.0,0.625,6.936,6.682,9,17,10,5,2,1,1,2,0.4737,0.7727,0.6667,0.3333,42,48,11.1,8.8,8.7,29.1,8.4,5.8,34.7,31.3,11.8,6.2,2.6,22.1,0.7000000000000011,2.6000000000000005,1.6500000000000008,3.4000000000000004,0.40000000000000036,1.9000000000000004
2020-10-14,Poland,Bosnia and Herzegovina,UEFA,Wrocław,Poland,False,2020,10,14,1,1558.0,1426.0,Warsaw,Sarajevo,"Warsaw, Poland","Sarajevo, Bosnia and Herzegovina","Wrocław, Poland",52.2319581,21.0067249,43.8570713,18.4126147,51.1089776,17.0326689,301.1089548473384,812.9749681345642,6.973,7.155,2,12,14,4,0,2,0,1,0.125,0.75,0.5,0.6667,6.936,7.164,4,19,13,11,0,4,0,5,0.2353,0.6333,0.5,0.4444,36,61,10.7,6.5,20.8,32.1,15.2,2.7,0.5,15.6,10.0,7.6,32.5,26.6,0.6999999999999993,1.0999999999999996,0.8999999999999995,5.199999999999999,4.8999999999999995,5.049999999999999
2020-10-14,Iceland,Belgium,UEFA,Reykjavík,Iceland,False,2020,10,14,2,1457.0,1773.0,Reykjavik,Brussels,"Reykjavik, Iceland","Brussels, Belgium","Reykjavík, Iceland",64.145981,-21.9422367,50.8467372,4.352493,64.145981,-21.9422367,0.0,2128.82416758117,6.527,7.027,5,8,16,7,0,2,3,1,0.2381,0.5333,0.0,0.6667,6.782,7.4,11,18,8,5,1,5,2,1,0.5789,0.7826,0.3333,0.8333,74,8,8.9,7.8,24.8,36.9,11.4,5.1,0.0,17.6,8.9,7.8,24.8,36.9,0.0,0.0,0.0,2.5,2.7,2.6
2020-10-14,Romania,Austria,UEFA,Ploiești,Romania,False,2020,10,14,2,1483.0,1505.0,Bucharest,Vienna,"Bucharest, Romania","Vienna, Austria","Ploiești, Romania",44.4361414,26.102684,48.2083537,16.3725042,44.9417468,26.0236504,56.566838977965865,821.4664968107082,6.491,6.536,10,7,20,8,0,1,4,2,0.3333,0.4667,0.0,0.3333,7.236,6.745,13,17,2,10,1,2,0,3,0.8667,0.6296,1.0,0.4,52,23,16.8,7.3,0.0,14.5,8.6,6.5,16.9,33.8,16.2,6.6,0.0,17.8,0.6000000000000014,0.7000000000000002,0.6500000000000008,7.6,0.09999999999999964,3.8499999999999996
2020-10-14,Lithuania,Albania,UEFA,Vilnius,Lithuania,False,2020,10,14,0,1093.0,1351.0,Vilnius,Tirana,"Vilnius, Lithuania","Tirana, Albania","Vilnius, Lithuania",54.6870458,25.2829111,41.3281482,19.8184435,54.6870458,25.2829111,0.0,1538.892893310848,6.673,6.873,7,5,5,8,2,1,2,0,0.5833,0.3846,0.5,1.0,7.064,6.718,12,8,6,5,0,0,0,1,0.6667,0.6154,0.5,0.0,149,67,13.1,7.9,10.8,29.5,19.3,11.3,4.9,12.6,13.1,7.9,10.8,29.5,0.0,0.0,0.0,6.200000000000001,3.4000000000000004,4.800000000000001
2020-10-14,Russia,Hungary,UEFA,Moscow,Russia,False,2020,10,14,0,1485.0,1418.0,Moscow,Budapest,"Moscow, Russia","Budapest, Hungary","Moscow, Russia",55.625578,37.6063916,47.4813896,19.1457723,55.625578,37.6063916,0.0,1557.1547369840919,7.009,7.018,11,6,11,9,1,3,1,2,0.5,0.4,0.5,0.6,6.891,6.945,3,8,8,9,1,3,0,1,0.2727,0.4706,1.0,0.75,35,39,18.5,9.7,0.1,13.6,12.4,5.1,9.7,26.1,18.5,9.7,0.1,13.6,0.0,0.0,0.0,6.1,4.6,5.35
2020-11-14,Germany,Ukraine,UEFA,Leipzig,Germany,False,2020,11,14,1,1607.0,1539.0,Berlin,Kyiv,"Berlin, Germany","Kyiv, Ukraine","Leipzig, Germany",52.5173885,13.3951309,50.4500336,30.5241361,51.3406321,12.3747329,148.3766760486237,1273.4782378070302,7.045,7.009,17,16,12,7,3,2,3,1,0.5862,0.6957,0.5,0.6667,6.955,6.736,1,7,16,16,1,1,0,2,0.0588,0.3043,1.0,0.3333,12,33,13.8,9.0,0.3,11.7,6.4,2.9,0.9,12.5,15.4,9.1,1.4,15.8,1.5999999999999996,0.09999999999999964,0.8499999999999996,9.0,6.199999999999999,7.6
2020-11-14,Switzerland,Spain,UEFA,Basel,Switzerland,False,2020,11,14,0,1589.0,1639.0,Bern,Madrid,"Bern, Switzerland","Madrid, Spain","Basel, Switzerland",46.9484742,7.4521749,40.416782,-3.703507,47.5581077,7.5878261,68.55691068827497,1200.5479047694316,6.882,6.736,12,4,17,11,3,0,3,1,0.4138,0.2667,0.5,0.0,7.155,7.209,16,11,1,4,0,1,1,0,0.9412,0.7333,0.0,1.0,14,1,11.6,2.6,0.0,5.8,12.9,8.0,2.8,7.1,16.1,5.4,0.0,11.2,4.500000000000002,2.8000000000000003,3.6500000000000012,3.200000000000001,2.5999999999999996,2.9000000000000004
2020-11-14,Azerbaijan,Montenegro,UEFA,Zaprešić,Croatia,True,2020,11,14,0,1175.0,1369.0,Baku,Podgorica,"Baku, Azerbaijan","Podgorica, Montenegro","Zaprešić, Croatia",40.3755885,49.8328009,42.4415238,19.2621081,45.8572728,15.8050436,2805.8594755790573,469.2967056014339,6.936,6.609,7,7,9,6,0,0,0,2,0.4375,0.5385,0.5,0.0,6.773,6.836,12,6,13,7,1,2,2,0,0.48,0.4615,0.3333,1.0,126,80,12.6,6.1,0.0,10.9,16.3,7.1,0.0,5.8,10.1,4.6,0.0,8.9,2.5,1.5,2.0,6.200000000000001,2.5,4.3500000000000005
2020-11-14,Cyprus,Luxembourg,UEFA,Nicosia,Cyprus,False,2020,11,14,1,1225.0,1247.0,Nicosia,Luxembourg,"Nicosia, Cyprus","Luxembourg, Luxembourg","Nicosia, Cyprus",35.1746503,33.3638783,49.6112768,6.129799,35.1746503,33.3638783,0.0,2728.145422568917,7.045,6.6,9,11,7,10,0,0,0,2,0.5625,0.5238,0.5,0.0,6.718,7.355,13,10,12,11,2,2,1,0,0.52,0.4762,0.6667,1.0,124,98,21.5,13.5,1.9,6.2,13.8,8.5,0.0,15.9,21.5,13.5,1.9,6.2,0.0,0.0,0.0,7.699999999999999,5.0,6.35
2020-11-14,San Marino,Gibraltar,UEFA,Serravalle,San Marino,False,2020,11,14,0,812.0,890.0,City of San Marino,Gibraltar,"City of San Marino, San Marino","Gibraltar, Gibraltar","Serravalle, San Marino",43.9363996,12.4466991,36.140807,-5.3541295,43.9699026,12.4802946,4.594647588483443,1744.4123335627503,7.318,6.309,16,5,4,12,0,0,0,2,0.8,0.2941,0.5,0.0,7.173,7.191,10,12,15,5,1,1,0,0,0.4,0.7059,1.0,1.0,211,202,10.6,5.0,2.1,5.8,19.5,16.2,7.6,8.3,13.9,8.9,1.9,8.2,3.3000000000000007,3.9000000000000004,3.6000000000000005,5.6,7.299999999999999,6.449999999999999
2020-11-14,Latvia,Faroe Islands,UEFA,Riga,Latvia,False,2020,11,14,0,1071.0,1193.0,Riga,Tórshavn,"Riga, Latvia","Tórshavn, Faroe Islands","Riga, Latvia",56.9493977,24.1051846,62.0101396,-6.7715709,56.9493977,24.1051846,0.0,1812.0058694396296,6.9,6.982,16,11,12,4,0,1,1,1,0.5714,0.7333,0.0,0.5,7.245,6.827,16,4,5,11,2,1,0,1,0.7619,0.2667,1.0,0.5,137,123,4.6,2.2,0.1,13.8,7.5,3.9,5.5,41.8,4.6,2.2,0.1,13.8,0.0,0.0,0.0,2.9000000000000004,1.6999999999999997,2.3
2020-11-14,Sweden,Croatia,UEFA,Stockholm,Sweden,False,2020,11,14,1,1558.0,1634.0,Stockholm,Zagreb,"Stockholm, Sweden","Zagreb, Croatia","Stockholm, Sweden",59.3251172,18.0710935,45.8130967,15.9772795,59.3251172,18.0710935,0.0,1508.9280222022667,6.482,6.709,7,12,16,11,0,1,3,2,0.3043,0.5217,0.0,0.3333,6.491,7.064,7,11,4,12,1,2,2,1,0.6364,0.4783,0.3333,0.6667,37,13,8.3,3.9,0.8,13.5,8.7,4.2,0.0,6.9,8.3,3.9,0.8,13.5,0.0,0.0,0.0,0.3999999999999986,0.30000000000000027,0.3499999999999994
2020-11-14,Malta,Andorra,UEFA,Ta' Qali,Malta,False,2020,11,14,1,934.0,1065.0,Valletta,Andorra la Vella,"Valletta, Malta","Andorra la Vella, Andorra","Ta' Qali, Malta",35.8989979,14.5136607,42.4979185,1.5032264,35.8923492,14.4196785,8.49789605786084,1331.2572087598662,7.209,7.027,12,8,16,8,1,0,0,0,0.4286,0.5,1.0,0.5,6.545,6.8,5,8,16,8,0,0,2,0,0.2381,0.5,0.0,0.5,161,172,21.8,15.9,0.0,13.8,13.4,3.1,0.0,4.7,21.9,14.6,0.0,12.3,0.09999999999999787,1.3000000000000007,0.6999999999999993,8.499999999999998,11.5,10.0
2020-11-14,Portugal,France,UEFA,Lisbon,Portugal,False,2020,11,14,2,1661.0,1752.0,Lisbon,Paris,"Lisbon, Portugal","Paris, France","Lisbon, Portugal",38.7077507,-9.1365919,48.8534951,2.3483915,38.7077507,-9.1365919,0.0,1453.6738896087943,7.609,7.182,16,9,7,8,3,0,0,0,0.6957,0.5294,1.0,0.5,7.027,7.109,4,8,7,9,2,0,1,0,0.3636,0.4706,0.6667,0.5,7,3,18.4,15.5,3.2,17.4,16.3,10.4,1.5,22.8,18.4,15.5,3.2,17.4,0.0,0.0,0.0,2.099999999999998,5.1,3.5999999999999988
2020-11-15,Belarus,Lithuania,UEFA,Minsk,Belarus,False,2020,11,15,1,1273.0,1105.0,Minsk,Vilnius,"Minsk, Belarus","Vilnius, Lithuania","Minsk, Belarus",53.9024716,27.5618225,54.6870458,25.2829111,53.9024716,27.5618225,0.0,171.6921695965739,7.064,6.636,8,5,10,7,2,2,0,2,0.4444,0.4167,1.0,0.5,7.055,6.673,7,7,9,5,0,2,0,2,0.4375,0.5833,0.5,0.5,96,149,3.1,0.5,0.3,14.6,5.9,2.1,0.1,16.5,3.1,0.5,0.3,14.6,0.0,0.0,0.0,2.8000000000000003,1.6,2.2
2020-11-15,Hungary,Serbia,UEFA,Budapest,Hungary,False,2020,11,15,0,1439.0,1489.0,Budapest,Belgrade,"Budapest, Hungary","Belgrade, Serbia","Budapest, Hungary",47.4813896,19.1457723,44.8153318,20.4456588,47.4813896,19.1457723,0.0,312.8950821116242,7.009,6.909,15,5,12,9,2,0,1,0,0.5556,0.3571,0.6667,0.5,6.973,7.045,8,14,10,17,5,2,6,2,0.4444,0.4516,0.4545,0.5,39,40,9.6,6.6,0.0,13.2,11.4,5.1,0.0,10.5,9.6,6.6,0.0,13.2,0.0,0.0,0.0,1.8000000000000007,1.5,1.6500000000000004
2020-11-15,Slovakia,Scotland,UEFA,Trnava,Slovakia,False,2020,11,15,1,1466.0,1446.0,Bratislava,Edinburgh,"Bratislava, Slovakia","Edinburgh, Scotland","Trnava, Slovakia",48.1516988,17.1093063,55.9533456,-3.1883749,48.374218,17.5809299,42.79032946372501,1638.8701640340266,6.873,6.9,5,12,10,24,2,2,1,3,0.3333,0.3333,0.6667,0.4,6.973,7.382,10,4,8,15,6,1,5,0,0.5556,0.2105,0.5455,1.0,45,42,9.2,5.1,1.1,20.9,10.6,6.4,7.1,39.3,8.8,5.9,1.4,24.0,0.3999999999999986,0.8000000000000007,0.5999999999999996,1.799999999999999,0.5,1.1499999999999995
2020-11-15,Turkey,Russia,UEFA,Istanbul,Turkey,False,2020,11,15,1,1486.0,1480.0,Ankara,Moscow,"Ankara, Turkey","Moscow, Russia","Istanbul, Turkey",39.9207759,32.8540497,55.625578,37.6063916,41.006381,28.9758715,349.5536355266844,1743.2067363283338,6.991,6.973,17,11,14,11,2,1,2,1,0.5484,0.5,0.5,0.5,6.909,7.009,9,11,5,11,0,1,0,1,0.6429,0.5,0.5,0.5,27,35,12.1,1.0,0.0,8.7,1.7,-0.7,0.8,16.0,13.7,9.5,0.0,14.1,1.5999999999999996,8.5,5.05,12.0,10.2,11.1
2020-11-15,Wales,Republic of Ireland,UEFA,Cardiff,Wales,False,2020,11,15,1,1550.0,1467.0,Cardiff,Dublin,"Cardiff, Wales","Dublin, Republic of Ireland","Cardiff, Wales",51.4816546,-3.1791934,53.3493795,-6.2605593,51.4816546,-3.1791934,0.0,294.57594111437277,7.109,7.0,10,6,4,8,1,0,0,0,0.7143,0.4286,1.0,0.5,6.555,6.955,9,8,6,6,0,0,1,0,0.6,0.5714,0.0,0.5,38,55,11.7,8.3,6.9,36.2,11.4,7.4,5.0,32.6,11.7,8.3,6.9,36.2,0.0,0.0,0.0,0.29999999999999893,0.9000000000000004,0.5999999999999996
2020-11-15,Italy,Poland,UEFA,Reggio Emilia,Italy,False,2020,11,15,1,1612.0,1568.0,Rome,Warsaw,"Rome, Italy","Warsaw, Poland","Reggio Emilia, Italy",41.8933203,12.4829321,52.2319581,21.0067249,44.6086674,10.5940667,338.45083107343146,1141.8828137382156,7.027,7.127,8,14,14,2,1,0,1,0,0.3636,0.875,0.5,0.5,7.464,6.973,17,2,4,14,3,0,0,0,0.8095,0.125,1.0,0.5,15,36,19.8,11.4,4.2,13.6,11.3,6.2,0.2,12.1,13.3,8.4,0.0,8.0,6.5,3.0,4.75,2.0,2.2,2.1
2020-11-15,Romania,Norway,UEFA,Bucharest,Romania,False,2020,11,15,1,1455.0,1456.0,Bucharest,Oslo,"Bucharest, Romania","Oslo, Norway","Bucharest, Romania",44.4361414,26.102684,59.9133301,10.7389701,44.4361414,26.102684,0.0,2003.8099746312357,6.8,6.491,8,10,9,20,0,0,1,4,0.4706,0.3333,0.0,0.0,7.209,7.8,11,20,6,10,1,4,0,0,0.6471,0.6667,1.0,1.0,52,19,12.5,4.6,0.0,8.6,10.0,6.2,10.7,20.5,12.5,4.6,0.0,8.6,0.0,0.0,0.0,2.5,1.6000000000000005,2.0500000000000003
2020-11-15,Austria,Northern Ireland,UEFA,Vienna,Austria,False,2020,11,15,1,1523.0,1458.0,Vienna,Belfast,"Vienna, Austria","Belfast, Northern Ireland","Vienna, Austria",48.2083537,16.3725042,54.596391,-5.9301829,48.2083537,16.3725042,0.0,1692.768195167158,7.073,7.236,9,13,8,2,1,1,0,0,0.5294,0.8667,1.0,1.0,6.618,6.845,10,6,5,11,1,0,2,1,0.6667,0.3529,0.3333,0.0,23,70,8.3,4.7,0.0,25.5,9.7,7.1,18.3,28.8,8.3,4.7,0.0,25.5,0.0,0.0,0.0,1.3999999999999986,2.3999999999999995,1.899999999999999
2020-11-15,Slovenia,Kosovo,UEFA,Ljubljana,Slovenia,False,2020,11,15,1,1376.0,1158.0,Ljubljana,Pristina,"Ljubljana, Slovenia","Pristina, Kosovo","Ljubljana, Slovenia",46.0500268,14.5069289,42.6638771,21.1640849,46.0500268,14.5069289,0.0,649.1750485288201,7.355,7.064,13,9,6,9,4,1,0,0,0.6842,0.5,1.0,1.0,6.9,6.918,3,9,12,9,0,0,0,1,0.2,0.5,0.5,0.0,56,78,11.3,2.2,0.0,9.6,11.8,0.9,0.0,4.8,11.3,2.2,0.0,9.6,0.0,0.0,0.0,0.5,1.3000000000000003,0.9000000000000001
2020-11-15,Albania,Kazakhstan,UEFA,Tirana,Albania,False,2020,11,15,1,1345.0,1153.0,Tirana,Nur-Sultan,"Tirana, Albania","Nur-Sultan, Kazakhstan","Tirana, Albania",41.3281482,19.8184435,51.1282205,71.4306682,41.3281482,19.8184435,0.0,4027.1420574232716,6.964,7.064,9,12,7,6,0,0,0,0,0.5625,0.6667,0.5,0.5,6.709,7.109,10,6,8,12,0,0,2,0,0.5556,0.3333,0.0,0.5,67,111,16.8,9.0,0.0,7.2,-5.2,-8.6,3.2,11.2,16.8,9.0,0.0,7.2,0.0,0.0,0.0,22.0,17.6,19.8
2020-11-15,Czech Republic,Israel,UEFA,Plzeň,Czech Republic,False,2020,11,15,1,1446.0,1275.0,Prague,Jerusalem,"Prague, Czech Republic","Jerusalem, Israel","Plzeň, Czech Republic",50.0874654,14.4212535,31.7788472,35.2257856,49.7477415,13.3775249,83.73225172030494,2696.3486933106046,6.718,6.936,15,9,4,10,0,2,1,1,0.7895,0.4737,0.0,0.6667,7.318,6.555,24,10,12,9,3,1,2,2,0.6667,0.5263,0.6,0.3333,48,76,10.5,3.6,0.0,12.6,16.1,11.9,5.9,24.0,9.8,2.1,0.0,10.2,0.6999999999999993,1.5,1.0999999999999996,6.300000000000001,9.8,8.05
2020-11-15,Denmark,Iceland,UEFA,Copenhagen,Denmark,False,2020,11,15,1,1610.0,1461.0,Copenhagen,Reykjavik,"Copenhagen, Denmark","Reykjavik, Iceland","Copenhagen, Denmark",55.6867243,12.5700724,64.145981,-21.9422367,55.6867243,12.5700724,0.0,2106.080978975159,7.145,7.245,9,16,14,5,1,3,0,0,0.3913,0.7619,1.0,1.0,7.055,6.682,12,4,15,8,1,1,2,2,0.4444,0.3333,0.3333,0.3333,21,74,11.6,10.5,1.1,31.4,3.1,0.4,0.7,18.4,11.6,10.5,1.1,31.4,0.0,0.0,0.0,8.5,10.1,9.3
2020-11-15,Bulgaria,Finland,UEFA,Sofia,Bulgaria,False,2020,11,15,2,1354.0,1402.0,Sofia,Helsinki,"Sofia, Bulgaria","Helsinki, Finland","Sofia, Bulgaria",42.6977028,23.3217359,60.1666204,24.9435408,42.6977028,23.3217359,0.0,1945.5609900821803,6.664,6.655,4,9,10,12,0,0,1,2,0.2857,0.4286,0.0,0.0,7.1,7.327,6,12,9,9,1,2,0,0,0.4,0.5714,1.0,1.0,85,75,11.6,2.8,0.0,6.3,4.7,3.4,0.0,20.2,11.6,2.8,0.0,6.3,0.0,0.0,0.0,6.8999999999999995,0.6000000000000001,3.75
2020-11-15,North Macedonia,Estonia,UEFA,Skopje,North Macedonia,False,2020,11,15,1,1356.0,1185.0,Skopje,Tallinn,"Skopje, North Macedonia","Tallinn, Estonia","Skopje, North Macedonia",41.9962164,21.4318935,59.437242,24.7572693,41.9962164,21.4318935,0.0,1952.833425351333,7.091,6.827,7,9,10,7,1,1,0,1,0.4118,0.5625,1.0,0.5,6.818,6.682,9,9,6,12,1,3,1,3,0.6,0.4286,0.5,0.5,69,127,12.7,4.4,0.0,5.6,2.8,1.2,0.0,18.9,12.7,4.4,0.0,5.6,0.0,0.0,0.0,9.899999999999999,3.2,6.549999999999999
2020-11-15,Belgium,England,UEFA,Leuven,Belgium,False,2020,11,15,1,1765.0,1669.0,Brussels,London,"Brussels, Belgium","London, England","Leuven, Belgium",50.8467372,4.352493,51.5074456,-0.1277653,50.879202,4.7011675,24.736073349964215,343.6115269472866,7.0,6.782,8,11,4,8,2,1,1,2,0.6667,0.5789,0.6667,0.3333,6.673,6.882,14,8,9,11,0,2,1,1,0.6087,0.4211,0.0,0.6667,8,4,15.3,10.3,8.4,37.4,14.2,7.3,14.9,36.8,15.4,10.4,11.8,35.2,0.09999999999999964,0.09999999999999964,0.09999999999999964,1.200000000000001,3.1000000000000005,2.150000000000001
2020-11-15,Netherlands,Bosnia and Herzegovina,UEFA,Amsterdam,Netherlands,False,2020,11,15,1,1596.0,1424.0,Amsterdam,Sarajevo,"Amsterdam, Netherlands","Sarajevo, Bosnia and Herzegovina","Amsterdam, Netherlands",52.3730796,4.8924534,43.8570713,18.4126147,52.3730796,4.8924534,0.0,1375.7703191826897,7.0,7.027,14,13,8,4,1,0,1,0,0.6364,0.7647,0.5,0.5,6.318,6.936,4,4,17,13,0,0,3,0,0.1905,0.2353,0.0,0.5,9,61,15.9,9.4,10.6,35.3,14.9,2.7,0.0,7.4,15.9,9.4,10.6,35.3,0.0,0.0,0.0,1.0,6.7,3.85
2020-11-15,Georgia,Armenia,UEFA,Tbilisi,Georgia,False,2020,11,15,2,1287.0,1215.0,Tbilisi,Yerevan,"Tbilisi, Georgia","Yerevan, Armenia","Tbilisi, Georgia",41.6934591,44.8014495,40.1777112,44.5126233,41.6934591,44.8014495,0.0,170.2804524073783,6.6,6.95,10,7,7,9,0,1,1,1,0.5882,0.4375,0.0,0.5,6.845,6.627,6,10,9,13,1,2,1,2,0.4,0.4348,0.5,0.5,72,107,11.0,5.4,0.0,7.7,10.9,2.2,0.0,5.6,11.0,5.4,0.0,7.7,0.0,0.0,0.0,0.09999999999999964,3.2,1.65
2020-11-17,France,Sweden,UEFA,Paris,France,False,2020,11,17,1,1752.0,1558.0,Paris,Stockholm,"Paris, France","Stockholm, Sweden","Paris, France",48.8534951,2.3483915,59.3251172,18.0710935,48.8534951,2.3483915,0.0,1543.783158413782,7.273,7.027,13,4,16,7,1,2,0,1,0.4483,0.3636,1.0,0.6667,7.036,6.482,11,7,6,16,2,0,1,3,0.6471,0.3043,0.6667,0.0,3,37,13.6,8.8,0.0,15.9,9.3,6.5,2.9,22.3,13.6,8.8,0.0,15.9,0.0,0.0,0.0,4.299999999999999,2.3000000000000007,3.3
2020-11-17,Croatia,Portugal,UEFA,Split,Croatia,False,2020,11,17,2,1634.0,1661.0,Zagreb,Lisbon,"Zagreb, Croatia","Lisbon, Portugal","Split, Croatia",45.8130967,15.9772795,38.7077507,-9.1365919,43.5116383,16.4399659,258.5121604808615,2198.834133157299,6.736,6.491,6,7,11,4,1,1,2,2,0.3529,0.6364,0.3333,0.3333,6.991,7.609,16,16,13,7,0,3,1,0,0.5517,0.6957,0.0,1.0,13,7,12.3,5.1,6.5,8.8,19.5,13.5,0.0,12.9,15.4,11.4,38.9,35.6,3.0999999999999996,6.300000000000001,4.7,4.1,2.0999999999999996,3.0999999999999996
2020-11-17,Gibraltar,Liechtenstein,UEFA,Gibraltar,Gibraltar,False,2020,11,17,0,890.0,930.0,Gibraltar,Vaduz,"Gibraltar, Gibraltar","Vaduz, Liechtenstein","Gibraltar, Gibraltar",36.140807,-5.3541295,47.1392862,9.5227962,36.140807,-5.3541295,0.0,1733.3114130094725,6.936,7.173,7,10,5,15,0,1,0,0,0.5833,0.4,0.5,1.0,6.845,6.927,4,15,16,10,0,0,0,1,0.2,0.6,0.5,0.0,202,206,20.6,14.5,0.0,15.6,12.2,4.2,0.9,7.9,20.6,14.5,0.0,15.6,0.0,0.0,0.0,8.400000000000002,10.3,9.350000000000001
2020-11-17,Andorra,Latvia,UEFA,Andorra la Vella,Andorra,False,2020,11,17,2,1065.0,1071.0,Andorra la Vella,Riga,"Andorra la Vella, Andorra","Riga, Latvia","Andorra la Vella, Andorra",42.4979185,1.5032264,56.9493977,24.1051846,42.4979185,1.5032264,0.0,2264.8249731967107,6.327,6.545,3,5,12,16,1,0,3,2,0.2,0.2381,0.25,0.0,7.009,6.9,9,16,11,12,1,0,1,1,0.45,0.5714,0.5,0.0,172,137,17.0,5.1,0.0,5.4,7.8,4.7,3.7,21.5,17.0,5.1,0.0,5.4,0.0,0.0,0.0,9.2,0.39999999999999947,4.799999999999999
2020-11-17,Spain,Germany,UEFA,Seville,Spain,False,2020,11,17,1,1639.0,1607.0,Madrid,Berlin,"Madrid, Spain","Berlin, Germany","Seville, Spain",40.416782,-3.703507,52.5173885,13.3951309,37.3886303,-5.9953403,390.74136507365967,2256.7393135207253,7.082,7.155,17,16,7,1,1,0,1,1,0.7083,0.9412,0.5,0.0,7.282,7.045,19,17,5,12,3,3,1,3,0.7917,0.5862,0.75,0.5,1,12,15.4,6.2,0.0,8.0,10.6,7.1,2.7,19.5,22.9,13.2,0.0,9.9,7.499999999999998,6.999999999999999,7.249999999999998,12.299999999999999,6.1,9.2
2020-11-17,Malta,Faroe Islands,UEFA,Ta' Qali,Malta,False,2020,11,17,0,934.0,1193.0,Valletta,Tórshavn,"Valletta, Malta","Tórshavn, Faroe Islands","Ta' Qali, Malta",35.8989979,14.5136607,62.0101396,-6.7715709,35.8923492,14.4196785,8.49789605786084,3256.552357749104,7.009,7.209,12,12,3,16,3,1,1,0,0.8,0.4286,0.75,1.0,6.809,7.245,11,16,9,5,1,2,1,0,0.55,0.7619,0.5,1.0,161,123,20.4,17.9,7.5,23.4,5.7,2.8,0.0,17.1,20.4,17.8,7.7,22.8,0.0,0.09999999999999787,0.049999999999998934,14.7,15.0,14.85
2020-11-17,Montenegro,Cyprus,UEFA,Podgorica,Montenegro,False,2020,11,17,1,1369.0,1225.0,Podgorica,Nicosia,"Podgorica, Montenegro","Nicosia, Cyprus","Podgorica, Montenegro",42.4415238,19.2621081,35.1746503,33.3638783,42.4415238,19.2621081,0.0,1461.8832880973446,6.991,6.773,8,12,7,13,0,1,0,2,0.5333,0.48,0.5,0.3333,6.855,7.045,12,9,10,7,2,0,1,0,0.5455,0.5625,0.6667,0.5,80,124,18.1,10.6,0.2,14.8,21.5,11.3,0.1,8.7,18.1,10.6,0.2,14.8,0.0,0.0,0.0,3.3999999999999986,0.7000000000000011,2.05
2020-11-17,Luxembourg,Azerbaijan,UEFA,Luxembourg,Luxembourg,False,2020,11,17,0,1247.0,1175.0,Luxembourg,Baku,"Luxembourg, Luxembourg","Baku, Azerbaijan","Luxembourg, Luxembourg",49.6112768,6.129799,40.3755885,49.8328009,49.6112768,6.129799,0.0,3531.481558722905,6.564,6.718,10,13,12,12,1,2,2,1,0.4545,0.52,0.3333,0.6667,6.8,6.936,7,7,8,9,0,0,0,0,0.4667,0.4375,0.5,0.5,98,126,10.4,7.2,0.0,18.7,12.2,7.9,9.9,26.0,10.4,7.2,0.0,18.7,0.0,0.0,0.0,1.799999999999999,0.7000000000000002,1.2499999999999996
2020-11-18,Hungary,Turkey,UEFA,Budapest,Hungary,False,2020,11,18,1,1439.0,1486.0,Budapest,Ankara,"Budapest, Hungary","Ankara, Turkey","Budapest, Hungary",47.4813896,19.1457723,39.9207759,32.8540497,47.4813896,19.1457723,0.0,1382.6786803875593,7.055,7.009,15,15,10,12,1,2,1,1,0.6,0.5556,0.5,0.6667,6.936,6.991,15,17,14,14,3,2,2,2,0.5172,0.5484,0.6,0.5,39,27,11.8,3.3,0.0,14.0,12.4,0.3,0.0,10.6,11.8,3.3,0.0,14.0,0.0,0.0,0.0,0.5999999999999996,3.0,1.7999999999999998
2020-11-18,Greece,Slovenia,UEFA,Athens,Greece,False,2020,11,18,0,1408.0,1376.0,Athens,Ljubljana,"Athens, Greece","Ljubljana, Slovenia","Athens, Greece",37.9755648,23.7348324,46.0500268,14.5069289,37.9755648,23.7348324,0.0,1176.2119183720908,7.327,7.155,9,12,3,3,2,0,0,0,0.75,0.8,1.0,0.5,7.0,7.355,13,13,5,6,2,4,1,0,0.7222,0.6842,0.6667,1.0,46,56,16.3,9.6,2.2,13.1,11.0,1.2,0.0,5.3,16.3,9.6,2.2,13.1,0.0,0.0,0.0,5.300000000000001,8.4,6.8500000000000005
2020-11-18,Czech Republic,Slovakia,UEFA,Plzeň,Czech Republic,False,2020,11,18,1,1446.0,1466.0,Prague,Bratislava,"Prague, Czech Republic","Bratislava, Slovakia","Plzeň, Czech Republic",50.0874654,14.4212535,48.1516988,17.1093063,49.7477415,13.3775249,83.73225172030494,325.14476276686776,7.082,6.718,9,15,7,4,1,0,0,1,0.5625,0.7895,1.0,0.0,7.064,6.873,8,5,12,10,1,2,0,1,0.4,0.3333,1.0,0.6667,48,45,12.9,5.7,0.0,14.1,12.1,4.1,0.0,16.8,11.2,1.9,0.0,9.5,1.700000000000001,3.8000000000000003,2.750000000000001,0.9000000000000004,2.1999999999999997,1.55
2020-11-18,Israel,Scotland,UEFA,Netanya,Israel,False,2020,11,18,1,1275.0,1446.0,Jerusalem,Edinburgh,"Jerusalem, Israel","Edinburgh, Scotland","Netanya, Israel",31.7788472,35.2257856,55.9533456,-3.1883749,32.3286181,34.8566246,70.33831833072429,3930.311418292924,6.882,7.318,7,24,9,12,0,3,1,2,0.4375,0.6667,0.0,0.6,7.055,6.973,12,10,8,8,0,6,1,5,0.6,0.5556,0.0,0.5455,76,42,18.8,10.4,0.0,15.7,14.3,6.8,4.6,39.8,25.7,16.5,0.0,17.1,6.899999999999999,6.1,6.499999999999999,11.399999999999999,9.7,10.549999999999999
2020-11-18,Serbia,Russia,UEFA,Belgrade,Serbia,False,2020,11,18,1,1489.0,1480.0,Belgrade,Moscow,"Belgrade, Serbia","Moscow, Russia","Belgrade, Serbia",44.8153318,20.4456588,55.625578,37.6063916,44.8153318,20.4456588,0.0,1704.5232055408223,6.891,6.973,10,8,15,10,1,5,1,6,0.4,0.4444,0.5,0.4545,6.764,6.909,14,9,15,5,2,0,3,0,0.4828,0.6429,0.4,0.5,40,35,9.9,6.1,0.0,7.3,-2.3,-5.9,1.4,28.9,9.9,6.1,0.0,7.3,0.0,0.0,0.0,12.2,12.0,12.1
2020-11-18,Northern Ireland,Romania,UEFA,Belfast,Northern Ireland,False,2020,11,18,0,1458.0,1455.0,Belfast,Bucharest,"Belfast, Northern Ireland","Bucharest, Romania","Belfast, Northern Ireland",54.596391,-5.9301829,44.4361414,26.102684,54.596391,-5.9301829,0.0,2543.9007543956864,6.655,6.618,3,10,7,5,1,1,2,2,0.3,0.6667,0.3333,0.3333,6.8,6.491,8,10,9,20,0,0,1,4,0.4706,0.3333,0.0,0.0,70,52,13.6,7.4,3.1,28.6,9.7,5.9,3.1,21.7,13.6,7.4,3.1,28.6,0.0,0.0,0.0,3.9000000000000004,1.5,2.7
2020-11-18,Austria,Norway,UEFA,Vienna,Austria,False,2020,11,18,0,1523.0,1456.0,Vienna,Oslo,"Vienna, Austria","Oslo, Norway","Vienna, Austria",48.2083537,16.3725042,59.9133301,10.7389701,48.2083537,16.3725042,0.0,1351.2705856708842,6.836,7.073,7,9,3,8,2,1,1,0,0.7,0.5294,0.6667,1.0,7.209,7.8,11,20,6,10,1,4,0,0,0.6471,0.6667,1.0,1.0,23,19,11.8,4.5,0.0,18.0,11.2,6.1,3.2,32.8,11.8,4.5,0.0,18.0,0.0,0.0,0.0,0.6000000000000014,1.5999999999999996,1.1000000000000005
2020-11-18,Armenia,North Macedonia,UEFA,Nicosia,Cyprus,True,2020,11,18,1,1215.0,1356.0,Yerevan,Skopje,"Yerevan, Armenia","Skopje, North Macedonia","Nicosia, Cyprus",40.1777112,44.5126233,41.9962164,21.4318935,35.1746503,33.3638783,1126.6590730043733,1282.8661160549227,6.9,6.845,9,6,6,9,2,1,1,1,0.6,0.4,0.6667,0.5,6.873,7.091,11,7,6,10,2,1,1,0,0.6471,0.4118,0.6667,1.0,107,69,10.5,2.8,0.0,8.9,13.8,6.1,0.1,6.8,22.0,12.7,0.1,8.4,11.5,9.899999999999999,10.7,8.2,6.6,7.3999999999999995
2020-11-18,Poland,Netherlands,UEFA,Chorzów,Poland,False,2020,11,18,2,1568.0,1596.0,Warsaw,Amsterdam,"Warsaw, Poland","Amsterdam, Netherlands","Chorzów, Poland",52.2319581,21.0067249,52.3730796,4.8924534,50.2884726,18.9703798,258.3942374279061,1003.4256965538711,6.455,7.464,1,17,16,4,0,3,2,0,0.0588,0.8095,0.0,1.0,7.345,7.0,17,14,9,8,3,1,1,1,0.6538,0.6364,0.75,0.5,36,9,11.7,6.5,0.4,16.7,14.5,9.1,0.1,30.8,11.6,6.2,0.0,14.8,0.09999999999999964,0.2999999999999998,0.19999999999999973,2.9000000000000004,2.8999999999999995,2.9
2020-11-18,Republic of Ireland,Bulgaria,UEFA,Dublin,Republic of Ireland,False,2020,11,18,0,1467.0,1354.0,Dublin,Sofia,"Dublin, Republic of Ireland","Sofia, Bulgaria","Dublin, Republic of Ireland",53.3493795,-6.2605593,42.6977028,23.3217359,53.3493795,-6.2605593,0.0,2473.390814752523,6.736,6.555,8,9,9,6,0,0,1,1,0.4706,0.6,0.0,0.0,6.627,6.664,10,4,8,10,1,0,2,1,0.5556,0.2857,0.3333,0.0,55,85,14.5,8.3,1.4,47.9,9.5,5.2,1.8,6.9,14.5,8.3,1.4,47.9,0.0,0.0,0.0,5.0,3.1000000000000005,4.050000000000001
2020-11-18,Kazakhstan,Lithuania,UEFA,Almaty,Kazakhstan,False,2020,11,18,2,1153.0,1105.0,Nur-Sultan,Vilnius,"Nur-Sultan, Kazakhstan","Vilnius, Lithuania","Almaty, Kazakhstan",51.1282205,71.4306682,54.6870458,25.2829111,43.2363924,76.9457275,970.8133970427426,3880.271533902103,6.709,6.709,10,10,18,8,1,0,3,2,0.3571,0.5556,0.25,0.0,6.655,7.055,9,7,8,9,0,0,2,0,0.5294,0.4375,0.0,0.5,111,149,-12.2,-19.9,0.0,10.2,8.7,5.9,5.3,24.8,-5.1,-10.0,0.0,19.1,7.1,9.899999999999999,8.5,13.799999999999999,15.9,14.85
2020-11-18,Bosnia and Herzegovina,Italy,UEFA,Sarajevo,Bosnia and Herzegovina,False,2020,11,18,2,1424.0,1612.0,Sarajevo,Rome,"Sarajevo, Bosnia and Herzegovina","Rome, Italy","Sarajevo, Bosnia and Herzegovina",43.8570713,18.4126147,41.8933203,12.4829321,43.8570713,18.4126147,0.0,530.0768433369741,6.636,6.318,9,4,17,17,1,0,3,3,0.3462,0.1905,0.25,0.0,7.345,7.027,16,8,1,14,2,1,0,1,0.9412,0.3636,1.0,0.5,61,15,11.0,3.7,0.0,6.1,19.8,9.5,0.0,17.0,11.0,3.7,0.0,6.1,0.0,0.0,0.0,8.8,5.8,7.300000000000001
2020-11-18,England,Iceland,UEFA,London,England,False,2020,11,18,1,1669.0,1461.0,London,Reykjavik,"London, England","Reykjavik, Iceland","London, England",51.5074456,-0.1277653,64.145981,-21.9422367,51.5074456,-0.1277653,0.0,1889.6794087093147,6.809,6.673,15,14,8,9,0,0,2,1,0.6522,0.6087,0.0,0.0,6.491,7.055,4,12,10,15,1,1,2,2,0.2857,0.4444,0.3333,0.3333,4,74,15.1,8.4,0.5,30.1,-3.8,-5.6,0.0,11.5,15.1,8.4,0.5,30.1,0.0,0.0,0.0,18.9,14.0,16.45
2020-11-18,Wales,Finland,UEFA,Cardiff,Wales,False,2020,11,18,1,1550.0,1402.0,Cardiff,Helsinki,"Cardiff, Wales","Helsinki, Finland","Cardiff, Wales",51.4816546,-3.1791934,60.1666204,24.9435408,51.4816546,-3.1791934,0.0,1982.8592417005787,7.191,7.109,9,10,8,4,1,1,0,0,0.5294,0.7143,1.0,1.0,6.945,7.1,8,6,10,9,2,1,1,0,0.4444,0.4,0.6667,1.0,38,75,14.1,9.6,8.6,37.8,10.3,6.8,15.3,41.3,14.1,9.6,8.6,37.8,0.0,0.0,0.0,3.799999999999999,2.8,3.2999999999999994
2020-11-18,Georgia,Estonia,UEFA,Tbilisi,Georgia,False,2020,11,18,0,1287.0,1185.0,Tbilisi,Tallinn,"Tbilisi, Georgia","Tallinn, Estonia","Tbilisi, Georgia",41.6934591,44.8014495,59.437242,24.7572693,41.6934591,44.8014495,0.0,2407.791342704351,6.782,6.6,6,10,9,7,1,0,2,1,0.4,0.5882,0.3333,0.0,6.718,6.818,6,9,11,6,1,1,2,1,0.3529,0.6,0.3333,0.5,72,127,8.2,5.1,10.4,12.1,10.9,6.0,8.5,33.9,8.2,5.1,10.4,12.1,0.0,0.0,0.0,2.700000000000001,0.9000000000000004,1.8000000000000007
2020-11-18,Belgium,Denmark,UEFA,Leuven,Belgium,False,2020,11,18,1,1765.0,1610.0,Brussels,Copenhagen,"Brussels, Belgium","Copenhagen, Denmark","Leuven, Belgium",50.8467372,4.352493,55.6867243,12.5700724,50.879202,4.7011675,24.736073349964215,747.0736177395182,7.091,7.0,8,8,15,4,2,2,0,1,0.3478,0.6667,1.0,0.6667,7.0,7.145,10,9,4,14,2,1,1,0,0.7143,0.3913,0.6667,1.0,8,21,14.5,9.3,0.0,27.9,12.3,9.9,0.0,32.5,14.6,9.3,0.0,27.2,0.09999999999999964,0.0,0.04999999999999982,2.299999999999999,0.5999999999999996,1.4499999999999993
2020-11-18,Albania,Belarus,UEFA,Tirana,Albania,False,2020,11,18,1,1345.0,1273.0,Tirana,Minsk,"Tirana, Albania","Minsk, Belarus","Tirana, Albania",41.3281482,19.8184435,53.9024716,27.5618225,41.3281482,19.8184435,0.0,1511.7317869295684,7.136,6.964,18,9,10,7,3,0,1,0,0.6429,0.5625,0.75,0.5,7.109,7.064,8,8,9,10,2,2,0,0,0.4706,0.4444,1.0,1.0,67,96,19.6,9.6,0.1,10.9,4.3,-1.9,3.8,23.4,19.6,9.6,0.1,10.9,0.0,0.0,0.0,15.3,11.5,13.4
2020-11-18,Kosovo,Moldova,UEFA,Pristina,Kosovo,False,2020,11,18,1,1158.0,954.0,Pristina,Chișinău,"Pristina, Kosovo","Chișinău, Moldova","Pristina, Kosovo",42.6638771,21.1640849,47.0245117,28.8322923,42.6638771,21.1640849,0.0,774.360341692925,6.718,6.9,5,3,13,12,1,0,2,0,0.2778,0.2,0.3333,0.5,6.4,6.364,3,6,9,13,0,0,2,4,0.25,0.3158,0.0,0.0,78,159,9.0,4.8,0.5,14.2,2.1,1.5,2.7,9.7,9.0,4.8,0.5,14.2,0.0,0.0,0.0,6.9,3.3,5.1
2021-06-11,Italy,Turkey,EURO,Rome,Italy,False,2021,6,11,1,1642.06,1505.05,Rome,Ankara,"Rome, Italy","Ankara, Turkey","Rome, Italy",41.8933203,12.4829321,39.9207759,32.8540497,41.8933203,12.4829321,0.0,1721.8102379868199,7.145,7.091,25,12,5,3,2,2,0,0,0.8333,0.8,1.0,1.0,6.9,7.236,15,10,7,11,3,3,3,0,0.6818,0.4762,0.5,1.0,15,27,28.1,15.8,0.1,9.9,24.3,11.6,6.4,10.9,28.1,15.8,0.1,9.9,0.0,0.0,0.0,3.8000000000000007,4.200000000000001,4.000000000000001
2021-06-12,Wales,Switzerland,EURO,Cardiff,Wales,False,2021,6,12,0,1570.36,1606.21,Cardiff,Bern,"Cardiff, Wales","Bern, Switzerland","Cardiff, Wales",51.4816546,-3.1791934,46.9484742,7.4521749,51.4816546,-3.1791934,0.0,920.7839591968136,6.882,6.673,7,4,11,12,1,1,0,3,0.3889,0.25,1.0,0.25,7.327,7.027,17,10,4,4,1,3,0,1,0.8095,0.7143,1.0,0.75,38,14,20.3,11.7,0.0,20.5,24.2,11.7,0.0,12.2,20.3,11.7,0.0,20.5,0.0,0.0,0.0,3.8999999999999986,0.0,1.9499999999999993
2021-06-12,Russia,Belgium,EURO,Saint Petersburg,Russia,False,2021,6,12,2,1462.65,1783.38,Moscow,Brussels,"Moscow, Russia","Brussels, Belgium","Saint Petersburg, Russia",55.625578,37.6063916,50.8467372,4.352493,59.9606739,30.1586551,652.8344038332967,1900.113723311949,6.873,7.064,10,8,7,10,1,2,2,1,0.5882,0.4444,0.3333,0.6667,8.018,7.0,18,9,3,13,8,1,0,1,0.8571,0.4091,1.0,0.5,35,8,21.2,14.1,1.4,10.2,21.3,13.7,0.5,19.5,22.6,15.1,4.7,15.1,1.4000000000000021,1.0,1.200000000000001,1.3000000000000007,1.4000000000000004,1.3500000000000005
2021-06-12,Denmark,Finland,EURO,Copenhagen,Denmark,False,2021,6,12,2,1631.55,1410.82,Copenhagen,Helsinki,"Copenhagen, Denmark","Helsinki, Finland","Copenhagen, Denmark",55.6867243,12.5700724,60.1666204,24.9435408,55.6867243,12.5700724,0.0,882.084142564072,7.282,7.864,9,14,5,3,4,8,0,0,0.6429,0.8235,1.0,1.0,6.836,7.082,6,12,15,18,1,2,1,2,0.2857,0.4,0.5,0.5,21,75,17.5,13.4,1.6,36.5,20.6,14.9,6.4,24.2,17.5,13.4,1.6,36.5,0.0,0.0,0.0,3.1000000000000014,1.5,2.3000000000000007
2021-06-13,England,Croatia,EURO,London,England,False,2021,6,13,1,1686.78,1605.75,London,Zagreb,"London, England","Zagreb, Croatia","London, England",51.5074456,-0.1277653,45.8130967,15.9772795,51.5074456,-0.1277653,0.0,1337.6360135311877,7.045,7.455,10,9,1,2,2,2,1,0,0.9091,0.8182,0.6667,1.0,7.073,7.118,10,13,2,3,3,1,0,0,0.8333,0.8125,1.0,1.0,4,13,26.2,12.1,0.0,14.1,22.8,17.0,0.5,15.3,26.2,12.1,0.0,14.1,0.0,0.0,0.0,3.3999999999999986,4.9,4.1499999999999995
2021-06-13,Austria,North Macedonia,EURO,Bucharest,Romania,True,2021,6,13,1,1523.42,1374.73,Vienna,Skopje,"Vienna, Austria","Skopje, North Macedonia","Bucharest, Romania",48.2083537,16.3725042,41.9962164,21.4318935,44.4361414,26.102684,855.9617124899519,465.5703397625709,6.436,7.4,5,24,9,8,0,3,4,1,0.3571,0.75,0.0,0.75,6.8,7.482,4,14,9,1,2,5,1,0,0.3077,0.9333,0.6667,1.0,23,69,21.8,13.8,1.0,31.1,27.3,13.0,1.6,14.8,21.2,13.8,3.1,20.6,0.6000000000000014,0.0,0.3000000000000007,6.100000000000001,0.8000000000000007,3.450000000000001
2021-06-13,Brazil,Venezuela,COPA,Brasília,Brazil,False,2021,6,13,1,1742.65,1500.71,Brasília,Caracas,"Brasília, Brazil","Caracas, Venezuela","Brasília, Brazil",-15.7939869,-47.8828,10.5060934,-66.9146008,-15.7939869,-47.8828,0.0,3597.467634185151,7.164,7.182,12,14,8,3,2,2,0,0,0.6,0.8235,1.0,1.0,6.964,6.691,10,9,4,17,0,1,0,3,0.7143,0.3462,0.5,0.25,5,47,25.5,16.9,0.1,12.1,26.6,18.7,0.1,9.3,25.5,16.9,0.1,12.1,0.0,0.0,0.0,1.1000000000000014,1.8000000000000007,1.450000000000001
2021-06-14,Poland,Slovakia,EURO,Saint Petersburg,Russia,True,2021,6,14,2,1549.87,1475.24,Warsaw,Bratislava,"Warsaw, Poland","Bratislava, Slovakia","Saint Petersburg, Russia",52.2319581,21.0067249,48.1516988,17.1093063,59.9606739,30.1586551,1027.8952302604473,1558.9662922399796,6.555,7.418,1,23,10,1,1,3,2,0,0.0909,0.9583,0.3333,1.0,6.964,6.945,7,11,10,6,2,2,1,2,0.4118,0.6471,0.6667,0.5,36,45,21.9,11.0,0.0,16.7,21.7,11.5,0.0,19.4,19.6,14.1,0.0,19.7,2.299999999999997,3.0999999999999996,2.6999999999999984,2.099999999999998,2.5999999999999996,2.3499999999999988
2021-06-14,Argentina,Chile,COPA,Rio de Janeiro,Brazil,True,2021,6,14,0,1641.95,1569.52,Buenos Aires,Santiago,"Buenos Aires, Argentina","Santiago, Chile","Rio de Janeiro, Brazil",-34.6095579,-58.3887904,-33.4376995,-70.6510671,-22.9110137,-43.2093727,1965.7093721602043,2921.624085169299,6.845,7.018,13,16,4,7,2,1,2,1,0.7647,0.6957,0.5,0.5,7.2,6.782,26,7,5,16,1,1,1,1,0.8387,0.3043,0.5,0.5,2,49,16.3,10.9,0.0,20.6,19.3,9.5,0.0,10.7,21.9,17.0,0.0,11.1,5.599999999999998,6.1,5.849999999999999,2.599999999999998,7.5,5.049999999999999
2021-06-14,Scotland,Czech Republic,EURO,Glasgow,Scotland,False,2021,6,14,2,1441.43,1458.81,Edinburgh,Prague,"Edinburgh, Scotland","Prague, Czech Republic","Glasgow, Scotland",55.9533456,-3.1883749,50.0874654,14.4212535,55.861155,-4.2501687,66.96861427666241,1399.317858855794,7.5,7.009,12,10,6,14,4,1,0,1,0.6667,0.4167,1.0,0.5,6.764,6.945,11,13,7,9,0,1,1,1,0.6111,0.5909,0.0,0.5,42,48,15.8,10.2,3.1,33.4,23.9,8.7,0.0,13.7,14.2,9.4,8.1,30.2,1.6000000000000014,0.7999999999999989,1.2000000000000002,9.7,0.7000000000000011,5.2
2021-06-14,Spain,Sweden,EURO,Seville,Spain,False,2021,6,14,0,1648.13,1569.81,Madrid,Stockholm,"Madrid, Spain","Stockholm, Sweden","Seville, Spain",40.416782,-3.703507,59.3251172,18.0710935,37.3886303,-5.9953403,390.74136507365967,2983.1676701395522,7.255,7.018,22,6,2,5,3,2,1,1,0.9167,0.5455,0.75,0.6667,7.091,7.245,19,10,6,5,3,1,0,0,0.76,0.6667,1.0,1.0,1,37,32.0,18.7,0.0,16.7,22.5,11.1,1.3,25.5,34.0,18.7,0.0,18.4,2.0,0.0,1.0,11.5,7.6,9.55
2021-06-15,Germany,France,EURO,Munich,Germany,False,2021,6,15,2,1609.12,1757.3,Berlin,Paris,"Berlin, Germany","Paris, France","Munich, Germany",52.5173885,13.3951309,48.8534951,2.3483915,48.1371079,11.5753822,503.86008184339755,684.1271986597453,7.0,7.336,9,17,4,7,1,1,2,0,0.6923,0.7083,0.3333,1.0,7.327,7.1,11,11,4,4,1,2,0,0,0.7333,0.7333,1.0,1.0,12,3,24.5,15.9,1.2,14.8,29.2,15.6,0.0,15.0,25.7,9.7,0.0,8.7,1.1999999999999993,6.200000000000001,3.7,3.5,5.9,4.7
2021-06-15,Hungary,Portugal,EURO,Budapest,Hungary,False,2021,6,15,2,1468.75,1666.12,Budapest,Lisbon,"Budapest, Hungary","Lisbon, Portugal","Budapest, Hungary",47.4813896,19.1457723,38.7077507,-9.1365919,47.4813896,19.1457723,0.0,2477.4308793329274,7.045,7.218,9,17,3,1,4,3,1,0,0.75,0.9444,0.8,1.0,6.982,6.864,18,12,6,14,3,2,1,2,0.75,0.4615,0.75,0.5,39,7,26.2,11.4,0.0,10.1,29.4,16.4,0.0,13.9,26.2,11.4,0.0,10.1,0.0,0.0,0.0,3.1999999999999993,4.999999999999998,4.099999999999999
2021-06-16,Russia,Finland,EURO,Saint Petersburg,Russia,False,2021,6,16,1,1462.65,1410.82,Moscow,Helsinki,"Moscow, Russia","Helsinki, Finland","Saint Petersburg, Russia",55.625578,37.6063916,60.1666204,24.9435408,59.9606739,30.1586551,652.8344038332967,290.2173850994801,6.309,6.873,4,10,8,7,0,1,3,2,0.3333,0.5882,0.0,0.3333,7.164,6.836,1,6,18,15,1,1,0,1,0.0526,0.2857,1.0,0.5,35,75,22.8,14.9,0.2,20.8,19.0,11.3,0.0,24.6,21.1,12.3,0.0,28.7,1.6999999999999993,2.5999999999999996,2.1499999999999995,2.1000000000000014,1.0,1.5500000000000007
2021-06-16,Italy,Switzerland,EURO,Rome,Italy,False,2021,6,16,1,1642.06,1606.21,Rome,Bern,"Rome, Italy","Bern, Switzerland","Rome, Italy",41.8933203,12.4829321,46.9484742,7.4521749,41.8933203,12.4829321,0.0,689.3012830283492,7.427,7.145,24,25,2,5,3,2,0,0,0.9231,0.8333,1.0,1.0,7.127,7.327,17,17,9,4,1,1,1,0,0.6538,0.8095,0.5,1.0,15,14,27.8,17.4,0.1,16.0,27.2,13.8,0.0,7.1,27.8,17.4,0.1,16.0,0.0,0.0,0.0,0.6000000000000014,3.599999999999998,2.0999999999999996
2021-06-16,Turkey,Wales,EURO,Baku,Azerbaijan,True,2021,6,16,2,1505.05,1570.36,Ankara,Cardiff,"Ankara, Turkey","Cardiff, Wales","Baku, Azerbaijan",39.9207759,32.8540497,51.4816546,-3.1791934,40.3755885,49.8328009,1441.7808854589352,4181.014627614333,6.536,6.9,2,15,24,7,0,3,3,3,0.0769,0.6818,0.0,0.5,6.809,6.882,9,7,17,11,1,1,1,0,0.3462,0.3889,0.5,1.0,27,38,20.1,12.7,0.3,19.5,22.1,11.5,0.0,12.6,30.9,20.1,0.0,19.0,10.799999999999997,7.400000000000002,9.1,8.799999999999997,8.600000000000001,8.7
2021-06-17,Denmark,Belgium,EURO,Copenhagen,Denmark,False,2021,6,17,2,1631.55,1783.38,Copenhagen,Brussels,"Copenhagen, Denmark","Brussels, Belgium","Copenhagen, Denmark",55.6867243,12.5700724,50.8467372,4.352493,55.6867243,12.5700724,0.0,766.0592566261139,6.9,7.282,18,9,1,5,0,4,1,0,0.9474,0.6429,0.0,1.0,7.091,8.018,8,18,4,3,3,8,0,0,0.6667,0.8571,1.0,1.0,21,8,23.7,14.4,0.0,25.9,28.4,21.7,0.0,26.1,23.7,14.4,0.0,25.9,0.0,0.0,0.0,4.699999999999999,7.299999999999999,5.999999999999999
2021-06-17,Colombia,Venezuela,COPA,Goiânia,Brazil,True,2021,6,17,0,1600.66,1500.71,Bogotá,Caracas,"Bogotá, Colombia","Caracas, Venezuela","Goiânia, Brazil",4.6533817,-74.0836331,10.5060934,-66.9146008,-16.680882,-49.2532691,3615.9738037651573,3593.202357073844,7.036,6.8,4,4,8,13,1,2,0,2,0.3333,0.2353,1.0,0.5,6.391,6.964,3,10,16,4,0,0,3,0,0.1579,0.7143,0.0,0.5,11,47,16.8,8.4,0.0,21.4,24.0,19.2,1.2,14.8,27.6,11.9,0.0,13.3,10.8,3.5,7.15,3.6000000000000014,7.299999999999999,5.45
2021-06-17,Ukraine,North Macedonia,EURO,Bucharest,Romania,True,2021,6,17,1,1514.64,1374.73,Kyiv,Skopje,"Kyiv, Ukraine","Skopje, North Macedonia","Bucharest, Romania",50.4500336,30.5241361,41.9962164,21.4318935,44.4361414,26.102684,746.4906638034984,465.5703397625709,6.882,7.164,7,24,14,5,2,1,3,1,0.3333,0.8276,0.4,0.5,6.582,6.8,7,4,7,9,1,2,3,1,0.5,0.3077,0.25,0.6667,33,69,27.3,17.3,0.0,22.2,29.3,14.9,0.2,11.7,25.1,16.2,0.3,13.2,2.1999999999999993,1.1000000000000014,1.6500000000000004,4.199999999999999,1.299999999999999,2.749999999999999
2021-06-18,Chile,Bolivia,COPA,Cuiabá,Brazil,True,2021,6,18,1,1569.52,1300.11,Santiago,Sucre,"Santiago, Chile","Sucre, Bolivia","Cuiabá, Brazil",-33.4376995,-70.6510671,-19.0477251,-65.2594306,-15.5986686,-56.0991301,2464.034006907593,1045.0137734031734,6.664,7.2,5,26,16,5,1,1,1,1,0.2381,0.8387,0.5,0.5,6.391,6.991,3,5,28,26,1,1,3,1,0.0968,0.1613,0.25,0.5,49,77,13.4,6.3,2.2,7.6,15.4,5.7,0.0,19.8,26.9,17.6,0.0,15.1,13.499999999999998,11.3,12.399999999999999,11.499999999999998,11.900000000000002,11.7
2021-06-18,Croatia,Czech Republic,EURO,Glasgow,Scotland,True,2021,6,18,0,1605.75,1458.81,Zagreb,Prague,"Zagreb, Croatia","Prague, Czech Republic","Glasgow, Scotland",45.8130967,15.9772795,50.0874654,14.4212535,55.861155,-4.2501687,1795.7678093862862,1399.317858855794,6.773,7.073,7,10,8,2,0,3,1,0,0.4667,0.8333,0.0,1.0,7.3,6.764,9,11,15,7,2,0,0,1,0.375,0.6111,1.0,0.0,13,48,29.1,18.7,0.0,7.9,31.8,18.1,0.0,20.4,16.1,6.4,0.0,18.5,13.0,12.299999999999999,12.649999999999999,15.7,11.700000000000001,13.7
2021-06-18,England,Scotland,EURO,London,England,False,2021,6,18,0,1686.78,1441.43,London,Edinburgh,"London, England","Edinburgh, Scotland","London, England",51.5074456,-0.1277653,55.9533456,-3.1883749,51.5074456,-0.1277653,0.0,533.6548279915723,6.955,7.045,8,10,7,1,1,2,0,1,0.5333,0.9091,1.0,0.6667,6.809,7.5,15,12,9,6,0,4,2,0,0.625,0.6667,0.0,1.0,4,42,17.4,12.5,29.1,26.4,13.8,8.2,0.0,19.5,17.4,12.5,29.1,26.4,0.0,0.0,0.0,3.599999999999998,4.300000000000001,3.9499999999999993
2021-06-18,Sweden,Slovakia,EURO,Saint Petersburg,Russia,True,2021,6,18,1,1569.81,1475.24,Stockholm,Bratislava,"Stockholm, Sweden","Bratislava, Slovakia","Saint Petersburg, Russia",59.3251172,18.0710935,48.1516988,17.1093063,59.9606739,30.1586551,681.9784737384279,1558.9662922399796,6.891,7.091,4,19,13,6,0,3,0,0,0.2353,0.76,0.5,1.0,7.0,6.964,11,7,15,10,2,2,1,1,0.4231,0.4118,0.6667,0.6667,37,45,28.9,14.1,0.0,24.6,30.4,18.5,0.0,17.3,28.8,15.4,0.0,20.8,0.09999999999999787,1.3000000000000007,0.6999999999999993,1.5999999999999979,3.0999999999999996,2.3499999999999988
2021-06-19,Hungary,France,EURO,Budapest,Hungary,False,2021,6,19,0,1468.75,1757.3,Budapest,Paris,"Budapest, Hungary","Paris, France","Budapest, Hungary",47.4813896,19.1457723,48.8534951,2.3483915,47.4813896,19.1457723,0.0,1252.4311793527659,6.555,7.045,5,9,11,3,0,4,3,1,0.3125,0.75,0.0,0.8,7.209,7.327,4,11,9,4,1,1,0,0,0.3077,0.7333,1.0,1.0,39,3,30.3,18.7,0.2,13.0,24.5,16.2,8.7,11.8,30.3,18.7,0.2,13.0,0.0,0.0,0.0,5.800000000000001,2.5,4.15
2021-06-19,Spain,Poland,EURO,Seville,Spain,False,2021,6,19,0,1648.13,1549.87,Madrid,Warsaw,"Madrid, Spain","Warsaw, Poland","Seville, Spain",40.416782,-3.703507,52.2319581,21.0067249,37.3886303,-5.9953403,390.74136507365967,2668.091298719307,7.318,7.255,13,22,4,2,0,3,0,1,0.7647,0.9167,0.5,0.75,6.773,6.555,15,1,11,10,1,1,2,2,0.5769,0.0909,0.3333,0.3333,1,36,24.2,13.6,0.1,15.1,30.5,17.6,0.0,14.7,25.5,14.7,0.0,19.0,1.3000000000000007,1.0999999999999996,1.2000000000000002,5.0,2.900000000000002,3.950000000000001
2021-06-19,Germany,Portugal,EURO,Munich,Germany,False,2021,6,19,1,1609.12,1666.12,Berlin,Lisbon,"Berlin, Germany","Lisbon, Portugal","Munich, Germany",52.5173885,13.3951309,38.7077507,-9.1365919,48.1371079,11.5753822,503.86008184339755,1964.5856408981858,6.764,7.0,9,9,4,4,0,1,1,2,0.6923,0.6923,0.0,0.3333,7.418,6.982,11,18,5,6,3,3,0,1,0.6875,0.75,1.0,0.75,12,7,34.5,21.1,0.0,14.6,20.6,15.3,1.3,22.3,29.6,19.1,0.0,14.3,4.899999999999999,2.0,3.4499999999999993,9.0,3.8000000000000007,6.4
2021-06-20,Switzerland,Turkey,EURO,Baku,Azerbaijan,True,2021,6,20,1,1606.21,1505.05,Bern,Ankara,"Bern, Switzerland","Ankara, Turkey","Baku, Azerbaijan",46.9484742,7.4521749,39.9207759,32.8540497,40.3755885,49.8328009,3442.584813626957,1441.7808854589352,6.6,7.127,4,17,13,9,0,1,3,1,0.2353,0.6538,0.0,0.5,6.764,6.536,16,2,15,24,0,0,2,3,0.5161,0.0769,0.0,0.0,14,27,25.6,17.3,15.6,16.9,28.3,16.3,0.0,13.2,31.4,21.7,0.0,22.5,5.799999999999997,4.399999999999999,5.099999999999998,3.099999999999998,5.399999999999999,4.249999999999998
2021-06-20,Venezuela,Ecuador,COPA,Rio de Janeiro,Brazil,True,2021,6,20,0,1500.71,1413.01,Caracas,Quito,"Caracas, Venezuela","Quito, Ecuador","Rio de Janeiro, Brazil",10.5060934,-66.9146008,-0.2201641,-78.5123274,-22.9110137,-43.2093727,4524.322573100554,4573.47824459231,7.091,6.391,2,3,20,16,0,0,0,3,0.0909,0.1579,0.5,0.0,6.718,6.709,8,7,4,8,0,1,1,2,0.6667,0.4667,0.0,0.3333,47,25,27.4,19.9,1.2,13.3,14.1,6.5,2.3,9.0,28.1,18.4,1.5,25.1,0.7000000000000028,1.5,1.1000000000000014,14.000000000000002,11.899999999999999,12.95
2021-06-20,Italy,Wales,EURO,Rome,Italy,False,2021,6,20,1,1642.06,1570.36,Rome,Cardiff,"Rome, Italy","Cardiff, Wales","Rome, Italy",41.8933203,12.4829321,51.4816546,-3.1791934,41.8933203,12.4829321,0.0,1595.1939569281537,7.055,7.427,13,24,4,2,3,3,0,0,0.7647,0.9231,1.0,1.0,7.664,6.809,15,9,16,17,2,1,0,1,0.4839,0.3462,1.0,0.5,15,38,31.4,18.8,0.0,20.0,16.5,13.3,2.7,22.9,31.4,18.8,0.0,20.0,0.0,0.0,0.0,14.899999999999999,5.5,10.2
2021-06-21,Netherlands,North Macedonia,EURO,Amsterdam,Netherlands,False,2021,6,21,1,1598.04,1374.73,Amsterdam,Skopje,"Amsterdam, Netherlands","Skopje, North Macedonia","Amsterdam, Netherlands",52.3730796,4.8924534,41.9962164,21.4318935,52.3730796,4.8924534,0.0,1693.7004035174143,7.073,6.891,13,14,5,7,2,3,0,2,0.7222,0.6667,1.0,0.6,6.936,6.582,8,7,16,7,1,1,2,3,0.3333,0.5,0.3333,0.25,9,69,15.9,13.3,19.9,22.3,32.7,18.0,0.0,11.2,15.9,13.3,19.9,22.3,0.0,0.0,0.0,16.800000000000004,4.699999999999999,10.750000000000002
2021-06-21,Denmark,Russia,EURO,Copenhagen,Denmark,False,2021,6,21,1,1631.55,1462.65,Copenhagen,Moscow,"Copenhagen, Denmark","Moscow, Russia","Copenhagen, Denmark",55.6867243,12.5700724,55.625578,37.6063916,55.6867243,12.5700724,0.0,1562.0245329885554,6.945,6.9,19,18,4,1,1,0,2,1,0.8261,0.9474,0.3333,0.0,7.155,6.309,12,4,9,8,1,0,0,3,0.5714,0.3333,1.0,0.0,21,35,18.4,14.4,1.4,23.8,29.9,16.9,0.0,9.7,18.4,14.4,1.4,23.8,0.0,0.0,0.0,11.5,2.4999999999999982,6.999999999999999
2021-06-21,Uruguay,Chile,COPA,Cuiabá,Brazil,True,2021,6,21,0,1639.08,1569.52,Montevideo,Santiago,"Montevideo, Uruguay","Santiago, Chile","Cuiabá, Brazil",-34.9058916,-56.1913095,-33.4376995,-70.6510671,-15.5986686,-56.0991301,2146.884942959722,2464.034006907593,6.709,6.982,4,4,7,10,0,0,1,0,0.3636,0.2857,0.0,0.5,7.382,6.664,17,5,10,16,1,1,0,1,0.6296,0.2381,1.0,0.5,20,49,13.5,6.0,0.0,13.6,16.6,5.4,0.0,7.3,31.3,18.0,0.2,9.2,17.8,12.0,14.9,14.7,12.6,13.649999999999999
2021-06-21,Ukraine,Austria,EURO,Bucharest,Romania,True,2021,6,21,2,1514.64,1523.42,Kyiv,Vienna,"Kyiv, Ukraine","Vienna, Austria","Bucharest, Romania",50.4500336,30.5241361,48.2083537,16.3725042,44.4361414,26.102684,746.4906638034984,855.9617124899519,7.091,6.882,16,7,8,14,2,2,1,3,0.6667,0.3333,0.6667,0.4,6.591,6.827,5,7,13,7,0,3,2,1,0.2778,0.5,0.0,0.75,33,23,30.0,19.4,0.0,16.1,32.6,21.8,5.6,15.6,25.8,16.5,6.1,9.0,4.199999999999999,2.8999999999999986,3.549999999999999,6.800000000000001,5.300000000000001,6.050000000000001
2021-06-21,Finland,Belgium,EURO,Saint Petersburg,Russia,True,2021,6,21,2,1410.82,1783.38,Helsinki,Brussels,"Helsinki, Finland","Brussels, Belgium","Saint Petersburg, Russia",60.1666204,24.9435408,50.8467372,4.352493,59.9606739,30.1586551,290.2173850994801,1900.113723311949,6.945,7.164,9,1,12,18,0,1,1,0,0.4286,0.0526,0.0,1.0,6.745,7.091,4,8,19,4,2,3,1,0,0.1739,0.6667,0.6667,1.0,75,8,27.4,18.7,0.2,17.8,18.3,14.4,16.3,19.7,33.4,21.5,0.1,22.0,6.0,2.8000000000000007,4.4,15.099999999999998,7.1,11.099999999999998
2021-06-22,Scotland,Croatia,EURO,Glasgow,Scotland,False,2021,6,22,2,1441.43,1605.75,Edinburgh,Zagreb,"Edinburgh, Scotland","Zagreb, Croatia","Glasgow, Scotland",55.9533456,-3.1883749,45.8130967,15.9772795,55.861155,-4.2501687,66.96861427666241,1795.7678093862862,6.9,6.809,11,15,9,9,0,0,0,2,0.55,0.625,0.5,0.0,6.8,6.773,7,7,10,8,1,0,1,1,0.4118,0.4667,0.5,0.0,42,13,18.1,6.0,0.0,17.9,32.8,20.1,0.0,18.8,16.6,7.2,0.0,16.7,1.5,1.2000000000000002,1.35,16.199999999999996,12.900000000000002,14.549999999999999
2021-06-22,England,Czech Republic,EURO,London,England,False,2021,6,22,1,1686.78,1458.81,London,Prague,"London, England","Prague, Czech Republic","London, England",51.5074456,-0.1277653,50.0874654,14.4212535,51.5074456,-0.1277653,0.0,1032.8807121157197,7.127,6.955,9,8,11,7,0,1,0,0,0.45,0.5333,0.5,1.0,6.882,7.3,10,9,7,15,1,2,1,0,0.5882,0.375,0.5,1.0,4,48,15.6,10.3,0.6,27.0,22.1,17.7,19.7,23.9,15.6,10.3,0.6,27.0,0.0,0.0,0.0,6.500000000000002,7.399999999999999,6.95
2021-06-23,Portugal,France,EURO,Budapest,Hungary,True,2021,6,23,0,1666.12,1757.3,Lisbon,Paris,"Lisbon, Portugal","Paris, France","Budapest, Hungary",38.7077507,-9.1365919,48.8534951,2.3483915,47.4813896,19.1457723,2477.4308793329274,1252.4311793527659,6.673,7.418,5,11,10,5,2,3,4,0,0.3333,0.6875,0.3333,1.0,7.073,7.209,13,4,5,9,1,1,1,0,0.7222,0.3077,0.5,1.0,7,3,25.4,15.5,0.0,23.2,16.9,12.5,0.5,18.3,34.1,20.6,0.0,8.8,8.700000000000003,5.100000000000001,6.900000000000002,17.200000000000003,8.100000000000001,12.650000000000002
2021-06-23,Germany,Hungary,EURO,Munich,Germany,False,2021,6,23,0,1609.12,1468.75,Berlin,Budapest,"Berlin, Germany","Budapest, Hungary","Munich, Germany",52.5173885,13.3951309,47.4813896,19.1457723,48.1371079,11.5753822,503.86008184339755,569.7903995243565,7.064,6.764,10,9,5,4,4,0,2,1,0.6667,0.6923,0.6667,0.0,6.627,6.555,5,5,13,11,1,0,1,3,0.2778,0.3125,0.5,0.0,12,39,20.6,13.6,0.7,12.4,34.1,20.6,0.0,8.8,24.3,16.2,26.8,12.2,3.6999999999999993,2.5999999999999996,3.1499999999999995,9.8,4.400000000000002,7.100000000000001
2021-06-23,Ecuador,Peru,COPA,Goiânia,Brazil,True,2021,6,23,0,1413.01,1511.88,Quito,Lima,"Quito, Ecuador","Lima, Peru","Goiânia, Brazil",-0.2201641,-78.5123274,-12.0459808,-77.0305912,-16.680882,-49.2532691,3691.224760137419,3033.4259144955977,6.882,6.718,14,8,7,4,2,0,2,1,0.6667,0.6667,0.5,0.0,6.718,6.464,11,6,11,10,2,0,1,4,0.5,0.375,0.6667,0.0,25,50,17.9,4.6,0.9,13.8,18.9,14.7,0.0,30.4,29.5,15.4,0.0,15.7,11.600000000000001,10.8,11.200000000000001,10.600000000000001,0.7000000000000011,5.650000000000001
2021-06-23,Sweden,Poland,EURO,Saint Petersburg,Russia,True,2021,6,23,1,1569.81,1549.87,Stockholm,Warsaw,"Stockholm, Sweden","Warsaw, Poland","Saint Petersburg, Russia",59.3251172,18.0710935,52.2319581,21.0067249,59.9606739,30.1586551,681.9784737384279,1027.8952302604473,7.073,6.891,12,4,6,13,1,0,0,0,0.6667,0.2353,1.0,0.5,6.945,6.773,5,15,11,11,1,1,1,2,0.3125,0.5769,0.5,0.3333,37,36,23.5,14.0,2.4,10.8,27.5,19.6,3.1,11.7,35.7,24.0,0.0,23.4,12.200000000000003,10.0,11.100000000000001,8.200000000000003,4.399999999999999,6.300000000000001
2021-06-23,Spain,Slovakia,EURO,Seville,Spain,False,2021,6,23,1,1648.13,1475.24,Madrid,Bratislava,"Madrid, Spain","Bratislava, Slovakia","Seville, Spain",40.416782,-3.703507,48.1516988,17.1093063,37.3886303,-5.9953403,390.74136507365967,2220.2239326608396,6.791,7.318,11,13,5,4,1,0,1,0,0.6875,0.7647,0.5,0.5,6.855,7.0,6,11,12,15,0,2,1,1,0.3333,0.4231,0.0,0.6667,1,45,23.9,13.5,0.1,18.1,29.2,20.5,0.0,22.3,32.3,16.8,0.0,15.9,8.399999999999999,3.3000000000000007,5.85,3.099999999999998,3.6999999999999993,3.3999999999999986
2021-06-24,Bolivia,Uruguay,COPA,Cuiabá,Brazil,True,2021,6,24,2,1300.11,1639.08,Sucre,Montevideo,"Sucre, Bolivia","Montevideo, Uruguay","Cuiabá, Brazil",-19.0477251,-65.2594306,-34.9058916,-56.1913095,-15.5986686,-56.0991301,1045.0137734031734,2146.884942959722,7.055,6.391,10,3,17,28,0,1,1,3,0.3704,0.0968,0.0,0.25,6.927,6.709,14,4,5,7,1,0,1,1,0.7368,0.3636,0.5,0.0,77,20,20.3,3.2,0.0,17.9,14.5,12.7,8.0,36.4,33.0,21.2,0.0,11.8,12.7,18.0,15.35,18.5,8.5,13.5
2021-06-26,Italy,Austria,EURO,London,England,True,2021,6,26,1,1642.06,1523.42,Rome,Vienna,"Rome, Italy","Vienna, Austria","London, England",41.8933203,12.4829321,48.2083537,16.3725042,51.5074456,-0.1277653,1433.9398097640965,1235.311721561147,7.255,7.055,21,13,3,4,1,3,0,0,0.875,0.7647,1.0,1.0,7.236,6.591,17,5,5,13,1,0,0,2,0.7727,0.2778,1.0,0.0,15,23,32.0,18.0,0.0,15.9,25.0,17.5,0.2,18.4,21.0,11.2,0.1,13.6,11.0,6.800000000000001,8.9,4.0,6.300000000000001,5.15
2021-06-26,Wales,Denmark,EURO,Amsterdam,Netherlands,True,2021,6,26,2,1570.36,1631.55,Cardiff,Copenhagen,"Cardiff, Wales","Copenhagen, Denmark","Amsterdam, Netherlands",51.4816546,-3.1791934,55.6867243,12.5700724,52.3730796,4.8924534,561.9626387484092,621.6820201847852,6.573,7.664,3,15,21,16,0,2,1,0,0.125,0.4839,0.0,1.0,7.073,6.945,16,19,6,4,4,1,1,2,0.7273,0.8261,0.8,0.3333,38,21,19.9,11.6,0.5,19.9,20.2,14.0,0.7,10.8,22.0,13.6,5.7,12.9,2.1000000000000014,2.0,2.0500000000000007,1.8000000000000007,0.40000000000000036,1.1000000000000005
2021-06-27,Netherlands,Czech Republic,EURO,Budapest,Hungary,True,2021,6,27,2,1598.04,1458.81,Amsterdam,Prague,"Amsterdam, Netherlands","Prague, Czech Republic","Budapest, Hungary",52.3730796,4.8924534,50.0874654,14.4212535,47.4813896,19.1457723,1153.4299882613655,451.2763579173082,7.636,7.073,13,13,11,5,3,2,0,0,0.5417,0.7222,1.0,1.0,6.673,6.882,5,10,5,7,0,1,1,1,0.5,0.5882,0.0,0.5,9,48,24.8,16.4,2.6,23.2,24.4,14.3,0.0,8.7,28.3,18.8,0.4,8.9,3.5,2.400000000000002,2.950000000000001,3.900000000000002,4.5,4.200000000000001
2021-06-27,Brazil,Ecuador,COPA,Goiânia,Brazil,False,2021,6,27,0,1742.65,1413.01,Brasília,Quito,"Brasília, Brazil","Quito, Ecuador","Goiânia, Brazil",-15.7939869,-47.8828,-0.2201641,-78.5123274,-16.680882,-49.2532691,176.44185629485807,3691.224760137419,6.873,7.173,13,10,2,6,2,4,1,0,0.8667,0.625,0.6667,1.0,6.982,6.882,12,14,7,7,2,2,2,2,0.6316,0.6667,0.5,0.5,5,25,23.7,12.6,0.0,11.2,17.3,6.9,1.5,12.2,27.2,12.8,0.0,9.9,3.5,0.20000000000000107,1.8500000000000005,9.899999999999999,5.9,7.8999999999999995
2021-06-27,Venezuela,Peru,COPA,Brasília,Brazil,True,2021,6,27,2,1500.71,1511.88,Caracas,Lima,"Caracas, Venezuela","Lima, Peru","Brasília, Brazil",10.5060934,-66.9146008,-12.0459808,-77.0305912,-15.7939869,-47.8828,3597.467634185151,3170.732640912059,6.882,7.091,7,2,14,20,2,0,2,0,0.3333,0.0909,0.5,0.5,6.709,6.718,7,11,12,11,2,2,2,1,0.3684,0.5,0.5,0.6667,47,50,24.3,18.0,1.2,9.4,18.1,14.5,0.0,13.6,23.7,12.6,0.0,11.2,0.6000000000000014,5.4,3.000000000000001,5.599999999999998,1.9000000000000004,3.749999999999999
2021-06-27,Belgium,Portugal,EURO,Seville,Spain,True,2021,6,27,1,1783.38,1666.12,Brussels,Lisbon,"Brussels, Belgium","Lisbon, Portugal","Seville, Spain",50.8467372,4.352493,38.7077507,-9.1365919,37.3886303,-5.9953403,1705.5379577559806,311.70266658930655,7.473,6.745,17,4,6,19,2,2,0,1,0.7391,0.1739,1.0,0.6667,6.827,6.673,9,5,11,10,2,2,2,4,0.45,0.3333,0.5,0.3333,8,7,24.3,14.7,2.3,12.4,23.3,15.9,0.0,21.1,33.1,18.6,0.0,19.9,8.8,3.900000000000002,6.350000000000001,9.8,2.700000000000001,6.250000000000001
2021-06-28,France,Switzerland,EURO,Bucharest,Romania,True,2021,6,28,0,1757.3,1606.21,Paris,Bern,"Paris, France","Bern, Switzerland","Bucharest, Romania",48.8534951,2.3483915,46.9484742,7.4521749,44.4361414,26.102684,1870.119686091137,1471.5895478715079,6.7,7.073,11,13,9,5,2,1,2,1,0.55,0.7222,0.5,0.5,7.491,6.6,22,4,17,13,3,0,1,3,0.5641,0.2353,0.75,0.0,3,14,22.0,15.6,5.2,12.3,23.8,14.0,14.3,13.6,28.4,19.0,1.3,9.7,6.399999999999999,3.4000000000000004,4.8999999999999995,4.599999999999998,5.0,4.799999999999999
2021-06-28,Croatia,Spain,EURO,Copenhagen,Denmark,True,2021,6,28,2,1605.75,1648.13,Zagreb,Madrid,"Zagreb, Croatia","Madrid, Spain","Copenhagen, Denmark",45.8130967,15.9772795,40.416782,-3.703507,55.6867243,12.5700724,1123.4083266718665,2073.575560233862,7.191,6.8,11,7,8,10,3,1,1,1,0.5789,0.4118,0.75,0.5,7.345,6.791,15,11,1,5,5,1,0,1,0.9375,0.6875,1.0,0.5,13,1,32.2,19.7,0.0,8.4,28.1,14.9,0.0,16.9,22.0,13.6,0.0,10.5,10.200000000000003,6.1,8.150000000000002,6.100000000000001,1.3000000000000007,3.700000000000001
2021-06-29,England,Germany,EURO,London,England,False,2021,6,29,1,1686.78,1609.12,London,Berlin,"London, England","Berlin, Germany","London, England",51.5074456,-0.1277653,52.5173885,13.3951309,51.5074456,-0.1277653,0.0,930.8906097535187,7.055,7.127,5,9,5,11,1,0,0,0,0.5,0.45,1.0,0.5,7.118,7.064,15,10,9,5,2,4,2,2,0.625,0.6667,0.5,0.6667,4,12,18.0,14.1,1.2,19.8,29.1,19.5,0.4,12.9,18.0,14.1,1.2,19.8,0.0,0.0,0.0,11.100000000000001,5.4,8.25
2021-06-29,Sweden,Ukraine,EURO,Glasgow,Scotland,True,2021,6,29,2,1569.81,1514.64,Stockholm,Kyiv,"Stockholm, Sweden","Kyiv, Ukraine","Glasgow, Scotland",59.3251172,18.0710935,50.4500336,30.5241361,55.861155,-4.2501687,1377.4060310462519,2367.882082425212,6.918,7.073,9,12,16,6,3,1,2,0,0.36,0.6667,0.6,1.0,6.745,7.091,5,16,17,8,0,2,1,1,0.2273,0.6667,0.0,0.6667,37,33,25.7,14.5,0.1,9.4,25.3,17.8,1.4,15.7,22.6,11.1,0.0,15.9,3.099999999999998,3.4000000000000004,3.249999999999999,2.6999999999999993,6.700000000000001,4.7
2021-07-02,Belgium,Italy,EURO,Munich,Germany,True,2021,7,2,2,1783.38,1642.06,Brussels,Rome,"Brussels, Belgium","Rome, Italy","Munich, Germany",50.8467372,4.352493,41.8933203,12.4829321,48.1371079,11.5753822,602.0565783248666,697.9184986918314,7.118,7.473,6,17,16,6,1,2,0,0,0.2727,0.7391,1.0,1.0,7.173,7.255,20,21,12,3,2,1,1,0,0.625,0.875,0.6667,1.0,8,15,22.1,11.7,0.1,11.9,32.0,18.8,0.0,17.3,20.8,12.9,0.0,18.6,1.3000000000000007,1.200000000000001,1.2500000000000009,11.2,5.9,8.55
2021-07-02,Peru,Paraguay,COPA,Goiânia,Brazil,True,2021,7,2,0,1511.88,1476.02,Lima,Asunción,"Lima, Peru","Asunción, Paraguay","Goiânia, Brazil",-12.0459808,-77.0305912,-25.2800459,-57.6343814,-16.680882,-49.2532691,3033.4259144955977,1291.9857157815768,7.164,6.709,11,7,8,12,1,2,0,2,0.5789,0.3684,1.0,0.5,6.727,7.245,1,7,13,5,0,2,1,0,0.0714,0.5833,0.0,1.0,50,34,18.5,13.8,0.0,21.6,20.9,8.6,0.0,19.9,27.9,13.4,0.0,15.2,9.399999999999999,0.40000000000000036,4.8999999999999995,7.0,4.800000000000001,5.9
2021-07-02,Switzerland,Spain,EURO,Saint Petersburg,Russia,True,2021,7,2,0,1606.21,1648.13,Bern,Madrid,"Bern, Switzerland","Madrid, Spain","Saint Petersburg, Russia",46.9484742,7.4521749,40.416782,-3.703507,59.9606739,30.1586551,2066.8773321586286,3183.4210729477454,6.882,7.491,9,22,19,17,8,3,7,1,0.3214,0.5641,0.5333,0.75,7.245,7.345,15,15,4,1,5,5,3,0,0.7895,0.9375,0.625,1.0,14,1,22.0,12.0,0.3,9.9,34.1,18.6,0.0,20.8,23.5,16.7,0.8,18.0,1.5,4.699999999999999,3.0999999999999996,10.600000000000001,1.9000000000000021,6.250000000000002
2021-07-03,Czech Republic,Denmark,EURO,Baku,Azerbaijan,True,2021,7,3,2,1458.81,1631.55,Prague,Copenhagen,"Prague, Czech Republic","Copenhagen, Denmark","Baku, Azerbaijan",50.0874654,14.4212535,55.6867243,12.5700724,40.3755885,49.8328009,2942.1965038035014,3195.329761156541,7.182,6.673,12,5,5,5,2,0,0,1,0.7059,0.5,1.0,0.0,7.327,7.073,13,16,11,6,4,4,0,1,0.5417,0.7273,1.0,0.8,48,21,22.2,13.3,0.2,9.7,21.4,17.0,1.0,11.3,32.5,22.8,0.0,18.4,10.3,9.5,9.9,11.100000000000001,5.800000000000001,8.450000000000001
2021-07-03,Ukraine,England,EURO,Rome,Italy,True,2021,7,3,2,1514.64,1686.78,Kyiv,London,"Kyiv, Ukraine","London, England","Rome, Italy",50.4500336,30.5241361,51.5074456,-0.1277653,41.8933203,12.4829321,1676.7860864677857,1433.9398097640965,7.109,6.745,10,5,13,17,2,0,1,1,0.4348,0.2273,0.6667,0.0,7.145,7.055,5,5,9,5,2,1,0,0,0.3571,0.5,1.0,1.0,33,4,26.0,18.7,2.9,11.0,20.8,15.4,2.6,22.2,33.4,19.1,0.0,16.1,7.399999999999999,0.40000000000000213,3.9000000000000004,12.599999999999998,3.700000000000001,8.149999999999999
2021-07-06,Italy,Spain,EURO,London,England,True,2021,7,6,0,1642.06,1648.13,Rome,Madrid,"Rome, Italy","Madrid, Spain","London, England",41.8933203,12.4829321,40.416782,-3.703507,51.5074456,-0.1277653,1433.9398097640965,1263.4146298827739,7.218,7.173,14,20,9,12,2,2,1,1,0.6087,0.625,0.6667,0.6667,7.109,7.245,9,15,8,4,4,5,2,3,0.5294,0.7895,0.6667,0.625,15,1,33.9,21.3,0.0,14.6,25.5,19.1,0.5,21.6,18.1,13.1,8.5,36.6,15.799999999999997,8.200000000000001,12.0,7.399999999999999,6.000000000000002,6.7
2021-07-07,England,Denmark,EURO,London,England,False,2021,7,7,1,1686.78,1631.55,London,Copenhagen,"London, England","Copenhagen, Denmark","London, England",51.5074456,-0.1277653,55.6867243,12.5700724,51.5074456,-0.1277653,0.0,956.1333822976515,7.5,7.145,9,5,6,9,4,2,0,0,0.6,0.3571,1.0,1.0,7.1,7.327,8,13,12,11,2,4,1,0,0.4,0.5417,0.6667,1.0,4,21,19.8,13.0,2.4,27.6,19.8,17.8,0.2,22.4,19.8,13.0,2.4,27.6,0.0,0.0,0.0,0.0,4.800000000000001,2.4000000000000004
2021-07-11,England,Italy,EURO,London,England,False,2021,7,11,0,1686.78,1642.06,London,Rome,"London, England","Rome, Italy","London, England",51.5074456,-0.1277653,41.8933203,12.4829321,51.5074456,-0.1277653,0.0,1433.9398097640965,7.055,7.5,19,9,6,6,2,4,1,0,0.76,0.6,0.6667,1.0,7.073,7.218,4,14,11,9,5,2,3,1,0.2667,0.6087,0.625,0.6667,4,15,20.1,10.6,1.7,15.4,33.0,19.4,0.0,20.6,20.1,10.6,1.7,15.4,0.0,0.0,0.0,12.899999999999999,8.799999999999999,10.849999999999998
2021-10-06,Italy,Spain,UEFA,Milan,Italy,False,2021,10,6,2,1735.73,1673.68,Rome,Madrid,"Rome, Italy","Madrid, Spain","Milan, Italy",41.8933203,12.4829321,40.416782,-3.703507,45.4641943,9.1896346,477.18633136892186,1188.1786398475444,7.655,7.064,15,9,6,6,5,0,0,0,0.7143,0.6,1.0,0.5,7.4,7.373,18,14,7,3,2,4,0,0,0.72,0.8235,1.0,1.0,15,1,22.5,14.0,11.7,20.6,22.9,11.8,0.0,14.7,17.8,13.9,12.1,21.1,4.699999999999999,0.09999999999999964,2.3999999999999995,5.099999999999998,2.0999999999999996,3.5999999999999988
2021-10-07,Belgium,France,UEFA,Turin,Italy,True,2021,10,7,2,1832.33,1754.31,Brussels,Paris,"Brussels, Belgium","Paris, France","Turin, Italy",50.8467372,4.352493,48.8534951,2.3483915,45.0677551,7.6824892,688.5937800672313,583.7334090465896,7.309,7.527,11,13,4,8,1,3,0,0,0.7333,0.619,1.0,1.0,7.536,7.036,19,15,2,8,2,1,0,1,0.9048,0.6522,1.0,0.5,8,3,16.2,10.2,0.1,14.5,16.9,8.6,0.0,11.0,21.2,6.2,0.0,8.1,5.0,3.999999999999999,4.5,4.300000000000001,2.3999999999999995,3.35
2021-10-10,Italy,Belgium,UEFA,Turin,Italy,False,2021,10,10,1,1735.73,1832.33,Rome,Brussels,"Rome, Italy","Brussels, Belgium","Turin, Italy",41.8933203,12.4829321,50.8467372,4.352493,45.0677551,7.6824892,523.8586441741419,688.5937800672313,6.673,7.655,7,15,10,6,1,5,2,0,0.4118,0.7143,0.3333,1.0,6.7,7.309,11,11,15,4,2,1,3,0,0.4231,0.7333,0.4,1.0,15,8,19.1,11.5,0.2,25.4,15.3,4.7,0.0,10.4,17.2,9.8,0.0,9.2,1.9000000000000021,1.6999999999999993,1.8000000000000007,1.8999999999999986,5.1000000000000005,3.4999999999999996
2021-10-10,Spain,France,UEFA,Milan,Italy,True,2021,10,10,2,1673.68,1754.31,Madrid,Paris,"Madrid, Spain","Paris, France","Milan, Italy",40.416782,-3.703507,48.8534951,2.3483915,45.4641943,9.1896346,1188.1786398475444,639.5855089406035,7.036,7.4,10,18,7,7,2,2,1,0,0.5882,0.72,0.6667,1.0,7.191,7.536,15,19,11,2,3,2,2,0,0.5769,0.9048,0.6,1.0,1,3,22.7,11.8,0.0,17.2,17.0,4.8,0.0,13.0,16.9,9.1,0.0,10.0,5.800000000000001,2.700000000000001,4.250000000000001,0.10000000000000142,4.3,2.2000000000000006
2022-01-09,Cameroon,Burkina Faso,AFCON,Yaoundé,Cameroon,False,2022,1,9,1,1437.35,1397.64,Yaoundé,Ouagadougou,"Yaoundé, Cameroon","Ouagadougou, Burkina Faso","Yaoundé, Cameroon",3.8689867,11.5213344,12.3681873,-1.5270944,3.8689867,11.5213344,0.0,1718.1781394863106,6.536,6.218,9,3,2,11,0,0,2,4,0.8182,0.2143,0.0,0.0,6.964,7.064,14,22,13,6,0,3,0,1,0.5185,0.7857,0.5,0.75,43,62,30.2,21.2,0.8,13.6,31.6,16.8,0.0,16.7,30.2,21.2,0.8,13.6,0.0,0.0,0.0,1.4000000000000021,4.399999999999999,2.9000000000000004
2022-01-09,Ethiopia,Cape Verde,AFCON,Yaoundé,Cameroon,True,2022,1,9,2,1087.89,1339.48,Addis Ababa,Praia,"Addis Ababa, Ethiopia","Praia, Cape Verde","Yaoundé, Cameroon",9.0358119,38.7524315,14.9162811,-23.5095095,3.8689867,11.5213344,3061.7371423597133,4026.8138791668885,6.782,6.536,13,9,5,11,0,1,1,3,0.7222,0.45,0.0,0.25,6.445,6.645,6,5,14,9,0,0,4,2,0.3,0.3571,0.0,0.0,143,64,20.8,8.9,0.2,13.8,25.1,21.2,0.1,17.9,30.2,21.2,0.8,13.6,9.399999999999999,12.299999999999999,10.849999999999998,5.099999999999998,0.0,2.549999999999999
2022-01-10,Senegal,Zimbabwe,AFCON,Bafoussam,Cameroon,True,2022,1,10,1,1561.68,1138.44,Dakar,Harare,"Dakar, Senegal","Harare, Zimbabwe","Bafoussam, Cameroon",14.693425,-17.447938,-17.8567035,31.0601584,5.4758844,10.4217852,3214.315437162506,3443.973611327331,6.673,7.045,11,10,1,9,0,1,1,0,0.9167,0.5263,0.0,1.0,6.582,6.936,4,9,11,5,0,0,1,0,0.2667,0.6429,0.0,0.5,18,130,23.9,19.8,3.6,18.4,24.5,13.9,9.2,8.3,28.3,16.9,0.0,15.9,4.400000000000002,2.900000000000002,3.650000000000002,3.8000000000000007,2.9999999999999982,3.3999999999999995
2022-01-10,Morocco,Ghana,AFCON,Yaoundé,Cameroon,True,2022,1,10,1,1529.93,1428.97,Rabat,Accra,"Rabat, Morocco","Accra, Ghana","Yaoundé, Cameroon",34.0218454,-6.8408929,5.5571096,-0.2012376,3.8689867,11.5213344,3853.536856678145,1312.5118985292913,7.145,7.136,7,11,10,3,2,4,0,0,0.4118,0.7857,1.0,1.0,7.064,6.682,13,2,5,11,1,0,0,1,0.7222,0.1538,1.0,0.0,6,65,16.0,6.4,0.0,13.4,31.3,23.8,0.0,17.8,30.0,20.2,0.0,12.4,14.0,13.799999999999999,13.899999999999999,1.3000000000000007,3.6000000000000014,2.450000000000001
2022-01-11,Nigeria,Egypt,AFCON,Garoua,Cameroon,True,2022,1,11,1,1478.78,1451.77,Abuja,Cairo,"Abuja, Nigeria","Cairo, Egypt","Garoua, Cameroon",9.0643305,7.4892974,30.0443879,31.2357257,9.3070698,13.3934527,648.6470800966305,2958.1637884836123,6.945,6.536,7,10,9,8,1,1,0,2,0.4375,0.5556,1.0,0.3333,6.818,7.127,13,7,13,17,0,2,1,0,0.5,0.2917,0.0,1.0,26,24,32.6,19.8,0.0,12.6,20.2,8.4,0.0,20.0,34.9,18.0,0.0,10.4,2.299999999999997,1.8000000000000007,2.049999999999999,14.7,9.6,12.149999999999999
2022-01-12,Tunisia,Mali,AFCON,Limbé,Cameroon,True,2022,1,12,2,1512.72,1427.98,Tunis,Bamako,"Tunis, Tunisia","Bamako, Mali","Limbé, Cameroon",36.8002068,10.1857757,12.6132656,-7.9847391,4.010289,9.207058,3647.4431916202852,2117.868389946734,6.827,6.618,9,9,7,10,0,0,1,1,0.5625,0.4737,0.0,0.0,6.473,7.06,10,9,7,6,0,5,2,4,0.5882,0.6,0.0,0.5556,57,53,13.3,5.9,5.0,20.2,34.0,19.5,0.0,12.0,30.5,25.5,0.0,19.5,17.2,19.6,18.4,3.5,6.0,4.75
2022-01-13,Cameroon,Ethiopia,AFCON,Yaoundé,Cameroon,False,2022,1,13,1,1437.35,1087.89,Yaoundé,Addis Ababa,"Yaoundé, Cameroon","Addis Ababa, Ethiopia","Yaoundé, Cameroon",3.8689867,11.5213344,9.0358119,38.7524315,3.8689867,11.5213344,0.0,3061.7371423597133,6.964,6.536,13,9,10,2,2,0,1,2,0.5652,0.8182,0.6667,0.0,6.464,6.782,7,13,10,5,0,0,1,1,0.4118,0.7222,0.0,0.0,43,143,30.0,20.1,0.0,13.4,21.6,7.8,0.0,15.4,30.0,20.1,0.0,13.4,0.0,0.0,0.0,8.399999999999999,12.3,10.35
2022-01-13,Cape Verde,Burkina Faso,AFCON,Yaoundé,Cameroon,True,2022,1,13,2,1339.48,1397.64,Praia,Ouagadougou,"Praia, Cape Verde","Ouagadougou, Burkina Faso","Yaoundé, Cameroon",14.9162811,-23.5095095,12.3681873,-1.5270944,3.8689867,11.5213344,4026.8138791668885,1718.1781394863106,7.218,6.445,10,6,7,14,1,0,0,4,0.5882,0.3,1.0,0.0,6.573,6.964,10,14,13,13,1,0,2,0,0.4348,0.5185,0.3333,0.5,64,62,26.1,20.0,0.0,16.9,34.6,17.9,0.0,13.2,30.0,20.1,0.0,13.4,3.8999999999999986,0.10000000000000142,2.0,4.600000000000001,2.200000000000003,3.400000000000002
2022-01-14,Gabon,Ghana,AFCON,Yaoundé,Cameroon,True,2022,1,14,0,1262.0,1428.97,Libreville,Accra,"Libreville, Gabon","Accra, Ghana","Yaoundé, Cameroon",0.4086518,9.4418849,5.5571096,-0.2012376,3.8689867,11.5213344,448.80187520004256,1312.5118985292913,6.927,6.736,4,5,8,15,1,0,0,0,0.3333,0.25,1.0,0.5,6.564,7.064,5,13,11,5,0,1,1,0,0.3125,0.7222,0.0,1.0,84,65,29.0,24.2,26.0,12.7,31.8,25.0,3.7,20.8,28.5,20.5,1.8,13.0,0.5,3.6999999999999993,2.0999999999999996,3.3000000000000007,4.5,3.9000000000000004
2022-01-14,Senegal,Guinea,AFCON,Bafoussam,Cameroon,True,2022,1,14,0,1561.68,1298.32,Dakar,Conakry,"Dakar, Senegal","Conakry, Guinea","Bafoussam, Cameroon",14.693425,-17.447938,9.5170602,-13.6998434,5.4758844,10.4217852,3214.315437162506,2696.06694745425,7.264,6.673,15,11,9,1,1,0,0,1,0.625,0.9167,1.0,0.0,7.118,6.982,12,2,9,9,1,2,0,0,0.5714,0.1818,1.0,1.0,18,81,25.8,22.3,0.0,21.3,29.9,24.8,0.0,18.1,29.1,17.5,0.0,15.5,3.3000000000000007,4.800000000000001,4.050000000000001,0.7999999999999972,7.300000000000001,4.049999999999999
2022-01-15,Guinea-Bissau,Egypt,AFCON,Garoua,Cameroon,True,2022,1,15,2,1177.14,1451.77,Bissau,Cairo,"Bissau, Guinea-Bissau","Cairo, Egypt","Garoua, Cameroon",11.861324,-15.583055,30.0443879,31.2357257,9.3070698,13.3934527,3178.4772392625623,2958.1637884836123,7.155,6.564,6,6,9,17,0,0,0,2,0.4,0.2609,0.5,0.0,6.773,6.818,3,13,13,13,0,0,1,1,0.1875,0.5,0.0,0.0,132,24,33.2,23.9,0.0,15.5,16.9,8.1,0.0,19.2,36.5,19.6,0.0,10.7,3.299999999999997,4.299999999999997,3.799999999999997,19.6,11.500000000000002,15.55
2022-01-16,Tunisia,Mauritania,AFCON,Limbé,Cameroon,True,2022,1,16,1,1512.72,1190.26,Tunis,Nouakchott,"Tunis, Tunisia","Nouakchott, Mauritania","Limbé, Cameroon",36.8002068,10.1857757,18.0792379,-15.9780071,4.010289,9.207058,3647.4431916202852,3155.148939420607,6.6,6.827,7,9,10,7,0,0,1,1,0.4118,0.5625,0.0,0.0,6.827,6.945,14,11,8,10,0,0,1,0,0.6364,0.5238,0.0,0.5,57,113,14.7,6.2,0.0,15.0,32.5,22.4,0.0,38.5,29.3,25.1,0.0,14.5,14.600000000000001,18.900000000000002,16.75,3.1999999999999993,2.700000000000003,2.950000000000001
2022-01-17,Cameroon,Cape Verde,AFCON,Yaoundé,Cameroon,False,2022,1,17,0,1437.35,1339.48,Yaoundé,Praia,"Yaoundé, Cameroon","Praia, Cape Verde","Yaoundé, Cameroon",3.8689867,11.5213344,14.9162811,-23.5095095,3.8689867,11.5213344,0.0,4026.8138791668885,7.436,6.964,16,13,10,10,4,2,1,1,0.6154,0.5652,0.8,0.6667,6.791,7.218,6,10,9,7,0,1,1,0,0.4,0.5882,0.0,1.0,43,64,27.6,19.8,0.4,13.5,25.2,18.7,0.0,17.4,27.6,19.8,0.4,13.5,0.0,0.0,0.0,2.400000000000002,1.1000000000000014,1.7500000000000018
2022-01-17,Burkina Faso,Ethiopia,AFCON,Bafoussam,Cameroon,True,2022,1,17,0,1397.64,1087.89,Ouagadougou,Addis Ababa,"Ouagadougou, Burkina Faso","Addis Ababa, Ethiopia","Bafoussam, Cameroon",12.3681873,-1.5270944,9.0358119,38.7524315,5.4758844,10.4217852,1519.1543622583777,3148.9270010425957,7.136,6.573,9,10,6,13,1,1,0,2,0.6,0.4348,1.0,0.3333,6.455,6.464,10,7,16,10,1,0,4,1,0.3846,0.4118,0.2,0.0,62,143,30.9,17.6,0.0,17.1,18.5,10.7,9.1,15.2,28.0,17.4,0.0,14.6,2.8999999999999986,0.20000000000000284,1.5500000000000007,9.5,6.699999999999999,8.1
2022-01-18,Malawi,Senegal,AFCON,Bafoussam,Cameroon,True,2022,1,18,0,1127.21,1561.68,Lilongwe,Dakar,"Lilongwe, Malawi","Dakar, Senegal","Bafoussam, Cameroon",-13.9875107,33.768144,14.693425,-17.447938,5.4758844,10.4217852,3364.4641419092163,3214.315437162506,7.018,6.591,8,9,11,12,2,0,1,1,0.4211,0.4286,0.6667,0.0,7.0,7.264,9,15,4,9,0,1,0,0,0.6923,0.625,0.5,1.0,129,18,26.8,17.5,3.4,8.7,32.1,22.4,0.0,18.4,27.4,15.6,0.0,13.0,0.5999999999999979,1.9000000000000004,1.2499999999999991,4.700000000000003,6.799999999999999,5.750000000000001
2022-01-18,Ghana,Comoros,AFCON,Garoua,Cameroon,True,2022,1,18,2,1428.97,1117.65,Accra,Moroni,"Accra, Ghana","Moroni, Comoros","Garoua, Cameroon",5.5571096,-0.2012376,-11.7040306,43.251909,9.3070698,13.3934527,1555.5487912701667,4043.7774628891957,6.782,6.564,5,5,13,11,1,0,1,1,0.2778,0.3125,0.5,0.0,6.764,6.682,7,8,15,4,0,0,2,1,0.3182,0.6667,0.0,0.0,65,108,30.6,24.5,1.7,15.1,29.2,23.1,6.6,16.3,32.5,19.6,0.0,11.3,1.8999999999999986,4.899999999999999,3.3999999999999986,3.3000000000000007,3.5,3.4000000000000004
2022-01-18,Zimbabwe,Guinea,AFCON,Yaoundé,Cameroon,True,2022,1,18,1,1138.44,1298.32,Harare,Conakry,"Harare, Zimbabwe","Conakry, Guinea","Yaoundé, Cameroon",-17.8567035,31.0601584,9.5170602,-13.6998434,3.8689867,11.5213344,3229.1041684582415,2853.826811287454,6.455,6.591,11,9,8,15,1,0,2,1,0.5789,0.375,0.3333,0.0,6.8,7.118,4,12,9,9,0,1,0,0,0.3077,0.5714,0.5,1.0,130,81,22.9,16.0,10.7,9.4,31.1,25.2,0.0,18.6,28.5,20.2,0.3,10.6,5.600000000000001,4.199999999999999,4.9,2.6000000000000014,5.0,3.8000000000000007
2022-01-18,Gabon,Morocco,AFCON,Yaoundé,Cameroon,True,2022,1,18,0,1262.0,1529.93,Libreville,Rabat,"Libreville, Gabon","Rabat, Morocco","Yaoundé, Cameroon",0.4086518,9.4418849,34.0218454,-6.8408929,3.8689867,11.5213344,448.80187520004256,3853.536856678145,6.773,6.927,13,4,5,8,1,1,1,0,0.7222,0.3333,0.5,1.0,7.091,7.018,15,11,7,5,2,1,0,0,0.6818,0.6875,1.0,1.0,84,6,28.5,23.8,4.6,12.0,15.9,7.6,0.0,9.0,28.5,20.2,0.3,10.6,0.0,3.6000000000000014,1.8000000000000007,12.6,12.6,12.6
2022-01-19,Egypt,Sudan,AFCON,Yaoundé,Cameroon,True,2022,1,19,1,1451.77,1131.74,Cairo,Khartoum,"Cairo, Egypt","Khartoum, Sudan","Yaoundé, Cameroon",30.0443879,31.2357257,15.5635972,32.5349123,3.8689867,11.5213344,3572.9172159947884,2640.715101592819,7.218,6.773,14,3,6,13,1,0,0,1,0.7,0.1875,1.0,0.0,6.373,6.955,5,9,15,6,1,0,3,0,0.25,0.6,0.25,0.5,24,117,14.4,8.3,3.2,18.9,23.4,11.7,0.0,26.3,29.5,20.2,0.4,12.2,15.1,11.899999999999999,13.5,6.100000000000001,8.5,7.300000000000001
2022-01-19,Guinea-Bissau,Nigeria,AFCON,Garoua,Cameroon,True,2022,1,19,2,1177.14,1478.78,Bissau,Abuja,"Bissau, Guinea-Bissau","Abuja, Nigeria","Garoua, Cameroon",11.861324,-15.583055,9.0643305,7.4892974,9.3070698,13.3934527,3178.4772392625623,648.6470800966305,6.636,7.155,6,6,14,9,0,0,1,0,0.3,0.4,0.0,0.5,7.055,7.136,15,13,5,3,3,1,1,0,0.75,0.8125,0.75,1.0,132,26,34.8,21.2,0.0,19.2,31.5,20.2,0.0,16.6,31.9,17.9,0.0,15.6,2.8999999999999986,3.3000000000000007,3.0999999999999996,0.3999999999999986,2.3000000000000007,1.3499999999999996
2022-01-20,Ivory Coast,Algeria,AFCON,Douala,Cameroon,True,2022,1,20,1,1417.86,1516.51,Yamoussoukro,Algiers,"Yamoussoukro, Ivory Coast","Algiers, Algeria","Douala, Cameroon",6.8200066,-5.2776034,36.7729333,3.0588445,4.0429389,9.7062018,1686.9363537655256,3702.2222755512307,7.109,7.182,17,7,5,12,2,1,2,0,0.7727,0.3684,0.5,1.0,6.764,7.036,11,11,5,10,0,0,1,0,0.6875,0.5238,0.0,0.5,31,29,34.6,17.7,0.0,10.4,14.3,3.4,0.0,9.6,31.5,24.6,0.8,13.8,3.1000000000000014,6.900000000000002,5.000000000000002,17.2,21.200000000000003,19.200000000000003
2022-01-20,Sierra Leone,Equatorial Guinea,AFCON,Limbé,Cameroon,True,2022,1,20,2,1174.12,1156.78,Freetown,Malabo,"Freetown, Sierra Leone","Malabo, Equatorial Guinea","Limbé, Cameroon",8.479004,-13.26795,3.741877,8.7740663,4.010289,9.207058,2532.656013618728,56.55327914037359,6.755,7.209,5,10,17,11,2,0,2,0,0.2273,0.4762,0.5,0.5,6.936,6.727,5,12,11,7,1,0,0,1,0.3125,0.6316,1.0,0.0,122,105,29.7,24.6,0.0,16.3,29.1,25.1,2.5,12.1,30.2,26.4,0.9,17.1,0.5,1.7999999999999972,1.1499999999999986,1.0999999999999979,1.2999999999999972,1.1999999999999975
2022-01-20,Mali,Mauritania,AFCON,Douala,Cameroon,True,2022,1,20,1,1427.98,1190.26,Bamako,Nouakchott,"Bamako, Mali","Nouakchott, Mauritania","Douala, Cameroon",12.6132656,-7.9847391,18.0792379,-15.9780071,4.0429389,9.7062018,2165.285751657542,3200.5099920875728,6.745,7.091,16,10,6,7,1,1,1,0,0.7273,0.5882,0.5,1.0,6.255,6.827,7,14,9,8,0,0,4,1,0.4375,0.6364,0.0,0.0,53,113,32.3,17.6,0.0,16.8,34.8,18.6,0.0,21.6,31.5,24.6,0.8,13.8,0.7999999999999972,7.0,3.8999999999999986,3.299999999999997,6.0,4.649999999999999
2022-01-20,Gambia,Tunisia,AFCON,Limbé,Cameroon,True,2022,1,20,1,1049.74,1512.72,Banjul,Tunis,"Banjul, Gambia","Tunis, Tunisia","Limbé, Cameroon",13.4410165,-16.5627509,36.8002068,10.1857757,4.010289,9.207058,3016.451374461024,3647.4431916202852,6.727,7.091,6,8,16,14,1,1,1,0,0.2727,0.3636,0.5,1.0,7.364,6.6,9,7,7,10,4,0,0,1,0.5625,0.4118,1.0,0.0,116,57,35.1,21.9,0.0,16.9,14.9,4.1,0.0,13.0,30.2,26.4,0.9,17.1,4.900000000000002,4.5,4.700000000000001,15.299999999999999,22.299999999999997,18.799999999999997
2022-01-23,Burkina Faso,Gabon,AFCON,Limbé,Cameroon,True,2022,1,23,0,1397.64,1262.0,Ouagadougou,Libreville,"Ouagadougou, Burkina Faso","Libreville, Gabon","Limbé, Cameroon",12.3681873,-1.5270944,0.4086518,9.4418849,4.010289,9.207058,1502.239238664622,401.33257582094825,6.927,7.136,5,9,9,6,1,1,1,0,0.3571,0.6,0.5,1.0,6.645,6.773,10,13,6,5,2,1,2,1,0.625,0.7222,0.5,0.5,62,84,30.9,16.3,0.0,18.9,29.8,23.0,4.1,11.7,30.8,24.6,0.0,19.6,0.09999999999999787,8.3,4.199999999999999,1.0,1.6000000000000014,1.3000000000000007
2022-01-23,Nigeria,Tunisia,AFCON,Garoua,Cameroon,True,2022,1,23,2,1478.78,1512.72,Abuja,Tunis,"Abuja, Nigeria","Tunis, Tunisia","Garoua, Cameroon",9.0643305,7.4892974,36.8002068,10.1857757,9.3070698,13.3934527,648.6470800966305,3074.1389730121023,7.173,7.055,12,15,5,5,2,3,0,1,0.7059,0.75,1.0,0.75,6.873,7.364,15,9,8,7,0,4,1,0,0.6522,0.5625,0.0,1.0,26,57,33.3,19.8,0.0,15.0,13.5,4.7,0.4,9.0,34.2,17.5,0.0,10.8,0.9000000000000057,2.3000000000000007,1.6000000000000032,20.700000000000003,12.8,16.75
2022-01-24,Cameroon,Comoros,AFCON,Yaoundé,Cameroon,False,2022,1,24,1,1437.35,1117.65,Yaoundé,Moroni,"Yaoundé, Cameroon","Moroni, Comoros","Yaoundé, Cameroon",3.8689867,11.5213344,-11.7040306,43.251909,3.8689867,11.5213344,0.0,3912.778694020091,6.8,7.436,11,16,3,10,1,4,1,1,0.7857,0.6154,0.5,0.8,6.882,6.764,12,7,20,15,3,0,2,2,0.375,0.3182,0.6,0.0,43,108,32.0,19.8,0.0,11.7,27.6,24.0,57.9,25.1,32.0,19.8,0.0,11.7,0.0,0.0,0.0,4.399999999999999,4.199999999999999,4.299999999999999
2022-01-24,Guinea,Gambia,AFCON,Bafoussam,Cameroon,True,2022,1,24,2,1298.32,1049.74,Conakry,Banjul,"Conakry, Guinea","Banjul, Gambia","Bafoussam, Cameroon",9.5170602,-13.6998434,13.4410165,-16.5627509,5.4758844,10.4217852,2696.06694745425,3086.217430216029,6.636,6.8,11,4,11,9,1,0,2,0,0.5,0.3077,0.3333,0.5,6.9,6.727,8,6,15,16,1,1,0,1,0.3478,0.2727,1.0,0.5,81,116,32.0,23.4,0.0,19.9,34.7,22.8,0.0,23.3,28.1,15.5,0.0,13.7,3.8999999999999986,7.899999999999999,5.899999999999999,6.600000000000001,7.300000000000001,6.950000000000001
2022-01-25,Morocco,Malawi,AFCON,Yaoundé,Cameroon,True,2022,1,25,1,1529.93,1127.21,Rabat,Lilongwe,"Rabat, Morocco","Lilongwe, Malawi","Yaoundé, Cameroon",34.0218454,-6.8408929,-13.9875107,33.768144,3.8689867,11.5213344,3853.536856678145,3156.4307611289073,6.673,7.091,6,15,10,7,2,2,2,0,0.375,0.6818,0.5,1.0,6.773,7.018,8,8,7,11,0,2,0,1,0.5333,0.4211,0.5,0.6667,6,129,16.2,10.0,0.0,15.0,21.7,18.3,45.1,29.4,30.6,19.9,0.1,14.5,14.400000000000002,9.899999999999999,12.15,8.900000000000002,1.5999999999999979,5.25
2022-01-25,Senegal,Cape Verde,AFCON,Bafoussam,Cameroon,True,2022,1,25,1,1561.68,1339.48,Dakar,Praia,"Dakar, Senegal","Praia, Cape Verde","Bafoussam, Cameroon",14.693425,-17.447938,14.9162811,-23.5095095,5.4758844,10.4217852,3214.315437162506,3852.7577644424337,7.018,7.0,7,9,8,4,0,0,0,0,0.4667,0.6923,0.5,0.5,6.8,6.791,3,6,11,9,1,0,1,1,0.2143,0.4,0.5,0.0,18,64,28.3,24.4,0.0,30.7,28.0,22.1,0.0,24.9,28.8,15.8,0.0,15.5,0.5,8.599999999999998,4.549999999999999,0.8000000000000007,6.300000000000001,3.5500000000000007
2022-01-26,Ivory Coast,Egypt,AFCON,Douala,Cameroon,True,2022,1,26,0,1417.86,1451.77,Yamoussoukro,Cairo,"Yamoussoukro, Ivory Coast","Cairo, Egypt","Douala, Cameroon",6.8200066,-5.2776034,30.0443879,31.2357257,4.0429389,9.7062018,1686.9363537655256,3671.0006933390387,7.255,7.109,11,17,10,5,3,2,1,2,0.5238,0.7727,0.75,0.5,7.236,7.218,12,14,7,6,1,1,0,0,0.6316,0.7,1.0,1.0,31,24,35.0,17.5,0.0,13.8,11.5,7.7,3.2,25.6,30.3,24.1,1.2,16.6,4.699999999999999,6.600000000000001,5.65,18.8,16.400000000000002,17.6
2022-01-26,Mali,Equatorial Guinea,AFCON,Limbé,Cameroon,True,2022,1,26,0,1427.98,1156.78,Bamako,Malabo,"Bamako, Mali","Malabo, Equatorial Guinea","Limbé, Cameroon",12.6132656,-7.9847391,3.741877,8.7740663,4.010289,9.207058,2117.868389946734,56.55327914037359,7.082,6.745,16,16,5,6,2,1,0,1,0.7619,0.7273,1.0,0.5,7.2,6.936,14,5,6,11,1,1,0,0,0.7,0.3125,1.0,1.0,53,105,31.8,17.5,0.0,13.8,28.8,24.5,0.0,13.2,30.1,25.7,0.4,14.1,1.6999999999999993,8.2,4.949999999999999,1.3000000000000007,1.1999999999999993,1.25
2022-01-29,Cameroon,Gambia,AFCON,Douala,Cameroon,False,2022,1,29,1,1437.35,1049.74,Yaoundé,Banjul,"Yaoundé, Cameroon","Banjul, Gambia","Douala, Cameroon",3.8689867,11.5213344,13.4410165,-16.5627509,4.0429389,9.7062018,202.27944738765743,3066.5161601322934,7.218,6.8,18,11,12,3,2,1,1,1,0.6,0.7857,0.6667,0.5,7.064,6.9,10,8,18,15,1,1,0,0,0.3571,0.3478,1.0,1.0,43,116,31.5,17.7,0.0,13.7,30.8,21.1,0.0,23.8,30.6,23.8,1.0,16.3,0.8999999999999986,6.100000000000001,3.5,0.1999999999999993,2.6999999999999993,1.4499999999999993
2022-01-29,Burkina Faso,Tunisia,AFCON,Garoua,Cameroon,True,2022,1,29,1,1397.64,1512.72,Ouagadougou,Tunis,"Ouagadougou, Burkina Faso","Tunis, Tunisia","Garoua, Cameroon",12.3681873,-1.5270944,36.8002068,10.1857757,9.3070698,13.3934527,1664.29728956622,3074.1389730121023,7.0,6.927,11,5,14,9,8,1,7,1,0.44,0.3571,0.5333,0.5,7.0,6.873,5,15,12,8,1,0,0,1,0.2941,0.6522,1.0,0.0,62,57,33.7,18.0,0.0,15.0,15.6,6.9,0.0,17.9,33.4,17.1,0.0,12.5,0.30000000000000426,0.8999999999999986,0.6000000000000014,17.799999999999997,10.200000000000001,14.0
2022-01-30,Senegal,Equatorial Guinea,AFCON,Yaoundé,Cameroon,True,2022,1,30,1,1561.68,1156.78,Dakar,Malabo,"Dakar, Senegal","Malabo, Equatorial Guinea","Yaoundé, Cameroon",14.693425,-17.447938,3.741877,8.7740663,3.8689867,11.5213344,3393.637321357675,305.1360690060866,6.9,7.018,12,7,1,8,2,0,0,0,0.9231,0.4667,1.0,0.5,6.873,7.2,7,14,12,6,6,1,5,0,0.3684,0.7,0.5455,1.0,18,105,24.7,21.1,0.0,31.4,29.9,25.9,0.0,14.2,29.5,18.7,0.0,14.7,4.800000000000001,2.400000000000002,3.6000000000000014,0.3999999999999986,7.199999999999999,3.799999999999999
2022-01-30,Egypt,Morocco,AFCON,Yaoundé,Cameroon,True,2022,1,30,1,1451.77,1529.93,Cairo,Rabat,"Cairo, Egypt","Rabat, Morocco","Yaoundé, Cameroon",30.0443879,31.2357257,34.0218454,-6.8408929,3.8689867,11.5213344,3572.9172159947884,3853.536856678145,7.218,7.236,13,12,12,7,5,1,4,0,0.52,0.6316,0.5556,1.0,7.273,6.673,21,6,4,10,2,2,1,2,0.84,0.375,0.6667,0.5,24,6,18.1,6.1,0.0,16.3,21.3,11.4,0.0,10.6,29.5,18.7,0.0,14.7,11.399999999999999,12.6,12.0,8.2,7.299999999999999,7.749999999999999
2022-02-02,Burkina Faso,Senegal,AFCON,Yaoundé,Cameroon,True,2022,2,2,2,1397.64,1561.68,Ouagadougou,Dakar,"Ouagadougou, Burkina Faso","Dakar, Senegal","Yaoundé, Cameroon",12.3681873,-1.5270944,14.693425,-17.447938,3.8689867,11.5213344,1718.1781394863106,3393.637321357675,7.082,7.0,10,11,9,14,1,8,0,7,0.5263,0.44,1.0,0.5333,6.873,6.9,7,12,4,1,3,2,1,0,0.6364,0.9231,0.75,1.0,62,18,31.7,15.0,0.0,15.9,35.3,22.8,0.0,28.4,30.5,19.7,0.3,11.4,1.1999999999999993,4.699999999999999,2.9499999999999993,4.799999999999997,3.1000000000000014,3.9499999999999993
2022-02-03,Cameroon,Egypt,AFCON,Yaoundé,Cameroon,False,2022,2,3,0,1437.35,1451.77,Yaoundé,Cairo,"Yaoundé, Cameroon","Cairo, Egypt","Yaoundé, Cameroon",3.8689867,11.5213344,30.0443879,31.2357257,3.8689867,11.5213344,0.0,3572.9172159947884,7.318,7.218,17,18,1,12,2,2,0,1,0.9444,0.6,1.0,0.6667,6.664,7.218,11,13,15,12,2,5,1,4,0.4231,0.52,0.6667,0.5556,43,24,29.1,20.3,1.7,12.8,18.5,9.7,0.4,27.5,29.1,20.3,1.7,12.8,0.0,0.0,0.0,10.600000000000001,10.600000000000001,10.600000000000001
2022-02-05,Cameroon,Burkina Faso,AFCON,Yaoundé,Cameroon,False,2022,2,5,0,1437.35,1397.64,Yaoundé,Ouagadougou,"Yaoundé, Cameroon","Ouagadougou, Burkina Faso","Yaoundé, Cameroon",3.8689867,11.5213344,12.3681873,-1.5270944,3.8689867,11.5213344,0.0,1718.1781394863106,6.855,7.318,8,17,4,1,1,2,3,0,0.6667,0.9444,0.25,1.0,6.645,7.082,9,10,15,9,1,1,3,0,0.375,0.5263,0.25,1.0,43,62,30.3,19.6,0.0,13.4,32.9,16.0,0.0,14.4,30.3,19.6,0.0,13.4,0.0,0.0,0.0,2.599999999999998,3.6000000000000014,3.0999999999999996
2022-02-06,Senegal,Egypt,AFCON,Yaoundé,Cameroon,True,2022,2,6,0,1561.68,1451.77,Dakar,Cairo,"Dakar, Senegal","Cairo, Egypt","Yaoundé, Cameroon",14.693425,-17.447938,30.0443879,31.2357257,3.8689867,11.5213344,3393.637321357675,3572.9172159947884,7.164,6.873,15,7,9,4,3,3,1,1,0.625,0.6364,0.75,0.75,7.073,6.664,4,11,8,15,3,2,1,1,0.3333,0.4231,0.75,0.6667,18,24,25.9,20.9,0.0,23.6,19.5,6.5,0.0,9.1,30.5,19.6,0.0,11.6,4.600000000000001,1.2999999999999972,2.9499999999999993,11.0,13.100000000000001,12.05
2022-03-24,Estonia,Cyprus,UEFA,Tallinn,Estonia,False,2022,3,24,0,1176.5,1178.65,Tallinn,Nicosia,"Tallinn, Estonia","Nicosia, Cyprus","Tallinn, Estonia",59.437242,24.7572693,35.1746503,33.3638783,59.437242,24.7572693,0.0,2769.5501862034585,6.755,6.5,11,6,14,17,0,1,2,3,0.44,0.2609,0.0,0.25,6.655,6.191,3,6,14,17,1,0,2,6,0.1765,0.2609,0.3333,0.0,127,124,9.9,-1.6,0.0,16.9,13.3,2.0,1.5,13.8,9.9,-1.6,0.0,16.9,0.0,0.0,0.0,3.4000000000000004,3.6,3.5
2022-03-24,Moldova,Kazakhstan,UEFA,Chișinău,Moldova,False,2022,3,24,2,926.85,1140.71,Chișinău,Nur-Sultan,"Chișinău, Moldova","Nur-Sultan, Kazakhstan","Chișinău, Moldova",47.0245117,28.8322923,51.1282205,71.4306682,47.0245117,28.8322923,0.0,3091.73012512484,6.309,6.618,4,5,15,16,1,0,4,2,0.2105,0.2381,0.2,0.0,5.755,6.818,5,4,18,17,0,0,8,2,0.2174,0.1905,0.0,0.0,159,111,17.3,0.7,0.0,24.1,-0.2,-6.9,0.0,32.7,17.3,0.7,0.0,24.1,0.0,0.0,0.0,17.5,7.6000000000000005,12.55
2022-03-29,Cyprus,Estonia,UEFA,Larnaca,Cyprus,False,2022,3,29,1,1178.65,1176.5,Nicosia,Tallinn,"Nicosia, Cyprus","Tallinn, Estonia","Larnaca, Cyprus",35.1746503,33.3638783,59.437242,24.7572693,34.9236095,33.6236184,36.5823773715705,2801.3092125399166,6.936,6.655,9,3,9,14,0,1,0,2,0.5,0.1765,0.5,0.3333,7.045,6.755,9,11,9,14,0,0,0,2,0.5,0.44,0.5,0.0,124,127,19.9,7.6,0.0,11.8,-1.2,-4.7,0.3,20.1,20.0,10.9,0.0,18.2,0.10000000000000142,3.3000000000000007,1.700000000000001,21.2,15.600000000000001,18.4
2022-03-29,Kazakhstan,Moldova,UEFA,Astana,Kazakhstan,False,2022,3,29,2,1140.71,926.85,Nur-Sultan,Chișinău,"Nur-Sultan, Kazakhstan","Chișinău, Moldova","Astana, Kazakhstan",51.1282205,71.4306682,47.0245117,28.8322923,51.1282205,71.4306682,0.0,3091.73012512484,7.118,5.755,4,5,25,18,2,0,1,8,0.1379,0.2174,0.6667,0.0,6.918,6.309,25,4,4,15,1,1,2,4,0.8621,0.2105,0.3333,0.2,111,159,3.2,-4.9,5.7,44.3,19.6,2.9,0.0,13.5,3.2,-4.9,5.7,44.3,0.0,0.0,0.0,16.400000000000002,7.800000000000001,12.100000000000001
2022-06-01,Poland,Wales,UEFA,Wrocław,Poland,False,2022,6,1,1,1544.2,1588.08,Warsaw,Cardiff,"Warsaw, Poland","Cardiff, Wales","Wrocław, Poland",52.2319581,21.0067249,51.4816546,-3.1791934,51.1089776,17.0326689,301.1089548473384,1401.4927855303667,7.127,6.827,10,9,11,7,2,1,0,2,0.4762,0.5625,1.0,0.3333,7.109,6.864,13,8,13,12,2,1,1,1,0.5,0.4,0.6667,0.5,36,38,19.8,12.1,3.5,26.0,17.1,8.7,0.4,12.9,21.2,12.1,0.6,18.5,1.3999999999999986,0.0,0.6999999999999993,4.099999999999998,3.4000000000000004,3.749999999999999
2022-06-02,Czech Republic,Switzerland,UEFA,Prague,Czech Republic,False,2022,6,2,1,1500.62,1635.32,Prague,Bern,"Prague, Czech Republic","Bern, Switzerland","Prague, Czech Republic",50.0874654,14.4212535,46.9484742,7.4521749,50.0874654,14.4212535,0.0,620.3258237242967,6.891,7.245,7,14,8,11,0,2,1,0,0.4667,0.56,0.0,1.0,7.436,6.782,16,9,1,10,4,1,0,1,0.9412,0.4737,1.0,0.5,48,14,24.2,11.5,0.0,17.8,21.7,12.6,33.9,8.9,24.2,11.5,0.0,17.8,0.0,0.0,0.0,2.5,1.0999999999999996,1.7999999999999998
2022-06-02,Slovenia,Sweden,UEFA,Ljubljana,Slovenia,False,2022,6,2,2,1378.23,1584.77,Ljubljana,Stockholm,"Ljubljana, Slovenia","Stockholm, Sweden","Ljubljana, Slovenia",46.0500268,14.5069289,59.3251172,18.0710935,46.0500268,14.5069289,0.0,1495.0050775052355,7.0,6.773,14,5,3,12,2,2,1,2,0.8235,0.2941,0.6667,0.5,6.745,7.018,11,8,10,7,0,1,2,0,0.5238,0.5333,0.0,1.0,56,37,27.1,13.1,13.1,15.2,13.5,9.1,26.1,19.3,27.1,13.1,13.1,15.2,0.0,0.0,0.0,13.600000000000001,4.0,8.8
2022-06-02,Estonia,San Marino,UEFA,Tallinn,Estonia,False,2022,6,2,1,1169.06,776.97,Tallinn,City of San Marino,"Tallinn, Estonia","City of San Marino, San Marino","Tallinn, Estonia",59.437242,24.7572693,43.9363996,12.4466991,59.437242,24.7572693,0.0,1914.088247194402,6.464,7.045,6,9,6,9,0,0,2,0,0.5,0.5,0.0,0.5,5.409,6.455,2,1,19,20,0,0,10,4,0.0952,0.0476,0.0,0.0,127,211,13.6,9.8,17.4,35.1,25.9,13.8,0.0,10.7,13.6,9.8,17.4,35.1,0.0,0.0,0.0,12.299999999999999,4.0,8.149999999999999
2022-06-02,Spain,Portugal,UEFA,Seville,Spain,False,2022,6,2,0,1709.19,1674.78,Madrid,Lisbon,"Madrid, Spain","Lisbon, Portugal","Seville, Spain",40.416782,-3.703507,38.7077507,-9.1365919,37.3886303,-5.9953403,390.74136507365967,311.70266658930655,7.018,7.127,7,9,5,2,1,1,0,0,0.5833,0.8182,1.0,1.0,7.373,6.9,11,14,3,12,2,3,0,1,0.7857,0.5385,1.0,0.75,1,7,27.6,15.9,0.0,17.5,20.3,16.7,2.2,22.0,27.2,17.0,0.0,18.3,0.40000000000000213,1.0999999999999996,0.7500000000000009,6.899999999999999,0.3000000000000007,3.5999999999999996
2022-06-02,Cyprus,Kosovo,UEFA,Larnaca,Cyprus,False,2022,6,2,2,1186.09,1173.9,Nicosia,Pristina,"Nicosia, Cyprus","Pristina, Kosovo","Larnaca, Cyprus",35.1746503,33.3638783,42.6638771,21.1640849,34.9236095,33.6236184,36.5823773715705,1378.3141445427325,7.145,6.936,6,9,6,9,2,0,0,0,0.5,0.5,1.0,0.5,6.891,6.891,6,11,18,5,1,1,1,2,0.25,0.6875,0.5,0.3333,124,78,34.6,17.3,0.0,10.7,29.5,14.1,0.1,17.1,28.3,18.6,0.0,19.2,6.300000000000001,1.3000000000000007,3.8000000000000007,1.1999999999999993,4.500000000000002,2.8500000000000005
2022-06-02,Israel,Iceland,UEFA,Haifa,Israel,False,2022,6,2,0,1305.92,1380.85,Jerusalem,Reykjavik,"Jerusalem, Israel","Reykjavik, Iceland","Haifa, Israel",31.7788472,35.2257856,64.145981,-21.9422367,32.8191218,34.9983856,117.6311723884102,5176.704758547554,7.018,6.682,13,5,5,23,3,2,2,4,0.7222,0.1786,0.6,0.3333,6.618,7.264,5,8,19,19,1,0,3,0,0.2083,0.2963,0.25,0.5,76,74,28.9,16.6,0.0,20.7,9.9,7.2,1.2,13.5,23.9,18.9,0.0,13.0,5.0,2.299999999999997,3.6499999999999986,13.999999999999998,11.7,12.849999999999998
2022-06-02,Northern Ireland,Greece,UEFA,Belfast,Northern Ireland,False,2022,6,2,2,1423.55,1421.43,Belfast,Athens,"Belfast, Northern Ireland","Athens, Greece","Belfast, Northern Ireland",54.596391,-5.9301829,37.9755648,23.7348324,54.596391,-5.9301829,0.0,2897.3060674297108,6.864,7.191,3,15,10,7,0,1,0,0,0.2308,0.6818,0.5,1.0,7.109,6.555,18,2,6,9,1,0,1,1,0.75,0.1818,0.5,0.0,70,46,14.0,6.1,0.2,12.7,31.8,20.8,0.0,19.8,14.0,6.1,0.2,12.7,0.0,0.0,0.0,17.8,14.700000000000001,16.25
2022-06-02,Georgia,Gibraltar,UEFA,Tbilisi,Georgia,False,2022,6,2,1,1276.31,857.2,Tbilisi,Gibraltar,"Tbilisi, Georgia","Gibraltar, Gibraltar","Tbilisi, Georgia",41.6934591,44.8014495,36.140807,-5.3541295,41.6934591,44.8014495,0.0,4321.411150629275,7.282,6.791,10,5,18,11,2,2,0,1,0.3571,0.3125,1.0,0.6667,6.545,6.055,7,1,8,30,1,0,3,6,0.4667,0.0323,0.25,0.0,72,202,32.3,18.4,0.0,7.9,26.0,18.3,0.0,20.9,32.3,18.4,0.0,7.9,0.0,0.0,0.0,6.299999999999997,0.09999999999999787,3.1999999999999975
2022-06-02,Bulgaria,North Macedonia,UEFA,Razgrad,Bulgaria,False,2022,6,2,0,1338.78,1381.07,Sofia,Skopje,"Sofia, Bulgaria","Skopje, North Macedonia","Razgrad, Bulgaria",42.6977028,23.3217359,41.9962164,21.4318935,43.6394793,26.7022408,293.44838761264646,466.97803401670444,6.473,7.036,1,10,16,14,0,2,4,1,0.0588,0.4167,0.0,0.6667,6.445,7.0,3,4,11,29,0,1,2,0,0.2143,0.1212,0.0,1.0,85,69,28.4,16.4,0.0,9.5,30.0,16.3,0.9,8.7,29.0,19.6,0.0,12.0,0.6000000000000014,3.200000000000003,1.9000000000000021,1.0,3.3000000000000007,2.1500000000000004
2022-06-03,Belarus,Slovakia,UEFA,Novi Sad,Serbia,True,2022,6,3,2,1243.2,1454.98,Minsk,Bratislava,"Minsk, Belarus","Bratislava, Slovakia","Novi Sad, Serbia",53.9024716,27.5618225,48.1516988,17.1093063,45.2551338,19.8451756,1109.4168426482618,383.68763436349695,6.3,6.627,4,6,18,15,1,0,5,2,0.1818,0.2857,0.1667,0.0,7.8,6.764,22,12,1,5,6,2,0,2,0.9565,0.7059,1.0,0.5,96,45,17.4,7.7,0.0,18.7,27.8,16.2,0.0,19.6,28.1,18.4,0.0,7.6,10.700000000000003,10.7,10.700000000000001,0.3000000000000007,2.1999999999999993,1.25
2022-06-03,Liechtenstein,Moldova,UEFA,Vaduz,Liechtenstein,False,2022,6,3,2,895.08,932.79,Vaduz,Chișinău,"Vaduz, Liechtenstein","Chișinău, Moldova","Vaduz, Liechtenstein",47.1392862,9.5227962,47.0245117,28.8322923,47.1392862,9.5227962,0.0,1458.4120513026617,6.864,5.736,2,3,34,31,0,0,2,9,0.0556,0.0882,0.0,0.0,7.245,6.918,13,25,13,4,5,1,5,2,0.5,0.8621,0.5,0.3333,206,159,28.9,13.6,12.6,8.9,27.0,17.8,0.3,18.1,28.9,13.6,12.6,8.9,0.0,0.0,0.0,1.8999999999999986,4.200000000000001,3.05
2022-06-03,Croatia,Austria,UEFA,Osijek,Croatia,False,2022,6,3,2,1621.11,1500.37,Zagreb,Vienna,"Zagreb, Croatia","Vienna, Austria","Osijek, Croatia",45.8130967,15.9772795,48.2083537,16.3725042,45.5548793,18.6953685,213.08035496508654,343.7979155323487,7.245,7.6,17,16,2,1,1,7,0,1,0.8947,0.9412,1.0,0.875,6.964,7.318,13,15,13,4,1,4,2,1,0.5,0.7895,0.3333,0.8,13,23,25.7,16.5,0.6,8.7,28.0,14.1,0.0,23.5,28.7,17.5,0.3,10.5,3.0,1.0,2.0,0.6999999999999993,3.4000000000000004,2.05
2022-06-03,Kazakhstan,Azerbaijan,UEFA,Astana,Kazakhstan,False,2022,6,3,1,1134.77,1127.05,Nur-Sultan,Baku,"Nur-Sultan, Kazakhstan","Baku, Azerbaijan","Astana, Kazakhstan",51.1282205,71.4306682,40.3755885,49.8328009,51.1282205,71.4306682,0.0,2046.0156981746018,7.036,7.118,13,4,13,25,5,2,5,1,0.5,0.1379,0.5,0.6667,6.364,6.709,6,3,21,19,1,1,3,3,0.2222,0.1364,0.25,0.25,111,126,25.7,11.0,4.6,21.9,30.9,19.3,0.0,20.4,25.7,11.0,4.6,21.9,0.0,0.0,0.0,5.199999999999999,8.3,6.75
2022-06-03,Latvia,Andorra,UEFA,Riga,Latvia,False,2022,6,3,1,1105.02,1040.13,Riga,Andorra la Vella,"Riga, Latvia","Andorra la Vella, Andorra","Riga, Latvia",56.9493977,24.1051846,42.4979185,1.5032264,56.9493977,24.1051846,0.0,2264.8249731967107,7.018,6.991,8,5,7,22,3,0,1,0,0.5333,0.1852,0.75,0.5,6.573,6.0,8,2,15,17,0,1,1,4,0.3478,0.1053,0.0,0.2,137,172,16.6,9.0,0.6,23.7,26.8,14.4,0.0,14.4,16.6,9.0,0.6,23.7,0.0,0.0,0.0,10.2,5.4,7.8
2022-06-04,Finland,Bosnia and Herzegovina,UEFA,Helsinki,Finland,False,2022,6,4,0,1406.87,1388.63,Helsinki,Sarajevo,"Helsinki, Finland","Sarajevo, Bosnia and Herzegovina","Helsinki, Finland",60.1666204,24.9435408,43.8570713,18.4126147,60.1666204,24.9435408,0.0,1865.6232958179917,6.6,7.082,6,8,6,16,0,3,2,1,0.5,0.3333,0.0,0.75,6.718,6.809,6,16,12,8,0,1,2,3,0.3333,0.6667,0.0,0.25,75,61,14.9,9.1,4.2,21.8,30.3,18.2,0.1,12.2,14.9,9.1,4.2,21.8,0.0,0.0,0.0,15.4,9.1,12.25
2022-06-04,Hungary,England,UEFA,Budapest,Hungary,False,2022,6,4,1,1466.08,1761.71,Budapest,London,"Budapest, Hungary","London, England","Budapest, Hungary",47.4813896,19.1457723,51.5074456,-0.1277653,47.4813896,19.1457723,0.0,1457.1995660717173,6.818,7.555,7,20,9,1,2,4,1,0,0.4375,0.9524,0.6667,1.0,8.036,7.7,19,13,2,4,10,5,0,0,0.9048,0.7647,1.0,1.0,39,4,27.5,18.5,5.6,20.2,19.8,12.0,2.4,30.0,27.5,18.5,5.6,20.2,0.0,0.0,0.0,7.699999999999999,6.5,7.1
2022-06-04,Italy,Germany,UEFA,Bologna,Italy,False,2022,6,4,0,1723.31,1650.53,Rome,Berlin,"Rome, Italy","Berlin, Germany","Bologna, Italy",41.8933203,12.4829321,52.5173885,13.3951309,44.4938203,11.3426327,303.5696205287697,904.8026880061718,6.573,7.173,6,29,15,4,0,0,3,1,0.2857,0.8788,0.0,0.0,7.491,7.955,14,31,4,3,4,9,1,0,0.7778,0.9118,0.8,1.0,15,12,35.1,20.2,0.0,15.6,22.5,13.7,0.0,17.9,29.1,18.3,0.0,14.1,6.0,1.8999999999999986,3.9499999999999993,6.600000000000001,4.600000000000001,5.600000000000001
2022-06-04,Lithuania,Luxembourg,UEFA,Vilnius,Lithuania,False,2022,6,4,2,1092.04,1229.6,Vilnius,Luxembourg,"Vilnius, Lithuania","Luxembourg, Luxembourg","Vilnius, Lithuania",54.6870458,25.2829111,49.6112768,6.129799,54.6870458,25.2829111,0.0,1417.6520732019446,6.645,6.618,7,6,15,17,0,0,1,4,0.3182,0.2609,0.0,0.0,6.527,7.145,8,21,17,6,0,3,3,1,0.32,0.7778,0.0,0.75,149,98,20.6,8.9,0.2,17.4,24.6,13.0,0.1,12.4,20.6,8.9,0.2,17.4,0.0,0.0,0.0,4.0,4.1,4.05
2022-06-04,Armenia,Republic of Ireland,UEFA,Yerevan,Armenia,False,2022,6,4,1,1245.13,1449.48,Yerevan,Dublin,"Yerevan, Armenia","Dublin, Republic of Ireland","Yerevan, Armenia",40.1777112,44.5126233,53.3493795,-6.2605593,40.1777112,44.5126233,0.0,4035.2707835911724,6.155,6.227,4,6,14,8,1,0,4,5,0.2222,0.4286,0.2,0.0,7.336,7.155,17,11,8,11,3,0,0,0,0.68,0.5,1.0,0.5,107,55,33.6,19.5,0.0,18.9,14.2,11.0,0.1,25.6,33.6,19.5,0.0,18.9,0.0,0.0,0.0,19.400000000000002,8.5,13.950000000000001
2022-06-04,Montenegro,Romania,UEFA,Podgorica,Montenegro,False,2022,6,4,1,1342.79,1446.54,Podgorica,Bucharest,"Podgorica, Montenegro","Bucharest, Romania","Podgorica, Montenegro",42.4415238,19.2621081,44.4361414,26.102684,42.4415238,19.2621081,0.0,594.9350201551273,6.873,6.518,10,9,15,8,1,2,2,2,0.4,0.5294,0.3333,0.5,7.627,7.209,34,19,2,8,2,0,0,0,0.9444,0.7037,1.0,0.5,80,52,33.5,19.2,0.2,8.7,28.2,19.0,0.0,12.6,33.5,19.2,0.2,8.7,0.0,0.0,0.0,5.300000000000001,0.1999999999999993,2.75
2022-06-05,Portugal,Switzerland,UEFA,Lisbon,Portugal,False,2022,6,5,1,1674.78,1635.32,Lisbon,Bern,"Lisbon, Portugal","Bern, Switzerland","Lisbon, Portugal",38.7077507,-9.1365919,46.9484742,7.4521749,38.7077507,-9.1365919,0.0,1628.6599557192171,6.755,7.373,6,11,10,3,1,2,1,0,0.375,0.7857,0.5,1.0,6.745,7.436,13,16,7,1,1,4,2,0,0.65,0.9412,0.3333,1.0,7,14,24.4,14.8,0.0,21.1,22.6,14.9,12.7,22.0,24.4,14.8,0.0,21.1,0.0,0.0,0.0,1.7999999999999972,0.09999999999999964,0.9499999999999984
2022-06-05,Czech Republic,Spain,UEFA,Prague,Czech Republic,False,2022,6,5,0,1500.62,1709.19,Prague,Madrid,"Prague, Czech Republic","Madrid, Spain","Prague, Czech Republic",50.0874654,14.4212535,40.416782,-3.703507,50.0874654,14.4212535,0.0,1772.4165757783207,7.055,6.891,7,7,13,8,2,0,1,1,0.35,0.4667,0.6667,0.0,6.864,7.018,10,7,6,5,1,1,1,0,0.625,0.5833,0.5,1.0,48,1,28.0,12.5,0.2,20.3,28.7,13.5,0.0,13.4,28.0,12.5,0.2,20.3,0.0,0.0,0.0,0.6999999999999993,1.0,0.8499999999999996
2022-06-05,Cyprus,Northern Ireland,UEFA,Larnaca,Cyprus,False,2022,6,5,0,1186.09,1423.55,Nicosia,Belfast,"Nicosia, Cyprus","Belfast, Northern Ireland","Larnaca, Cyprus",35.1746503,33.3638783,54.596391,-5.9301829,34.9236095,33.6236184,36.5823773715705,3736.768640492753,6.727,7.145,7,6,16,6,0,2,2,0,0.3043,0.5,0.0,1.0,6.545,6.864,5,3,4,10,0,0,1,0,0.5556,0.2308,0.0,0.5,124,70,32.3,16.9,0.6,12.2,15.0,8.6,0.2,15.1,28.2,19.3,0.0,21.5,4.099999999999998,2.400000000000002,3.25,13.2,10.700000000000001,11.95
2022-06-05,Serbia,Slovenia,UEFA,Belgrade,Serbia,False,2022,6,5,1,1547.53,1378.23,Belgrade,Ljubljana,"Belgrade, Serbia","Ljubljana, Slovenia","Belgrade, Serbia",44.8153318,20.4456588,46.0500268,14.5069289,44.8153318,20.4456588,0.0,483.1769123366157,6.909,6.945,11,9,3,8,0,2,1,1,0.7857,0.5294,0.0,0.6667,6.773,7.0,9,14,10,3,0,2,2,1,0.4737,0.8235,0.0,0.6667,40,56,30.0,19.0,0.0,13.0,30.0,16.2,0.1,14.7,30.0,19.0,0.0,13.0,0.0,0.0,0.0,0.0,2.8000000000000007,1.4000000000000004
2022-06-05,San Marino,Malta,UEFA,Serravalle,San Marino,False,2022,6,5,2,776.97,971.56,City of San Marino,Valletta,"City of San Marino, San Marino","Valletta, Malta","Serravalle, San Marino",43.9363996,12.4466991,35.8989979,14.5136607,43.9699026,12.4802946,4.594647588483443,913.9508594133184,6.527,5.409,5,2,10,19,0,0,2,10,0.3333,0.0952,0.0,0.0,6.127,5.964,1,1,22,16,0,1,6,7,0.0435,0.0588,0.0,0.125,211,161,28.5,17.6,0.0,16.1,31.1,23.7,0.0,19.9,33.4,20.6,0.0,18.8,4.899999999999999,3.0,3.9499999999999993,2.299999999999997,3.099999999999998,2.6999999999999975
2022-06-05,Kosovo,Greece,UEFA,Pristina,Kosovo,False,2022,6,5,2,1173.9,1421.43,Pristina,Athens,"Pristina, Kosovo","Athens, Greece","Pristina, Kosovo",42.6638771,21.1640849,37.9755648,23.7348324,42.6638771,21.1640849,0.0,564.9647907372499,7.264,6.891,16,6,7,18,2,1,0,1,0.6957,0.25,1.0,0.5,6.991,7.109,4,18,5,6,1,1,0,1,0.4444,0.75,1.0,0.5,78,46,31.7,15.7,0.0,11.9,35.2,22.4,0.0,18.1,31.7,15.7,0.0,11.9,0.0,0.0,0.0,3.5000000000000036,6.699999999999999,5.100000000000001
2022-06-05,Bulgaria,Georgia,UEFA,Razgrad,Bulgaria,False,2022,6,5,2,1338.78,1276.31,Sofia,Tbilisi,"Sofia, Bulgaria","Tbilisi, Georgia","Razgrad, Bulgaria",42.6977028,23.3217359,41.6934591,44.8014495,43.6394793,26.7022408,293.44838761264646,1492.520378214096,6.909,6.473,3,1,15,16,1,0,1,4,0.1667,0.0588,0.5,0.0,7.591,7.282,23,10,1,18,4,2,0,0,0.9583,0.3571,1.0,1.0,85,72,29.5,17.4,0.0,13.8,33.1,20.1,0.0,16.3,27.6,18.6,5.9,14.7,1.8999999999999986,1.2000000000000028,1.5500000000000007,5.5,1.5,3.5
2022-06-05,Gibraltar,North Macedonia,UEFA,Gibraltar,Gibraltar,False,2022,6,5,2,857.2,1381.07,Gibraltar,Skopje,"Gibraltar, Gibraltar","Skopje, North Macedonia","Gibraltar, Gibraltar",36.140807,-5.3541295,41.9962164,21.4318935,36.140807,-5.3541295,0.0,2391.3270231292863,6.418,6.545,1,7,23,8,0,1,4,3,0.0417,0.4667,0.0,0.25,6.691,6.445,15,3,3,11,1,0,1,2,0.8333,0.2143,0.5,0.0,202,69,30.5,17.6,0.0,21.9,32.7,19.4,0.0,7.3,30.5,17.6,0.0,21.9,0.0,0.0,0.0,2.200000000000003,1.7999999999999972,2.0
2022-06-06,Andorra,Moldova,UEFA,Andorra la Vella,Andorra,False,2022,6,6,0,1040.13,932.79,Andorra la Vella,Chișinău,"Andorra la Vella, Andorra","Chișinău, Moldova","Andorra la Vella, Andorra",42.4979185,1.5032264,47.0245117,28.8322923,42.4979185,1.5032264,0.0,2203.51743395416,6.245,6.573,9,8,8,15,0,0,3,1,0.5294,0.3478,0.0,0.0,7.136,7.245,9,13,3,13,2,5,0,5,0.75,0.5,1.0,0.5,172,159,25.7,12.0,0.0,11.7,24.0,16.6,0.0,16.1,25.7,12.0,0.0,11.7,0.0,0.0,0.0,1.6999999999999993,4.600000000000001,3.1500000000000004
2022-06-06,Slovakia,Kazakhstan,UEFA,Trnava,Slovakia,False,2022,6,6,2,1454.98,1134.77,Bratislava,Nur-Sultan,"Bratislava, Slovakia","Nur-Sultan, Kazakhstan","Trnava, Slovakia",48.1516988,17.1093063,51.1282205,71.4306682,48.374218,17.5809299,42.79032946372501,3793.732983326621,6.982,7.8,10,22,7,1,1,6,0,0,0.5882,0.9565,1.0,1.0,7.136,7.036,5,13,14,13,2,5,0,5,0.2632,0.5,1.0,0.5,45,111,24.2,17.2,22.1,12.7,22.3,12.0,0.0,13.3,24.1,16.8,11.1,19.1,0.09999999999999787,0.3999999999999986,0.24999999999999822,1.8000000000000007,4.800000000000001,3.3000000000000007
2022-06-06,Croatia,France,UEFA,Split,Croatia,False,2022,6,6,0,1621.11,1789.85,Zagreb,Paris,"Zagreb, Croatia","Paris, France","Split, Croatia",45.8130967,15.9772795,48.8534951,2.3483915,43.5116383,16.4399659,258.5121604808615,1234.1159112343976,6.618,7.245,12,17,11,2,0,1,3,0,0.5217,0.8947,0.0,1.0,6.991,7.145,15,6,5,6,1,2,2,0,0.75,0.5,0.3333,1.0,13,3,25.6,18.3,2.4,14.9,20.0,12.1,0.4,17.9,32.4,22.2,0.0,21.4,6.799999999999997,3.8999999999999986,5.349999999999998,12.399999999999999,10.1,11.25
2022-06-06,Latvia,Liechtenstein,UEFA,Riga,Latvia,False,2022,6,6,1,1105.02,895.08,Riga,Vaduz,"Riga, Latvia","Vaduz, Liechtenstein","Riga, Latvia",56.9493977,24.1051846,47.1392862,9.5227962,56.9493977,24.1051846,0.0,1471.9937249488253,7.273,7.018,8,8,9,7,3,3,0,1,0.4706,0.5333,1.0,0.75,6.509,6.864,3,2,9,34,0,0,2,2,0.25,0.0556,0.0,0.0,137,206,21.1,9.1,0.0,10.7,22.6,11.1,4.5,7.3,21.1,9.1,0.0,10.7,0.0,0.0,0.0,1.5,2.0,1.75
2022-06-06,Belarus,Azerbaijan,UEFA,Novi Sad,Serbia,True,2022,6,6,0,1243.2,1127.05,Minsk,Baku,"Minsk, Belarus","Baku, Azerbaijan","Novi Sad, Serbia",53.9024716,27.5618225,40.3755885,49.8328009,45.2551338,19.8451756,1109.4168426482618,2490.102699248922,6.764,6.3,7,4,10,18,0,1,1,5,0.4118,0.1818,0.0,0.1667,6.9,6.364,14,6,5,21,0,1,2,3,0.7368,0.2222,0.0,0.25,96,126,22.5,8.5,0.0,11.9,33.1,19.5,0.0,24.1,25.6,18.6,2.8,16.7,3.1000000000000014,10.100000000000001,6.600000000000001,7.5,0.8999999999999986,4.199999999999999
2022-06-06,Iceland,Albania,UEFA,Reykjavík,Iceland,False,2022,6,6,0,1380.85,1371.86,Reykjavik,Tirana,"Reykjavik, Iceland","Tirana, Albania","Reykjavík, Iceland",64.145981,-21.9422367,41.3281482,19.8184435,64.145981,-21.9422367,0.0,3670.9204828006286,6.9,6.618,9,5,13,19,2,1,2,3,0.4091,0.2083,0.5,0.25,7.373,6.109,15,4,8,13,1,0,0,5,0.6522,0.2353,1.0,0.0,74,67,12.7,4.9,0.5,16.6,32.3,21.5,0.0,14.1,12.7,4.9,0.5,16.6,0.0,0.0,0.0,19.599999999999998,16.6,18.1
2022-06-06,Austria,Denmark,UEFA,Vienna,Austria,False,2022,6,6,2,1500.37,1653.6,Vienna,Copenhagen,"Vienna, Austria","Copenhagen, Denmark","Vienna, Austria",48.2083537,16.3725042,55.6867243,12.5700724,48.2083537,16.3725042,0.0,871.1036581774304,7.255,6.964,11,13,12,13,3,1,0,2,0.4783,0.5,1.0,0.3333,6.873,6.773,5,7,15,8,2,0,1,2,0.25,0.4667,0.6667,0.0,23,21,24.4,16.3,22.0,19.8,15.9,13.3,7.5,24.7,24.4,16.3,22.0,19.8,0.0,0.0,0.0,8.499999999999998,3.0,5.749999999999999
2022-06-07,Germany,England,UEFA,Munich,Germany,False,2022,6,7,0,1650.53,1761.71,Berlin,London,"Berlin, Germany","London, England","Munich, Germany",52.5173885,13.3951309,51.5074456,-0.1277653,48.1371079,11.5753822,503.86008184339755,918.0587840692142,6.845,7.491,10,14,10,4,1,4,1,1,0.5,0.7778,0.5,0.8,7.036,8.036,11,19,9,2,0,10,1,0,0.55,0.9048,0.0,1.0,12,4,23.5,13.0,0.1,18.7,19.8,9.7,3.5,17.3,16.3,12.7,15.1,9.7,7.199999999999999,0.3000000000000007,3.75,3.5,3.0,3.25
2022-06-07,Italy,Hungary,UEFA,Cesena,Italy,False,2022,6,7,1,1723.31,1466.08,Rome,Budapest,"Rome, Italy","Budapest, Hungary","Cesena, Italy",41.8933203,12.4829321,47.4813896,19.1457723,44.136352,12.2422442,250.1798816300275,651.2646954343179,6.9,6.573,10,6,10,15,1,0,1,3,0.5,0.2857,0.5,0.0,6.855,6.818,9,7,11,9,1,2,0,1,0.45,0.4375,1.0,0.6667,15,39,33.0,19.3,0.0,18.4,27.7,15.2,0.0,10.9,29.7,18.0,14.0,14.8,3.3000000000000007,1.3000000000000007,2.3000000000000007,2.0,2.8000000000000007,2.4000000000000004
2022-06-07,Faroe Islands,Luxembourg,UEFA,Tórshavn,Faroe Islands,False,2022,6,7,2,1137.4,1229.6,Tórshavn,Luxembourg,"Tórshavn, Faroe Islands","Luxembourg, Luxembourg","Tórshavn, Faroe Islands",62.0101396,-6.7715709,49.6112768,6.129799,62.0101396,-6.7715709,0.0,1590.49988639531,6.227,6.536,3,5,14,13,0,2,4,3,0.1765,0.2778,0.0,0.4,7.3,6.527,10,8,11,17,2,0,0,3,0.4762,0.32,1.0,0.0,123,98,10.1,6.6,0.0,22.4,20.0,11.0,3.7,22.4,10.1,6.6,0.0,22.4,0.0,0.0,0.0,9.9,4.4,7.15
2022-06-07,Finland,Montenegro,UEFA,Helsinki,Finland,False,2022,6,7,1,1406.87,1342.79,Helsinki,Podgorica,"Helsinki, Finland","Podgorica, Montenegro","Helsinki, Finland",60.1666204,24.9435408,42.4415238,19.2621081,60.1666204,24.9435408,0.0,2008.3364101621867,6.809,6.6,11,6,9,6,1,0,1,2,0.55,0.5,0.5,0.0,7.145,6.873,14,10,4,15,2,1,0,2,0.7778,0.4,1.0,0.3333,75,80,17.2,7.2,0.0,12.9,31.3,19.4,0.0,9.4,17.2,7.2,0.0,12.9,0.0,0.0,0.0,14.100000000000001,12.2,13.15
2022-06-07,Bosnia and Herzegovina,Romania,UEFA,Zenica,Bosnia and Herzegovina,False,2022,6,7,1,1388.63,1446.54,Sarajevo,Bucharest,"Sarajevo, Bosnia and Herzegovina","Bucharest, Romania","Zenica, Bosnia and Herzegovina",43.8570713,18.4126147,44.4361414,26.102684,44.199828,17.9093012,55.423419927545865,652.0976328359814,6.973,6.718,9,6,11,12,1,0,1,2,0.45,0.3333,0.5,0.0,6.509,7.627,4,34,14,2,0,2,2,0,0.2222,0.9444,0.0,1.0,61,52,27.1,15.7,0.5,5.9,26.2,13.5,0.0,16.3,27.3,16.9,1.8,10.2,0.1999999999999993,1.1999999999999993,0.6999999999999993,1.1000000000000014,3.3999999999999986,2.25
2022-06-07,Lithuania,Turkey,UEFA,Vilnius,Lithuania,False,2022,6,7,2,1092.04,1461.81,Vilnius,Ankara,"Vilnius, Lithuania","Ankara, Turkey","Vilnius, Lithuania",54.6870458,25.2829111,39.9207759,32.8540497,54.6870458,25.2829111,0.0,1735.9151309732588,6.673,6.645,11,7,10,15,0,0,2,1,0.5238,0.3182,0.0,0.0,7.391,6.736,14,12,3,14,4,1,0,3,0.8235,0.4615,1.0,0.25,149,27,23.4,14.0,0.4,12.7,24.3,15.0,7.0,14.1,23.4,14.0,0.4,12.7,0.0,0.0,0.0,0.9000000000000021,1.0,0.9500000000000011
2022-06-08,Republic of Ireland,Ukraine,UEFA,Dublin,Republic of Ireland,False,2022,6,8,2,1449.48,1535.08,Dublin,Kyiv,"Dublin, Republic of Ireland","Kyiv, Ukraine","Dublin, Republic of Ireland",53.3493795,-6.2605593,50.4500336,30.5241361,53.3493795,-6.2605593,0.0,2515.8407876416672,6.964,7.336,13,17,8,8,0,3,1,0,0.619,0.68,0.0,1.0,6.882,7.1,18,13,8,12,0,3,1,1,0.6923,0.52,0.0,0.75,55,33,18.0,12.3,1.4,30.8,28.9,16.5,0.0,12.2,18.0,12.3,1.4,30.8,0.0,0.0,0.0,10.899999999999999,4.199999999999999,7.549999999999999
2022-06-08,Belgium,Poland,UEFA,Brussels,Belgium,False,2022,6,8,1,1827.0,1544.2,Brussels,Warsaw,"Brussels, Belgium","Warsaw, Poland","Brussels, Belgium",50.8467372,4.352493,52.2319581,21.0067249,50.8467372,4.352493,0.0,1159.4407814030392,6.464,6.945,7,12,15,8,1,1,4,1,0.3182,0.6,0.2,0.5,6.691,7.127,13,10,10,11,2,2,1,0,0.5652,0.4762,0.6667,1.0,8,36,18.4,13.5,7.6,21.2,22.4,16.3,7.5,12.4,18.4,13.5,7.6,21.2,0.0,0.0,0.0,4.0,2.8000000000000007,3.4000000000000004
2022-06-08,Scotland,Armenia,UEFA,Glasgow,Scotland,False,2022,6,8,1,1472.66,1245.13,Edinburgh,Yerevan,"Edinburgh, Scotland","Yerevan, Armenia","Glasgow, Scotland",55.9533456,-3.1883749,40.1777112,44.5126233,55.861155,-4.2501687,66.96861427666241,3919.7371032638152,6.655,7.173,12,8,13,7,1,2,3,0,0.48,0.5333,0.25,1.0,7.091,6.155,8,4,13,14,1,1,0,4,0.381,0.2222,1.0,0.2,42,107,14.1,9.9,10.9,19.4,31.0,17.9,0.0,18.1,15.8,10.1,9.4,22.9,1.700000000000001,0.1999999999999993,0.9500000000000002,15.2,7.799999999999999,11.5
2022-06-09,Gibraltar,Bulgaria,UEFA,Gibraltar,Gibraltar,False,2022,6,9,0,857.2,1338.78,Gibraltar,Sofia,"Gibraltar, Gibraltar","Sofia, Bulgaria","Gibraltar, Gibraltar",36.140807,-5.3541295,42.6977028,23.3217359,36.140807,-5.3541295,0.0,2554.901346013705,6.536,6.418,5,1,10,23,0,0,2,4,0.3333,0.0417,0.0,0.0,6.5,6.909,15,3,15,15,2,1,5,1,0.5,0.1667,0.2857,0.5,202,85,31.7,21.1,0.0,24.8,23.5,15.0,9.7,11.7,31.7,21.1,0.0,24.8,0.0,0.0,0.0,8.2,6.100000000000001,7.15
2022-06-09,Greece,Cyprus,UEFA,Vólos,Greece,False,2022,6,9,1,1421.43,1186.09,Athens,Nicosia,"Athens, Greece","Nicosia, Cyprus","Vólos, Greece",37.9755648,23.7348324,35.1746503,33.3638783,39.3624833,22.9401864,168.94401384792533,1032.3492769500992,7.164,6.991,9,4,9,5,1,1,0,0,0.5,0.4444,1.0,1.0,6.782,6.727,8,7,8,16,0,0,0,2,0.5,0.3043,0.5,0.0,46,124,26.7,21.3,0.0,15.8,32.2,19.2,0.0,13.4,28.7,19.5,0.3,16.1,2.0,1.8000000000000007,1.9000000000000004,3.5000000000000036,0.3000000000000007,1.9000000000000021
2022-06-09,Portugal,Czech Republic,UEFA,Lisbon,Portugal,False,2022,6,9,1,1674.78,1500.62,Lisbon,Prague,"Lisbon, Portugal","Prague, Czech Republic","Lisbon, Portugal",38.7077507,-9.1365919,50.0874654,14.4212535,38.7077507,-9.1365919,0.0,2243.929364831349,7.373,6.755,18,6,4,10,4,1,0,1,0.8182,0.375,1.0,0.5,6.636,7.055,3,7,8,13,2,2,2,1,0.2727,0.35,0.5,0.6667,7,48,27.8,19.4,0.0,26.6,19.5,14.5,3.7,19.6,27.8,19.4,0.0,26.6,0.0,0.0,0.0,8.3,4.899999999999999,6.6
2022-06-09,Malta,Estonia,UEFA,Ta' Qali,Malta,False,2022,6,9,2,971.56,1169.06,Valletta,Tallinn,"Valletta, Malta","Tallinn, Estonia","Ta' Qali, Malta",35.8989979,14.5136607,59.437242,24.7572693,35.8923492,14.4196785,8.49789605786084,2722.747832582513,6.918,6.127,10,1,3,22,2,0,0,6,0.7692,0.0435,1.0,0.0,7.145,6.464,10,6,5,6,2,0,0,2,0.6667,0.5,1.0,0.0,161,127,27.3,22.5,0.0,33.4,19.7,11.5,0.9,18.6,26.3,22.2,0.0,32.5,1.0,0.3000000000000007,0.6500000000000004,6.600000000000001,10.7,8.65
2022-06-09,North Macedonia,Georgia,UEFA,Skopje,North Macedonia,False,2022,6,9,2,1381.07,1276.31,Skopje,Tbilisi,"Skopje, North Macedonia","Tbilisi, Georgia","Skopje, North Macedonia",41.9962164,21.4318935,41.6934591,44.8014495,41.9962164,21.4318935,0.0,1930.0842470789144,7.027,6.691,10,15,5,3,2,1,0,1,0.6667,0.8333,1.0,0.5,6.918,7.591,15,23,15,1,5,4,2,0,0.5,0.9583,0.7143,1.0,69,72,25.4,15.1,3.2,10.3,26.7,18.1,7.4,17.6,25.4,15.1,3.2,10.3,0.0,0.0,0.0,1.3000000000000007,3.0000000000000018,2.1500000000000012
2022-06-09,Kosovo,Northern Ireland,UEFA,Pristina,Kosovo,False,2022,6,9,1,1173.9,1423.55,Pristina,Belfast,"Pristina, Kosovo","Belfast, Northern Ireland","Pristina, Kosovo",42.6638771,21.1640849,54.596391,-5.9301829,42.6638771,21.1640849,0.0,2369.3317811276734,6.645,7.264,9,16,9,7,0,2,1,0,0.5,0.6957,0.0,1.0,7.155,6.545,8,5,8,4,0,0,0,1,0.5,0.5556,0.5,0.0,78,70,24.9,12.1,1.2,21.1,18.9,10.7,1.6,28.7,24.9,12.1,1.2,21.1,0.0,0.0,0.0,6.0,1.4000000000000004,3.7
2022-06-09,Sweden,Serbia,UEFA,Stockholm,Sweden,False,2022,6,9,2,1584.77,1547.53,Stockholm,Belgrade,"Stockholm, Sweden","Belgrade, Serbia","Stockholm, Sweden",59.3251172,18.0710935,44.8153318,20.4456588,59.3251172,18.0710935,0.0,1621.297802479642,6.627,7.027,11,10,9,9,1,2,2,0,0.55,0.5263,0.3333,1.0,7.018,6.909,13,11,7,3,4,0,1,1,0.65,0.7857,0.8,0.0,37,40,19.8,10.8,0.0,17.0,27.2,15.8,2.7,20.4,19.8,10.8,0.0,17.0,0.0,0.0,0.0,7.399999999999999,5.0,6.199999999999999
2022-06-09,Norway,Slovenia,UEFA,Oslo,Norway,False,2022,6,9,0,1463.5,1378.23,Oslo,Ljubljana,"Oslo, Norway","Ljubljana, Slovenia","Oslo, Norway",59.9133301,10.7389701,46.0500268,14.5069289,59.9133301,10.7389701,0.0,1561.4008757251815,7.064,7.064,9,3,11,11,2,1,1,0,0.45,0.2143,0.6667,1.0,6.527,6.773,7,9,13,10,1,0,4,2,0.35,0.4737,0.2,0.0,19,56,18.0,11.0,0.0,11.7,17.6,12.2,6.2,12.8,18.0,11.0,0.0,11.7,0.0,0.0,0.0,0.3999999999999986,1.1999999999999993,0.7999999999999989
2022-06-09,Switzerland,Spain,UEFA,Geneva,Switzerland,False,2022,6,9,2,1635.32,1709.19,Bern,Madrid,"Bern, Switzerland","Madrid, Spain","Geneva, Switzerland",46.9484742,7.4521749,40.416782,-3.703507,46.2017559,6.1466014,129.81482762705664,1022.8723997233445,6.473,6.745,4,13,18,7,0,1,4,2,0.1818,0.65,0.0,0.3333,6.991,6.864,8,10,3,6,2,1,2,1,0.7273,0.625,0.5,0.5,14,1,15.7,10.3,6.0,16.8,33.0,18.6,0.0,14.6,17.9,11.9,0.9,9.4,2.1999999999999993,1.5999999999999996,1.8999999999999995,15.100000000000001,6.700000000000001,10.900000000000002
2022-06-10,Azerbaijan,Slovakia,UEFA,Mardakan,Azerbaijan,False,2022,6,10,2,1127.05,1454.98,Baku,Bratislava,"Baku, Azerbaijan","Bratislava, Slovakia","Mardakan, Azerbaijan",40.3755885,49.8328009,48.1516988,17.1093063,40.4935881,50.1495477,29.846792860808254,2738.4810046502807,7.155,6.9,11,14,6,5,0,0,0,2,0.6471,0.7368,0.5,0.0,6.773,6.982,13,10,7,7,0,1,1,0,0.65,0.5882,0.0,1.0,126,45,24.7,19.0,0.0,37.3,21.9,15.7,2.1,29.5,23.5,18.9,0.1,38.3,1.1999999999999993,0.10000000000000142,0.6500000000000004,1.6000000000000014,3.1999999999999993,2.4000000000000004
2022-06-10,Andorra,Liechtenstein,UEFA,Andorra la Vella,Andorra,False,2022,6,10,1,1040.13,895.08,Andorra la Vella,Vaduz,"Andorra la Vella, Andorra","Vaduz, Liechtenstein","Andorra la Vella, Andorra",42.4979185,1.5032264,47.1392862,9.5227962,42.4979185,1.5032264,0.0,815.645344900044,6.845,6.245,4,9,9,8,0,0,0,3,0.3077,0.5294,0.5,0.0,6.773,6.509,4,3,17,9,0,0,1,2,0.1905,0.25,0.0,0.0,172,206,28.2,10.1,0.0,10.8,18.5,12.2,3.2,6.5,28.2,10.1,0.0,10.8,0.0,0.0,0.0,9.7,2.0999999999999996,5.8999999999999995
2022-06-10,Moldova,Latvia,UEFA,Chișinău,Moldova,False,2022,6,10,2,932.79,1105.02,Chișinău,Riga,"Chișinău, Moldova","Riga, Latvia","Chișinău, Moldova",47.0245117,28.8322923,56.9493977,24.1051846,47.0245117,28.8322923,0.0,1149.400916463117,6.8,7.136,9,9,4,3,0,2,0,0,0.6923,0.75,0.5,1.0,7.382,7.273,17,8,4,9,1,3,0,0,0.8095,0.4706,1.0,1.0,159,137,24.8,15.7,2.9,18.9,23.4,13.5,7.8,15.6,24.8,15.7,2.9,18.9,0.0,0.0,0.0,1.4000000000000021,2.1999999999999993,1.8000000000000007
2022-06-10,Denmark,Croatia,UEFA,Copenhagen,Denmark,False,2022,6,10,2,1653.6,1621.11,Copenhagen,Zagreb,"Copenhagen, Denmark","Zagreb, Croatia","Copenhagen, Denmark",55.6867243,12.5700724,45.8130967,15.9772795,55.6867243,12.5700724,0.0,1123.4083266718665,6.755,6.873,4,5,9,15,2,2,1,1,0.3077,0.25,0.6667,0.6667,6.773,6.618,4,12,4,11,1,0,1,3,0.5,0.5217,0.5,0.0,21,13,18.3,12.7,0.4,19.2,23.4,15.7,0.1,33.9,18.3,12.7,0.4,19.2,0.0,0.0,0.0,5.099999999999998,3.0,4.049999999999999
2022-06-10,Albania,Israel,UEFA,Tirana,Albania,False,2022,6,10,2,1371.86,1305.92,Tirana,Jerusalem,"Tirana, Albania","Jerusalem, Israel","Tirana, Albania",41.3281482,19.8184435,31.7788472,35.2257856,41.3281482,19.8184435,0.0,1733.7234942910427,6.945,7.373,10,15,8,8,1,1,1,0,0.5556,0.6522,0.5,1.0,6.745,7.018,13,13,9,5,2,3,2,2,0.5909,0.7222,0.5,0.6,67,76,25.0,16.0,15.7,15.5,33.8,22.3,0.0,22.8,25.0,16.0,15.7,15.5,0.0,0.0,0.0,8.799999999999997,6.300000000000001,7.549999999999999
2022-06-10,Austria,France,UEFA,Vienna,Austria,False,2022,6,10,0,1500.37,1789.85,Vienna,Paris,"Vienna, Austria","Paris, France","Vienna, Austria",48.2083537,16.3725042,48.8534951,2.3483915,48.2083537,16.3725042,0.0,1033.6811632728281,6.745,7.255,9,11,4,12,1,3,2,0,0.6923,0.4783,0.3333,1.0,6.973,6.991,4,15,4,5,1,1,1,2,0.5,0.75,0.5,0.3333,23,3,20.6,14.7,23.9,28.4,22.3,13.2,0.0,16.4,20.6,14.7,23.9,28.4,0.0,0.0,0.0,1.6999999999999993,1.5,1.5999999999999996
2022-06-10,Belarus,Kazakhstan,UEFA,Novi Sad,Serbia,True,2022,6,10,0,1243.2,1134.77,Minsk,Nur-Sultan,"Minsk, Belarus","Nur-Sultan, Kazakhstan","Novi Sad, Serbia",53.9024716,27.5618225,51.1282205,71.4306682,45.2551338,19.8451756,1109.4168426482618,3798.4811917783195,7.0,6.764,6,7,11,10,0,0,0,1,0.3529,0.4118,0.5,0.0,7.0,7.136,7,5,13,14,1,2,0,0,0.35,0.2632,1.0,1.0,96,111,28.3,15.3,0.0,9.9,30.1,16.1,0.0,29.8,27.3,15.5,8.5,17.7,1.0,0.1999999999999993,0.5999999999999996,2.8000000000000007,0.6000000000000014,1.700000000000001
2022-06-11,Faroe Islands,Lithuania,UEFA,Tórshavn,Faroe Islands,False,2022,6,11,1,1137.4,1092.04,Tórshavn,Vilnius,"Tórshavn, Faroe Islands","Vilnius, Lithuania","Tórshavn, Faroe Islands",62.0101396,-6.7715709,54.6870458,25.2829111,62.0101396,-6.7715709,0.0,2013.274248277617,6.636,6.227,6,3,11,14,0,0,1,4,0.3529,0.1765,0.0,0.0,6.118,6.673,7,11,16,10,0,0,6,2,0.3043,0.5238,0.0,0.0,123,149,13.0,10.0,6.5,26.2,20.9,15.5,1.0,16.9,13.0,10.0,6.5,26.2,0.0,0.0,0.0,7.899999999999999,5.5,6.699999999999999
2022-06-11,Luxembourg,Turkey,UEFA,Luxembourg,Luxembourg,False,2022,6,11,2,1229.6,1461.81,Luxembourg,Ankara,"Luxembourg, Luxembourg","Ankara, Turkey","Luxembourg, Luxembourg",49.6112768,6.129799,39.9207759,32.8540497,49.6112768,6.129799,0.0,2351.617149983882,7.118,7.3,11,10,6,11,1,2,0,0,0.6471,0.4762,1.0,1.0,7.518,7.391,16,14,7,3,6,4,0,0,0.6957,0.8235,1.0,1.0,98,27,24.0,13.3,0.1,13.6,26.7,16.1,3.0,18.2,24.0,13.3,0.1,13.6,0.0,0.0,0.0,2.6999999999999993,2.8000000000000007,2.75
2022-06-11,Republic of Ireland,Scotland,UEFA,Dublin,Republic of Ireland,False,2022,6,11,1,1449.48,1472.66,Dublin,Edinburgh,"Dublin, Republic of Ireland","Edinburgh, Scotland","Dublin, Republic of Ireland",53.3493795,-6.2605593,55.9533456,-3.1883749,53.3493795,-6.2605593,0.0,350.49421084136765,6.873,6.964,11,13,11,8,0,0,1,1,0.5,0.619,0.0,0.0,7.591,6.655,26,12,3,13,2,1,0,3,0.8966,0.48,1.0,0.25,55,42,18.0,12.8,0.7,32.6,16.5,12.0,0.8,37.5,18.0,12.8,0.7,32.6,0.0,0.0,0.0,1.5,0.8000000000000007,1.1500000000000004
2022-06-11,Netherlands,Poland,UEFA,Rotterdam,Netherlands,False,2022,6,11,0,1658.66,1544.2,Amsterdam,Warsaw,"Amsterdam, Netherlands","Warsaw, Poland","Rotterdam, Netherlands",52.3730796,4.8924534,52.2319581,21.0067249,51.9244424,4.47775,57.351895749089884,1127.636891047231,6.891,7.464,8,15,7,7,2,4,1,1,0.5333,0.6818,0.6667,0.8,6.318,6.691,3,13,15,10,1,2,6,1,0.1667,0.5652,0.1429,0.6667,9,36,19.7,13.3,0.0,19.7,23.0,13.3,0.0,15.9,20.3,13.5,0.2,19.6,0.6000000000000014,0.1999999999999993,0.40000000000000036,2.6999999999999993,0.1999999999999993,1.4499999999999993
2022-06-11,England,Italy,UEFA,Wolverhampton,England,False,2022,6,11,0,1761.71,1723.31,London,Rome,"London, England","Rome, Italy","Wolverhampton, England",51.5074456,-0.1277653,41.8933203,12.4829321,52.5847651,-2.127567,181.79575299853727,1615.6962852208414,6.864,7.036,14,11,9,9,1,0,1,1,0.6087,0.55,0.5,0.0,7.045,6.9,15,10,12,10,2,1,1,1,0.5556,0.5,0.6667,0.5,4,15,21.5,11.4,0.5,25.0,31.7,18.0,0.0,24.3,18.8,10.5,0.7,28.5,2.6999999999999993,0.9000000000000004,1.7999999999999998,12.899999999999999,7.5,10.2
2022-06-11,Wales,Belgium,UEFA,Cardiff,Wales,False,2022,6,11,0,1588.08,1827.0,Cardiff,Brussels,"Cardiff, Wales","Brussels, Belgium","Cardiff, Wales",51.4816546,-3.1791934,50.8467372,4.352493,51.4816546,-3.1791934,0.0,529.660838400198,6.9,7.2,7,8,8,18,1,1,2,0,0.4667,0.3077,0.3333,1.0,7.2,6.464,15,7,3,15,6,1,1,4,0.8333,0.3182,0.8571,0.2,38,8,17.3,12.8,1.7,28.6,21.7,14.2,1.9,17.5,17.3,12.8,1.7,28.6,0.0,0.0,0.0,4.399999999999999,1.3999999999999986,2.8999999999999986
2022-06-11,Romania,Finland,UEFA,Bucharest,Romania,False,2022,6,11,1,1446.54,1406.87,Bucharest,Helsinki,"Bucharest, Romania","Helsinki, Finland","Bucharest, Romania",44.4361414,26.102684,60.1666204,24.9435408,44.4361414,26.102684,0.0,1750.8568294794698,6.809,6.509,12,4,5,14,0,0,1,2,0.7059,0.2222,0.0,0.0,7.155,6.809,6,11,6,9,2,1,0,1,0.5,0.55,1.0,0.5,52,75,24.4,16.8,12.0,19.5,19.4,11.7,0.0,17.4,24.4,16.8,12.0,19.5,0.0,0.0,0.0,5.0,5.100000000000001,5.050000000000001
2022-06-11,Montenegro,Bosnia and Herzegovina,UEFA,Podgorica,Montenegro,False,2022,6,11,0,1342.79,1388.63,Podgorica,Sarajevo,"Podgorica, Montenegro","Sarajevo, Bosnia and Herzegovina","Podgorica, Montenegro",42.4415238,19.2621081,43.8570713,18.4126147,42.4415238,19.2621081,0.0,171.82452487070955,6.582,7.145,6,14,6,4,0,2,2,0,0.5,0.7778,0.0,1.0,7.009,6.973,5,9,12,11,1,1,0,1,0.2941,0.45,1.0,0.5,80,61,29.1,19.8,0.0,14.8,20.9,15.3,20.7,13.3,29.1,19.8,0.0,14.8,0.0,0.0,0.0,8.200000000000003,4.5,6.350000000000001
2022-06-11,Ukraine,Armenia,UEFA,Łódź,Poland,True,2022,6,11,1,1535.08,1245.13,Kyiv,Yerevan,"Kyiv, Ukraine","Yerevan, Armenia","Łódź, Poland",50.4500336,30.5241361,40.1777112,44.5126233,51.7728245,19.478486,784.1838177802051,2306.5310427079735,7.1,6.882,11,18,11,8,1,0,0,1,0.5,0.6923,1.0,0.0,6.564,7.091,3,8,26,13,0,1,2,0,0.1034,0.381,0.0,1.0,33,107,31.6,17.0,0.0,11.5,30.2,17.1,0.5,23.8,21.8,11.5,0.0,20.2,9.8,5.5,7.65,8.399999999999999,5.600000000000001,7.0
2022-06-11,Hungary,Germany,UEFA,Budapest,Hungary,False,2022,6,11,0,1466.08,1650.53,Budapest,Berlin,"Budapest, Hungary","Berlin, Germany","Budapest, Hungary",47.4813896,19.1457723,52.5173885,13.3951309,47.4813896,19.1457723,0.0,694.1652960987085,6.791,6.855,12,9,15,11,1,1,2,0,0.4444,0.45,0.3333,1.0,7.136,6.845,9,10,14,10,1,1,1,1,0.3913,0.5,0.5,0.5,39,12,26.3,17.3,2.5,17.2,26.4,16.6,0.0,20.9,26.3,17.3,2.5,17.2,0.0,0.0,0.0,0.09999999999999787,0.6999999999999993,0.3999999999999986
2022-06-12,Georgia,Bulgaria,UEFA,Tbilisi,Georgia,False,2022,6,12,0,1276.31,1338.78,Tbilisi,Sofia,"Tbilisi, Georgia","Sofia, Bulgaria","Tbilisi, Georgia",41.6934591,44.8014495,42.6977028,23.3217359,41.6934591,44.8014495,0.0,1768.2311431797368,7.164,6.918,10,15,14,15,3,5,0,2,0.4167,0.5,1.0,0.7143,6.9,6.5,10,15,9,15,1,2,1,5,0.5263,0.5,0.5,0.2857,72,85,26.9,17.2,0.0,11.6,21.5,14.7,8.8,10.3,26.9,17.2,0.0,11.6,0.0,0.0,0.0,5.399999999999999,2.5,3.9499999999999993
2022-06-12,Northern Ireland,Cyprus,UEFA,Belfast,Northern Ireland,False,2022,6,12,0,1423.55,1186.09,Belfast,Nicosia,"Belfast, Northern Ireland","Nicosia, Cyprus","Belfast, Northern Ireland",54.596391,-5.9301829,35.1746503,33.3638783,54.596391,-5.9301829,0.0,3700.2008445472816,6.545,7.155,9,8,10,8,2,0,3,0,0.4737,0.5,0.4,0.5,6.464,6.782,2,8,11,8,0,0,3,0,0.1538,0.5,0.0,0.5,70,124,14.5,10.1,0.7,28.1,29.2,20.8,0.7,21.5,14.5,10.1,0.7,28.1,0.0,0.0,0.0,14.7,10.700000000000001,12.7
2022-06-12,Spain,Czech Republic,UEFA,Málaga,Spain,False,2022,6,12,1,1709.19,1500.62,Madrid,Prague,"Madrid, Spain","Prague, Czech Republic","Málaga, Spain",40.416782,-3.703507,50.0874654,14.4212535,36.7647913,-4.4422005,411.1216637635329,2113.42377797025,7.145,6.991,6,8,5,3,1,2,0,2,0.5455,0.7273,1.0,0.5,6.609,6.636,6,3,11,8,0,2,2,2,0.3529,0.2727,0.0,0.5,1,48,36.0,20.8,0.0,22.3,29.0,14.4,0.0,12.7,28.3,17.8,0.0,14.0,7.699999999999999,3.0,5.35,0.6999999999999993,3.4000000000000004,2.05
2022-06-12,North Macedonia,Gibraltar,UEFA,Skopje,North Macedonia,False,2022,6,12,1,1381.07,857.2,Skopje,Gibraltar,"Skopje, North Macedonia","Gibraltar, Gibraltar","Skopje, North Macedonia",41.9962164,21.4318935,36.140807,-5.3541295,41.9962164,21.4318935,0.0,2391.3270231292863,6.682,7.027,14,10,10,5,0,2,3,0,0.5833,0.6667,0.0,1.0,6.673,6.536,9,5,10,10,1,0,1,2,0.4737,0.3333,0.5,0.0,69,202,24.3,16.8,0.7,10.6,25.2,20.1,0.0,24.3,24.3,16.8,0.7,10.6,0.0,0.0,0.0,0.8999999999999986,3.3000000000000007,2.0999999999999996
2022-06-12,Greece,Kosovo,UEFA,Vólos,Greece,False,2022,6,12,1,1421.43,1173.9,Athens,Pristina,"Athens, Greece","Pristina, Kosovo","Vólos, Greece",37.9755648,23.7348324,42.6638771,21.1640849,39.3624833,22.9401864,168.94401384792533,396.1658055326433,7.2,7.164,11,9,2,9,3,1,0,0,0.8462,0.5,1.0,1.0,7.0,6.645,10,9,9,9,3,0,2,1,0.5263,0.5,0.6,0.0,46,78,29.1,19.4,0.1,16.6,21.5,14.5,7.0,20.8,28.2,19.5,0.0,13.0,0.9000000000000021,0.10000000000000142,0.5000000000000018,6.699999999999999,5.0,5.85
2022-06-12,Switzerland,Portugal,UEFA,Geneva,Switzerland,False,2022,6,12,1,1635.32,1674.78,Bern,Lisbon,"Bern, Switzerland","Lisbon, Portugal","Geneva, Switzerland",46.9484742,7.4521749,38.7077507,-9.1365919,46.2017559,6.1466014,129.81482762705664,1501.4574134376649,6.673,6.473,5,4,6,18,0,0,1,4,0.4545,0.1818,0.0,0.0,7.355,7.373,11,18,6,4,2,4,0,0,0.6471,0.8182,1.0,1.0,14,7,27.4,11.2,0.0,8.0,33.2,19.3,0.0,17.6,28.8,15.1,0.0,8.8,1.4000000000000021,3.9000000000000004,2.6500000000000012,4.400000000000002,4.200000000000001,4.300000000000002
2022-06-12,Malta,San Marino,UEFA,Ta' Qali,Malta,False,2022,6,12,1,971.56,776.97,Valletta,City of San Marino,"Valletta, Malta","City of San Marino, San Marino","Ta' Qali, Malta",35.8989979,14.5136607,43.9363996,12.4466991,35.8923492,14.4196785,8.49789605786084,910.0678620378073,6.609,6.918,9,10,6,3,1,2,2,0,0.6,0.7692,0.3333,1.0,6.618,6.527,3,5,10,10,0,0,2,2,0.2308,0.3333,0.0,0.0,161,211,27.2,20.3,0.0,21.8,23.6,13.9,0.0,10.6,26.1,19.4,0.0,20.3,1.0999999999999979,0.9000000000000021,1.0,2.5,5.499999999999998,3.999999999999999
2022-06-12,Slovenia,Serbia,UEFA,Ljubljana,Slovenia,False,2022,6,12,0,1378.23,1547.53,Ljubljana,Belgrade,"Ljubljana, Slovenia","Belgrade, Serbia","Ljubljana, Slovenia",46.0500268,14.5069289,44.8153318,20.4456588,46.0500268,14.5069289,0.0,483.1769123366157,6.745,6.527,7,7,15,13,0,1,0,4,0.3182,0.35,0.5,0.2,7.036,7.018,7,13,9,7,1,4,0,1,0.4375,0.65,1.0,0.8,56,40,27.4,11.6,0.0,9.3,26.8,17.2,7.2,19.6,27.4,11.6,0.0,9.3,0.0,0.0,0.0,0.5999999999999979,5.6,3.0999999999999988
2022-06-12,Norway,Sweden,UEFA,Oslo,Norway,False,2022,6,12,1,1463.5,1584.77,Oslo,Stockholm,"Oslo, Norway","Stockholm, Sweden","Oslo, Norway",59.9133301,10.7389701,59.3251172,18.0710935,59.9133301,10.7389701,0.0,417.2618809321235,7.282,7.064,15,9,7,11,0,2,0,1,0.6818,0.45,0.5,0.6667,6.827,6.627,9,11,7,9,0,1,1,2,0.5625,0.55,0.0,0.3333,19,37,18.1,11.0,2.2,21.4,19.6,12.1,0.3,20.1,18.1,11.0,2.2,21.4,0.0,0.0,0.0,1.5,1.0999999999999996,1.2999999999999998
2022-06-13,Kazakhstan,Slovakia,UEFA,Astana,Kazakhstan,False,2022,6,13,1,1134.77,1454.98,Nur-Sultan,Bratislava,"Nur-Sultan, Kazakhstan","Bratislava, Slovakia","Astana, Kazakhstan",51.1282205,71.4306682,48.1516988,17.1093063,51.1282205,71.4306682,0.0,3835.9089587486333,6.982,7.0,9,7,14,13,1,1,1,0,0.3913,0.35,0.5,1.0,7.109,6.773,15,13,3,7,1,0,0,1,0.8333,0.65,1.0,0.0,111,45,26.6,15.1,1.7,31.2,25.5,15.3,4.7,22.8,26.6,15.1,1.7,31.2,0.0,0.0,0.0,1.1000000000000014,0.20000000000000107,0.6500000000000012
2022-06-13,Iceland,Israel,UEFA,Reykjavík,Iceland,False,2022,6,13,0,1380.85,1305.92,Reykjavik,Jerusalem,"Reykjavik, Iceland","Jerusalem, Israel","Reykjavík, Iceland",64.145981,-21.9422367,31.7788472,35.2257856,64.145981,-21.9422367,0.0,5287.568693850718,6.855,6.9,8,9,10,13,1,2,1,2,0.4444,0.4091,0.5,0.5,6.9,6.745,8,13,9,9,2,2,1,2,0.4706,0.5909,0.6667,0.5,74,76,11.8,7.6,7.8,22.4,26.4,17.0,0.7,29.3,11.8,7.6,7.8,22.4,0.0,0.0,0.0,14.599999999999998,9.4,12.0
2022-06-13,Azerbaijan,Belarus,UEFA,Mardakan,Azerbaijan,False,2022,6,13,1,1127.05,1243.2,Baku,Minsk,"Baku, Azerbaijan","Minsk, Belarus","Mardakan, Azerbaijan",40.3755885,49.8328009,53.9024716,27.5618225,40.4935881,50.1495477,29.846792860808254,2248.3776218324383,6.782,7.155,3,11,15,6,0,0,1,0,0.1667,0.6471,0.0,0.5,7.055,7.0,14,6,9,11,1,0,1,0,0.6087,0.3529,0.5,0.5,126,96,27.6,21.7,1.2,20.5,22.8,12.3,0.1,12.3,29.7,21.8,0.1,20.2,2.099999999999998,0.10000000000000142,1.0999999999999996,6.899999999999999,9.5,8.2
2022-06-13,Denmark,Austria,UEFA,Copenhagen,Denmark,False,2022,6,13,1,1653.6,1500.37,Copenhagen,Vienna,"Copenhagen, Denmark","Vienna, Austria","Copenhagen, Denmark",55.6867243,12.5700724,48.2083537,16.3725042,55.6867243,12.5700724,0.0,871.1036581774304,6.8,6.755,10,4,5,9,0,2,1,1,0.6667,0.3077,0.0,0.6667,6.9,6.745,5,9,12,4,1,1,1,2,0.2941,0.6923,0.5,0.3333,21,23,16.3,11.4,1.3,24.8,24.1,13.5,1.5,25.5,16.3,11.4,1.3,24.8,0.0,0.0,0.0,7.800000000000001,2.0999999999999996,4.95
2022-06-13,France,Croatia,UEFA,Paris,France,False,2022,6,13,2,1789.85,1621.11,Paris,Zagreb,"Paris, France","Zagreb, Croatia","Paris, France",48.8534951,2.3483915,45.8130967,15.9772795,48.8534951,2.3483915,0.0,1079.5239253558195,6.991,6.973,12,4,5,4,1,1,1,1,0.7059,0.5,0.5,0.5,6.936,6.773,5,4,10,4,1,1,0,1,0.3333,0.5,1.0,0.5,3,13,21.9,10.2,0.0,13.8,28.5,15.6,0.0,16.3,21.9,10.2,0.0,13.8,0.0,0.0,0.0,6.600000000000001,5.4,6.000000000000001
2022-06-14,Turkey,Lithuania,UEFA,İzmir,Turkey,False,2022,6,14,1,1461.81,1092.04,Ankara,Vilnius,"Ankara, Turkey","Vilnius, Lithuania","İzmir, Turkey",39.9207759,32.8540497,54.6870458,25.2829111,38.4192537,27.128469,520.9394840402493,1814.2312917829493,6.991,7.518,8,16,6,7,2,6,0,0,0.5714,0.6957,1.0,1.0,6.827,6.118,10,7,10,16,1,0,2,6,0.5,0.3043,0.3333,0.0,27,149,22.9,13.9,0.8,19.9,13.6,10.0,9.8,28.7,31.9,20.4,0.1,18.6,9.0,6.499999999999998,7.749999999999999,18.299999999999997,10.399999999999999,14.349999999999998
2022-06-14,Moldova,Andorra,UEFA,Chișinău,Moldova,False,2022,6,14,1,932.79,1040.13,Chișinău,Andorra la Vella,"Chișinău, Moldova","Andorra la Vella, Andorra","Chișinău, Moldova",47.0245117,28.8322923,42.4979185,1.5032264,47.0245117,28.8322923,0.0,2203.51743395416,6.536,6.8,14,9,13,4,2,0,4,0,0.5185,0.6923,0.3333,0.5,6.827,6.845,15,4,2,9,2,0,1,0,0.8824,0.3077,0.6667,0.5,159,172,24.7,17.6,0.0,22.1,30.3,16.9,0.3,10.8,24.7,17.6,0.0,22.1,0.0,0.0,0.0,5.600000000000001,0.7000000000000028,3.150000000000002
2022-06-14,Poland,Belgium,UEFA,Warsaw,Poland,False,2022,6,14,2,1544.2,1827.0,Warsaw,Brussels,"Warsaw, Poland","Brussels, Belgium","Warsaw, Poland",52.2319581,21.0067249,50.8467372,4.352493,52.2319581,21.0067249,0.0,1159.4407814030392,6.655,6.318,5,3,15,15,2,1,2,6,0.25,0.1667,0.5,0.1429,6.855,7.2,9,15,10,3,1,6,1,1,0.4737,0.8333,0.5,0.8571,36,8,18.0,10.1,0.7,25.3,21.1,8.0,0.0,11.4,18.0,10.1,0.7,25.3,0.0,0.0,0.0,3.1000000000000014,2.0999999999999996,2.6000000000000005
2022-06-14,Luxembourg,Faroe Islands,UEFA,Luxembourg,Luxembourg,False,2022,6,14,0,1229.6,1137.4,Luxembourg,Tórshavn,"Luxembourg, Luxembourg","Tórshavn, Faroe Islands","Luxembourg, Luxembourg",49.6112768,6.129799,62.0101396,-6.7715709,49.6112768,6.129799,0.0,1590.49988639531,6.482,7.118,6,11,8,6,0,1,2,0,0.4286,0.6471,0.0,1.0,6.791,6.636,10,6,10,11,2,0,1,1,0.5,0.3529,0.6667,0.0,98,123,23.4,8.9,0.0,11.9,10.9,9.2,5.8,23.8,23.4,8.9,0.0,11.9,0.0,0.0,0.0,12.499999999999998,0.29999999999999893,6.399999999999999
2022-06-14,Bosnia and Herzegovina,Finland,UEFA,Zenica,Bosnia and Herzegovina,False,2022,6,14,1,1388.63,1406.87,Sarajevo,Helsinki,"Sarajevo, Bosnia and Herzegovina","Helsinki, Finland","Zenica, Bosnia and Herzegovina",43.8570713,18.4126147,60.1666204,24.9435408,44.199828,17.9093012,55.423419927545865,1836.5748268240986,6.827,7.009,8,5,12,12,1,1,1,0,0.4,0.2941,0.5,1.0,6.818,7.155,14,6,16,6,0,2,1,0,0.4667,0.5,0.0,1.0,61,75,22.0,13.8,1.2,10.9,16.9,10.6,0.2,17.7,22.9,14.8,0.5,12.7,0.8999999999999986,1.0,0.9499999999999993,6.0,4.200000000000001,5.1000000000000005
2022-06-14,England,Hungary,UEFA,Wolverhampton,England,False,2022,6,14,2,1761.71,1466.08,London,Budapest,"London, England","Budapest, Hungary","Wolverhampton, England",51.5074456,-0.1277653,47.4813896,19.1457723,52.5847651,-2.127567,181.79575299853727,1614.6596888519846,7.109,6.864,11,14,7,9,0,1,0,1,0.6111,0.6087,0.5,0.5,6.582,6.791,8,12,5,15,1,1,1,2,0.6154,0.4444,0.5,0.3333,4,39,22.7,9.2,0.0,10.8,22.6,13.3,0.0,21.4,20.1,6.5,0.0,13.6,2.599999999999998,2.6999999999999993,2.6499999999999986,2.5,6.800000000000001,4.65
2022-06-14,Germany,Italy,UEFA,Mönchengladbach,Germany,False,2022,6,14,1,1650.53,1723.31,Berlin,Rome,"Berlin, Germany","Rome, Italy","Mönchengladbach, Germany",52.5173885,13.3951309,41.8933203,12.4829321,51.1947131,6.4353792,499.86670846453654,1132.0252504285354,7.1,7.136,5,9,8,14,1,1,1,1,0.3846,0.3913,0.5,0.5,7.027,7.045,7,15,11,12,0,2,0,1,0.3889,0.5556,0.5,0.6667,12,15,19.3,9.9,0.1,19.3,32.2,18.6,0.0,15.9,20.7,8.4,0.0,8.9,1.3999999999999986,1.5,1.4499999999999993,11.500000000000004,10.200000000000001,10.850000000000001
2022-06-14,Liechtenstein,Latvia,UEFA,Vaduz,Liechtenstein,False,2022,6,14,2,895.08,1105.02,Vaduz,Riga,"Vaduz, Liechtenstein","Riga, Latvia","Vaduz, Liechtenstein",47.1392862,9.5227962,56.9493977,24.1051846,47.1392862,9.5227962,0.0,1471.9937249488253,6.509,6.773,2,4,15,17,1,0,2,1,0.1176,0.1905,0.3333,0.0,7.082,7.382,13,17,14,4,4,1,2,0,0.4815,0.8095,0.6667,1.0,206,137,24.3,12.2,0.0,5.5,15.1,12.3,27.7,20.7,24.3,12.2,0.0,5.5,0.0,0.0,0.0,9.200000000000001,0.10000000000000142,4.650000000000001
2022-06-14,Romania,Montenegro,UEFA,Bucharest,Romania,False,2022,6,14,2,1446.54,1342.79,Bucharest,Podgorica,"Bucharest, Romania","Podgorica, Montenegro","Bucharest, Romania",44.4361414,26.102684,42.4415238,19.2621081,44.4361414,26.102684,0.0,594.9350201551273,7.218,6.809,16,12,14,5,1,0,0,1,0.5333,0.7059,1.0,0.0,6.882,6.582,12,6,8,6,1,0,1,2,0.6,0.5,0.5,0.0,52,80,26.2,16.8,2.9,18.2,31.5,18.4,0.0,18.5,26.2,16.8,2.9,18.2,0.0,0.0,0.0,5.300000000000001,1.5999999999999979,3.4499999999999993
2022-06-14,Ukraine,Republic of Ireland,UEFA,Łódź,Poland,True,2022,6,14,0,1535.08,1449.48,Kyiv,Dublin,"Kyiv, Ukraine","Dublin, Republic of Ireland","Łódź, Poland",50.4500336,30.5241361,53.3493795,-6.2605593,51.7728245,19.478486,784.1838177802051,1739.1285831204925,7.227,7.1,12,11,5,11,3,1,0,0,0.7059,0.5,1.0,1.0,7.191,6.873,5,11,6,11,3,0,0,1,0.4545,0.5,1.0,0.0,33,55,23.2,16.5,0.1,25.9,16.1,9.3,0.0,22.7,17.0,9.3,0.0,26.4,6.199999999999999,7.199999999999999,6.699999999999999,0.8999999999999986,0.0,0.4499999999999993
2022-06-14,Armenia,Scotland,UEFA,Yerevan,Armenia,False,2022,6,14,2,1245.13,1472.66,Yerevan,Edinburgh,"Yerevan, Armenia","Edinburgh, Scotland","Yerevan, Armenia",40.1777112,44.5126233,55.9533456,-3.1883749,40.1777112,44.5126233,0.0,3854.990674118982,6.391,6.564,5,3,12,26,0,0,3,2,0.2941,0.1034,0.0,0.0,6.555,7.591,6,26,5,3,0,2,3,0,0.5455,0.8966,0.0,1.0,107,42,27.3,17.1,0.5,15.0,16.9,10.7,0.3,16.7,27.3,17.1,0.5,15.0,0.0,0.0,0.0,10.400000000000002,6.400000000000002,8.400000000000002
2022-06-14,Netherlands,Wales,UEFA,Rotterdam,Netherlands,False,2022,6,14,1,1658.66,1588.08,Amsterdam,Cardiff,"Amsterdam, Netherlands","Cardiff, Wales","Rotterdam, Netherlands",52.3730796,4.8924534,51.4816546,-3.1791934,51.9244424,4.47775,57.351895749089884,529.696148653712,6.864,6.891,15,8,5,7,2,2,2,1,0.75,0.5333,0.5,0.6667,6.791,6.9,10,7,9,8,1,1,1,2,0.5263,0.4667,0.5,0.3333,9,38,19.8,7.7,0.4,14.6,19.6,7.1,0.0,8.4,20.7,7.6,0.0,13.5,0.8999999999999986,0.10000000000000053,0.49999999999999956,1.0999999999999979,0.5,0.7999999999999989
2022-09-21,Scotland,Ukraine,UEFA,Glasgow,Scotland,False,2022,9,21,1,1462.96,1542.79,Edinburgh,Kyiv,"Edinburgh, Scotland","Kyiv, Ukraine","Glasgow, Scotland",55.9533456,-3.1883749,50.4500336,30.5241361,55.861155,-4.2501687,66.96861427666241,2367.882082425212,7.464,6.555,12,6,6,5,4,0,1,3,0.6667,0.5455,0.8,0.0,6.873,7.227,9,12,7,5,1,3,1,0,0.5625,0.7059,0.5,1.0,42,33,17.9,12.1,0.1,26.1,13.0,7.9,5.9,20.4,17.5,10.5,0.0,20.4,0.3999999999999986,1.5999999999999996,0.9999999999999991,4.5,2.5999999999999996,3.55
2022-09-22,Poland,Netherlands,UEFA,Warsaw,Poland,False,2022,9,22,2,1546.18,1679.41,Warsaw,Amsterdam,"Warsaw, Poland","Amsterdam, Netherlands","Warsaw, Poland",52.2319581,21.0067249,52.3730796,4.8924534,52.2319581,21.0067249,0.0,1093.5320065536514,6.9,6.655,9,5,8,15,0,2,1,2,0.5294,0.25,0.0,0.5,6.982,6.864,16,15,8,5,3,2,2,2,0.6667,0.75,0.6,0.5,36,9,15.0,6.4,0.2,16.0,18.3,4.9,0.0,14.2,15.0,6.4,0.2,16.0,0.0,0.0,0.0,3.3000000000000007,1.5,2.4000000000000004
2022-09-22,Slovakia,Azerbaijan,UEFA,Trnava,Slovakia,False,2022,9,22,2,1439.99,1127.17,Bratislava,Baku,"Bratislava, Slovakia","Baku, Azerbaijan","Trnava, Slovakia",48.1516988,17.1093063,40.3755885,49.8328009,48.374218,17.5809299,42.79032946372501,2689.7696119464595,6.791,7.109,15,15,7,3,1,1,2,0,0.6818,0.8333,0.3333,1.0,7.0,6.782,10,3,10,15,2,0,0,1,0.5,0.1667,1.0,0.0,45,126,16.3,6.7,0.4,16.8,30.1,21.8,0.0,19.3,16.0,7.6,0.1,18.6,0.3000000000000007,0.8999999999999995,0.6000000000000001,14.100000000000001,14.200000000000001,14.150000000000002
2022-09-22,Latvia,Moldova,UEFA,Riga,Latvia,False,2022,9,22,2,1125.36,944.96,Riga,Chișinău,"Riga, Latvia","Chișinău, Moldova","Riga, Latvia",56.9493977,24.1051846,47.0245117,28.8322923,56.9493977,24.1051846,0.0,1149.400916463117,7.527,7.082,20,13,2,14,2,4,0,2,0.9091,0.4815,1.0,0.6667,6.864,6.536,7,14,4,13,2,2,1,4,0.6364,0.5185,0.6667,0.3333,137,159,13.3,6.3,1.4,15.2,15.3,7.7,0.9,15.3,13.3,6.3,1.4,15.2,0.0,0.0,0.0,2.0,1.4000000000000004,1.7000000000000002
2022-09-22,Belgium,Wales,UEFA,Brussels,Belgium,False,2022,9,22,1,1821.92,1582.13,Brussels,Cardiff,"Brussels, Belgium","Cardiff, Wales","Brussels, Belgium",50.8467372,4.352493,51.4816546,-3.1791934,50.8467372,4.352493,0.0,529.660838400198,7.027,6.855,8,9,9,10,1,1,0,1,0.4706,0.4737,1.0,0.5,6.518,6.791,8,10,16,9,2,1,3,1,0.3333,0.5263,0.4,0.5,8,38,18.4,6.3,0.0,9.5,18.7,9.8,2.0,21.5,18.4,6.3,0.0,9.5,0.0,0.0,0.0,0.3000000000000007,3.500000000000001,1.9000000000000008
2022-09-22,Turkey,Luxembourg,UEFA,Istanbul,Turkey,False,2022,9,22,0,1475.13,1235.36,Ankara,Luxembourg,"Ankara, Turkey","Luxembourg, Luxembourg","Istanbul, Turkey",39.9207759,32.8540497,49.6112768,6.129799,41.006381,28.9758715,349.5536355266844,2015.3363225844535,7.645,6.991,34,8,6,6,2,2,0,0,0.85,0.5714,1.0,1.0,6.973,6.482,13,6,7,8,2,0,2,2,0.65,0.4286,0.5,0.0,27,98,19.5,10.8,0.4,24.2,16.9,4.4,0.0,12.7,15.8,11.8,13.2,26.8,3.6999999999999993,1.0,2.3499999999999996,1.0999999999999979,7.4,4.249999999999999
2022-09-22,France,Austria,UEFA,Paris,France,False,2022,9,22,1,1764.85,1502.47,Paris,Vienna,"Paris, France","Vienna, Austria","Paris, France",48.8534951,2.3483915,48.2083537,16.3725042,48.8534951,2.3483915,0.0,1033.6811632728281,6.845,6.991,14,12,2,5,0,1,1,1,0.875,0.7059,0.0,0.5,6.582,6.9,5,5,11,12,0,1,2,1,0.3125,0.2941,0.0,0.5,3,23,19.7,6.9,0.0,10.3,16.1,7.5,0.1,15.9,19.7,6.9,0.0,10.3,0.0,0.0,0.0,3.599999999999998,0.5999999999999996,2.0999999999999988
2022-09-22,Croatia,Denmark,UEFA,Zagreb,Croatia,False,2022,9,22,1,1632.15,1665.47,Zagreb,Copenhagen,"Zagreb, Croatia","Copenhagen, Denmark","Zagreb, Croatia",45.8130967,15.9772795,55.6867243,12.5700724,45.8130967,15.9772795,0.0,1123.4083266718665,7.164,6.936,2,5,14,10,1,1,0,0,0.125,0.3333,1.0,1.0,7.391,6.8,11,10,5,5,2,0,0,1,0.6875,0.6667,1.0,0.0,13,21,16.0,5.8,0.7,12.4,16.0,10.0,0.0,16.9,16.0,5.8,0.7,12.4,0.0,0.0,0.0,0.0,4.2,2.1
2022-09-22,Kazakhstan,Belarus,UEFA,Astana,Kazakhstan,False,2022,9,22,1,1166.28,1226.55,Nur-Sultan,Minsk,"Nur-Sultan, Kazakhstan","Minsk, Belarus","Astana, Kazakhstan",51.1282205,71.4306682,53.9024716,27.5618225,51.1282205,71.4306682,0.0,2936.5410269853182,6.818,6.982,7,9,15,14,2,1,1,1,0.3182,0.3913,0.6667,0.5,6.755,7.055,10,14,10,9,0,1,2,1,0.5,0.6087,0.0,0.5,111,96,27.5,10.6,0.0,10.7,12.1,7.7,0.5,19.0,27.5,10.6,0.0,10.7,0.0,0.0,0.0,15.4,2.8999999999999995,9.15
2022-09-22,Liechtenstein,Andorra,UEFA,Vaduz,Liechtenstein,False,2022,9,22,2,873.99,1028.7,Vaduz,Andorra la Vella,"Vaduz, Liechtenstein","Andorra la Vella, Andorra","Vaduz, Liechtenstein",47.1392862,9.5227962,42.4979185,1.5032264,47.1392862,9.5227962,0.0,815.645344900044,6.427,6.509,2,2,20,15,0,1,2,2,0.0909,0.1176,0.0,0.3333,6.509,6.827,4,15,7,2,1,2,2,1,0.3636,0.8824,0.3333,0.6667,206,172,17.9,3.8,0.0,7.5,21.3,9.5,0.6,9.6,17.9,3.8,0.0,7.5,0.0,0.0,0.0,3.400000000000002,5.7,4.550000000000001
2022-09-22,Lithuania,Faroe Islands,UEFA,Vilnius,Lithuania,False,2022,9,22,0,1074.08,1136.29,Vilnius,Tórshavn,"Vilnius, Lithuania","Tórshavn, Faroe Islands","Vilnius, Lithuania",54.6870458,25.2829111,62.0101396,-6.7715709,54.6870458,25.2829111,0.0,2013.274248277617,6.664,6.827,6,10,34,10,0,1,2,2,0.15,0.5,0.0,0.3333,6.664,6.791,7,10,13,10,2,2,2,1,0.35,0.5,0.5,0.6667,149,123,12.4,6.6,1.2,17.8,11.7,9.2,6.0,32.8,12.4,6.6,1.2,17.8,0.0,0.0,0.0,0.7000000000000011,2.5999999999999996,1.6500000000000004
2022-09-23,Finland,Romania,UEFA,Helsinki,Finland,False,2022,9,23,0,1398.41,1427.84,Helsinki,Bucharest,"Helsinki, Finland","Bucharest, Romania","Helsinki, Finland",60.1666204,24.9435408,44.4361414,26.102684,60.1666204,24.9435408,0.0,1750.8568294794698,6.764,6.818,7,14,15,16,2,0,3,1,0.3182,0.4667,0.4,0.0,6.491,7.218,5,16,13,14,0,1,3,0,0.2778,0.5333,0.0,1.0,75,52,12.5,3.6,0.4,9.4,16.3,8.7,0.1,13.4,12.5,3.6,0.4,9.4,0.0,0.0,0.0,3.8000000000000007,5.1,4.45
2022-09-23,Italy,England,UEFA,Milan,Italy,False,2022,9,23,1,1713.86,1737.46,Rome,London,"Rome, Italy","London, England","Milan, Italy",41.8933203,12.4829321,51.5074456,-0.1277653,45.4641943,9.1896346,477.18633136892186,959.382549392014,6.518,7.027,10,7,15,11,2,0,5,0,0.4,0.3889,0.2857,0.5,6.364,7.109,6,11,4,7,0,0,4,0,0.6,0.6111,0.0,0.5,15,4,23.8,10.1,0.0,15.0,18.2,12.5,2.6,15.3,21.7,10.4,0.0,11.1,2.1000000000000014,0.3000000000000007,1.200000000000001,3.5,2.0999999999999996,2.8
2022-09-23,Bulgaria,Gibraltar,UEFA,Razgrad,Bulgaria,False,2022,9,23,1,1325.16,856.55,Sofia,Gibraltar,"Sofia, Bulgaria","Gibraltar, Gibraltar","Razgrad, Bulgaria",42.6977028,23.3217359,36.140807,-5.3541295,43.6394793,26.7022408,293.44838761264646,2839.145071763886,6.827,6.9,3,10,13,9,0,1,0,1,0.1875,0.5263,0.5,0.5,6.209,6.673,4,9,17,10,0,1,4,1,0.1905,0.4737,0.0,0.5,85,202,15.5,5.1,0.0,13.5,25.1,19.4,0.0,16.0,15.9,6.0,0.1,11.5,0.40000000000000036,0.9000000000000004,0.6500000000000004,9.200000000000001,13.399999999999999,11.3
2022-09-23,Germany,Hungary,UEFA,Leipzig,Germany,False,2022,9,23,2,1658.96,1486.76,Berlin,Budapest,"Berlin, Germany","Budapest, Hungary","Leipzig, Germany",52.5173885,13.3951309,47.4813896,19.1457723,51.3406321,12.3747329,148.3766760486237,650.763088019445,7.218,7.1,15,5,10,8,5,1,2,1,0.6,0.3846,0.7143,0.5,7.127,6.582,4,8,6,5,4,1,0,1,0.4,0.6154,1.0,0.5,12,39,16.2,3.6,0.0,11.1,16.0,5.2,0.1,10.0,17.4,4.5,0.0,9.9,1.1999999999999993,0.8999999999999999,1.0499999999999996,1.3999999999999986,0.7000000000000002,1.0499999999999994
2022-09-23,Estonia,Malta,UEFA,Tallinn,Estonia,False,2022,9,23,1,1177.4,974.68,Tallinn,Valletta,"Tallinn, Estonia","Valletta, Malta","Tallinn, Estonia",59.437242,24.7572693,35.8989979,14.5136607,59.437242,24.7572693,0.0,2720.1703736507175,6.645,7.145,6,10,9,5,2,2,1,0,0.4,0.6667,0.6667,1.0,7.164,6.609,21,9,4,6,1,1,0,2,0.84,0.6,1.0,0.3333,127,161,13.4,3.3,0.0,8.4,23.9,20.3,24.0,35.9,13.4,3.3,0.0,8.4,0.0,0.0,0.0,10.499999999999998,17.0,13.75
2022-09-23,Bosnia and Herzegovina,Montenegro,UEFA,Zenica,Bosnia and Herzegovina,False,2022,9,23,1,1403.98,1354.59,Sarajevo,Podgorica,"Sarajevo, Bosnia and Herzegovina","Podgorica, Montenegro","Zenica, Bosnia and Herzegovina",43.8570713,18.4126147,42.4415238,19.2621081,44.199828,17.9093012,55.423419927545865,224.05116923316487,7.0,6.827,15,8,7,12,3,1,2,1,0.6818,0.4,0.6,0.5,7.336,6.882,13,12,5,8,3,1,0,1,0.7222,0.6,1.0,0.5,61,80,15.3,4.1,0.2,9.7,20.4,10.4,0.0,11.3,16.0,4.2,0.1,5.4,0.6999999999999993,0.10000000000000053,0.3999999999999999,4.399999999999999,6.2,5.299999999999999
2022-09-23,Georgia,North Macedonia,UEFA,Tbilisi,Georgia,False,2022,9,23,1,1296.46,1375.2,Tbilisi,Skopje,"Tbilisi, Georgia","Skopje, North Macedonia","Tbilisi, Georgia",41.6934591,44.8014495,41.9962164,21.4318935,41.6934591,44.8014495,0.0,1930.0842470789144,7.091,7.164,13,10,3,14,0,3,0,0,0.8125,0.4167,0.5,1.0,7.455,6.682,17,14,4,10,4,0,0,3,0.8095,0.5833,1.0,0.0,72,69,28.1,15.7,0.3,30.0,18.9,5.1,0.1,8.0,28.1,15.7,0.3,30.0,0.0,0.0,0.0,9.200000000000003,10.6,9.900000000000002
2022-09-24,Spain,Switzerland,UEFA,Zaragoza,Spain,False,2022,9,24,2,1716.93,1621.43,Madrid,Bern,"Madrid, Spain","Bern, Switzerland","Zaragoza, Spain",40.416782,-3.703507,46.9484742,7.4521749,41.6915847,-0.9101268,273.75873300354056,884.6862784820503,7.173,7.145,5,6,6,5,2,1,0,0,0.4545,0.5455,1.0,1.0,7.182,6.673,3,5,10,6,1,0,0,1,0.2308,0.4545,1.0,0.0,1,14,25.9,15.8,0.0,22.7,15.3,9.2,22.4,8.2,23.7,15.4,4.1,25.3,2.1999999999999993,0.40000000000000036,1.2999999999999998,8.399999999999999,6.200000000000001,7.3
2022-09-24,Serbia,Sweden,UEFA,Belgrade,Serbia,False,2022,9,24,1,1549.53,1563.44,Belgrade,Stockholm,"Belgrade, Serbia","Stockholm, Sweden","Belgrade, Serbia",44.8153318,20.4456588,59.3251172,18.0710935,44.8153318,20.4456588,0.0,1621.297802479642,7.073,7.036,10,7,6,9,2,1,2,0,0.625,0.4375,0.5,1.0,6.655,6.827,11,9,9,7,2,0,3,1,0.55,0.5625,0.4,0.0,40,37,19.4,6.5,0.0,10.7,15.4,9.1,0.8,8.0,19.4,6.5,0.0,10.7,0.0,0.0,0.0,3.9999999999999982,2.5999999999999996,3.299999999999999
2022-09-24,Armenia,Ukraine,UEFA,Yerevan,Armenia,False,2022,9,24,2,1242.42,1542.79,Yerevan,Kyiv,"Yerevan, Armenia","Kyiv, Ukraine","Yerevan, Armenia",40.1777112,44.5126233,50.4500336,30.5241361,40.1777112,44.5126233,0.0,1576.4147568254566,6.245,6.391,6,5,12,12,1,0,4,3,0.3333,0.2941,0.2,0.0,6.473,6.873,3,9,20,7,0,1,3,1,0.1304,0.5625,0.0,0.5,107,33,28.5,14.3,0.1,17.6,11.7,6.4,2.7,21.9,28.5,14.3,0.1,17.6,0.0,0.0,0.0,16.8,7.9,12.350000000000001
2022-09-24,Scotland,Republic of Ireland,UEFA,Glasgow,Scotland,False,2022,9,24,1,1462.96,1442.48,Edinburgh,Dublin,"Edinburgh, Scotland","Dublin, Republic of Ireland","Glasgow, Scotland",55.9533456,-3.1883749,53.3493795,-6.2605593,55.861155,-4.2501687,66.96861427666241,307.81750389372075,7.109,7.464,20,12,3,6,3,4,0,1,0.8696,0.6667,1.0,0.8,6.882,7.191,7,5,9,6,1,3,1,0,0.4375,0.4545,0.5,1.0,42,55,13.8,6.9,0.5,13.0,14.8,9.0,0.3,22.7,14.7,4.0,0.0,9.8,0.8999999999999986,2.9000000000000004,1.8999999999999995,0.10000000000000142,5.0,2.5500000000000007
2022-09-24,Northern Ireland,Kosovo,UEFA,Belfast,Northern Ireland,False,2022,9,24,1,1399.1,1183.9,Belfast,Pristina,"Belfast, Northern Ireland","Pristina, Kosovo","Belfast, Northern Ireland",54.596391,-5.9301829,42.6638771,21.1640849,54.596391,-5.9301829,0.0,2369.3317811276734,6.818,6.545,11,9,6,10,2,2,2,3,0.6471,0.4737,0.5,0.4,6.436,7.0,3,10,11,9,0,3,2,2,0.2143,0.5263,0.0,0.6,70,78,14.3,8.5,0.0,17.6,18.3,3.4,0.0,11.3,14.3,8.5,0.0,17.6,0.0,0.0,0.0,4.0,5.1,4.55
2022-09-24,Slovenia,Norway,UEFA,Ljubljana,Slovenia,False,2022,9,24,1,1372.48,1488.57,Ljubljana,Oslo,"Ljubljana, Slovenia","Oslo, Norway","Ljubljana, Slovenia",46.0500268,14.5069289,59.9133301,10.7389701,46.0500268,14.5069289,0.0,1561.4008757251815,6.6,6.745,6,7,10,15,2,0,2,0,0.375,0.3182,0.5,0.5,6.836,7.282,9,15,11,7,3,0,2,0,0.45,0.6818,0.6,0.5,56,19,17.9,5.0,0.0,16.2,13.7,8.5,0.7,9.1,17.9,5.0,0.0,16.2,0.0,0.0,0.0,4.199999999999999,3.5,3.8499999999999996
2022-09-24,Israel,Albania,UEFA,Tel Aviv,Israel,False,2022,9,24,1,1316.35,1361.81,Jerusalem,Tirana,"Jerusalem, Israel","Tirana, Albania","Tel Aviv, Israel",31.7788472,35.2257856,41.3281482,19.8184435,32.0852997,34.7818064,54.005282834091396,1679.7863905855427,6.927,6.9,20,8,12,9,2,2,2,1,0.625,0.4706,0.5,0.6667,6.755,6.945,9,10,8,8,1,1,2,1,0.5294,0.5556,0.3333,0.5,76,67,31.8,19.8,0.0,19.7,21.8,11.0,0.0,10.2,31.0,21.1,0.0,22.7,0.8000000000000007,1.3000000000000007,1.0500000000000007,9.2,10.100000000000001,9.65
2022-09-24,Czech Republic,Portugal,UEFA,Prague,Czech Republic,False,2022,9,24,2,1502.9,1678.65,Prague,Lisbon,"Prague, Czech Republic","Lisbon, Portugal","Prague, Czech Republic",50.0874654,14.4212535,38.7077507,-9.1365919,50.0874654,14.4212535,0.0,2243.929364831349,6.591,6.609,6,6,5,11,0,0,2,2,0.5455,0.3529,0.0,0.0,6.818,7.355,10,11,3,6,0,2,1,0,0.7692,0.6471,0.0,1.0,48,7,16.8,5.9,0.0,11.9,22.9,17.7,0.0,25.2,16.8,5.9,0.0,11.9,0.0,0.0,0.0,6.099999999999998,11.799999999999999,8.95
2022-09-24,Cyprus,Greece,UEFA,Larnaca,Cyprus,False,2022,9,24,1,1180.52,1441.45,Nicosia,Athens,"Nicosia, Cyprus","Athens, Greece","Larnaca, Cyprus",35.1746503,33.3638783,37.9755648,23.7348324,34.9236095,33.6236184,36.5823773715705,946.7318102562956,6.818,6.464,6,2,11,11,2,0,2,3,0.3529,0.1538,0.5,0.0,7.136,7.2,11,11,3,2,2,3,0,0,0.7857,0.8462,1.0,1.0,124,46,28.7,17.9,0.0,20.9,23.7,11.5,0.0,20.0,28.7,17.6,0.1,20.3,0.0,0.29999999999999716,0.14999999999999858,5.0,6.100000000000001,5.550000000000001
2022-09-25,Slovakia,Belarus,UEFA,Bačka Topola,Serbia,True,2022,9,25,0,1439.99,1226.55,Bratislava,Minsk,"Bratislava, Slovakia","Minsk, Belarus","Bačka Topola, Serbia",48.1516988,17.1093063,53.9024716,27.5618225,45.8121657,19.6304705,322.84410511103374,1062.7551170539668,6.836,6.791,15,15,9,7,1,1,2,2,0.625,0.6818,0.3333,0.3333,6.664,6.755,6,10,9,10,1,0,2,2,0.4,0.5,0.3333,0.0,45,96,15.5,9.7,2.9,12.1,13.0,4.4,0.0,22.3,20.3,10.5,0.0,14.9,4.800000000000001,0.8000000000000007,2.8000000000000007,7.300000000000001,6.1,6.7
2022-09-25,Netherlands,Belgium,UEFA,Amsterdam,Netherlands,False,2022,9,25,1,1679.41,1821.92,Amsterdam,Brussels,"Amsterdam, Netherlands","Brussels, Belgium","Amsterdam, Netherlands",52.3730796,4.8924534,50.8467372,4.352493,52.3730796,4.8924534,0.0,173.76757600964172,7.07,6.982,5,16,4,8,2,3,0,2,0.5556,0.6667,1.0,0.6,7.282,7.027,18,8,9,9,2,1,1,0,0.6667,0.4706,0.6667,1.0,9,8,15.4,7.8,0.7,12.3,15.9,9.3,1.4,15.0,15.4,7.8,0.7,12.3,0.0,0.0,0.0,0.5,1.5000000000000009,1.0000000000000004
2022-09-25,Austria,Croatia,UEFA,Vienna,Austria,False,2022,9,25,2,1502.47,1632.15,Vienna,Zagreb,"Vienna, Austria","Zagreb, Croatia","Vienna, Austria",48.2083537,16.3725042,45.8130967,15.9772795,48.2083537,16.3725042,0.0,268.0197470314272,6.527,6.582,3,5,22,11,0,0,2,2,0.12,0.3125,0.0,0.0,6.964,7.164,10,2,7,14,2,1,1,0,0.5882,0.125,0.6667,1.0,23,13,15.8,9.7,1.7,10.7,17.8,12.3,4.8,9.3,15.8,9.7,1.7,10.7,0.0,0.0,0.0,2.0,2.6000000000000014,2.3000000000000007
2022-09-25,Denmark,France,UEFA,Copenhagen,Denmark,False,2022,9,25,1,1665.47,1764.85,Copenhagen,Paris,"Copenhagen, Denmark","Paris, France","Copenhagen, Denmark",55.6867243,12.5700724,48.8534951,2.3483915,55.6867243,12.5700724,0.0,1028.0265261410318,6.755,7.391,7,11,10,5,1,2,2,0,0.4118,0.6875,0.3333,1.0,7.318,6.845,22,14,3,2,2,0,0,1,0.88,0.875,1.0,0.0,21,3,15.6,10.1,0.4,14.8,18.3,10.6,0.0,16.8,15.6,10.1,0.4,14.8,0.0,0.0,0.0,2.700000000000001,0.5,1.6000000000000005
2022-09-25,Azerbaijan,Kazakhstan,UEFA,Baku,Azerbaijan,False,2022,9,25,1,1127.17,1166.28,Baku,Nur-Sultan,"Baku, Azerbaijan","Nur-Sultan, Kazakhstan","Baku, Azerbaijan",40.3755885,49.8328009,51.1282205,71.4306682,40.3755885,49.8328009,0.0,2046.0156981746018,7.009,7.0,9,10,15,10,2,2,1,0,0.375,0.5,0.6667,1.0,6.945,6.818,9,7,6,15,2,2,1,1,0.6,0.3182,0.6667,0.6667,126,111,21.0,17.5,0.5,42.3,29.2,12.6,0.0,18.6,21.0,17.5,0.5,42.3,0.0,0.0,0.0,8.2,4.9,6.55
2022-09-25,Andorra,Latvia,UEFA,Andorra la Vella,Andorra,False,2022,9,25,0,1028.7,1125.36,Andorra la Vella,Riga,"Andorra la Vella, Andorra","Riga, Latvia","Andorra la Vella, Andorra",42.4979185,1.5032264,56.9493977,24.1051846,42.4979185,1.5032264,0.0,2264.8249731967107,7.0,6.509,9,4,5,7,2,1,0,2,0.6429,0.3636,1.0,0.3333,6.791,7.527,14,20,12,2,1,2,2,0,0.5385,0.9091,0.3333,1.0,172,137,17.9,6.3,0.3,11.9,13.1,5.9,0.1,13.2,17.9,6.3,0.3,11.9,0.0,0.0,0.0,4.799999999999999,0.39999999999999947,2.599999999999999
2022-09-25,Moldova,Liechtenstein,UEFA,Chișinău,Moldova,False,2022,9,25,1,944.96,873.99,Chișinău,Vaduz,"Chișinău, Moldova","Vaduz, Liechtenstein","Chișinău, Moldova",47.0245117,28.8322923,47.1392862,9.5227962,47.0245117,28.8322923,0.0,1458.4120513026617,7.155,6.864,12,7,14,4,2,2,1,1,0.4615,0.6364,0.6667,0.6667,6.6,6.427,5,2,9,20,0,0,2,2,0.3571,0.0909,0.0,0.0,159,206,19.2,5.6,0.0,10.3,15.7,8.7,6.9,6.0,19.2,5.6,0.0,10.3,0.0,0.0,0.0,3.5,3.0999999999999996,3.3
2022-09-25,Luxembourg,Lithuania,UEFA,Luxembourg,Luxembourg,False,2022,9,25,1,1235.36,1074.08,Luxembourg,Vilnius,"Luxembourg, Luxembourg","Vilnius, Lithuania","Luxembourg, Luxembourg",49.6112768,6.129799,54.6870458,25.2829111,49.6112768,6.129799,0.0,1417.6520732019446,6.736,6.973,9,13,18,7,3,2,3,2,0.3333,0.65,0.5,0.5,6.691,6.664,6,6,7,34,1,0,1,2,0.4615,0.15,0.5,0.0,98,149,14.9,7.3,0.1,17.9,13.5,2.4,0.3,14.2,14.9,7.3,0.1,17.9,0.0,0.0,0.0,1.4000000000000004,4.9,3.1500000000000004
2022-09-25,Wales,Poland,UEFA,Cardiff,Wales,False,2022,9,25,2,1582.13,1546.18,Cardiff,Warsaw,"Cardiff, Wales","Warsaw, Poland","Cardiff, Wales",51.4816546,-3.1791934,52.2319581,21.0067249,51.4816546,-3.1791934,0.0,1655.3861187002824,6.845,6.518,9,8,18,16,1,2,2,3,0.3333,0.3333,0.3333,0.4,6.691,6.9,4,9,5,8,0,0,2,1,0.4444,0.5294,0.0,0.0,38,36,15.6,7.4,0.0,17.1,16.8,5.7,0.0,9.4,15.6,7.4,0.0,17.1,0.0,0.0,0.0,1.200000000000001,1.7000000000000002,1.4500000000000006
2022-09-25,Faroe Islands,Turkey,UEFA,Tórshavn,Faroe Islands,False,2022,9,25,1,1136.29,1475.13,Tórshavn,Ankara,"Tórshavn, Faroe Islands","Ankara, Turkey","Tórshavn, Faroe Islands",62.0101396,-6.7715709,39.9207759,32.8540497,62.0101396,-6.7715709,0.0,3607.8486607793293,6.827,6.664,7,7,6,13,1,2,1,2,0.5385,0.35,0.5,0.5,6.736,7.645,18,34,9,6,3,2,3,0,0.6667,0.85,0.5,1.0,123,27,12.2,5.7,9.8,50.9,21.7,6.2,0.0,9.0,12.2,5.7,9.8,50.9,0.0,0.0,0.0,9.5,0.5,5.0
2022-09-26,England,Germany,UEFA,London,England,False,2022,9,26,0,1737.46,1658.96,London,Berlin,"London, England","Berlin, Germany","London, England",51.5074456,-0.1277653,52.5173885,13.3951309,51.5074456,-0.1277653,0.0,930.8906097535187,6.973,6.364,14,6,7,4,0,0,1,4,0.6667,0.6,0.0,0.0,7.173,7.218,10,15,5,10,0,5,1,2,0.6667,0.6,0.0,0.7143,4,12,15.5,10.2,1.7,27.1,16.5,8.1,0.1,24.3,15.5,10.2,1.7,27.1,0.0,0.0,0.0,1.0,2.0999999999999996,1.5499999999999998
2022-09-26,Hungary,Italy,UEFA,Budapest,Hungary,False,2022,9,26,2,1486.76,1713.86,Budapest,Rome,"Budapest, Hungary","Rome, Italy","Budapest, Hungary",47.4813896,19.1457723,41.8933203,12.4829321,47.4813896,19.1457723,0.0,813.9508959977491,6.845,7.127,5,4,10,6,1,4,0,0,0.3333,0.4,1.0,1.0,7.127,6.518,7,10,14,15,1,2,0,5,0.3333,0.4,1.0,0.2857,39,15,18.2,12.2,10.2,14.8,20.4,15.8,6.7,14.1,18.2,12.2,10.2,14.8,0.0,0.0,0.0,2.1999999999999993,3.6000000000000014,2.9000000000000004
2022-09-26,Gibraltar,Georgia,UEFA,Gibraltar,Gibraltar,False,2022,9,26,2,856.55,1296.46,Gibraltar,Tbilisi,"Gibraltar, Gibraltar","Tbilisi, Georgia","Gibraltar, Gibraltar",36.140807,-5.3541295,41.6934591,44.8014495,36.140807,-5.3541295,0.0,4321.411150629275,6.327,6.209,3,4,21,17,1,0,5,4,0.125,0.1905,0.1667,0.0,7.127,7.091,8,13,18,3,2,0,0,0,0.3077,0.8125,1.0,0.5,202,72,25.2,17.9,0.0,20.0,21.9,9.6,0.0,9.7,25.2,17.9,0.0,20.0,0.0,0.0,0.0,3.3000000000000007,8.299999999999999,5.8
2022-09-26,Montenegro,Finland,UEFA,Podgorica,Montenegro,False,2022,9,26,2,1354.59,1398.41,Podgorica,Helsinki,"Podgorica, Montenegro","Helsinki, Finland","Podgorica, Montenegro",42.4415238,19.2621081,60.1666204,24.9435408,42.4415238,19.2621081,0.0,2008.3364101621867,6.7,7.336,4,13,10,5,0,3,1,0,0.2857,0.7222,0.0,1.0,6.964,6.764,5,7,13,15,1,2,1,3,0.2778,0.3182,0.5,0.4,80,75,19.0,16.2,98.5,17.0,12.0,6.7,0.6,18.9,19.0,16.2,98.5,17.0,0.0,0.0,0.0,7.0,9.5,8.25
2022-09-26,San Marino,Estonia,UEFA,Serravalle,San Marino,False,2022,9,26,2,763.82,1177.4,City of San Marino,Tallinn,"City of San Marino, San Marino","Tallinn, Estonia","Serravalle, San Marino",43.9363996,12.4466991,59.437242,24.7572693,43.9699026,12.4802946,4.594647588483443,1909.6367586663764,6.755,6.618,4,3,21,10,0,0,1,2,0.16,0.2308,0.0,0.0,6.991,6.645,7,6,10,9,2,2,1,1,0.4118,0.4,0.6667,0.6667,211,127,17.9,11.2,1.4,9.0,14.1,3.9,3.2,14.8,20.3,14.0,1.1,14.8,2.400000000000002,2.8000000000000007,2.6000000000000014,6.200000000000001,10.1,8.15
2022-09-26,North Macedonia,Bulgaria,UEFA,Skopje,North Macedonia,False,2022,9,26,2,1375.2,1325.16,Skopje,Sofia,"Skopje, North Macedonia","Sofia, Bulgaria","Skopje, North Macedonia",41.9962164,21.4318935,42.6977028,23.3217359,41.9962164,21.4318935,0.0,173.79200170138355,6.773,7.455,18,17,8,4,0,4,2,0,0.6923,0.8095,0.0,1.0,7.436,6.827,21,3,3,13,5,0,1,0,0.875,0.1875,0.8333,0.5,69,85,17.6,11.3,6.8,13.2,25.1,9.4,1.1,14.4,17.6,11.3,6.8,13.2,0.0,0.0,0.0,7.5,1.9000000000000004,4.7
2022-09-26,Romania,Bosnia and Herzegovina,UEFA,Bucharest,Romania,False,2022,9,26,1,1427.84,1403.98,Bucharest,Sarajevo,"Bucharest, Romania","Sarajevo, Bosnia and Herzegovina","Bucharest, Romania",44.4361414,26.102684,43.8570713,18.4126147,44.4361414,26.102684,0.0,616.7201344836012,7.082,6.491,13,5,5,13,1,0,1,3,0.7222,0.2778,0.5,0.0,7.055,7.0,10,15,4,7,1,3,0,2,0.7143,0.6818,1.0,0.6,52,61,25.1,11.2,0.0,12.5,20.0,12.3,4.3,10.5,25.1,11.2,0.0,12.5,0.0,0.0,0.0,5.100000000000001,1.1000000000000014,3.1000000000000014
2022-09-27,Portugal,Spain,UEFA,Braga,Portugal,False,2022,9,27,2,1678.65,1716.93,Lisbon,Madrid,"Lisbon, Portugal","Madrid, Spain","Braga, Portugal",38.7077507,-9.1365919,40.416782,-3.703507,41.5510583,-8.4280045,321.846079963536,416.0830323587466,7.345,6.818,13,10,11,3,4,0,0,1,0.5417,0.7692,1.0,0.0,6.927,7.173,4,5,8,6,1,2,2,0,0.3333,0.4545,0.3333,1.0,7,1,23.4,15.6,0.0,23.0,24.6,9.5,0.0,19.1,22.7,11.8,0.0,18.6,0.6999999999999993,3.799999999999999,2.249999999999999,1.9000000000000021,2.3000000000000007,2.1000000000000014
2022-09-27,Sweden,Slovenia,UEFA,Stockholm,Sweden,False,2022,9,27,0,1563.44,1372.48,Stockholm,Ljubljana,"Stockholm, Sweden","Ljubljana, Slovenia","Stockholm, Sweden",59.3251172,18.0710935,46.0500268,14.5069289,59.3251172,18.0710935,0.0,1495.0050775052355,6.545,6.655,8,11,14,9,1,2,4,3,0.3636,0.55,0.2,0.4,6.818,6.6,8,6,11,10,2,2,1,2,0.4211,0.375,0.6667,0.5,37,56,13.7,9.4,5.0,18.2,15.8,10.5,11.0,12.2,13.7,9.4,5.0,18.2,0.0,0.0,0.0,2.1000000000000014,1.0999999999999996,1.6000000000000005
2022-09-27,Norway,Serbia,UEFA,Oslo,Norway,False,2022,9,27,2,1488.57,1549.53,Oslo,Belgrade,"Oslo, Norway","Belgrade, Serbia","Oslo, Norway",59.9133301,10.7389701,44.8153318,20.4456588,59.9133301,10.7389701,0.0,1799.1433162248356,6.745,6.836,11,9,8,11,1,3,2,2,0.5789,0.45,0.3333,0.6,7.245,7.073,14,10,8,6,4,2,1,2,0.6364,0.625,0.8,0.5,19,40,11.3,9.4,10.2,21.3,21.9,13.5,15.9,21.7,11.3,9.4,10.2,21.3,0.0,0.0,0.0,10.599999999999998,4.1,7.349999999999999
2022-09-27,Greece,Northern Ireland,UEFA,Athens,Greece,False,2022,9,27,1,1441.45,1399.1,Athens,Belfast,"Athens, Greece","Belfast, Northern Ireland","Athens, Greece",37.9755648,23.7348324,54.596391,-5.9301829,37.9755648,23.7348324,0.0,2897.3060674297108,6.809,7.136,6,11,8,3,0,2,1,0,0.4286,0.7857,0.0,1.0,6.973,6.818,15,11,10,6,2,2,1,2,0.6,0.6471,0.6667,0.5,46,70,26.1,17.6,0.0,19.8,11.9,9.0,0.3,26.1,26.1,17.6,0.0,19.8,0.0,0.0,0.0,14.200000000000001,8.600000000000001,11.400000000000002
2022-09-27,Ukraine,Scotland,UEFA,Kraków,Poland,True,2022,9,27,0,1542.79,1462.96,Kyiv,Edinburgh,"Kyiv, Ukraine","Edinburgh, Scotland","Kraków, Poland",50.4500336,30.5241361,55.9533456,-3.1883749,50.0469432,19.9971534,749.2278374710083,1674.5957556776973,7.482,6.473,12,3,11,20,5,0,0,3,0.5217,0.1304,1.0,0.0,6.918,7.109,12,20,8,3,2,3,1,0,0.6,0.8696,0.6667,1.0,33,42,15.9,9.5,3.8,8.0,12.1,6.6,0.4,28.1,17.4,5.8,5.2,13.3,1.4999999999999982,3.7,2.599999999999999,5.299999999999999,0.7999999999999998,3.0499999999999994
2022-09-27,Switzerland,Czech Republic,UEFA,St. Gallen,Switzerland,False,2022,9,27,1,1621.43,1502.9,Bern,Prague,"Bern, Switzerland","Prague, Czech Republic","St. Gallen, Switzerland",46.9484742,7.4521749,50.0874654,14.4212535,47.425618,9.3762397,154.77177976992516,473.5095885033546,7.018,7.182,8,3,4,10,2,1,1,0,0.6667,0.2308,0.6667,1.0,6.645,6.591,11,6,13,5,0,0,4,2,0.4583,0.5455,0.0,0.0,14,48,11.9,8.1,9.2,26.6,14.0,8.2,2.1,27.2,10.9,7.1,14.9,21.3,1.0,1.0,1.0,3.0999999999999996,1.0999999999999996,2.0999999999999996
2022-09-27,Kosovo,Cyprus,UEFA,Pristina,Kosovo,False,2022,9,27,1,1183.9,1180.52,Pristina,Nicosia,"Pristina, Kosovo","Nicosia, Cyprus","Pristina, Kosovo",42.6638771,21.1640849,35.1746503,33.3638783,42.6638771,21.1640849,0.0,1342.0498731200273,7.027,6.436,10,3,15,11,1,0,2,2,0.4,0.2143,0.3333,0.0,7.164,6.818,8,6,6,11,1,2,0,2,0.5714,0.3529,1.0,0.5,78,124,20.7,10.7,21.6,27.1,31.0,16.9,0.0,17.2,20.7,10.7,21.6,27.1,0.0,0.0,0.0,10.3,6.199999999999999,8.25
2022-09-27,Republic of Ireland,Armenia,UEFA,Dublin,Republic of Ireland,False,2022,9,27,1,1442.48,1242.42,Dublin,Yerevan,"Dublin, Republic of Ireland","Yerevan, Armenia","Dublin, Republic of Ireland",53.3493795,-6.2605593,40.1777112,44.5126233,53.3493795,-6.2605593,0.0,4035.2707835911724,6.764,6.882,8,7,12,9,1,1,2,1,0.4,0.4375,0.3333,0.5,6.264,6.245,11,6,12,12,0,1,5,4,0.4783,0.3333,0.0,0.2,55,107,13.2,9.9,0.2,26.9,26.4,12.8,0.0,10.0,13.2,9.9,0.2,26.9,0.0,0.0,0.0,13.2,2.9000000000000004,8.05
2022-09-27,Albania,Iceland,UEFA,Tirana,Albania,False,2022,9,27,0,1361.81,1379.61,Tirana,Reykjavik,"Tirana, Albania","Reykjavik, Iceland","Tirana, Albania",41.3281482,19.8184435,64.145981,-21.9422367,41.3281482,19.8184435,0.0,3670.9204828006286,6.727,6.755,7,9,12,8,1,1,2,2,0.3684,0.5294,0.3333,0.3333,6.918,6.855,12,8,20,10,2,1,2,1,0.375,0.4444,0.5,0.5,67,74,23.8,16.2,43.1,25.8,6.9,3.0,0.5,7.9,23.8,16.2,43.1,25.8,0.0,0.0,0.0,16.9,13.2,15.049999999999999
2022-11-20,Qatar,Ecuador,FWC,Al Khor,Qatar,False,2022,11,20,2,1439.89,1464.39,Doha,Quito,"Doha, Qatar","Quito, Ecuador","Al Khor, Qatar",25.3108807,51.5081812,-0.2201641,-78.5123274,25.7567822,51.3269839,52.809998202766636,13938.934736830763,6.891,6.982,10,16,9,4,2,0,2,1,0.5263,0.8,0.5,0.0,6.818,7.127,5,9,2,6,0,0,0,0,0.7143,0.6,0.5,0.5,59,25,29.1,22.4,0.0,33.4,20.1,7.8,9.0,15.5,27.9,22.1,0.0,33.3,1.2000000000000028,0.29999999999999716,0.75,7.799999999999997,14.3,11.049999999999999
2022-11-21,England,Iran,FWC,Al Rayyan,Qatar,True,2022,11,21,1,1728.47,1564.61,London,Tehran,"London, England","Tehran, Iran","Al Rayyan, Qatar",51.5074456,-0.1277653,35.6892523,51.3896004,25.0819602,51.158416,5205.544777771602,1179.6842993164294,6.691,6.973,11,14,8,7,3,0,3,1,0.5789,0.6667,0.5,0.0,6.973,6.573,8,6,3,13,2,0,0,2,0.7273,0.3158,1.0,0.0,4,22,9.2,1.8,7.9,38.3,17.8,5.2,0.0,15.9,25.8,17.9,0.0,28.7,16.6,16.099999999999998,16.35,8.0,12.7,10.35
2022-11-21,Senegal,Netherlands,FWC,Doha,Qatar,True,2022,11,21,2,1584.38,1694.51,Dakar,Amsterdam,"Dakar, Senegal","Amsterdam, Netherlands","Doha, Qatar",14.693425,-17.447938,52.3730796,4.8924534,25.3108807,51.5081812,7228.943425186964,4907.5611722911235,7.218,7.273,13,20,2,4,1,3,0,1,0.8667,0.8333,1.0,0.75,7.082,7.07,11,5,8,4,1,2,0,0,0.5789,0.5556,1.0,1.0,18,9,30.9,24.7,0.0,23.2,7.4,-0.1,3.2,22.7,27.6,20.1,0.0,28.0,3.299999999999997,4.599999999999998,3.9499999999999975,20.200000000000003,20.200000000000003,20.200000000000003
2022-11-22,Argentina,Saudi Arabia,FWC,Lusail,Qatar,True,2022,11,22,2,1773.88,1437.78,Buenos Aires,Riyadh,"Buenos Aires, Argentina","Riyadh, Saudi Arabia","Lusail, Qatar",-34.6095579,-58.3887904,24.638916,46.7160104,25.4228888,51.5197163,13321.005504679486,491.7374250248139,7.564,7.309,14,12,7,2,5,3,0,0,0.6667,0.8571,1.0,1.0,6.736,6.664,12,6,3,9,0,1,1,1,0.8,0.4,0.0,0.5,2,58,22.4,11.9,0.0,20.3,25.4,12.4,0.0,12.5,27.4,18.1,0.0,20.0,5.0,6.200000000000001,5.6000000000000005,2.0,5.700000000000001,3.8500000000000005
2022-11-22,Denmark,Tunisia,FWC,Al Rayyan,Qatar,True,2022,11,22,0,1666.57,1507.54,Copenhagen,Tunis,"Copenhagen, Denmark","Tunis, Tunisia","Al Rayyan, Qatar",55.6867243,12.5700724,36.8002068,10.1857757,25.0819602,51.158416,4612.0715241891485,4083.8421954528535,7.445,6.755,11,7,16,10,2,1,0,2,0.4074,0.4118,1.0,0.3333,6.191,7.109,6,11,14,8,1,0,5,0,0.3,0.5789,0.1667,0.5,21,57,4.2,2.5,0.6,34.5,17.3,13.6,2.0,35.7,25.9,14.8,0.0,15.9,21.7,12.3,17.0,8.599999999999998,1.200000000000001,4.8999999999999995
2022-11-22,France,Australia,FWC,Al Wakrah,Qatar,True,2022,11,22,1,1759.78,1488.72,Paris,Canberra,"Paris, France","Canberra, Australia","Al Wakrah, Qatar",48.8534951,2.3483915,-35.2975906,149.1012676,25.0037453,51.4103338,4986.481547432921,12239.596772150931,6.882,7.318,16,22,11,3,0,2,2,0,0.5926,0.88,0.0,1.0,6.864,6.845,10,7,6,6,5,2,4,1,0.625,0.5385,0.5556,0.6667,3,28,10.6,4.6,3.8,29.4,12.8,4.5,0.0,25.6,27.1,14.9,0.0,14.9,16.5,10.3,13.4,14.3,10.4,12.350000000000001
2022-11-23,Belgium,Canada,FWC,Al Rayyan,Qatar,True,2022,11,23,1,1816.71,1475.0,Brussels,Ottawa,"Brussels, Belgium","Ottawa, Canada","Al Rayyan, Qatar",50.8467372,4.352493,45.4208777,-75.6901106,25.0819602,51.158416,4885.151655325853,10513.216762708334,6.645,6.909,5,8,6,11,1,0,2,1,0.4545,0.4211,0.3333,0.0,6.836,6.691,15,6,4,7,2,2,1,2,0.7895,0.4615,0.6667,0.5,8,30,9.1,5.5,6.1,25.4,3.6,-2.2,0.2,9.4,26.8,13.7,0.0,10.9,17.700000000000003,8.2,12.950000000000001,23.2,15.899999999999999,19.549999999999997
2022-11-23,Spain,Costa Rica,FWC,Doha,Qatar,True,2022,11,23,1,1715.22,1503.59,Madrid,San José,"Madrid, Spain","San José, Costa Rica","Doha, Qatar",40.416782,-3.703507,9.9327707,-84.0796144,25.3108807,51.5081812,5331.016526122692,13812.268588860998,6.936,7.136,12,8,6,9,3,1,1,0,0.6667,0.4706,0.75,1.0,7.136,7.436,4,14,15,13,1,2,0,0,0.2105,0.5185,1.0,1.0,1,51,15.3,11.1,1.2,28.5,24.5,13.7,5.0,11.9,27.6,16.6,0.0,15.1,12.3,5.500000000000002,8.900000000000002,3.1000000000000014,2.900000000000002,3.0000000000000018
2022-11-23,Morocco,Croatia,FWC,Al Khor,Qatar,True,2022,11,23,0,1563.5,1645.64,Rabat,Zagreb,"Rabat, Morocco","Zagreb, Croatia","Al Khor, Qatar",34.0218454,-6.8408929,45.8130967,15.9772795,25.7567822,51.3269839,5608.950824021641,3841.9021012254493,7.1,7.018,7,25,4,3,2,2,0,1,0.6364,0.8929,1.0,0.6667,6.927,6.973,3,7,12,14,1,3,0,1,0.2,0.3333,1.0,0.75,6,13,21.9,14.3,0.0,12.5,5.0,-0.1,11.4,24.6,28.0,14.1,0.0,9.5,6.100000000000001,0.20000000000000107,3.1500000000000012,23.0,14.2,18.6
2022-11-23,Germany,Japan,FWC,Al Rayyan,Qatar,True,2022,11,23,2,1650.21,1559.54,Berlin,Tokyo,"Berlin, Germany","Tokyo, Japan","Al Rayyan, Qatar",52.5173885,13.3951309,35.6768601,139.7638947,25.0819602,51.158416,4387.50216478297,8297.90905149324,6.927,6.882,16,8,6,11,1,3,0,3,0.7273,0.4211,1.0,0.5,6.718,6.973,4,6,15,9,1,0,2,0,0.2105,0.4,0.3333,0.5,12,17,6.1,-0.8,0.0,14.2,13.4,11.0,36.9,44.0,26.8,13.7,0.0,10.9,20.700000000000003,14.5,17.6,13.4,2.6999999999999993,8.05
2022-11-24,Switzerland,Cameroon,FWC,Al Wakrah,Qatar,True,2022,11,24,1,1635.92,1471.44,Bern,Yaoundé,"Bern, Switzerland","Yaoundé, Cameroon","Al Wakrah, Qatar",46.9484742,7.4521749,3.8689867,11.5213344,25.0037453,51.4103338,4563.740417123631,4865.241786688515,6.609,7.127,4,14,6,12,0,2,2,1,0.4,0.5385,0.0,0.6667,6.609,7.382,5,17,8,2,0,1,1,0,0.3846,0.8947,0.0,1.0,14,43,9.9,1.5,0.2,18.9,28.9,19.7,0.1,12.1,28.7,14.8,0.0,9.7,18.799999999999997,13.3,16.049999999999997,0.1999999999999993,4.899999999999999,2.549999999999999
2022-11-24,Portugal,Ghana,FWC,Doha,Qatar,True,2022,11,24,1,1676.56,1393.0,Lisbon,Accra,"Lisbon, Portugal","Accra, Ghana","Doha, Qatar",38.7077507,-9.1365919,5.5571096,-0.2012376,25.3108807,51.5081812,5802.21826729517,5916.292207278306,7.236,6.945,9,9,1,8,4,0,0,1,0.9,0.5294,1.0,0.0,7.055,6.455,6,3,4,16,2,0,0,3,0.6,0.1579,1.0,0.0,7,65,18.0,15.1,10.5,24.3,30.7,23.6,0.2,13.9,28.6,16.5,0.0,14.0,10.600000000000001,1.4000000000000004,6.000000000000001,2.099999999999998,7.100000000000001,4.6
2022-11-24,Brazil,Serbia,FWC,Lusail,Qatar,True,2022,11,24,1,1841.3,1563.62,Brasília,Belgrade,"Brasília, Brazil","Belgrade, Serbia","Lusail, Qatar",-15.7939869,-47.8828,44.8153318,20.4456588,25.4228888,51.5197163,11675.501356980203,3518.604251710061,7.218,7.427,14,16,6,3,5,3,1,0,0.7,0.8421,0.8333,1.0,7.3,7.245,7,14,8,8,2,4,0,1,0.4667,0.6364,1.0,0.8,5,40,24.8,17.9,26.9,14.5,8.2,4.4,2.3,18.0,28.1,15.4,0.0,11.6,3.3000000000000007,2.4999999999999982,2.8999999999999995,19.900000000000002,11.0,15.450000000000001
2022-11-24,Uruguay,South Korea,FWC,Al Rayyan,Qatar,True,2022,11,24,0,1638.71,1530.3,Montevideo,Seoul,"Montevideo, Uruguay","Seoul, South Korea","Al Rayyan, Qatar",-34.9058916,-56.1913095,37.5666791,126.9782914,25.0819602,51.158416,13082.089771641624,7145.170096443657,7.109,7.164,4,12,10,11,2,2,0,0,0.2857,0.5217,1.0,1.0,7.218,7.127,13,8,3,5,1,1,0,0,0.8125,0.6154,1.0,1.0,20,32,29.1,18.7,0.0,30.0,12.9,3.2,0.0,8.9,27.9,17.6,0.0,10.5,1.2000000000000028,1.0999999999999979,1.1500000000000004,14.999999999999998,14.400000000000002,14.7
2022-11-25,Netherlands,Ecuador,FWC,Al Rayyan,Qatar,True,2022,11,25,0,1694.51,1464.39,Amsterdam,Quito,"Amsterdam, Netherlands","Quito, Ecuador","Al Rayyan, Qatar",52.3730796,4.8924534,-0.2201641,-78.5123274,25.0819602,51.158416,4904.8515680618775,13947.917401662267,7.145,7.082,8,11,11,8,2,1,0,0,0.4211,0.5789,1.0,1.0,7.182,6.818,5,5,4,2,2,0,0,0,0.5556,0.7143,1.0,0.5,9,25,11.5,6.5,8.6,22.0,18.6,6.7,1.2,10.8,31.2,16.8,0.0,14.5,19.7,10.3,15.0,12.599999999999998,10.100000000000001,11.35
2022-11-25,Wales,Iran,FWC,Al Rayyan,Qatar,True,2022,11,25,2,1569.82,1564.61,Cardiff,Tehran,"Cardiff, Wales","Tehran, Iran","Al Rayyan, Qatar",51.4816546,-3.1791934,35.6892523,51.3896004,25.0819602,51.158416,5410.846573193036,1179.6842993164294,6.955,6.745,4,12,4,5,1,0,1,1,0.5,0.7059,0.5,0.0,6.345,6.973,5,8,10,3,2,2,6,0,0.3333,0.7273,0.25,1.0,38,22,12.4,5.4,2.9,29.1,18.5,6.5,0.0,14.8,31.2,16.8,0.0,14.5,18.799999999999997,11.4,15.099999999999998,12.7,10.3,11.5
2022-11-25,Qatar,Senegal,FWC,Doha,Qatar,False,2022,11,25,2,1439.89,1584.38,Doha,Dakar,"Doha, Qatar","Dakar, Senegal","Doha, Qatar",25.3108807,51.5081812,14.693425,-17.447938,25.3108807,51.5081812,0.0,7228.943425186964,6.418,6.891,4,10,5,9,0,2,2,2,0.4444,0.5263,0.0,0.5,6.909,7.218,11,13,8,2,0,1,2,0,0.5789,0.8667,0.0,1.0,59,18,29.1,18.3,0.0,16.3,29.3,25.1,0.0,23.5,29.1,18.3,0.0,16.3,0.0,0.0,0.0,0.1999999999999993,6.800000000000001,3.5
2022-11-26,Poland,Saudi Arabia,FWC,Al Rayyan,Qatar,True,2022,11,26,1,1548.59,1437.78,Warsaw,Riyadh,"Warsaw, Poland","Riyadh, Saudi Arabia","Al Rayyan, Qatar",52.2319581,21.0067249,24.638916,46.7160104,25.0819602,51.158416,3940.325726644451,450.87650334859546,6.982,6.918,6,7,10,8,0,1,0,0,0.375,0.4667,0.5,1.0,6.836,6.736,2,12,12,3,2,0,1,1,0.1429,0.8,0.6667,0.0,36,58,1.4,-0.4,0.3,8.7,29.7,16.9,0.0,19.9,31.0,17.9,0.0,12.5,29.6,18.299999999999997,23.95,1.3000000000000007,1.0,1.1500000000000004
2022-11-26,Argentina,Mexico,FWC,Lusail,Qatar,True,2022,11,26,1,1773.88,1644.89,Buenos Aires,Mexico City,"Buenos Aires, Argentina","Mexico City, Mexico","Lusail, Qatar",-34.6095579,-58.3887904,19.3207722,-99.1514678,25.4228888,51.5197163,13321.005504679486,14115.401598820785,6.864,7.564,12,14,2,7,1,5,2,0,0.8571,0.6667,0.3333,1.0,7.118,6.927,10,10,6,7,0,1,0,2,0.625,0.5882,0.5,0.3333,2,10,28.2,19.9,0.0,25.1,24.1,7.3,0.0,11.5,30.7,18.5,0.0,13.7,2.5,1.3999999999999986,1.9499999999999993,6.599999999999998,11.2,8.899999999999999
2022-11-26,France,Denmark,FWC,Doha,Qatar,True,2022,11,26,1,1759.78,1666.57,Paris,Copenhagen,"Paris, France","Copenhagen, Denmark","Doha, Qatar",48.8534951,2.3483915,55.6867243,12.5700724,25.3108807,51.5081812,4969.26254710001,4609.292105462313,7.618,6.882,21,16,4,11,4,0,1,2,0.84,0.5926,0.8,0.0,7.055,7.445,7,11,13,16,0,2,0,0,0.35,0.4074,0.5,1.0,3,21,9.1,3.2,0.0,17.7,8.1,6.3,1.0,19.4,30.9,18.8,0.0,14.1,21.799999999999997,15.600000000000001,18.7,22.799999999999997,12.5,17.65
2022-11-26,Tunisia,Australia,FWC,Al Wakrah,Qatar,True,2022,11,26,2,1507.54,1488.72,Tunis,Canberra,"Tunis, Tunisia","Canberra, Australia","Al Wakrah, Qatar",36.8002068,10.1857757,-35.2975906,149.1012676,25.0037453,51.4103338,4110.285384419949,12239.596772150931,7.127,6.191,13,6,7,14,0,1,0,5,0.65,0.3,0.5,0.1667,6.391,6.864,4,10,21,6,1,5,4,4,0.16,0.625,0.2,0.5556,57,28,16.2,12.6,6.4,30.1,22.5,7.6,0.0,22.3,31.2,19.1,0.0,11.6,15.0,6.500000000000002,10.75,8.7,11.500000000000002,10.100000000000001
2022-11-27,Belgium,Morocco,FWC,Doha,Qatar,True,2022,11,27,2,1816.71,1563.5,Brussels,Rabat,"Brussels, Belgium","Rabat, Morocco","Doha, Qatar",50.8467372,4.352493,34.0218454,-6.8408929,25.3108807,51.5081812,4889.549620378723,5645.864099843416,7.218,6.645,8,5,19,6,1,1,0,2,0.2963,0.4545,1.0,0.3333,7.045,7.1,8,7,5,4,0,2,0,0,0.6154,0.6364,0.5,1.0,8,6,8.3,6.1,6.0,24.5,21.9,12.8,0.0,18.4,32.1,18.8,0.0,21.0,23.8,12.700000000000001,18.25,10.200000000000003,6.0,8.100000000000001
2022-11-27,Croatia,Canada,FWC,Al Rayyan,Qatar,True,2022,11,27,1,1645.64,1475.0,Zagreb,Ottawa,"Zagreb, Croatia","Ottawa, Canada","Al Rayyan, Qatar",45.8130967,15.9772795,45.4208777,-75.6901106,25.0819602,51.158416,3883.065939588819,10513.216762708334,7.073,6.927,5,3,8,12,0,1,0,0,0.3846,0.2,0.5,1.0,6.8,6.836,19,15,8,4,0,2,1,1,0.7037,0.7895,0.0,0.6667,13,30,9.4,1.5,0.0,9.9,7.3,2.0,4.6,14.0,30.8,17.2,0.0,21.4,21.4,15.7,18.549999999999997,23.5,15.2,19.35
2022-11-28,South Korea,Ghana,FWC,Al Rayyan,Qatar,True,2022,11,28,2,1530.3,1393.0,Seoul,Accra,"Seoul, South Korea","Accra, Ghana","Al Rayyan, Qatar",37.5666791,126.9782914,5.5571096,-0.2012376,25.0819602,51.158416,7145.170096443657,5876.358638136468,6.918,7.218,5,13,8,3,0,1,0,0,0.3846,0.8125,0.5,1.0,6.6,7.055,7,6,9,4,2,2,3,0,0.4375,0.6,0.4,1.0,32,65,14.6,4.4,26.6,17.2,30.8,24.1,0.7,21.7,29.1,20.4,0.0,28.6,14.500000000000002,15.999999999999998,15.25,1.6999999999999993,3.700000000000003,2.700000000000001
2022-11-28,Cameroon,Serbia,FWC,Al Wakrah,Qatar,True,2022,11,28,0,1471.44,1563.62,Yaoundé,Belgrade,"Yaoundé, Cameroon","Belgrade, Serbia","Al Wakrah, Qatar",3.8689867,11.5213344,44.8153318,20.4456588,25.0037453,51.4103338,4865.241786688515,3544.493757871631,6.936,6.609,8,5,6,8,0,0,1,1,0.5714,0.3846,0.0,0.0,6.8,7.3,3,7,19,8,0,2,2,0,0.1364,0.4667,0.0,1.0,43,40,23.6,18.9,21.5,11.8,6.7,1.4,0.0,17.1,30.8,20.2,0.0,28.9,7.199999999999999,1.3000000000000007,4.25,24.1,18.8,21.450000000000003
2022-11-28,Brazil,Switzerland,FWC,Doha,Qatar,True,2022,11,28,1,1841.3,1635.92,Brasília,Bern,"Brasília, Brazil","Bern, Switzerland","Doha, Qatar",-15.7939869,-47.8828,46.9484742,7.4521749,25.3108807,51.5081812,11672.059257986884,4547.283704911427,7.345,7.218,19,14,3,6,2,5,0,1,0.8636,0.7,1.0,0.8333,7.145,6.609,6,4,8,6,1,0,0,2,0.4286,0.4,1.0,0.0,5,14,25.6,17.7,7.2,14.3,7.6,0.5,0.5,13.0,31.7,21.5,0.0,29.1,6.099999999999998,3.8000000000000007,4.949999999999999,24.1,21.0,22.55
2022-11-28,Portugal,Uruguay,FWC,Lusail,Qatar,True,2022,11,28,1,1676.56,1638.71,Lisbon,Montevideo,"Lisbon, Portugal","Montevideo, Uruguay","Lusail, Qatar",38.7077507,-9.1365919,-34.9058916,-56.1913095,25.4228888,51.5197163,5796.888991769278,13131.909527802749,7.118,7.236,9,9,7,1,3,4,2,0,0.5625,0.9,0.6,1.0,7.1,7.109,8,4,5,10,0,2,0,0,0.6154,0.2857,0.5,1.0,7,20,16.8,10.8,0.0,18.8,29.3,19.6,0.0,24.5,31.2,21.4,0.0,29.2,14.399999999999999,10.599999999999998,12.499999999999998,1.8999999999999986,1.7999999999999972,1.8499999999999979
2022-11-29,Wales,England,FWC,Al Rayyan,Qatar,True,2022,11,29,2,1569.82,1728.47,Cardiff,London,"Cardiff, Wales","London, England","Al Rayyan, Qatar",51.4816546,-3.1791934,51.5074456,-0.1277653,25.0819602,51.158416,5410.846573193036,5205.544777771602,6.982,6.955,9,4,16,4,0,1,2,1,0.36,0.5,0.0,0.5,7.127,7.427,7,10,10,5,0,6,0,2,0.4118,0.6667,0.5,0.75,38,4,5.9,0.9,0.0,9.8,7.3,4.4,0.0,9.7,29.7,19.0,0.0,15.9,23.799999999999997,18.1,20.95,22.4,14.6,18.5
2022-11-29,Qatar,Netherlands,FWC,Al Khor,Qatar,False,2022,11,29,2,1439.89,1694.51,Doha,Amsterdam,"Doha, Qatar","Amsterdam, Netherlands","Al Khor, Qatar",25.3108807,51.5081812,52.3730796,4.8924534,25.7567822,51.3269839,52.809998202766636,4857.800873087078,6.573,6.418,8,4,12,5,1,0,3,2,0.4,0.4444,0.25,0.0,6.991,7.145,2,8,14,11,1,2,1,0,0.125,0.4211,0.5,1.0,59,9,29.1,20.3,0.0,16.7,10.6,5.1,0.0,10.3,31.2,20.2,0.0,15.8,2.099999999999998,0.10000000000000142,1.0999999999999996,20.6,15.1,17.85
2022-11-29,Ecuador,Senegal,FWC,Al Rayyan,Qatar,True,2022,11,29,2,1464.39,1584.38,Quito,Dakar,"Quito, Ecuador","Dakar, Senegal","Al Rayyan, Qatar",-0.2201641,-78.5123274,14.693425,-17.447938,25.0819602,51.158416,13947.917401662267,7196.15376145024,6.691,7.182,14,5,2,4,1,2,1,0,0.875,0.5556,0.5,1.0,7.082,6.909,12,11,8,8,3,0,1,2,0.6,0.5789,0.75,0.0,25,18,17.7,7.0,24.4,8.9,30.4,23.2,0.0,19.6,29.7,19.0,0.0,15.9,12.0,12.0,12.0,0.6999999999999993,4.199999999999999,2.4499999999999993
2022-11-30,Tunisia,France,FWC,Al Rayyan,Qatar,True,2022,11,30,1,1507.54,1759.78,Tunis,Paris,"Tunis, Tunisia","Paris, France","Al Rayyan, Qatar",36.8002068,10.1857757,48.8534951,2.3483915,25.0819602,51.158416,4083.8421954528535,4962.42406770832,6.8,7.127,10,13,9,7,0,0,1,0,0.5263,0.65,0.0,0.5,7.345,7.618,21,21,9,4,2,4,1,1,0.7,0.84,0.6667,0.8,57,3,16.0,9.7,3.3,28.2,7.5,5.4,0.0,16.1,29.5,18.0,0.0,10.8,13.5,8.3,10.9,22.0,12.6,17.3
2022-11-30,Saudi Arabia,Mexico,FWC,Lusail,Qatar,True,2022,11,30,2,1437.78,1644.89,Riyadh,Mexico City,"Riyadh, Saudi Arabia","Mexico City, Mexico","Lusail, Qatar",24.638916,46.7160104,19.3207722,-99.1514678,25.4228888,51.5197163,491.7374250248139,14115.401598820785,6.918,6.836,14,2,8,12,0,2,2,1,0.6364,0.1429,0.0,0.6667,6.464,7.118,4,10,3,6,0,0,2,0,0.5714,0.625,0.0,0.5,58,10,27.9,14.5,0.0,19.5,24.2,10.3,0.0,19.9,29.1,18.5,0.0,16.9,1.2000000000000028,4.0,2.6000000000000014,4.900000000000002,8.2,6.550000000000001
2022-11-30,Poland,Argentina,FWC,Doha,Qatar,True,2022,11,30,2,1548.59,1773.88,Warsaw,Buenos Aires,"Warsaw, Poland","Buenos Aires, Argentina","Doha, Qatar",52.2319581,21.0067249,-34.6095579,-58.3887904,25.3108807,51.5081812,3937.57306473178,13314.33077887577,7.118,6.982,8,6,14,10,2,0,0,0,0.3636,0.375,1.0,0.5,7.055,6.864,3,12,4,2,2,1,0,2,0.4286,0.8571,1.0,0.3333,36,2,1.5,-1.1,0.1,14.5,28.2,22.3,14.3,21.1,29.5,19.1,0.0,17.2,28.0,20.200000000000003,24.1,1.3000000000000007,3.1999999999999993,2.25
2022-11-30,Australia,Denmark,FWC,Al Wakrah,Qatar,True,2022,11,30,1,1488.72,1666.57,Canberra,Copenhagen,"Canberra, Australia","Copenhagen, Denmark","Al Wakrah, Qatar",-35.2975906,149.1012676,55.6867243,12.5700724,25.0037453,51.4103338,12239.596772150931,4632.924008668038,7.173,6.391,9,4,10,21,1,1,0,4,0.4737,0.16,1.0,0.2,7.018,7.055,9,7,21,13,1,0,2,0,0.3,0.35,0.3333,0.5,28,21,23.0,10.2,0.0,15.0,5.0,4.1,0.6,19.8,29.6,17.8,0.0,12.8,6.600000000000001,7.600000000000001,7.100000000000001,24.6,13.700000000000001,19.150000000000002
2022-12-01,Canada,Morocco,FWC,Doha,Qatar,True,2022,12,1,2,1475.0,1563.5,Ottawa,Rabat,"Ottawa, Canada","Rabat, Morocco","Doha, Qatar",45.4208777,-75.6901106,34.0218454,-6.8408929,25.3108807,51.5081812,10511.947709750659,5645.864099843416,6.609,6.8,4,19,11,8,1,0,4,1,0.2667,0.7037,0.2,0.0,7.136,7.045,8,8,9,5,2,0,0,0,0.4706,0.6154,1.0,0.5,30,6,0.5,-1.7,0.3,29.7,17.1,13.2,18.1,22.0,29.6,18.5,0.0,14.7,29.1,20.2,24.65,12.5,5.300000000000001,8.9
2022-12-01,Croatia,Belgium,FWC,Al Rayyan,Qatar,True,2022,12,1,0,1645.64,1816.71,Zagreb,Brussels,"Zagreb, Croatia","Brussels, Belgium","Al Rayyan, Qatar",45.8130967,15.9772795,50.8467372,4.352493,25.0819602,51.158416,3883.065939588819,4885.151655325853,7.273,7.073,11,5,4,8,4,0,1,0,0.7333,0.3846,0.8,0.5,6.627,7.218,9,8,8,19,0,1,2,0,0.5294,0.2963,0.0,1.0,13,8,3.8,2.4,2.7,13.1,6.1,3.7,0.1,15.6,29.5,17.3,0.0,12.0,25.7,14.9,20.3,23.4,13.600000000000001,18.5
2022-12-02,Cameroon,Brazil,FWC,Lusail,Qatar,True,2022,12,2,1,1471.44,1841.3,Yaoundé,Brasília,"Yaoundé, Cameroon","Brasília, Brazil","Lusail, Qatar",3.8689867,11.5213344,-15.7939869,-47.8828,25.4228888,51.5197163,4893.216179617938,11675.501356980203,6.773,6.936,9,8,14,6,3,0,3,1,0.3913,0.5714,0.5,0.0,7.173,7.345,9,19,5,3,1,2,0,0,0.6429,0.8636,1.0,1.0,43,5,28.7,20.0,0.2,12.7,24.9,18.1,16.7,12.4,30.6,19.2,0.0,20.3,1.9000000000000021,0.8000000000000007,1.3500000000000014,5.700000000000003,1.0999999999999979,3.4000000000000004
2022-12-02,South Korea,Portugal,FWC,Al Rayyan,Qatar,True,2022,12,2,1,1530.3,1676.56,Seoul,Lisbon,"Seoul, South Korea","Lisbon, Portugal","Al Rayyan, Qatar",37.5666791,126.9782914,38.7077507,-9.1365919,25.0819602,51.158416,7145.170096443657,5784.909433489879,6.864,6.918,17,5,7,8,2,0,3,0,0.7083,0.3846,0.4,0.5,7.173,7.118,14,9,8,7,2,3,0,2,0.6364,0.5625,1.0,0.6,32,7,-0.5,-8.2,0.0,13.0,13.7,8.1,0.0,14.6,29.6,17.9,0.0,20.4,30.1,26.099999999999998,28.1,15.900000000000002,9.799999999999999,12.850000000000001
2022-12-02,Serbia,Switzerland,FWC,Doha,Qatar,True,2022,12,2,2,1563.62,1635.92,Belgrade,Bern,"Belgrade, Serbia","Bern, Switzerland","Doha, Qatar",44.8153318,20.4456588,46.9484742,7.4521749,25.3108807,51.5081812,3526.7264618923095,4547.283704911427,7.1,6.8,14,3,9,19,3,0,3,2,0.6087,0.1364,0.5,0.0,6.764,7.145,5,6,9,8,0,1,1,0,0.3571,0.4286,0.0,1.0,40,14,6.3,1.3,0.4,17.1,4.2,0.4,0.3,11.0,30.6,19.3,0.0,21.1,24.3,18.0,21.15,26.400000000000002,18.900000000000002,22.650000000000002
2022-12-02,Ghana,Uruguay,FWC,Al Wakrah,Qatar,True,2022,12,2,2,1393.0,1638.71,Accra,Montevideo,"Accra, Ghana","Montevideo, Uruguay","Al Wakrah, Qatar",5.5571096,-0.2012376,-34.9058916,-56.1913095,25.0037453,51.4103338,5899.219524895413,13100.44861524507,7.145,6.6,7,7,17,9,3,2,2,3,0.2917,0.4375,0.6,0.4,6.7,7.1,8,8,14,5,0,0,2,0,0.3636,0.6154,0.0,0.5,65,20,31.0,24.8,2.2,17.2,22.1,17.6,0.7,28.1,31.1,17.5,0.0,18.5,0.10000000000000142,7.300000000000001,3.700000000000001,9.0,0.10000000000000142,4.550000000000001
2022-12-03,Argentina,Australia,FWC,Al Rayyan,Qatar,True,2022,12,3,1,1773.88,1488.72,Buenos Aires,Canberra,"Buenos Aires, Argentina","Canberra, Australia","Al Rayyan, Qatar",-34.6095579,-58.3887904,-35.2975906,149.1012676,25.0819602,51.158416,13271.412175755573,12265.876714096874,7.5,7.055,21,3,3,4,2,2,0,0,0.875,0.4286,1.0,1.0,7.173,7.173,7,9,9,10,1,1,0,0,0.4375,0.4737,1.0,1.0,2,28,24.8,18.6,0.0,15.4,23.2,10.5,0.1,14.7,27.9,19.7,0.0,20.9,3.099999999999998,1.0999999999999979,2.099999999999998,4.699999999999999,9.2,6.949999999999999
2022-12-04,France,Poland,FWC,Doha,Qatar,True,2022,12,4,1,1759.78,1548.59,Paris,Warsaw,"Paris, France","Warsaw, Poland","Doha, Qatar",48.8534951,2.3483915,52.2319581,21.0067249,25.3108807,51.5081812,4969.26254710001,3937.57306473178,6.945,7.345,4,21,5,9,0,2,1,1,0.4444,0.7,0.0,0.6667,6.8,7.118,3,8,21,14,0,2,2,0,0.125,0.3636,0.0,1.0,3,36,4.4,0.1,1.4,14.7,3.2,-1.2,0.0,18.7,29.0,19.3,0.0,17.3,24.6,19.2,21.9,25.8,20.5,23.15
2022-12-04,England,Senegal,FWC,Al Khor,Qatar,True,2022,12,4,1,1728.47,1584.38,London,Dakar,"London, England","Dakar, Senegal","Al Khor, Qatar",51.5074456,-0.1277653,14.693425,-17.447938,25.7567822,51.3269839,5161.102956511343,7206.53188801282,7.336,7.127,18,7,4,10,3,0,0,0,0.8182,0.4118,1.0,0.5,7.036,7.082,14,12,6,8,2,3,1,1,0.7,0.6,0.6667,0.75,4,18,6.0,4.1,1.6,21.1,26.1,22.0,0.0,19.4,29.4,19.2,0.0,17.4,23.4,15.1,19.25,3.299999999999997,2.8000000000000007,3.049999999999999
2022-12-05,Japan,Croatia,FWC,Al Wakrah,Qatar,True,2022,12,5,0,1559.54,1645.64,Tokyo,Zagreb,"Tokyo, Japan","Zagreb, Croatia","Al Wakrah, Qatar",35.6768601,139.7638947,45.8130967,15.9772795,25.0037453,51.4103338,8281.213532801372,3907.0725018990333,6.791,6.664,4,11,8,4,2,0,1,1,0.3333,0.7333,0.6667,0.0,7.191,7.273,11,11,11,4,0,4,0,1,0.5,0.7333,0.5,0.8,17,13,8.1,5.6,13.8,21.6,5.3,1.4,0.1,6.5,29.0,16.5,0.0,15.5,20.9,10.9,15.899999999999999,23.7,15.1,19.4
2022-12-05,Brazil,South Korea,FWC,Doha,Qatar,True,2022,12,5,1,1841.3,1530.3,Brasília,Seoul,"Brasília, Brazil","Seoul, South Korea","Doha, Qatar",-15.7939869,-47.8828,37.5666791,126.9782914,25.3108807,51.5081812,11672.059257986884,7101.87237749599,6.973,7.173,15,9,6,5,0,1,1,0,0.7143,0.6429,0.0,1.0,7.064,6.864,12,17,11,7,2,2,1,3,0.5217,0.7083,0.6667,0.4,5,32,26.1,18.2,3.6,14.3,-0.2,-7.2,0.0,12.6,28.0,18.2,0.0,17.1,1.8999999999999986,0.0,0.9499999999999993,28.2,25.4,26.799999999999997
2022-12-06,Morocco,Spain,FWC,Al Rayyan,Qatar,True,2022,12,6,0,1563.5,1715.22,Rabat,Madrid,"Rabat, Morocco","Madrid, Spain","Al Rayyan, Qatar",34.0218454,-6.8408929,40.416782,-3.703507,25.0819602,51.158416,5624.36484502411,5315.17043825273,6.936,7.136,6,8,4,9,2,2,1,0,0.6,0.4706,0.6667,1.0,6.982,6.918,8,6,4,8,1,1,2,1,0.6667,0.4286,0.3333,0.5,6,1,18.4,14.4,1.2,24.6,12.2,8.0,3.1,9.6,30.2,19.3,0.0,18.0,11.8,4.9,8.350000000000001,18.0,11.3,14.65
2022-12-06,Portugal,Switzerland,FWC,Lusail,Qatar,True,2022,12,6,1,1676.56,1635.92,Lisbon,Bern,"Lisbon, Portugal","Bern, Switzerland","Lusail, Qatar",38.7077507,-9.1365919,46.9484742,7.4521749,25.4228888,51.5197163,5796.888991769278,4539.555343393298,6.991,7.173,11,14,12,8,1,2,2,0,0.4783,0.6364,0.3333,1.0,6.845,6.764,13,5,9,9,3,0,2,1,0.5909,0.3571,0.6,0.0,7,14,16.0,9.7,0.8,8.9,2.4,-3.6,0.0,7.6,29.8,21.0,0.0,21.2,13.8,11.3,12.55,27.400000000000002,24.6,26.0
2022-12-09,Netherlands,Argentina,FWC,Lusail,Qatar,True,2022,12,9,0,1694.51,1773.88,Amsterdam,Buenos Aires,"Amsterdam, Netherlands","Buenos Aires, Argentina","Lusail, Qatar",52.3730796,4.8924534,-34.6095579,-58.3887904,25.4228888,51.5197163,4898.706574229218,13321.005504679486,7.391,7.373,9,12,13,5,3,2,1,0,0.4091,0.7059,0.75,1.0,7.027,7.5,8,21,2,3,2,2,1,0,0.8,0.875,0.6667,1.0,9,2,1.3,-2.2,0.0,9.7,35.9,24.8,5.4,39.1,24.8,19.8,0.0,26.5,23.5,22.0,22.75,11.099999999999998,5.0,8.049999999999999
2022-12-09,Croatia,Brazil,FWC,Al Rayyan,Qatar,True,2022,12,9,0,1645.64,1841.3,Zagreb,Brasília,"Zagreb, Croatia","Brasília, Brazil","Al Rayyan, Qatar",45.8130967,15.9772795,-15.7939869,-47.8828,25.0819602,51.158416,3883.065939588819,11632.73089988313,7.255,7.191,11,11,11,11,4,0,2,0,0.5,0.5,0.6667,0.5,7.382,6.973,15,15,7,6,4,0,1,1,0.6818,0.7143,0.8,0.0,13,5,6.6,2.3,5.2,11.3,25.3,18.2,16.0,13.8,24.5,18.9,0.0,25.5,17.9,16.599999999999998,17.25,0.8000000000000007,0.6999999999999993,0.75
2022-12-10,Morocco,Portugal,FWC,Doha,Qatar,True,2022,12,10,1,1563.5,1676.56,Rabat,Lisbon,"Rabat, Morocco","Lisbon, Portugal","Doha, Qatar",34.0218454,-6.8408929,38.7077507,-9.1365919,25.3108807,51.5081812,5645.864099843416,5802.21826729517,7.064,6.936,3,6,7,4,3,2,0,1,0.3,0.6,1.0,0.6667,7.564,6.991,13,11,8,12,6,1,1,2,0.619,0.4783,0.8571,0.3333,6,7,19.1,16.1,5.0,31.7,16.0,10.3,3.5,13.5,23.3,17.2,0.0,31.4,4.199999999999999,1.0999999999999979,2.6499999999999986,7.300000000000001,6.899999999999999,7.1
2022-12-10,England,France,FWC,Al Khor,Qatar,True,2022,12,10,2,1728.47,1759.78,London,Paris,"London, England","Paris, France","Al Khor, Qatar",51.5074456,-0.1277653,48.8534951,2.3483915,25.7567822,51.3269839,5161.102956511343,4921.424962351145,7.509,7.336,7,18,4,4,3,3,0,0,0.6364,0.8182,1.0,1.0,7.427,6.945,16,4,12,5,3,0,1,1,0.5714,0.4444,0.75,0.0,4,3,2.9,-3.9,0.0,11.5,2.9,-1.0,0.0,11.5,22.4,17.5,0.5,32.9,19.5,21.4,20.45,19.5,18.5,19.0
2022-12-13,Argentina,Croatia,FWC,Lusail,Qatar,True,2022,12,13,1,1773.88,1645.64,Buenos Aires,Zagreb,"Buenos Aires, Argentina","Zagreb, Croatia","Lusail, Qatar",-34.6095579,-58.3887904,45.8130967,15.9772795,25.4228888,51.5197163,13321.005504679486,3881.779323021706,7.145,7.027,11,8,1,2,6,2,5,1,0.9167,0.8,0.5455,0.6667,7.373,7.255,6,11,18,11,5,4,3,2,0.25,0.5,0.625,0.6667,2,13,26.0,15.9,0.0,17.7,1.3,-5.4,0.0,8.1,24.1,14.0,0.0,15.3,1.8999999999999986,1.9000000000000004,1.8999999999999995,22.8,19.4,21.1
2022-12-14,France,Morocco,FWC,Al Khor,Qatar,True,2022,12,14,1,1759.78,1563.5,Paris,Rabat,"Paris, France","Rabat, Morocco","Al Khor, Qatar",48.8534951,2.3483915,34.0218454,-6.8408929,25.7567822,51.3269839,4921.424962351145,5608.950824021641,7.091,7.427,8,16,14,12,2,3,1,1,0.3636,0.5714,0.6667,0.75,7.145,7.064,8,3,11,7,1,3,0,0,0.4211,0.3,1.0,1.0,3,6,0.4,-3.9,3.6,10.9,20.9,15.5,16.6,36.3,25.7,13.9,0.0,11.5,25.3,17.8,21.55,4.800000000000001,1.5999999999999996,3.2
2022-12-17,Croatia,Morocco,FWC,Al Rayyan,Qatar,True,2022,12,17,1,1645.64,1563.5,Zagreb,Rabat,"Zagreb, Croatia","Rabat, Morocco","Al Rayyan, Qatar",45.8130967,15.9772795,34.0218454,-6.8408929,25.0819602,51.158416,3883.065939588819,5624.36484502411,6.809,7.373,8,6,9,18,0,5,3,3,0.4706,0.25,0.0,0.625,6.636,7.145,9,8,12,11,0,1,2,0,0.4286,0.4211,0.0,1.0,13,6,3.2,0.9,6.6,8.8,18.4,13.7,1.9,13.2,25.4,16.6,0.0,27.5,22.2,15.700000000000001,18.95,7.0,2.900000000000002,4.950000000000001
2022-12-18,Argentina,France,FWC,Lusail,Qatar,True,2022,12,18,0,1773.88,1759.78,Buenos Aires,Paris,"Buenos Aires, Argentina","Paris, France","Lusail, Qatar",-34.6095579,-58.3887904,48.8534951,2.3483915,25.4228888,51.5197163,13321.005504679486,4961.292014075267,7.273,7.145,9,11,8,1,3,6,0,5,0.5294,0.9167,1.0,0.5455,7.327,7.091,12,8,9,14,2,2,0,1,0.5714,0.3636,1.0,0.6667,2,3,25.9,19.5,0.0,29.3,4.2,-5.0,3.6,21.2,25.2,17.3,0.0,26.8,0.6999999999999993,2.1999999999999993,1.4499999999999993,21.0,22.3,21.65
2023-06-15,Spain,Italy,UEFA,Enschede,Netherlands,True,2023,6,15,1,1682.85,1713.66,Madrid,Rome,"Madrid, Spain","Rome, Italy","Enschede, Netherlands",40.416782,-3.703507,41.8933203,12.4829321,52.2209855,6.8940537,1540.819549980775,1223.0238263374608,6.764,7.155,7,9,8,6,0,3,2,0,0.4667,0.6,0.0,1.0,7.273,6.636,11,9,7,7,2,1,0,2,0.6111,0.5625,1.0,0.3333,1,15,31.9,15.7,0.0,15.0,26.6,17.2,7.7,14.0,26.5,13.3,0.0,20.3,5.399999999999999,2.3999999999999986,3.8999999999999986,0.10000000000000142,3.8999999999999986,2.0
2023-06-18,Croatia,Spain,UEFA,Rotterdam,Netherlands,True,2023,6,18,0,1730.02,1682.85,Zagreb,Madrid,"Zagreb, Croatia","Madrid, Spain","Rotterdam, Netherlands",45.8130967,15.9772795,40.416782,-3.703507,51.9244424,4.47775,1079.1601968087905,1424.149839083789,7.091,7.073,11,8,11,12,4,2,2,0,0.5,0.4,0.6667,1.0,6.827,6.764,17,7,8,8,2,0,1,2,0.68,0.4667,0.6667,0.0,13,1,27.6,13.5,0.0,9.4,30.8,18.2,3.2,20.4,22.2,18.2,2.1,21.1,5.400000000000002,4.699999999999999,5.050000000000001,8.600000000000001,0.0,4.300000000000001
2024-01-13,Ivory Coast,Guinea-Bissau,AFCON,Ebimpé,Ivory Coast,False,2024,1,13,1,1447.65,1197.83,Yamoussoukro,Bissau,"Yamoussoukro, Ivory Coast","Bissau, Guinea-Bissau","Ebimpé, Ivory Coast",6.8200066,-5.2776034,11.861324,-15.583055,5.4995714,-4.0800574,197.69845413685493,1448.2032250778673,6.927,6.518,9,13,6,11,1,0,0,3,0.6,0.5417,1.0,0.0,6.9,6.973,12,8,8,7,2,1,1,0,0.6,0.5333,0.6667,1.0,31,132,34.4,23.5,0.0,11.8,33.9,19.9,0.0,15.4,30.6,24.2,2.0,10.7,3.799999999999997,0.6999999999999993,2.2499999999999982,3.299999999999997,4.300000000000001,3.799999999999999
2024-01-13,Australia,India,AFC,Al Rayyan,Qatar,True,2024,1,13,1,1539.22,1200.8,Canberra,New Delhi,"Canberra, Australia","New Delhi, India","Al Rayyan, Qatar",-35.2975906,149.1012676,28.6138954,77.2090057,25.0819602,51.158416,12265.876714096874,2608.8423235057135,7.018,7.191,5,5,3,7,2,1,0,0,0.625,0.4167,1.0,1.0,6.482,6.873,4,7,17,13,0,6,3,5,0.1905,0.35,0.0,0.5455,28,138,30.2,16.2,21.1,11.2,18.1,5.9,0.0,10.2,26.1,13.9,0.0,13.3,4.099999999999998,2.299999999999999,3.1999999999999984,8.0,8.0,8.0
2024-01-13,China,Tajikistan,AFC,Doha,Qatar,True,2024,1,13,0,1299.49,1195.07,Beijing,Dushanbe,"Beijing, China","Dushanbe, Tajikistan","Doha, Qatar",39.9057136,116.3912972,38.5767045,68.785433,25.3108807,51.5081812,6154.173588888201,2191.3507478633046,6.527,6.864,3,6,18,14,0,2,3,1,0.1429,0.3,0.0,0.6667,6.391,6.864,6,6,11,9,1,0,5,0,0.3529,0.4,0.1667,0.5,91,101,0.5,-5.2,0.0,14.3,12.1,5.0,2.0,11.6,26.6,16.0,0.0,15.4,26.1,21.2,23.65,14.500000000000002,11.0,12.75
2024-01-14,Egypt,Mozambique,AFCON,Abidjan,Ivory Coast,True,2024,1,14,0,1518.91,1180.72,Cairo,Maputo,"Cairo, Egypt","Maputo, Mozambique","Abidjan, Ivory Coast",30.0443879,31.2357257,-25.966213,32.56745,5.320357,-4.016107,4601.854513423969,5258.996613507107,7.136,6.891,16,7,8,6,1,2,0,1,0.6667,0.5385,1.0,0.6667,6.909,7.036,12,6,12,11,3,2,2,0,0.5,0.3529,0.6,1.0,24,103,20.3,9.2,0.0,12.4,31.6,25.7,1.7,16.9,28.3,25.5,1.9,13.4,8.0,16.3,12.15,3.3000000000000007,0.1999999999999993,1.75
2024-01-14,Iran,Palestine,AFC,Al Rayyan,Qatar,True,2024,1,14,1,1565.08,1217.6,Tehran,Ramallah,"Tehran, Iran","Ramallah, Palestine","Al Rayyan, Qatar",35.6892523,51.3896004,31.9158969,35.1781625,25.0819602,51.158416,1179.6842993164294,1734.0655167294367,7.464,7.036,19,21,2,5,4,1,0,1,0.9048,0.8077,1.0,0.5,6.936,6.627,7,13,5,11,0,0,1,2,0.5833,0.5417,0.0,0.0,22,95,12.0,5.3,4.1,18.4,11.7,7.1,6.1,28.4,28.6,16.2,0.0,16.9,16.6,10.899999999999999,13.75,16.900000000000002,9.1,13.0
2024-01-14,Nigeria,Equatorial Guinea,AFCON,Ebimpé,Ivory Coast,True,2024,1,14,0,1474.44,1268.43,Abuja,Malabo,"Abuja, Nigeria","Malabo, Equatorial Guinea","Ebimpé, Ivory Coast",9.0643305,7.4892974,3.741877,8.7740663,5.4995714,-4.0800574,1335.9838439006658,1437.935940509982,6.736,7.518,10,15,2,1,2,6,2,0,0.8333,0.9375,0.5,1.0,6.709,7.0,6,9,6,2,1,1,1,0,0.5,0.8182,0.5,1.0,26,105,33.2,19.8,0.0,17.8,28.9,27.7,0.0,14.5,30.4,23.7,6.7,10.3,2.8000000000000043,3.8999999999999986,3.3500000000000014,1.5,4.0,2.75
2024-01-14,United Arab Emirates,Hong Kong,AFC,Al Rayyan,Qatar,True,2024,1,14,1,1364.46,1042.93,Abu Dhabi,City of Victoria,"Abu Dhabi, United Arab Emirates","City of Victoria, Hong Kong","Al Rayyan, Qatar",24.4538352,54.3774014,22.2765855,114.1693011,25.0819602,51.158416,332.4193678718891,6365.364635446361,7.245,6.827,6,7,18,13,2,1,0,1,0.25,0.35,1.0,0.5,6.509,7.291,7,9,9,5,0,3,4,0,0.4375,0.6429,0.0,1.0,68,156,27.6,15.4,0.0,14.7,22.1,16.0,0.0,16.6,28.6,16.2,0.0,16.9,1.0,0.7999999999999989,0.8999999999999995,6.5,0.1999999999999993,3.3499999999999996
2024-01-14,Ghana,Cape Verde,AFCON,Abidjan,Ivory Coast,True,2024,1,14,2,1384.19,1329.8,Accra,Praia,"Accra, Ghana","Praia, Cape Verde","Abidjan, Ivory Coast",5.5571096,-0.2012376,14.9162811,-23.5095095,5.320357,-4.016107,423.10323413077623,2383.0237348249916,6.309,6.573,6,4,12,8,0,0,4,2,0.3333,0.3333,0.0,0.0,6.636,6.936,9,9,15,15,2,3,3,1,0.375,0.375,0.4,0.75,65,64,31.3,24.5,0.4,17.0,30.5,22.9,0.0,22.2,28.3,25.5,1.9,13.4,3.0,1.0,2.0,2.1999999999999993,2.6000000000000014,2.4000000000000004
2024-01-15,Algeria,Angola,AFCON,Bouaké,Ivory Coast,True,2024,1,15,0,1520.26,1168.05,Algiers,Luanda,"Algiers, Algeria","Luanda, Angola","Bouaké, Ivory Coast",36.7729333,3.0588445,-8.8272699,13.2439512,7.6890212,-5.0283552,3335.988376694139,2733.4785768653032,7.009,7.018,11,9,7,10,0,2,0,1,0.6111,0.4737,0.5,0.6667,7.145,6.927,11,11,11,13,0,2,0,1,0.5,0.4583,0.5,0.6667,29,87,21.0,14.1,0.0,27.4,29.3,24.3,0.3,12.1,34.5,19.6,0.0,11.5,13.5,5.500000000000002,9.5,5.199999999999999,4.699999999999999,4.949999999999999
2024-01-15,South Korea,Bahrain,AFC,Doha,Qatar,True,2024,1,15,1,1550.65,1277.29,Seoul,Manama,"Seoul, South Korea","Manama, Bahrain","Doha, Qatar",37.5666791,126.9782914,26.2235041,50.5822436,25.3108807,51.5081812,7101.87237749599,137.45924650813618,7.027,7.4,10,18,3,3,1,3,0,0,0.7692,0.8571,1.0,1.0,6.582,6.936,3,9,5,6,0,0,2,1,0.375,0.6,0.0,0.0,32,92,0.6,-8.5,0.0,15.1,26.1,18.2,0.0,17.7,29.5,18.0,0.0,16.6,28.9,26.5,27.7,3.3999999999999986,0.1999999999999993,1.799999999999999
2024-01-15,Senegal,Gambia,AFCON,Yamoussoukro,Ivory Coast,True,2024,1,15,1,1594.31,1140.06,Dakar,Banjul,"Dakar, Senegal","Banjul, Gambia","Yamoussoukro, Ivory Coast",14.693425,-17.447938,13.4410165,-16.5627509,6.8200066,-5.2776034,1590.8251057034906,1437.339013519521,6.945,6.873,12,7,13,9,1,4,1,2,0.48,0.4375,0.5,0.6667,6.518,6.845,5,8,6,10,2,3,2,2,0.4545,0.4444,0.5,0.6,18,116,33.2,21.7,0.0,18.5,32.5,21.3,0.0,16.1,34.0,20.7,0.0,13.2,0.7999999999999972,1.0,0.8999999999999986,1.5,0.6000000000000014,1.0500000000000007
2024-01-15,Cameroon,Guinea,AFCON,Yamoussoukro,Ivory Coast,True,2024,1,15,0,1463.06,1290.01,Yaoundé,Conakry,"Yaoundé, Cameroon","Conakry, Guinea","Yamoussoukro, Ivory Coast",3.8689867,11.5213344,9.5170602,-13.6998434,6.8200066,-5.2776034,1888.2960760405956,974.20987025789,6.909,7.4,10,14,8,11,0,3,1,0,0.5556,0.56,0.0,1.0,6.691,6.436,7,4,11,11,2,1,2,4,0.3889,0.2667,0.5,0.2,43,81,29.9,20.0,0.0,12.6,29.6,24.4,0.0,13.8,34.0,20.7,0.0,13.2,4.100000000000001,0.6999999999999993,2.4000000000000004,4.399999999999999,3.6999999999999993,4.049999999999999
2024-01-15,Indonesia,Iraq,AFC,Doha,Qatar,True,2024,1,15,2,1064.01,1365.98,Jakarta,Baghdad,"Jakarta, Indonesia","Baghdad, Iraq","Doha, Qatar",-6.1754049,106.827168,33.3061701,44.3872213,25.3108807,51.5081812,6923.37191854495,1124.9287415741323,6.645,7.809,3,22,19,3,0,7,2,0,0.1364,0.88,0.0,1.0,6.782,6.964,3,10,10,3,0,5,1,6,0.2308,0.7692,0.0,0.4545,118,63,31.0,25.4,2.9,16.6,20.5,9.0,0.0,16.1,29.5,18.0,0.0,16.6,1.5,7.399999999999999,4.449999999999999,9.0,9.0,9.0
2024-01-15,Malaysia,Jordan,AFC,Al Wakrah,Qatar,True,2024,1,15,2,1122.87,1272.63,Kuala Lumpur,Amman,"Kuala Lumpur, Malaysia","Amman, Jordan","Al Wakrah, Qatar",3.1516964,101.6942371,31.9515694,35.9239625,25.0037453,51.4103338,5896.152650080647,1696.9093305318481,6.782,7.555,7,25,11,4,1,4,1,1,0.3889,0.8621,0.5,0.8,7.164,6.864,14,14,2,6,2,0,1,2,0.875,0.7,0.6667,0.0,136,73,28.0,24.0,3.5,9.9,11.3,5.8,0.0,16.4,29.4,17.2,0.0,16.2,1.3999999999999986,6.800000000000001,4.1,18.099999999999998,11.399999999999999,14.749999999999998
2024-01-16,Mali,South Africa,AFCON,Korhogo,Ivory Coast,True,2024,1,16,1,1445.6,1357.08,Bamako,Pretoria,"Bamako, Mali","Pretoria, South Africa","Korhogo, Ivory Coast",12.6132656,-7.9847391,-25.7459277,28.1879101,9.4580698,-5.6316293,434.7702786620152,5357.57917521563,7.036,7.218,8,10,5,6,3,4,1,0,0.6154,0.625,0.75,1.0,6.636,7.009,5,7,5,4,0,2,2,1,0.5,0.6364,0.0,0.6667,53,54,35.5,17.6,0.0,14.0,30.3,19.4,1.1,12.2,34.9,16.6,0.0,14.0,0.6000000000000014,1.0,0.8000000000000007,4.599999999999998,2.799999999999997,3.6999999999999975
2024-01-16,Saudi Arabia,Oman,AFC,Al Rayyan,Qatar,True,2024,1,16,1,1421.06,1324.89,Riyadh,Muscat,"Riyadh, Saudi Arabia","Muscat, Oman","Al Rayyan, Qatar",24.638916,46.7160104,23.6123628,58.5938134,25.0819602,51.158416,450.87650334859546,770.6495062177773,7.282,7.336,6,13,14,2,2,4,0,0,0.3,0.8667,1.0,1.0,6.355,6.845,5,9,13,11,0,2,4,3,0.2778,0.45,0.0,0.4,58,79,23.5,14.1,0.0,19.4,29.6,19.8,0.0,30.0,26.1,17.0,0.0,28.2,2.6000000000000014,2.9000000000000004,2.750000000000001,3.5,2.8000000000000007,3.1500000000000004
2024-01-16,Burkina Faso,Mauritania,AFCON,Bouaké,Ivory Coast,True,2024,1,16,1,1411.01,1195.25,Ouagadougou,Nouakchott,"Ouagadougou, Burkina Faso","Nouakchott, Mauritania","Bouaké, Ivory Coast",12.3681873,-1.5270944,18.0792379,-15.9780071,7.6890212,-5.0283552,646.2170177758154,1654.94206984563,7.136,6.591,15,15,11,9,0,1,0,3,0.5769,0.625,0.5,0.25,6.718,7.091,7,11,8,7,2,3,1,0,0.4667,0.6111,0.6667,1.0,62,113,32.3,15.6,0.0,13.7,32.4,16.6,0.0,17.0,34.9,21.2,0.0,12.2,2.6000000000000014,5.6,4.1000000000000005,2.5,4.599999999999998,3.549999999999999
2024-01-16,Thailand,Kyrgyzstan,AFC,Doha,Qatar,True,2024,1,16,1,1176.75,1224.14,Bangkok,Bishkek,"Bangkok, Thailand","Bishkek, Kyrgyzstan","Doha, Qatar",13.7524938,100.4935089,42.8761424,74.6036724,25.3108807,51.5081812,5261.933371370604,2869.426759966982,6.4,7.245,4,18,18,5,0,3,5,1,0.1818,0.7826,0.0,0.75,7.191,7.536,10,16,4,7,0,2,0,0,0.7143,0.6957,0.5,1.0,94,106,32.4,22.5,0.0,11.9,1.1,-6.2,1.5,12.1,27.0,17.4,0.0,26.0,5.399999999999999,5.100000000000001,5.25,25.9,23.599999999999998,24.75
2024-01-17,Lebanon,China,AFC,Doha,Qatar,True,2024,1,17,0,1192.58,1299.49,Beirut,Beijing,"Beirut, Lebanon","Beijing, China","Doha, Qatar",33.8892265,35.5025585,39.9057136,116.3912972,25.3108807,51.5081812,1814.3613133264885,6154.173588888201,6.609,7.464,7,10,15,14,0,2,3,4,0.3182,0.4167,0.0,0.3333,6.909,6.527,5,3,19,18,0,0,0,3,0.2083,0.1429,0.5,0.0,115,91,18.3,11.4,2.6,12.8,1.7,-4.3,0.0,8.6,24.3,16.8,0.0,31.1,6.0,5.4,5.7,22.6,21.1,21.85
2024-01-17,Qatar,Tajikistan,AFC,Al Khor,Qatar,False,2024,1,17,1,1407.3,1195.07,Doha,Dushanbe,"Doha, Qatar","Dushanbe, Tajikistan","Al Khor, Qatar",25.3108807,51.5081812,38.5767045,68.785433,25.7567822,51.3269839,52.809998202766636,2168.374820376513,7.545,6.673,15,2,7,14,3,1,0,2,0.6818,0.125,1.0,0.3333,7.236,6.391,19,6,5,11,0,1,0,5,0.7917,0.3529,0.5,0.1667,59,101,24.3,16.8,0.0,31.1,11.6,2.7,1.7,5.7,23.0,16.3,0.0,31.6,1.3000000000000007,0.5,0.9000000000000004,11.4,13.600000000000001,12.5
2024-01-17,Morocco,Tanzania,AFCON,San-Pédro,Ivory Coast,True,2024,1,17,1,1661.69,1155.19,Rabat,Dodoma,"Rabat, Morocco","Dodoma, Tanzania","San-Pédro, Ivory Coast",34.0218454,-6.8408929,-6.1791181,35.7468174,4.7589989,-6.6463922,3253.942097863702,4860.914728075688,6.927,7.155,10,12,5,3,2,3,0,0,0.6667,0.8,1.0,1.0,6.527,6.827,5,7,10,11,0,0,2,0,0.3333,0.3889,0.0,0.5,6,112,21.7,16.0,6.7,35.8,26.4,18.5,3.0,15.2,29.9,24.7,2.0,15.7,8.2,8.7,8.45,3.5,6.199999999999999,4.85
2024-01-17,DR Congo,Zambia,AFCON,San-Pédro,Ivory Coast,True,2024,1,17,0,1356.66,1284.56,Kinshasa,Lusaka,"Kinshasa, DR Congo","Lusaka, Zambia","San-Pédro, Ivory Coast",-4.3196982,15.3424196,-15.4163395,28.2818414,4.7589989,-6.6463922,2642.859937454597,4452.287424716101,6.891,6.945,11,5,6,3,0,2,1,0,0.6471,0.625,0.0,1.0,6.882,7.264,7,11,8,13,1,3,1,0,0.4667,0.4583,0.5,1.0,41,90,29.8,22.0,0.6,6.4,26.4,17.6,5.8,19.3,29.9,24.7,2.0,15.7,0.09999999999999787,2.6999999999999993,1.3999999999999986,3.5,7.099999999999998,5.299999999999999
2024-01-18,Palestine,United Arab Emirates,AFC,Al Wakrah,Qatar,True,2024,1,18,0,1217.6,1364.46,Ramallah,Abu Dhabi,"Ramallah, Palestine","Abu Dhabi, United Arab Emirates","Al Wakrah, Qatar",31.9158969,35.1781625,24.4538352,54.3774014,25.0037453,51.4103338,1760.427920193269,305.8356350732395,6.264,6.936,2,7,10,5,1,0,4,1,0.1667,0.5833,0.2,0.0,7.209,7.245,18,6,14,18,3,2,1,0,0.5625,0.25,0.75,1.0,95,68,15.7,8.9,0.0,9.5,23.1,19.7,0.0,27.8,23.2,15.7,0.0,27.3,7.5,6.799999999999999,7.1499999999999995,0.09999999999999787,4.0,2.049999999999999
2024-01-18,India,Uzbekistan,AFC,Al Rayyan,Qatar,True,2024,1,18,2,1200.8,1345.26,New Delhi,Tashkent,"New Delhi, India","Tashkent, Uzbekistan","Al Rayyan, Qatar",28.6138954,77.2090057,41.3123363,69.2787079,25.0819602,51.158416,2608.8423235057135,2459.4676322959,6.536,6.482,3,4,21,17,0,0,2,3,0.125,0.1905,0.0,0.0,7.164,7.109,9,15,7,2,0,2,0,1,0.5625,0.8824,0.5,0.6667,138,60,17.5,6.0,0.0,8.0,10.6,-3.0,0.0,9.4,22.0,15.6,0.1,28.0,4.5,9.6,7.05,11.4,18.6,15.0
2024-01-18,Ivory Coast,Nigeria,AFCON,Ebimpé,Ivory Coast,False,2024,1,18,2,1447.65,1474.44,Yamoussoukro,Abuja,"Yamoussoukro, Ivory Coast","Abuja, Nigeria","Ebimpé, Ivory Coast",6.8200066,-5.2776034,9.0643305,7.4892974,5.4995714,-4.0800574,197.69845413685493,1335.9838439006658,7.209,6.927,9,9,5,6,2,1,0,0,0.6429,0.6,1.0,1.0,6.9,6.736,16,10,7,2,1,2,1,2,0.6957,0.8333,0.5,0.5,31,26,33.8,22.1,0.0,11.9,33.1,20.0,0.0,13.3,31.3,23.4,2.0,12.6,2.4999999999999964,1.2999999999999972,1.8999999999999968,1.8000000000000007,3.3999999999999986,2.5999999999999996
2024-01-18,Egypt,Ghana,AFCON,Abidjan,Ivory Coast,True,2024,1,18,0,1518.91,1384.19,Cairo,Accra,"Cairo, Egypt","Accra, Ghana","Abidjan, Ivory Coast",30.0443879,31.2357257,5.5571096,-0.2012376,5.320357,-4.016107,4601.854513423969,423.10323413077623,7.073,7.136,19,16,4,8,2,1,2,0,0.8261,0.6667,0.5,1.0,6.736,6.309,7,6,11,12,1,0,2,4,0.3889,0.3333,0.3333,0.0,24,65,23.3,7.9,0.0,11.2,32.4,24.5,0.0,14.8,29.1,24.7,2.1,13.8,5.800000000000001,16.799999999999997,11.299999999999999,3.299999999999997,0.1999999999999993,1.7499999999999982
2024-01-18,Equatorial Guinea,Guinea-Bissau,AFCON,Ebimpé,Ivory Coast,True,2024,1,18,1,1268.43,1197.83,Malabo,Bissau,"Malabo, Equatorial Guinea","Bissau, Guinea-Bissau","Ebimpé, Ivory Coast",3.741877,8.7740663,11.861324,-15.583055,5.4995714,-4.0800574,1437.935940509982,1448.2032250778673,6.991,6.709,7,6,16,6,1,1,1,1,0.3043,0.5,0.5,0.5,6.591,6.9,5,12,9,8,0,2,2,1,0.3571,0.6,0.0,0.6667,105,132,28.3,26.6,0.0,12.5,34.6,20.8,0.0,15.8,31.3,23.4,2.0,12.6,3.0,3.200000000000003,3.1000000000000014,3.3000000000000007,2.599999999999998,2.9499999999999993
2024-01-19,Senegal,Cameroon,AFCON,Yamoussoukro,Ivory Coast,True,2024,1,19,1,1594.31,1463.06,Dakar,Yaoundé,"Dakar, Senegal","Yaoundé, Cameroon","Yamoussoukro, Ivory Coast",14.693425,-17.447938,3.8689867,11.5213344,6.8200066,-5.2776034,1590.8251057034906,1888.2960760405956,7.173,6.945,11,12,9,13,3,1,0,1,0.55,0.48,1.0,0.5,6.964,6.909,13,10,6,8,1,0,1,1,0.6842,0.5556,0.5,0.0,18,43,25.5,22.3,0.0,28.5,30.4,19.1,0.0,13.0,34.1,22.9,0.0,10.1,8.600000000000001,0.5999999999999979,4.6,3.700000000000003,3.799999999999997,3.75
2024-01-19,Guinea,Gambia,AFCON,Yamoussoukro,Ivory Coast,True,2024,1,19,1,1290.01,1140.06,Conakry,Banjul,"Conakry, Guinea","Banjul, Gambia","Yamoussoukro, Ivory Coast",9.5170602,-13.6998434,13.4410165,-16.5627509,6.8200066,-5.2776034,974.20987025789,1437.339013519521,6.736,6.691,6,7,13,11,1,2,1,2,0.3158,0.3889,0.5,0.5,6.409,6.518,9,5,11,6,0,2,3,2,0.45,0.4545,0.0,0.5,81,116,30.5,24.5,0.0,16.6,26.0,22.7,0.0,28.3,34.1,22.9,0.0,10.1,3.6000000000000014,1.6000000000000014,2.6000000000000014,8.100000000000001,0.1999999999999993,4.15
2024-01-19,Vietnam,Indonesia,AFC,Doha,Qatar,True,2024,1,19,2,1235.58,1064.01,Hanoi,Jakarta,"Hanoi, Vietnam","Jakarta, Indonesia","Doha, Qatar",21.0283334,105.854041,-6.1754049,106.827168,25.3108807,51.5081812,5539.219978755807,6923.37191854495,6.545,6.155,4,6,14,29,2,0,4,6,0.2222,0.1714,0.3333,0.0,6.564,6.645,8,3,12,19,1,0,3,2,0.4,0.1364,0.25,0.0,99,118,27.1,19.6,0.9,19.5,27.7,24.8,13.1,20.2,23.6,15.6,0.0,28.7,3.5,4.000000000000002,3.750000000000001,4.099999999999998,9.200000000000001,6.6499999999999995
2024-01-19,Hong Kong,Iran,AFC,Al Rayyan,Qatar,True,2024,1,19,2,1042.93,1565.08,City of Victoria,Tehran,"City of Victoria, Hong Kong","Tehran, Iran","Al Rayyan, Qatar",22.2765855,114.1693011,35.6892523,51.3896004,25.0819602,51.158416,6365.364635446361,1179.6842993164294,6.745,6.509,14,7,18,9,1,0,3,4,0.4375,0.4375,0.25,0.0,7.218,7.464,10,19,2,2,4,4,1,0,0.8333,0.9048,0.8,1.0,156,22,23.6,16.8,0.0,18.0,13.0,1.7,0.0,15.3,22.2,15.7,0.0,27.5,1.4000000000000021,1.1000000000000014,1.2500000000000018,9.2,14.0,11.6
2024-01-19,Iraq,Japan,AFC,Al Rayyan,Qatar,True,2024,1,19,1,1365.98,1620.19,Baghdad,Tokyo,"Baghdad, Iraq","Tokyo, Japan","Al Rayyan, Qatar",33.3061701,44.3872213,35.6768601,139.7638947,25.0819602,51.158416,1125.5010592509898,8297.90905149324,7.0,6.782,12,3,8,10,3,0,1,1,0.6,0.2308,0.75,0.0,7.091,7.664,14,18,4,4,4,5,2,0,0.7778,0.8182,0.6667,1.0,63,17,20.9,9.5,0.0,18.9,14.7,6.8,0.0,26.8,22.2,15.7,0.0,27.5,1.3000000000000007,6.199999999999999,3.75,7.5,8.899999999999999,8.2
2024-01-19,Cape Verde,Mozambique,AFCON,Abidjan,Ivory Coast,True,2024,1,19,1,1329.8,1180.72,Praia,Maputo,"Praia, Cape Verde","Maputo, Mozambique","Abidjan, Ivory Coast",14.9162811,-23.5095095,-25.966213,32.56745,5.320357,-4.016107,2383.0237348249916,5258.996613507107,6.8,6.636,11,9,7,15,2,2,1,3,0.6111,0.375,0.6667,0.4,6.773,6.909,4,12,19,12,2,3,2,2,0.1739,0.5,0.5,0.6,64,103,25.1,20.9,0.0,26.2,27.5,19.8,1.2,30.2,29.5,22.5,1.5,13.7,4.399999999999999,1.6000000000000014,3.0,2.0,2.6999999999999993,2.3499999999999996
2024-01-20,Mauritania,Angola,AFCON,Bouaké,Ivory Coast,True,2024,1,20,2,1195.25,1168.05,Nouakchott,Luanda,"Nouakchott, Mauritania","Luanda, Angola","Bouaké, Ivory Coast",18.0792379,-15.9780071,-8.8272699,13.2439512,7.6890212,-5.0283552,1654.94206984563,2733.4785768653032,6.973,6.718,7,7,8,8,0,2,1,1,0.4667,0.4667,0.0,0.6667,6.718,7.145,5,11,13,11,1,0,1,0,0.2778,0.5,0.5,0.5,113,87,23.9,18.8,0.0,18.9,31.2,23.1,0.0,20.8,35.8,20.4,0.0,10.9,11.899999999999999,1.5999999999999979,6.749999999999998,4.599999999999998,2.700000000000003,3.6500000000000004
2024-01-20,Algeria,Burkina Faso,AFCON,Bouaké,Ivory Coast,True,2024,1,20,0,1520.26,1411.01,Algiers,Ouagadougou,"Algiers, Algeria","Ouagadougou, Burkina Faso","Bouaké, Ivory Coast",36.7729333,3.0588445,12.3681873,-1.5270944,7.6890212,-5.0283552,3335.988376694139,646.2170177758154,7.055,7.009,13,11,5,7,1,0,1,0,0.7222,0.6111,0.5,0.5,6.918,7.136,8,15,7,11,1,0,0,0,0.5333,0.5769,1.0,0.5,29,62,15.9,11.5,2.7,30.5,34.3,15.4,0.0,13.6,35.8,20.4,0.0,10.9,19.9,8.899999999999999,14.399999999999999,1.5,4.999999999999998,3.249999999999999
2024-01-20,Bahrain,Malaysia,AFC,Doha,Qatar,True,2024,1,20,1,1277.29,1122.87,Manama,Kuala Lumpur,"Manama, Bahrain","Kuala Lumpur, Malaysia","Doha, Qatar",26.2235041,50.5822436,3.1516964,101.6942371,25.3108807,51.5081812,137.45924650813618,5896.170533029976,6.627,6.582,8,3,13,5,1,0,3,2,0.381,0.375,0.25,0.0,6.6,6.782,5,7,10,11,0,1,4,1,0.3333,0.3889,0.0,0.5,92,136,20.8,16.7,0.0,26.5,28.3,23.7,1.6,7.4,23.9,14.5,0.0,21.7,3.099999999999998,2.1999999999999993,2.6499999999999986,4.400000000000002,9.2,6.800000000000001
2024-01-20,Jordan,South Korea,AFC,Doha,Qatar,True,2024,1,20,0,1272.63,1550.65,Amman,Seoul,"Amman, Jordan","Seoul, South Korea","Doha, Qatar",31.9515694,35.9239625,37.5666791,126.9782914,25.3108807,51.5081812,1688.3309178134768,7101.87237749599,7.418,7.164,10,14,5,2,4,2,0,1,0.6667,0.875,1.0,0.6667,7.218,7.027,13,10,8,3,3,1,1,0,0.619,0.7692,0.75,1.0,73,32,18.4,8.4,0.0,8.8,4.0,0.4,2.2,22.7,23.9,14.5,0.0,21.7,5.5,6.1,5.8,19.9,14.1,17.0
2024-01-21,Oman,Thailand,AFC,Doha,Qatar,True,2024,1,21,0,1324.89,1176.75,Muscat,Bangkok,"Muscat, Oman","Bangkok, Thailand","Doha, Qatar",23.6123628,58.5938134,13.7524938,100.4935089,25.3108807,51.5081812,741.5000164979804,5261.933371370604,6.718,6.355,3,5,10,13,1,0,2,4,0.2308,0.2778,0.3333,0.0,7.082,6.4,11,4,11,18,2,0,0,5,0.5,0.1818,1.0,0.0,79,94,26.2,19.1,0.2,19.9,33.8,23.7,0.0,11.9,24.7,14.8,0.0,30.2,1.5,4.300000000000001,2.9000000000000004,9.099999999999998,8.899999999999999,8.999999999999998
2024-01-21,Zambia,Tanzania,AFCON,San-Pédro,Ivory Coast,True,2024,1,21,0,1284.56,1155.19,Lusaka,Dodoma,"Lusaka, Zambia","Dodoma, Tanzania","San-Pédro, Ivory Coast",-15.4163395,28.2818414,-6.1791181,35.7468174,4.7589989,-6.6463922,4452.287424716101,4860.914728075688,6.873,6.882,3,7,23,8,1,1,1,1,0.1154,0.4667,0.5,0.5,6.327,6.527,2,5,12,10,0,0,3,2,0.1429,0.3333,0.0,0.0,90,112,21.5,17.4,5.9,14.2,24.5,18.5,24.7,20.1,30.0,25.8,0.6,13.3,8.5,8.400000000000002,8.450000000000001,5.5,7.300000000000001,6.4
2024-01-21,South Africa,Namibia,AFCON,Korhogo,Ivory Coast,True,2024,1,21,1,1357.08,1168.38,Pretoria,Windhoek,"Pretoria, South Africa","Windhoek, Namibia","Korhogo, Ivory Coast",-25.7459277,28.1879101,-22.5776104,17.0772739,9.4580698,-5.6316293,5357.57917521563,4336.962593790709,6.755,6.636,12,5,15,5,0,0,2,2,0.4444,0.5,0.0,0.0,6.982,6.9,12,6,9,8,1,0,0,0,0.5714,0.4286,1.0,0.5,54,121,28.7,12.3,0.0,14.5,29.7,18.5,0.0,25.1,36.2,19.2,0.0,17.1,7.5000000000000036,6.899999999999999,7.200000000000001,6.5000000000000036,0.6999999999999993,3.6000000000000014
2024-01-21,Kyrgyzstan,Saudi Arabia,AFC,Al Rayyan,Qatar,True,2024,1,21,2,1224.14,1421.06,Bishkek,Riyadh,"Bishkek, Kyrgyzstan","Riyadh, Saudi Arabia","Al Rayyan, Qatar",42.8761424,74.6036724,24.638916,46.7160104,25.0819602,51.158416,2911.7834783141293,450.87650334859546,6.773,7.191,11,10,11,4,0,0,2,0,0.5,0.7143,0.0,0.5,7.155,7.282,10,6,3,14,2,2,1,0,0.7692,0.3,0.6667,1.0,106,58,-8.2,-13.6,1.0,9.5,22.9,10.3,0.0,12.7,23.5,14.0,0.0,29.4,31.7,27.6,29.65,0.6000000000000014,3.6999999999999993,2.1500000000000004
2024-01-21,Morocco,DR Congo,AFCON,San-Pédro,Ivory Coast,True,2024,1,21,0,1661.69,1356.66,Rabat,Kinshasa,"Rabat, Morocco","Kinshasa, DR Congo","San-Pédro, Ivory Coast",34.0218454,-6.8408929,-4.3196982,15.3424196,4.7589989,-6.6463922,3253.942097863702,2642.859937454597,7.264,6.927,12,10,2,5,3,2,0,0,0.8571,0.6667,1.0,1.0,7.209,6.891,23,11,3,6,1,0,1,1,0.8846,0.6471,0.5,0.0,6,41,18.6,8.4,0.0,19.9,30.4,22.4,11.9,11.2,30.0,25.8,0.6,13.3,11.399999999999999,17.4,14.399999999999999,0.3999999999999986,3.400000000000002,1.9000000000000004
2024-01-22,Qatar,China,AFC,Al Rayyan,Qatar,False,2024,1,22,1,1407.3,1299.49,Doha,Beijing,"Doha, Qatar","Beijing, China","Al Rayyan, Qatar",25.3108807,51.5081812,39.9057136,116.3912972,25.0819602,51.158416,43.43267385096884,6197.529837177065,7.127,7.545,10,15,5,7,1,3,0,0,0.6667,0.6818,1.0,1.0,7.036,6.909,12,5,11,19,0,0,0,0,0.5217,0.2083,0.5,0.5,59,91,25.2,14.0,0.0,19.1,-3.8,-11.0,0.0,24.3,24.0,12.9,0.0,18.4,1.1999999999999993,1.0999999999999996,1.1499999999999995,27.8,23.9,25.85
2024-01-22,Cape Verde,Egypt,AFCON,Abidjan,Ivory Coast,True,2024,1,22,0,1329.8,1518.91,Praia,Cairo,"Praia, Cape Verde","Cairo, Egypt","Abidjan, Ivory Coast",14.9162811,-23.5095095,30.0443879,31.2357257,5.320357,-4.016107,2383.0237348249916,4601.854513423969,7.245,6.8,9,11,7,7,3,2,0,1,0.5625,0.6111,1.0,0.6667,6.891,7.073,10,19,5,4,2,2,2,2,0.6667,0.8261,0.5,0.5,64,24,28.9,21.5,0.0,18.1,22.9,11.3,0.0,17.7,29.9,25.1,1.9,20.3,1.0,3.6000000000000014,2.3000000000000007,7.0,13.8,10.4
2024-01-22,Ivory Coast,Equatorial Guinea,AFCON,Ebimpé,Ivory Coast,False,2024,1,22,2,1447.65,1268.43,Yamoussoukro,Malabo,"Yamoussoukro, Ivory Coast","Malabo, Equatorial Guinea","Ebimpé, Ivory Coast",6.8200066,-5.2776034,3.741877,8.7740663,5.4995714,-4.0800574,197.69845413685493,1437.935940509982,6.827,7.209,14,9,10,5,0,2,1,0,0.5833,0.6429,0.0,1.0,7.118,6.991,8,7,11,16,4,1,2,1,0.4211,0.3043,0.6667,0.5,31,105,35.9,22.0,0.0,12.3,29.0,27.7,0.0,19.1,33.6,24.6,1.0,17.1,2.299999999999997,2.6000000000000014,2.4499999999999993,4.600000000000001,3.099999999999998,3.8499999999999996
2024-01-22,Mozambique,Ghana,AFCON,Ebimpé,Ivory Coast,True,2024,1,22,0,1180.72,1384.19,Maputo,Accra,"Maputo, Mozambique","Accra, Ghana","Ebimpé, Ivory Coast",-25.966213,32.56745,5.5571096,-0.2012376,5.4995714,-4.0800574,5277.8022054837165,429.3458328789141,6.427,6.773,7,4,9,19,0,2,3,2,0.4375,0.1739,0.0,0.5,6.782,6.736,5,7,10,11,2,1,2,2,0.3333,0.3889,0.5,0.3333,103,65,31.6,20.5,0.0,21.3,32.6,25.3,0.7,18.4,33.6,24.6,1.0,17.1,2.0,4.100000000000001,3.0500000000000007,1.0,0.6999999999999993,0.8499999999999996
2024-01-22,Tajikistan,Lebanon,AFC,Doha,Qatar,True,2024,1,22,1,1195.07,1192.58,Dushanbe,Beirut,"Dushanbe, Tajikistan","Beirut, Lebanon","Doha, Qatar",38.5767045,68.785433,33.8892265,35.5025585,25.3108807,51.5081812,2191.3507478633046,1814.3613133264885,6.709,7.236,5,19,10,5,0,0,1,0,0.3333,0.7917,0.0,0.5,7.318,6.609,11,7,12,15,0,0,0,3,0.4783,0.3182,0.5,0.0,101,115,13.8,2.1,0.0,5.8,21.8,11.6,0.0,13.4,25.2,14.0,0.0,19.1,11.399999999999999,11.9,11.649999999999999,3.3999999999999986,2.4000000000000004,2.8999999999999995
2024-01-22,Guinea-Bissau,Nigeria,AFCON,Abidjan,Ivory Coast,True,2024,1,22,2,1197.83,1474.44,Bissau,Abuja,"Bissau, Guinea-Bissau","Abuja, Nigeria","Abidjan, Ivory Coast",11.861324,-15.583055,9.0643305,7.4892974,5.320357,-4.016107,1464.3624744728754,1335.5485766212992,6.391,6.591,11,5,8,9,2,0,4,2,0.5789,0.3571,0.3333,0.0,7.1,6.9,10,16,14,7,1,1,0,1,0.4167,0.6957,1.0,0.5,132,26,35.8,22.8,0.0,19.1,33.6,20.9,0.0,19.2,29.9,25.1,1.9,20.3,5.899999999999999,2.3000000000000007,4.1,3.700000000000003,4.200000000000003,3.950000000000003
2024-01-23,Australia,Uzbekistan,AFC,Al Wakrah,Qatar,True,2024,1,23,0,1539.22,1345.26,Canberra,Tashkent,"Canberra, Australia","Tashkent, Uzbekistan","Al Wakrah, Qatar",-35.2975906,149.1012676,41.3123363,69.2787079,25.0037453,51.4103338,12239.596772150931,2450.6430122054385,7.118,7.364,8,21,6,3,1,2,0,0,0.5714,0.875,1.0,1.0,7.473,7.164,15,9,8,7,3,0,0,0,0.6522,0.5625,1.0,0.5,28,60,25.1,15.6,0.2,13.3,10.6,-1.1,0.0,9.2,25.6,12.5,0.0,12.0,0.5,3.0999999999999996,1.7999999999999998,15.000000000000002,13.6,14.3
2024-01-23,Iran,United Arab Emirates,AFC,Al Rayyan,Qatar,True,2024,1,23,1,1565.08,1364.46,Tehran,Abu Dhabi,"Tehran, Iran","Abu Dhabi, United Arab Emirates","Al Rayyan, Qatar",35.6892523,51.3896004,24.4538352,54.3774014,25.0819602,51.158416,1179.6842993164294,332.4193678718891,7.2,7.218,14,10,9,2,1,4,0,1,0.6087,0.8333,1.0,0.8,6.964,7.209,4,18,20,14,1,3,1,1,0.1667,0.5625,0.5,0.75,22,68,11.5,4.1,7.7,12.0,24.0,17.3,0.0,18.1,25.7,11.7,0.0,13.8,14.2,7.6,10.899999999999999,1.6999999999999993,5.600000000000001,3.6500000000000004
2024-01-23,Guinea,Senegal,AFCON,Yamoussoukro,Ivory Coast,True,2024,1,23,2,1290.01,1594.31,Conakry,Dakar,"Conakry, Guinea","Dakar, Senegal","Yamoussoukro, Ivory Coast",9.5170602,-13.6998434,14.693425,-17.447938,6.8200066,-5.2776034,974.20987025789,1590.8251057034906,7.291,6.736,14,6,7,13,1,1,0,1,0.6667,0.3158,1.0,0.5,6.982,7.173,5,11,5,9,3,3,1,0,0.5,0.55,0.75,1.0,81,18,32.0,23.2,0.0,19.3,32.0,23.5,0.0,28.2,35.6,24.2,0.3,11.5,3.6000000000000014,1.0,2.3000000000000007,3.6000000000000014,0.6999999999999993,2.1500000000000004
2024-01-23,Hong Kong,Palestine,AFC,Doha,Qatar,True,2024,1,23,2,1042.93,1217.6,City of Victoria,Ramallah,"City of Victoria, Hong Kong","Ramallah, Palestine","Doha, Qatar",22.2765855,114.1693011,31.9158969,35.1781625,25.3108807,51.5081812,6325.896143696785,1752.4567092950572,6.645,6.745,9,14,14,18,0,1,1,3,0.3913,0.4375,0.0,0.25,7.045,6.264,20,2,4,10,1,1,1,4,0.8333,0.1667,0.5,0.2,156,95,7.1,3.0,5.6,26.8,11.3,9.1,5.7,30.8,25.7,12.6,0.0,13.3,18.6,9.6,14.100000000000001,14.399999999999999,3.5,8.95
2024-01-23,Angola,Burkina Faso,AFCON,Yamoussoukro,Ivory Coast,True,2024,1,23,1,1168.05,1411.01,Luanda,Ouagadougou,"Luanda, Angola","Ouagadougou, Burkina Faso","Yamoussoukro, Ivory Coast",-8.8272699,13.2439512,12.3681873,-1.5270944,6.8200066,-5.2776034,2690.91558869377,741.3137540939618,6.918,6.718,19,5,14,13,3,1,2,1,0.5758,0.2778,0.6,0.5,6.673,6.918,4,8,11,7,2,1,2,0,0.2667,0.5333,0.5,1.0,87,62,30.0,23.6,0.0,19.2,34.2,14.6,0.0,14.4,35.6,24.2,0.3,11.5,5.600000000000001,0.5999999999999979,3.0999999999999996,1.3999999999999986,9.6,5.499999999999999
2024-01-23,Gambia,Cameroon,AFCON,Bouaké,Ivory Coast,True,2024,1,23,2,1140.06,1463.06,Banjul,Yaoundé,"Banjul, Gambia","Yaoundé, Cameroon","Bouaké, Ivory Coast",13.4410165,-16.5627509,3.8689867,11.5213344,7.6890212,-5.0283552,1413.1870695314517,1879.1120074885773,6.773,6.409,7,9,14,11,0,0,1,3,0.3333,0.45,0.0,0.0,6.5,6.964,5,13,5,6,1,1,3,1,0.5,0.6842,0.25,0.5,116,43,31.7,22.7,0.0,21.8,26.7,20.3,0.0,11.0,35.8,19.8,0.0,12.4,4.099999999999998,2.8999999999999986,3.4999999999999982,9.099999999999998,0.5,4.799999999999999
2024-01-23,Mauritania,Algeria,AFCON,Bouaké,Ivory Coast,True,2024,1,23,1,1195.25,1520.26,Nouakchott,Algiers,"Nouakchott, Mauritania","Algiers, Algeria","Bouaké, Ivory Coast",18.0792379,-15.9780071,36.7729333,3.0588445,7.6890212,-5.0283552,1654.94206984563,3335.988376694139,6.927,6.973,14,7,19,8,2,0,3,1,0.4242,0.4667,0.4,0.0,6.818,7.055,11,13,4,5,2,1,2,1,0.7333,0.7222,0.5,0.5,113,29,30.4,22.8,0.0,35.4,16.8,5.5,0.0,7.7,35.8,19.8,0.0,12.4,5.399999999999999,3.0,4.199999999999999,18.999999999999996,14.3,16.65
2024-01-23,Syria,India,AFC,Al Khor,Qatar,True,2024,1,23,1,1245.27,1200.8,Damascus,New Delhi,"Damascus, Syria","New Delhi, India","Al Khor, Qatar",33.5130695,36.3095814,28.6138954,77.2090057,25.7567822,51.3269839,1685.577682033317,2574.6151356072965,6.718,6.973,6,7,8,9,0,0,1,0,0.4286,0.4375,0.0,0.5,6.6,6.536,8,3,15,21,0,0,3,2,0.3478,0.125,0.0,0.0,83,138,15.6,6.5,2.7,23.4,17.3,4.9,0.0,8.9,26.8,11.3,0.0,13.4,11.200000000000001,4.800000000000001,8.0,9.5,6.4,7.95
2024-01-24,South Africa,Tunisia,AFCON,Korhogo,Ivory Coast,True,2024,1,24,0,1357.08,1523.23,Pretoria,Tunis,"Pretoria, South Africa","Tunis, Tunisia","Korhogo, Ivory Coast",-25.7459277,28.1879101,36.8002068,10.1857757,9.4580698,-5.6316293,5357.57917521563,3432.106233420018,7.145,6.755,11,12,4,15,4,0,0,2,0.7333,0.4444,1.0,0.0,6.7,7.109,4,9,9,12,1,0,1,1,0.3077,0.4286,0.5,0.0,54,57,28.9,15.3,0.1,13.0,17.8,11.3,0.0,21.8,35.2,18.2,0.0,14.0,6.300000000000004,2.8999999999999986,4.600000000000001,17.400000000000002,6.899999999999999,12.15
2024-01-24,Iraq,Vietnam,AFC,Doha,Qatar,True,2024,1,24,1,1365.98,1235.58,Baghdad,Hanoi,"Baghdad, Iraq","Hanoi, Vietnam","Doha, Qatar",33.3061701,44.3872213,21.0283334,105.854041,25.3108807,51.5081812,1124.9287415741323,5539.219978755807,6.9,7.0,5,12,6,8,2,3,1,1,0.4545,0.6,0.6667,0.75,6.882,6.545,7,4,12,14,0,2,1,4,0.3684,0.2222,0.0,0.3333,63,99,20.3,12.8,0.0,16.7,11.8,8.0,0.0,14.2,27.8,14.5,0.0,21.0,7.5,1.6999999999999993,4.6,16.0,6.5,11.25
2024-01-24,Zambia,Morocco,AFCON,San-Pédro,Ivory Coast,True,2024,1,24,2,1284.56,1661.69,Lusaka,Rabat,"Lusaka, Zambia","Rabat, Morocco","San-Pédro, Ivory Coast",-15.4163395,28.2818414,34.0218454,-6.8408929,4.7589989,-6.6463922,4452.287424716101,3253.942097863702,6.518,6.873,9,3,5,23,1,1,1,1,0.6429,0.1154,0.5,0.5,6.864,7.264,8,12,6,2,1,3,1,0,0.5714,0.8571,0.5,1.0,90,6,24.8,17.2,0.4,22.6,19.4,8.4,0.0,9.3,29.8,26.4,0.8,13.1,5.0,9.2,7.1,10.400000000000002,18.0,14.200000000000001
2024-01-24,Tanzania,DR Congo,AFCON,Korhogo,Ivory Coast,True,2024,1,24,0,1155.19,1356.66,Dodoma,Kinshasa,"Dodoma, Tanzania","Kinshasa, DR Congo","Korhogo, Ivory Coast",-6.1791181,35.7468174,-4.3196982,15.3424196,9.4580698,-5.6316293,4903.279545865342,2783.670016895941,6.936,6.327,5,2,9,12,1,0,1,3,0.3571,0.1429,0.5,0.0,6.664,7.209,6,23,8,3,1,1,1,1,0.4286,0.8846,0.5,0.5,112,41,23.9,18.7,3.4,9.5,31.8,22.6,0.0,5.8,35.2,18.2,0.0,14.0,11.300000000000004,0.5,5.900000000000002,3.400000000000002,4.400000000000002,3.900000000000002
2024-01-24,Japan,Indonesia,AFC,Doha,Qatar,True,2024,1,24,1,1620.19,1064.01,Tokyo,Jakarta,"Tokyo, Japan","Jakarta, Indonesia","Doha, Qatar",35.6768601,139.7638947,-6.1754049,106.827168,25.3108807,51.5081812,8254.549792512684,6923.37191854495,6.891,7.091,6,14,5,4,1,4,2,2,0.5455,0.7778,0.3333,0.6667,7.073,6.564,12,8,7,12,1,1,0,3,0.6316,0.4,1.0,0.25,17,118,7.1,-0.8,0.2,48.1,31.2,25.7,0.3,18.4,27.8,14.5,0.0,21.0,20.700000000000003,15.3,18.0,3.3999999999999986,11.2,7.299999999999999
2024-01-24,Namibia,Mali,AFCON,San-Pédro,Ivory Coast,True,2024,1,24,0,1168.38,1445.6,Windhoek,Bamako,"Windhoek, Namibia","Bamako, Mali","San-Pédro, Ivory Coast",-22.5776104,17.0772739,12.6132656,-7.9847391,4.7589989,-6.6463922,3986.199206575468,885.6373291964696,6.391,6.982,4,12,11,9,0,1,4,0,0.2667,0.5714,0.0,1.0,6.909,7.355,9,15,4,12,1,2,1,0,0.6923,0.5556,0.5,1.0,121,53,31.8,21.4,0.0,17.8,34.3,18.0,0.0,16.1,29.8,26.4,0.8,13.1,2.0,5.0,3.5,4.4999999999999964,8.399999999999999,6.4499999999999975
2024-01-25,Jordan,Bahrain,AFC,Al Rayyan,Qatar,True,2024,1,25,2,1272.63,1277.29,Amman,Manama,"Amman, Jordan","Manama, Bahrain","Al Rayyan, Qatar",31.9515694,35.9239625,26.2235041,50.5822436,25.0819602,51.158416,1670.6412402743656,139.45387787071306,6.955,7.418,10,10,16,5,2,4,2,0,0.3846,0.6667,0.5,1.0,7.155,6.627,9,8,4,13,1,1,0,3,0.6923,0.381,1.0,0.25,73,92,12.2,5.9,0.0,14.3,23.0,16.2,0.0,20.9,28.1,15.3,0.0,18.7,15.900000000000002,9.4,12.650000000000002,5.100000000000001,0.8999999999999986,3.0
2024-01-25,South Korea,Malaysia,AFC,Al Wakrah,Qatar,True,2024,1,25,0,1550.65,1122.87,Seoul,Kuala Lumpur,"Seoul, South Korea","Kuala Lumpur, Malaysia","Al Wakrah, Qatar",37.5666791,126.9782914,3.1516964,101.6942371,25.0037453,51.4103338,7128.051823980599,5896.152650080647,6.918,7.218,16,13,10,8,2,3,2,1,0.6154,0.619,0.5,0.75,6.655,6.6,4,5,9,10,0,0,1,4,0.3077,0.3333,0.0,0.0,32,136,-0.8,-9.2,0.0,13.8,30.3,24.1,21.2,9.2,28.4,14.4,0.0,16.2,29.2,23.6,26.4,1.9000000000000021,9.700000000000001,5.800000000000002
2024-01-25,Kyrgyzstan,Oman,AFC,Doha,Qatar,True,2024,1,25,0,1224.14,1324.89,Bishkek,Muscat,"Bishkek, Kyrgyzstan","Muscat, Oman","Doha, Qatar",42.8761424,74.6036724,23.6123628,58.5938134,25.3108807,51.5081812,2869.426759966982,741.5000164979804,6.118,6.773,1,11,17,11,0,0,2,2,0.0556,0.5,0.0,0.0,7.273,6.718,4,3,6,10,0,1,0,2,0.4,0.2308,0.5,0.3333,106,79,10.0,-4.5,0.0,25.4,26.9,18.3,0.0,15.4,29.3,15.9,0.0,18.7,19.3,20.4,19.85,2.400000000000002,2.4000000000000004,2.4000000000000012
2024-01-25,Saudi Arabia,Thailand,AFC,Al Rayyan,Qatar,True,2024,1,25,0,1421.06,1176.75,Riyadh,Bangkok,"Riyadh, Saudi Arabia","Bangkok, Thailand","Al Rayyan, Qatar",24.638916,46.7160104,13.7524938,100.4935089,25.0819602,51.158416,450.87650334859546,5295.115119290335,7.4,7.155,17,10,1,3,2,2,0,1,0.9444,0.7692,1.0,0.6667,6.745,7.082,6,11,4,11,0,2,0,0,0.6,0.5,0.5,1.0,58,94,26.6,13.7,0.0,18.5,31.1,22.4,0.1,21.4,28.1,15.3,0.0,18.7,1.5,1.6000000000000014,1.5500000000000007,3.0,7.099999999999998,5.049999999999999
2024-01-27,Nigeria,Cameroon,AFCON,Abidjan,Ivory Coast,True,2024,1,27,1,1474.44,1463.06,Abuja,Yaoundé,"Abuja, Nigeria","Yaoundé, Cameroon","Abidjan, Ivory Coast",9.0643305,7.4892974,3.8689867,11.5213344,5.320357,-4.016107,1335.5485766212992,1729.5970502227399,7.109,7.1,10,10,9,14,1,1,0,0,0.5263,0.4167,1.0,1.0,7.155,6.5,13,5,11,5,3,1,2,3,0.5417,0.5,0.6,0.25,26,43,32.1,20.8,0.0,17.6,30.6,16.6,0.0,10.5,30.8,24.6,0.3,14.4,1.3000000000000007,3.8000000000000007,2.5500000000000007,0.1999999999999993,8.0,4.1
2024-01-27,Angola,Namibia,AFCON,Bouaké,Ivory Coast,True,2024,1,27,1,1168.05,1168.38,Luanda,Windhoek,"Luanda, Angola","Windhoek, Namibia","Bouaké, Ivory Coast",-8.8272699,13.2439512,-22.5776104,17.0772739,7.6890212,-5.0283552,2733.4785768653032,4137.558563132505,7.009,6.918,4,19,19,14,2,3,0,2,0.1739,0.5758,1.0,0.6,6.955,6.391,5,4,6,11,0,0,0,4,0.4545,0.2667,0.5,0.0,87,121,31.1,25.1,0.8,20.8,30.9,19.8,0.6,14.8,34.7,19.7,0.0,13.2,3.6000000000000014,5.400000000000002,4.500000000000002,3.8000000000000043,0.10000000000000142,1.9500000000000028
2024-01-28,Egypt,DR Congo,AFCON,San-Pédro,Ivory Coast,True,2024,1,28,0,1518.91,1356.66,Cairo,Kinshasa,"Cairo, Egypt","Kinshasa, DR Congo","San-Pédro, Ivory Coast",30.0443879,31.2357257,-4.3196982,15.3424196,4.7589989,-6.6463922,4864.358429260874,2642.859937454597,7.0,6.891,22,10,4,5,2,2,2,2,0.8462,0.6667,0.5,0.5,6.945,6.664,8,6,4,8,0,1,0,1,0.6667,0.4286,0.5,0.5,24,41,18.2,8.9,0.0,10.9,29.0,24.2,18.8,8.4,32.0,24.4,0.2,15.7,13.8,15.499999999999998,14.649999999999999,3.0,0.1999999999999993,1.5999999999999996
2024-01-28,Equatorial Guinea,Guinea,AFCON,Ebimpé,Ivory Coast,True,2024,1,28,2,1268.43,1290.01,Malabo,Conakry,"Malabo, Equatorial Guinea","Conakry, Guinea","Ebimpé, Ivory Coast",3.741877,8.7740663,9.5170602,-13.6998434,5.4995714,-4.0800574,1437.935940509982,1150.518336652542,7.145,7.118,5,8,14,11,4,4,0,2,0.2632,0.4211,1.0,0.6667,6.636,7.291,2,14,11,7,0,1,2,0,0.1538,0.6667,0.0,1.0,105,81,29.8,27.6,0.0,16.6,31.4,23.4,0.0,15.5,34.4,22.7,0.0,11.5,4.599999999999998,4.900000000000002,4.75,3.0,0.6999999999999993,1.8499999999999996
2024-01-28,Australia,Indonesia,AFC,Doha,Qatar,True,2024,1,28,1,1539.22,1064.01,Canberra,Jakarta,"Canberra, Australia","Jakarta, Indonesia","Doha, Qatar",-35.2975906,149.1012676,-6.1754049,106.827168,25.3108807,51.5081812,12248.457037835828,6923.37191854495,6.918,7.118,6,8,6,6,1,1,1,0,0.5,0.5714,0.5,1.0,6.373,7.073,3,12,14,7,1,1,3,0,0.1765,0.6316,0.25,1.0,28,118,26.5,13.6,0.0,18.0,29.5,23.8,13.7,13.4,24.9,17.6,0.0,27.2,1.6000000000000014,4.000000000000002,2.8000000000000016,4.600000000000001,6.199999999999999,5.4
2024-01-28,Tajikistan,United Arab Emirates,AFC,Al Rayyan,Qatar,True,2024,1,28,0,1195.07,1364.46,Dushanbe,Abu Dhabi,"Dushanbe, Tajikistan","Abu Dhabi, United Arab Emirates","Al Rayyan, Qatar",38.5767045,68.785433,24.4538352,54.3774014,25.0819602,51.158416,2234.0447696867627,332.4193678718891,7.109,6.709,15,5,12,10,2,0,1,1,0.5556,0.3333,0.6667,0.0,6.573,6.964,9,4,14,20,1,1,2,1,0.3913,0.1667,0.3333,0.5,101,68,14.3,4.5,6.7,8.1,24.1,21.1,0.0,27.8,25.0,15.9,0.0,24.6,10.7,11.4,11.05,0.8999999999999986,5.200000000000001,3.05
2024-01-29,Ivory Coast,Senegal,AFCON,Yamoussoukro,Ivory Coast,False,2024,1,29,0,1447.65,1594.31,Yamoussoukro,Dakar,"Yamoussoukro, Ivory Coast","Dakar, Senegal","Yamoussoukro, Ivory Coast",6.8200066,-5.2776034,14.693425,-17.447938,6.8200066,-5.2776034,0.0,1590.8251057034906,6.709,6.827,14,14,5,10,0,0,4,1,0.7368,0.5833,0.0,0.0,7.0,6.982,11,5,2,5,2,3,0,1,0.8462,0.5,1.0,0.75,31,18,35.2,18.7,0.0,9.7,29.9,20.5,0.0,24.0,35.2,18.7,0.0,9.7,0.0,0.0,0.0,5.300000000000004,1.8000000000000007,3.5500000000000025
2024-01-29,Qatar,Palestine,AFC,Al Khor,Qatar,False,2024,1,29,1,1407.3,1217.6,Doha,Ramallah,"Doha, Qatar","Ramallah, Palestine","Al Khor, Qatar",25.3108807,51.5081812,31.9158969,35.1781625,25.7567822,51.3269839,52.809998202766636,1713.1825395098892,6.955,7.127,6,10,8,5,1,1,0,0,0.4286,0.6667,1.0,1.0,7.591,7.045,15,20,10,4,3,1,0,1,0.6,0.8333,1.0,0.5,59,95,22.7,15.8,0.0,22.1,10.5,5.0,3.1,18.5,22.5,15.2,0.0,21.3,0.1999999999999993,0.6000000000000014,0.40000000000000036,12.0,10.2,11.1
2024-01-29,Iraq,Jordan,AFC,Al Rayyan,Qatar,True,2024,1,29,2,1365.98,1272.63,Baghdad,Amman,"Baghdad, Iraq","Amman, Jordan","Al Rayyan, Qatar",33.3061701,44.3872213,31.9515694,35.9239625,25.0819602,51.158416,1125.5010592509898,1670.6412402743656,6.918,6.9,12,5,2,6,3,2,2,1,0.8571,0.4545,0.6,0.6667,6.755,6.955,8,10,6,16,0,2,1,2,0.5714,0.3846,0.0,0.5,63,73,17.0,5.4,0.0,10.1,9.0,5.1,5.5,16.3,23.7,13.8,0.0,14.8,6.699999999999999,8.4,7.55,14.7,8.700000000000001,11.7
2024-01-29,Cape Verde,Mauritania,AFCON,Abidjan,Ivory Coast,True,2024,1,29,1,1329.8,1195.25,Praia,Nouakchott,"Praia, Cape Verde","Nouakchott, Mauritania","Abidjan, Ivory Coast",14.9162811,-23.5095095,18.0792379,-15.9780071,5.320357,-4.016107,2383.0237348249916,1923.8019071453248,7.009,7.245,4,9,22,7,2,3,2,0,0.1538,0.5625,0.5,1.0,7.173,6.927,13,14,14,19,1,2,0,3,0.4815,0.4242,1.0,0.4,64,113,28.5,19.5,0.0,22.7,31.0,15.6,0.0,26.7,30.4,23.7,0.0,16.4,1.8999999999999986,4.199999999999999,3.049999999999999,0.6000000000000014,8.1,4.3500000000000005
2024-01-30,Mali,Burkina Faso,AFCON,Korhogo,Ivory Coast,True,2024,1,30,1,1445.6,1411.01,Bamako,Ouagadougou,"Bamako, Mali","Ouagadougou, Burkina Faso","Korhogo, Ivory Coast",12.6132656,-7.9847391,12.3681873,-1.5270944,9.4580698,-5.6316293,434.7702786620152,552.7184062800321,6.873,6.909,6,9,5,4,0,1,0,1,0.5455,0.6923,0.5,0.5,6.991,6.673,19,4,4,11,0,2,2,2,0.8261,0.2667,0.0,0.5,53,62,33.5,18.6,0.0,15.8,32.1,16.5,0.0,13.2,35.1,18.4,0.0,14.5,1.6000000000000014,0.20000000000000284,0.9000000000000021,3.0,1.8999999999999986,2.4499999999999993
2024-01-30,Morocco,South Africa,AFCON,San-Pédro,Ivory Coast,True,2024,1,30,2,1661.69,1357.08,Rabat,Pretoria,"Rabat, Morocco","Pretoria, South Africa","San-Pédro, Ivory Coast",34.0218454,-6.8408929,-25.7459277,28.1879101,4.7589989,-6.6463922,3253.942097863702,5060.8992072725205,7.318,6.864,12,8,11,6,1,1,0,1,0.5217,0.5714,1.0,0.5,7.0,7.145,10,11,8,4,0,4,0,0,0.5556,0.7333,0.5,1.0,6,54,24.0,10.4,0.0,16.6,29.4,16.9,0.5,13.9,30.8,25.6,0.3,18.4,6.800000000000001,15.200000000000001,11.0,1.4000000000000021,8.700000000000003,5.0500000000000025
2024-01-30,Saudi Arabia,South Korea,AFC,Al Rayyan,Qatar,True,2024,1,30,0,1421.06,1550.65,Riyadh,Seoul,"Riyadh, Saudi Arabia","Seoul, South Korea","Al Rayyan, Qatar",24.638916,46.7160104,37.5666791,126.9782914,25.0819602,51.158416,450.87650334859546,7145.170096443657,7.218,7.4,12,17,4,1,0,2,0,0,0.75,0.9444,0.5,1.0,6.982,6.918,12,16,5,10,3,2,3,2,0.7059,0.6154,0.5,0.5,58,32,26.0,13.9,0.0,22.2,6.3,-5.8,0.0,8.3,26.7,15.9,0.0,13.9,0.6999999999999993,2.0,1.3499999999999996,20.4,21.7,21.049999999999997
2024-01-30,Uzbekistan,Thailand,AFC,Al Wakrah,Qatar,True,2024,1,30,1,1345.26,1176.75,Tashkent,Bangkok,"Tashkent, Uzbekistan","Bangkok, Thailand","Al Wakrah, Qatar",41.3123363,69.2787079,13.7524938,100.4935089,25.0037453,51.4103338,2450.6430122054385,5269.174838317922,6.664,7.473,6,15,6,8,1,3,1,0,0.5,0.6522,0.5,1.0,7.118,6.745,4,6,12,4,0,0,0,0,0.25,0.6,0.5,0.5,60,94,5.2,0.4,0.0,16.5,32.0,24.0,0.0,7.4,25.5,16.1,0.0,14.6,20.3,15.700000000000001,18.0,6.5,7.899999999999999,7.199999999999999
2024-01-31,Bahrain,Japan,AFC,Doha,Qatar,True,2024,1,31,2,1277.29,1620.19,Manama,Tokyo,"Manama, Bahrain","Tokyo, Japan","Doha, Qatar",26.2235041,50.5822436,35.6768601,139.7638947,25.3108807,51.5081812,137.45924650813618,8254.549792512684,7.118,7.155,6,9,8,4,1,1,0,0,0.4286,0.6923,1.0,1.0,7.291,6.891,14,6,3,5,3,1,1,2,0.8235,0.5455,0.75,0.3333,92,17,24.2,17.8,0.6,26.4,11.8,-0.3,0.0,14.2,26.2,19.8,0.0,24.0,2.0,2.0,2.0,14.399999999999999,20.1,17.25
2024-01-31,Iran,Syria,AFC,Doha,Qatar,True,2024,1,31,0,1565.08,1245.27,Tehran,Damascus,"Tehran, Iran","Damascus, Syria","Doha, Qatar",35.6892523,51.3896004,33.5130695,36.3095814,25.3108807,51.5081812,1154.0778783603248,1728.8205588581184,7.191,7.2,14,14,9,9,2,1,1,0,0.6087,0.6087,0.6667,1.0,7.255,6.718,17,6,7,8,1,0,0,1,0.7083,0.4286,1.0,0.0,22,83,6.9,0.5,0.0,13.9,11.0,3.8,5.8,10.7,26.2,19.8,0.0,24.0,19.299999999999997,19.3,19.299999999999997,15.2,16.0,15.6
2024-02-02,Nigeria,Angola,AFCON,Abidjan,Ivory Coast,True,2024,2,2,1,1474.44,1168.05,Abuja,Luanda,"Abuja, Nigeria","Luanda, Angola","Abidjan, Ivory Coast",9.0643305,7.4892974,-8.8272699,13.2439512,5.320357,-4.016107,1335.5485766212992,2477.0864414544294,7.209,7.109,8,10,6,9,2,1,0,0,0.5714,0.5263,1.0,1.0,7.082,7.009,8,4,11,19,3,2,0,0,0.4211,0.1739,1.0,1.0,26,87,34.2,20.8,0.0,16.5,29.8,23.9,0.0,13.4,31.6,26.5,0.5,15.4,2.6000000000000014,5.699999999999999,4.15,1.8000000000000007,2.6000000000000014,2.200000000000001
2024-02-02,DR Congo,Guinea,AFCON,Ebimpé,Ivory Coast,True,2024,2,2,1,1356.66,1290.01,Kinshasa,Conakry,"Kinshasa, DR Congo","Conakry, Guinea","Ebimpé, Ivory Coast",-4.3196982,15.3424196,9.5170602,-13.6998434,5.4995714,-4.0800574,2417.5234026342832,1150.518336652542,6.936,6.945,11,8,9,4,9,0,8,0,0.55,0.6667,0.5294,0.5,6.955,6.636,7,2,5,11,1,0,0,2,0.5833,0.1538,1.0,0.0,41,81,30.9,23.3,2.5,15.6,31.1,25.8,0.0,21.3,35.2,24.9,0.1,12.4,4.300000000000004,1.5999999999999979,2.950000000000001,4.100000000000001,0.9000000000000021,2.5000000000000018
2024-02-02,Tajikistan,Jordan,AFC,Al Rayyan,Qatar,True,2024,2,2,2,1195.07,1272.63,Dushanbe,Amman,"Dushanbe, Tajikistan","Amman, Jordan","Al Rayyan, Qatar",38.5767045,68.785433,31.9515694,35.9239625,25.0819602,51.158416,2234.0447696867627,1670.6412402743656,7.255,7.109,12,15,15,12,6,2,4,1,0.4444,0.5556,0.6,0.6667,7.0,6.755,18,8,14,6,3,0,2,1,0.5625,0.5714,0.6,0.0,101,73,9.2,-6.6,0.0,8.4,8.6,4.2,4.8,31.4,20.6,13.8,0.0,38.6,11.400000000000002,20.4,15.9,12.000000000000002,9.600000000000001,10.8
2024-02-02,Australia,South Korea,AFC,Al Wakrah,Qatar,True,2024,2,2,2,1539.22,1550.65,Canberra,Seoul,"Canberra, Australia","Seoul, South Korea","Al Wakrah, Qatar",-35.2975906,149.1012676,37.5666791,126.9782914,25.0037453,51.4103338,12239.596772150931,7128.051823980599,7.191,6.918,4,6,5,6,4,1,0,1,0.4444,0.5,1.0,0.5,7.418,6.982,15,12,10,5,5,3,3,3,0.6,0.7059,0.625,0.5,28,32,28.7,14.0,0.0,20.1,4.9,-3.2,0.0,12.3,21.9,13.8,0.0,35.8,6.800000000000001,0.1999999999999993,3.5,17.0,17.0,17.0
2024-02-03,Cape Verde,South Africa,AFCON,Yamoussoukro,Ivory Coast,True,2024,2,3,0,1329.8,1357.08,Praia,Pretoria,"Praia, Cape Verde","Pretoria, South Africa","Yamoussoukro, Ivory Coast",14.9162811,-23.5095095,-25.7459277,28.1879101,6.8200066,-5.2776034,2183.0593582759348,5116.330102138212,7.009,7.009,16,4,10,22,1,2,0,2,0.6154,0.1538,1.0,0.5,7.064,7.0,4,10,9,8,2,0,0,0,0.3077,0.5556,1.0,0.5,64,54,30.2,20.5,0.0,19.1,28.5,15.8,0.2,21.9,35.7,21.0,0.0,11.6,5.5000000000000036,0.5,3.0000000000000018,7.200000000000003,5.199999999999999,6.200000000000001
2024-02-03,Iran,Japan,AFC,Al Rayyan,Qatar,True,2024,2,3,1,1565.08,1620.19,Tehran,Tokyo,"Tehran, Iran","Tokyo, Japan","Al Rayyan, Qatar",35.6892523,51.3896004,35.6768601,139.7638947,25.0819602,51.158416,1179.6842993164294,8297.90905149324,7.155,7.191,17,14,7,9,6,2,4,1,0.7083,0.6087,0.6,0.6667,7.055,7.291,11,14,6,3,3,3,1,1,0.6471,0.8235,0.75,0.75,22,17,7.1,-2.6,0.0,13.5,10.1,0.1,0.0,24.7,20.4,13.4,0.0,31.7,13.299999999999999,16.0,14.649999999999999,10.299999999999999,13.3,11.8
2024-02-03,Ivory Coast,Mali,AFCON,Bouaké,Ivory Coast,False,2024,2,3,1,1447.65,1445.6,Yamoussoukro,Bamako,"Yamoussoukro, Ivory Coast","Bamako, Mali","Bouaké, Ivory Coast",6.8200066,-5.2776034,12.6132656,-7.9847391,7.6890212,-5.0283552,100.46504237790121,635.9642419505881,6.791,6.709,3,14,12,5,6,0,5,4,0.2,0.7368,0.5455,0.0,6.955,6.873,13,6,8,5,2,0,1,0,0.619,0.5455,0.6667,0.5,31,53,35.7,21.0,0.0,11.6,34.1,18.7,0.0,16.5,36.2,20.9,0.0,13.2,0.5,0.10000000000000142,0.3000000000000007,2.1000000000000014,2.1999999999999993,2.1500000000000004
2024-02-03,Qatar,Uzbekistan,AFC,Al Khor,Qatar,False,2024,2,3,0,1407.3,1345.26,Doha,Tashkent,"Doha, Qatar","Tashkent, Uzbekistan","Al Khor, Qatar",25.3108807,51.5081812,41.3123363,69.2787079,25.7567822,51.3269839,52.809998202766636,2390.3575788554613,7.1,6.955,7,6,10,8,2,1,1,0,0.4118,0.4286,0.6667,1.0,7.136,6.664,13,6,3,6,2,1,1,1,0.8125,0.5,0.6667,0.5,59,60,21.8,14.2,0.0,34.2,4.2,-5.3,0.0,16.6,20.6,14.7,0.0,31.7,1.1999999999999993,0.5,0.8499999999999996,16.400000000000002,20.0,18.200000000000003
2024-02-06,Jordan,South Korea,AFC,Al Rayyan,Qatar,True,2024,2,6,1,1272.63,1550.65,Amman,Seoul,"Amman, Jordan","Seoul, South Korea","Al Rayyan, Qatar",31.9515694,35.9239625,37.5666791,126.9782914,25.0819602,51.158416,1670.6412402743656,7145.170096443657,6.955,7.0,10,18,11,14,1,3,0,2,0.4762,0.5625,1.0,0.6,7.255,7.418,9,15,11,10,2,5,1,3,0.45,0.6,0.6667,0.625,73,32,12.3,7.2,1.7,21.3,3.7,-1.8,1.0,12.6,23.4,13.0,0.0,27.5,11.099999999999998,5.8,8.45,19.7,14.8,17.25
2024-02-07,Ivory Coast,DR Congo,AFCON,Ebimpé,Ivory Coast,False,2024,2,7,1,1447.65,1356.66,Yamoussoukro,Kinshasa,"Yamoussoukro, Ivory Coast","Kinshasa, DR Congo","Ebimpé, Ivory Coast",6.8200066,-5.2776034,-4.3196982,15.3424196,5.4995714,-4.0800574,197.69845413685493,2417.5234026342832,6.545,6.791,4,3,7,12,2,6,1,5,0.3636,0.2,0.6667,0.5455,6.864,6.936,11,11,6,9,3,9,1,8,0.6471,0.55,0.75,0.5294,31,41,36.9,19.8,0.0,12.7,32.9,23.1,0.0,6.2,35.2,24.4,0.0,12.6,1.6999999999999957,4.599999999999998,3.149999999999997,2.3000000000000043,1.2999999999999972,1.8000000000000007
2024-02-07,Qatar,Iran,AFC,Doha,Qatar,False,2024,2,7,1,1407.3,1565.08,Doha,Tehran,"Doha, Qatar","Tehran, Iran","Doha, Qatar",25.3108807,51.5081812,35.6892523,51.3896004,25.3108807,51.5081812,0.0,1154.0778783603248,7.227,7.1,9,7,14,10,4,2,3,1,0.3913,0.4118,0.5714,0.6667,7.009,7.155,17,17,8,7,2,6,1,4,0.68,0.7083,0.6667,0.6,59,22,23.8,14.0,0.0,29.0,10.5,-0.3,0.0,14.3,23.8,14.0,0.0,29.0,0.0,0.0,0.0,13.3,14.3,13.8
2024-02-07,Nigeria,South Africa,AFCON,Bouaké,Ivory Coast,True,2024,2,7,0,1474.44,1357.08,Abuja,Pretoria,"Abuja, Nigeria","Pretoria, South Africa","Bouaké, Ivory Coast",9.0643305,7.4892974,-25.7459277,28.1879101,7.6890212,-5.0283552,1385.422827923429,5167.845954807832,7.255,7.209,13,8,8,6,1,2,0,0,0.619,0.5714,1.0,1.0,7.509,7.064,12,4,15,9,2,2,1,0,0.4444,0.3077,0.6667,1.0,26,54,33.5,21.4,0.0,18.3,33.4,17.1,0.0,14.3,36.4,19.8,0.0,12.4,2.8999999999999986,1.5999999999999979,2.2499999999999982,3.0,2.6999999999999993,2.8499999999999996
2024-02-10,South Africa,DR Congo,AFCON,Abidjan,Ivory Coast,True,2024,2,10,0,1357.08,1356.66,Pretoria,Kinshasa,"Pretoria, South Africa","Kinshasa, DR Congo","Abidjan, Ivory Coast",-25.7459277,28.1879101,-4.3196982,15.3424196,5.320357,-4.016107,4899.395312028902,2402.345936729903,7.136,7.509,12,12,11,15,3,2,5,1,0.5217,0.4444,0.375,0.6667,6.727,6.864,5,11,13,6,0,3,1,1,0.2778,0.6471,0.0,0.75,54,41,32.4,16.9,0.8,14.8,31.7,23.2,0.0,8.0,30.6,27.3,0.2,14.2,1.7999999999999972,10.400000000000002,6.1,1.0999999999999979,4.100000000000001,2.5999999999999996
2024-02-10,Qatar,Jordan,AFC,Lusail,Qatar,False,2024,2,10,1,1407.3,1272.63,Doha,Amman,"Doha, Qatar","Amman, Jordan","Lusail, Qatar",25.3108807,51.5081812,31.9515694,35.9239625,25.4228888,51.5197163,12.50854049040746,1683.243545023069,7.009,7.227,12,9,21,14,3,4,2,3,0.3636,0.3913,0.6,0.5714,7.218,6.955,17,10,5,11,2,1,0,0,0.7727,0.4762,1.0,1.0,59,73,21.8,11.3,0.7,15.0,13.5,5.6,0.6,13.3,21.3,11.2,0.9,16.2,0.5,0.10000000000000142,0.3000000000000007,7.800000000000001,5.6,6.7
2024-02-11,Ivory Coast,Nigeria,AFCON,Ebimpé,Ivory Coast,False,2024,2,11,1,1447.65,1474.44,Yamoussoukro,Abuja,"Yamoussoukro, Ivory Coast","Abuja, Nigeria","Ebimpé, Ivory Coast",6.8200066,-5.2776034,9.0643305,7.4892974,5.4995714,-4.0800574,197.69845413685493,1335.9838439006658,7.018,6.545,13,4,5,7,1,2,0,1,0.7222,0.3636,1.0,0.6667,7.018,7.255,11,13,12,8,5,1,3,0,0.4783,0.619,0.625,1.0,31,26,37.7,24.1,0.0,13.8,36.1,24.3,0.0,10.1,34.4,25.6,1.2,16.3,3.3000000000000043,1.5,2.400000000000002,1.7000000000000028,1.3000000000000007,1.5000000000000018
2024-06-14,Germany,Scotland,EURO,Munich,Germany,False,2024,6,14,1,1644.21,1497.46,Berlin,Edinburgh,"Berlin, Germany","Edinburgh, Scotland","Munich, Germany",52.5173885,13.3951309,55.9533456,-3.1883749,48.1371079,11.5753822,503.86008184339755,1327.385930151079,6.964,7.345,9,18,11,5,2,0,1,0,0.45,0.7826,0.6667,0.5,7.282,7.536,12,22,4,1,2,2,2,0,0.75,0.9565,0.5,1.0,12,42,18.5,9.8,1.1,19.2,15.6,9.4,12.1,14.8,19.9,8.9,0.3,14.2,1.3999999999999986,0.9000000000000004,1.1499999999999995,4.299999999999999,0.5,2.3999999999999995
2024-06-15,Italy,Albania,EURO,Dortmund,Germany,True,2024,6,15,1,1724.6,1375.1,Rome,Tirana,"Rome, Italy","Tirana, Albania","Dortmund, Germany",41.8933203,12.4829321,41.3281482,19.8184435,51.5142273,7.4652789,1135.4737955949647,1472.231777930327,7.245,7.036,16,8,7,8,1,0,0,0,0.6957,0.5,1.0,0.5,6.964,6.536,8,6,10,6,0,0,1,3,0.4444,0.5,0.0,0.0,15,67,27.9,15.4,0.0,15.8,25.9,15.2,0.0,12.7,17.9,13.6,7.4,31.9,10.0,1.8000000000000007,5.9,8.0,1.5999999999999996,4.8
2024-06-15,Spain,Croatia,EURO,Berlin,Germany,True,2024,6,15,1,1727.5,1721.07,Madrid,Zagreb,"Madrid, Spain","Zagreb, Croatia","Berlin, Germany",40.416782,-3.703507,45.8130967,15.9772795,52.5173885,13.3951309,1868.4311834590692,768.6269478014277,7.591,7.536,16,11,7,4,5,5,1,0,0.6957,0.7333,0.8333,1.0,7.027,7.127,12,6,12,10,2,3,1,0,0.5,0.375,0.6667,1.0,1,13,28.5,15.2,0.0,15.1,25.5,14.1,0.0,15.8,21.7,12.9,2.8,26.6,6.800000000000001,2.299999999999999,4.55,3.8000000000000007,1.1999999999999993,2.5
2024-06-15,Hungary,Switzerland,EURO,Cologne,Germany,True,2024,6,15,2,1532.2,1616.41,Budapest,Bern,"Budapest, Hungary","Bern, Switzerland","Cologne, Germany",47.4813896,19.1457723,46.9484742,7.4521749,50.938361,6.959974,963.5683638260068,445.1061754879036,7.364,6.927,7,12,6,3,3,1,0,2,0.5385,0.8,1.0,0.3333,6.873,7.336,4,13,10,7,1,4,1,0,0.2857,0.65,0.5,1.0,39,14,25.1,10.5,0.0,14.7,18.5,11.9,19.4,19.9,18.6,13.1,8.1,27.6,6.5,2.5999999999999996,4.55,0.10000000000000142,1.1999999999999993,0.6500000000000004
2024-06-16,Serbia,England,EURO,Gelsenkirchen,Germany,True,2024,6,16,2,1514.2,1794.9,Belgrade,London,"Belgrade, Serbia","London, England","Gelsenkirchen, Germany",44.8153318,20.4456588,51.5074456,-0.1277653,51.5110321,7.0960124,1235.678980423449,499.7291157980107,7.345,6.582,6,6,16,5,3,1,0,2,0.2727,0.5455,1.0,0.3333,7.027,7.282,9,18,8,1,0,3,1,0,0.5294,0.9474,0.0,1.0,40,4,28.7,17.0,0.0,9.2,19.8,10.6,0.1,23.3,17.5,12.7,5.8,24.8,11.2,4.300000000000001,7.75,2.3000000000000007,2.0999999999999996,2.2
2024-06-16,Slovenia,Denmark,EURO,Stuttgart,Germany,True,2024,6,16,0,1427.84,1602.72,Ljubljana,Copenhagen,"Ljubljana, Slovenia","Copenhagen, Denmark","Stuttgart, Germany",46.0500268,14.5069289,55.6867243,12.5700724,48.7784485,9.1800132,502.49527729677766,801.8613126228548,7.009,6.782,6,5,6,16,1,2,1,1,0.5,0.2381,0.5,0.6667,7.027,7.318,7,19,7,10,3,2,1,1,0.5,0.6552,0.75,0.6667,56,21,24.1,12.2,0.5,11.3,17.4,12.9,0.0,25.2,22.4,12.1,0.5,18.2,1.7000000000000028,0.09999999999999964,0.9000000000000012,5.0,0.8000000000000007,2.9000000000000004
2024-06-16,Poland,Netherlands,EURO,Hamburg,Germany,True,2024,6,16,2,1531.49,1742.29,Warsaw,Amsterdam,"Warsaw, Poland","Amsterdam, Netherlands","Hamburg, Germany",52.2319581,21.0067249,52.3730796,4.8924534,53.5501721,10.0013165,751.9262605000495,366.2581810571606,6.945,7.24,7,14,14,11,2,3,1,1,0.3333,0.56,0.6667,0.75,7.455,7.355,19,15,2,3,4,4,0,0,0.9048,0.8333,1.0,1.0,36,9,26.1,15.9,2.4,18.6,17.5,11.3,6.8,27.1,20.1,12.0,7.3,19.3,6.0,3.9000000000000004,4.95,2.6000000000000014,0.6999999999999993,1.6500000000000004
2024-06-17,Austria,France,EURO,Düsseldorf,Germany,True,2024,6,17,2,1554.86,1840.59,Vienna,Paris,"Vienna, Austria","Paris, France","Düsseldorf, Germany",48.2083537,16.3725042,48.8534951,2.3483915,51.2254018,6.7763137,766.3640734468017,411.6484395593827,6.7,6.755,10,5,4,6,1,2,1,1,0.7143,0.4545,0.5,0.6667,7.182,7.609,10,20,7,3,0,3,0,0,0.5882,0.8696,0.5,1.0,23,3,26.8,13.4,0.0,11.7,21.5,13.5,7.7,13.7,20.6,12.4,6.3,15.5,6.199999999999999,1.0,3.5999999999999996,0.8999999999999986,1.0999999999999996,0.9999999999999991
2024-06-17,Romania,Ukraine,EURO,Munich,Germany,True,2024,6,17,1,1468.17,1568.86,Bucharest,Kyiv,"Bucharest, Romania","Kyiv, Ukraine","Munich, Germany",44.4361414,26.102684,50.4500336,30.5241361,48.1371079,11.5753822,1187.4881024001304,1393.999567576462,7.445,6.509,22,7,1,10,0,2,0,3,0.9565,0.4118,0.5,0.4,7.564,6.718,14,11,4,14,4,1,0,3,0.7778,0.44,1.0,0.25,52,33,31.6,17.9,0.0,9.7,24.7,17.3,3.6,20.9,23.5,12.6,6.8,10.2,8.100000000000001,5.299999999999999,6.7,1.1999999999999993,4.700000000000001,2.95
2024-06-18,Turkey,Georgia,EURO,Dortmund,Germany,True,2024,6,18,1,1495.94,1333.76,Ankara,Tbilisi,"Ankara, Turkey","Tbilisi, Georgia","Dortmund, Germany",39.9207759,32.8540497,41.6934591,44.8014495,51.5142273,7.4652789,2336.4795899199353,3014.5995109356304,6.955,6.891,14,8,7,8,1,0,2,0,0.6667,0.5,0.3333,0.5,7.082,7.318,13,11,10,5,4,2,2,0,0.5652,0.6875,0.6667,1.0,27,72,33.2,16.4,0.0,21.5,30.5,20.6,7.3,15.4,22.8,12.6,8.0,11.4,10.400000000000002,3.799999999999999,7.1000000000000005,7.699999999999999,8.000000000000002,7.8500000000000005
2024-06-18,Portugal,Czech Republic,EURO,Leipzig,Germany,True,2024,6,18,1,1748.11,1501.47,Lisbon,Prague,"Lisbon, Portugal","Prague, Czech Republic","Leipzig, Germany",38.7077507,-9.1365919,50.0874654,14.4212535,51.3406321,12.3747329,2183.6131158636895,200.43330829818802,7.4,7.064,14,12,3,12,3,1,0,2,0.8235,0.5,1.0,0.3333,6.982,7.091,18,12,5,4,2,2,1,1,0.7826,0.75,0.6667,0.6667,7,48,21.0,16.0,12.5,22.5,30.1,16.3,0.0,18.7,26.3,13.9,13.2,21.3,5.300000000000001,2.0999999999999996,3.7,3.8000000000000007,2.4000000000000004,3.1000000000000005
2024-06-19,Croatia,Albania,EURO,Hamburg,Germany,True,2024,6,19,0,1721.07,1375.1,Zagreb,Tirana,"Zagreb, Croatia","Tirana, Albania","Hamburg, Germany",45.8130967,15.9772795,41.3281482,19.8184435,53.5501721,10.0013165,960.9710074966335,1543.3492874945043,6.691,7.027,12,12,9,12,0,2,3,1,0.5714,0.5,0.0,0.6667,6.673,6.964,7,8,17,10,1,0,2,1,0.2917,0.4444,0.3333,0.0,13,67,32.0,16.1,0.0,20.0,34.3,21.5,0.0,13.0,18.7,12.0,0.5,20.0,13.3,4.100000000000001,8.700000000000001,15.599999999999998,9.5,12.549999999999999
2024-06-20,Denmark,England,EURO,Frankfurt,Germany,True,2024,6,20,0,1610.76,1787.88,Copenhagen,London,"Copenhagen, Denmark","London, England","Frankfurt, Germany",55.6867243,12.5700724,51.5074456,-0.1277653,50.1106444,8.6820917,672.3826006803727,637.7734242709139,7.118,7.027,16,7,11,7,1,3,1,1,0.5926,0.5,0.5,0.75,7.136,7.027,5,9,4,8,1,0,0,1,0.5556,0.5294,1.0,0.0,21,4,18.6,10.1,0.0,21.4,21.2,8.1,0.0,13.1,24.8,12.6,0.4,14.3,6.199999999999999,2.5,4.35,3.6000000000000014,4.5,4.050000000000001
2024-06-20,Spain,Italy,EURO,Gelsenkirchen,Germany,True,2024,6,20,1,1729.92,1724.37,Madrid,Rome,"Madrid, Spain","Rome, Italy","Gelsenkirchen, Germany",40.416782,-3.703507,41.8933203,12.4829321,51.5110321,7.0960124,1486.0505748309115,1144.8343811714676,7.491,7.591,9,16,12,7,3,5,0,1,0.4286,0.6957,1.0,0.8333,7.282,7.245,17,16,7,7,2,1,1,0,0.7083,0.6957,0.6667,1.0,1,15,20.9,12.8,1.6,15.3,38.8,21.4,0.0,14.2,22.1,10.4,3.4,14.5,1.2000000000000028,2.4000000000000004,1.8000000000000016,16.699999999999996,10.999999999999998,13.849999999999998
2024-06-20,Slovenia,Serbia,EURO,Munich,Germany,True,2024,6,20,0,1429.74,1514.76,Ljubljana,Belgrade,"Ljubljana, Slovenia","Belgrade, Serbia","Munich, Germany",46.0500268,14.5069289,44.8153318,20.4456588,48.1371079,11.5753822,321.05719320085535,772.4994604296426,6.964,7.009,11,6,16,6,1,1,1,1,0.4074,0.5,0.5,0.5,6.736,7.345,4,6,5,16,0,3,1,0,0.4444,0.2727,0.0,1.0,56,40,28.6,16.6,0.0,8.3,33.4,21.5,0.0,11.4,27.1,15.3,1.2,10.4,1.5,1.3000000000000007,1.4000000000000004,6.299999999999997,6.199999999999999,6.249999999999998
