home_stadium_distance_km,away_stadium_distance_km,home_fix_1,home_fix_2,home_shots_1,home_shots_2,home_shots_against_1,home_shots_against_2,home_scored_1,home_scored_2,home_relative_shots_1,home_relative_shots_2,home_relative_goals_1,home_relative_goals_2,away_fix_1,away_fix_2,away_shots_1,away_shots_2,away_shots_against_1,away_shots_against_2,away_scored_2,away_relative_shots_1,away_relative_shots_2,away_relative_goals_1,away_relative_goals_2,home_ranking,away_ranking,home_precipitation,home_wind_speed,away_precipitation,away_wind_speed,stadium_precipitation,stadium_wind_speed,home_stadium_temp_avg,away_stadium_temp_avg,home_stadium_wind_speed,away_stadium_wind_speed,ranking_diff,stadium_temperature_avg,home_temperature_avg,away_temperature_avg,day_sin,day_cos,result
1.4269194820621314,0.8161544998559297,0.5430622009569362,0.5528089887640447,1.125,0.5714285714285714,-0.1428571428571428,0.4285714285714285,0.5,1.5,0.6291804483645719,0.0,0.5,-0.5,-0.2444987775061117,1.2224938875305602,-0.2857142857142857,0.5714285714285714,0.2857142857142857,1.25,2.0,-0.4490566037735847,-0.2982456140350876,-0.5,0.5,-0.34,0.3333333333333333,0.0,-0.7126436781609193,0.1764705882352941,1.1123595505617974,0.2857142857142857,-0.5,0.6341463414634148,0.9760000000000004,-0.1621621621621623,1.232876712328767,-0.75,0.8735632183908049,0.2527472527472524,-0.1961722488038278,-0.4853019625310808,-0.8743466161445822,2
1.5291721329412893,1.3300843415017218,0.3708133971291849,-0.4292134831460696,0.625,0.1428571428571428,-0.4285714285714285,-0.7142857142857143,-0.5,0.0,0.6512311650128629,0.5281867145421903,-0.5,-0.5,-0.0440097799510997,0.8655256723716369,-0.1428571428571428,0.1428571428571428,1.0,1.875,1.0,-0.6290566037735847,-0.6595059076262082,-0.5,1.0,-0.48,-0.5740740740740741,0.0,0.471264367816092,0.0,0.191011235955056,4.357142857142857,-0.5227272727272726,0.9837398373983738,0.0399999999999998,0.7972972972972973,0.136986301369863,0.125,0.7873563218390807,-0.065934065934066,0.291866028708134,-0.651372482722222,-0.7587581226927911,1
1.855193043800874,1.525541823064588,-1.1315789473684223,0.5528089887640447,-1.25,0.5714285714285714,1.8571428571428572,0.4285714285714285,-0.5,2.0,-1.7522969496508634,0.0,-0.5,0.5,0.3765281173594131,-1.0220048899755487,0.4285714285714285,0.0,0.2857142857142857,0.0,0.0,0.0,0.0,0.0,-1.0,-0.6,0.1666666666666666,2.2142857142857144,1.103448275862069,0.0,0.7191011235955053,0.7142857142857143,0.2613636363636362,1.105691056910569,0.4719999999999996,0.6081081081081083,-0.1643835616438355,-0.8333333333333334,0.195402298850575,-0.7142857142857147,1.0526315789473684,-0.8978045395707417,-0.4403941515576342,1
1.474810096412204,1.2665493057240684,1.1100478468899506,-0.3685393258426984,0.25,0.7142857142857143,-0.5714285714285714,-0.4285714285714285,0.0,-0.5,0.6089672914369719,0.5464991023339318,0.5,-1.0,0.1100244498777505,0.1784841075794606,0.1428571428571428,1.8571428571428572,0.5714285714285714,0.125,0.0,-0.290188679245283,0.5968492660221981,0.0,-0.5,-0.4,-0.6666666666666666,0.0714285714285714,-0.2873563218390804,0.0,-0.2359550561797753,1.2142857142857144,0.7159090909090907,0.9837398373983738,-0.0400000000000002,0.7837837837837835,0.36986301369863,0.3125,0.6149425287356324,-0.2307692307692311,0.5502392344497608,-0.8978045395707417,-0.4403941515576342,0
1.717521589789367,1.275417870204019,1.370813397129185,1.0629213483146078,0.0,1.5714285714285714,1.1428571428571428,0.5714285714285714,1.0,1.5,-0.5115766262403526,0.2991023339317775,1.0,-0.5,0.2665036674816627,-0.0440097799510996,1.5714285714285714,0.0,0.0,0.75,-0.5,0.5894339622641508,-0.3834586466165411,0.0,-1.0,0.4,-0.4259259259259259,0.0,-0.0344827586206895,0.0,-0.7191011235955055,0.0,-0.6136363636363636,-0.0975609756097561,-0.1040000000000002,0.3108108108108109,-0.6438356164383563,0.875,0.2701149425287358,0.3351648351648348,-0.0526315789473684,-0.968077118866204,-0.2506525322587213,2
2.1304991877805897,3.1280422090506614,0.9569377990430604,0.123595505617977,0.75,0.8571428571428571,-0.2857142857142857,-0.7142857142857143,0.5,-0.5,0.5935317897831682,0.8161579892280071,1.0,-0.5,0.0440097799510997,-0.6234718826405855,0.0,1.4285714285714286,0.7142857142857143,0.25,0.5,-0.4354716981132074,0.4210526315789474,0.0,-0.5,-0.54,0.1111111111111111,0.1428571428571428,-0.586206896551724,1.8823529411764708,-0.6404494382022472,0.0,0.0113636363636363,0.1138211382113819,0.1999999999999999,0.2972972972972972,0.0136986301369862,-0.7083333333333334,-0.2586206896551724,0.3021978021978018,0.5119617224880384,-0.9884683243281114,0.1514277775045766,1
0.239842064452385,1.2145732234000353,0.2392344497607646,0.2044943820224706,0.75,0.0,0.0,0.1428571428571428,-0.5,0.0,0.4083057699375232,-0.163375224416517,-0.5,-1.5,0.3325183374083134,-0.2665036674816621,-0.1428571428571428,-0.4285714285714285,0.2857142857142857,0.25,-0.5,-0.3430188679245281,-0.4260651629072681,0.5,-0.5,-0.44,0.3333333333333333,7.928571428571429,-0.9885057471264366,0.3529411764705882,1.0224719101123592,0.0,0.4545454545454547,1.536585365853658,1.24,1.2972972972972974,-0.0273972602739729,-0.8541666666666666,1.0632183908045978,-0.1758241758241759,-0.1961722488038278,-0.9884683243281114,0.1514277775045766,1
1.5291721329412893,1.425385807884893,0.870813397129186,0.348314606741572,0.0,0.8571428571428571,1.4285714285714286,-0.5714285714285714,0.0,-0.5,-0.6016170525542078,0.7026929982046679,0.5,-0.5,1.3105134474327649,0.7995110024449863,2.5714285714285716,1.2857142857142858,-0.4285714285714285,1.0,2.5,1.0483018867924527,0.0458288578589331,0.5,-0.5,-0.48,-0.5185185185185185,1.7857142857142858,0.0804597701149424,0.8823529411764706,0.5168539325842693,0.0,0.3295454545454546,0.8536585365853653,0.7439999999999996,-0.1081081081081079,-0.493150684931507,0.0625,1.1609195402298853,0.3791208791208786,0.1818181818181816,-0.9377521321470804,0.3473052528448203,1
1.7874998462689895,1.8308348747775165,-0.6315789473684214,0.1033707865168526,0.625,1.1428571428571428,-0.2857142857142857,0.2857142857142857,-0.5,-0.5,0.5446527012127894,0.2894075403949731,-1.5,-1.0,-1.2224938875305629,0.3545232273838614,-0.2857142857142857,0.2857142857142857,1.1428571428571428,0.25,-0.5,-0.7686792452830187,0.0,-2.0,0.0,1.06,0.1666666666666666,0.0,-0.8160919540229884,0.0,0.7977528089887637,6.857142857142858,0.6022727272727271,0.2520325203252032,-0.0560000000000002,1.27027027027027,-0.4794520547945205,0.8958333333333334,0.1839080459770116,0.291208791208791,0.7272727272727273,-0.848644257494751,0.5289640103269624,1
2.040469523341726,1.0867796149132931,0.588516746411482,0.1640449438202238,-0.125,1.5714285714285714,0.2857142857142857,0.0,1.5,0.0,-0.2352076442484378,0.5608617594254938,1.5,0.0,0.4449877750611258,-0.4449877750611248,0.7142857142857143,1.0,0.2857142857142857,0.0,0.0,0.1347169811320752,0.4321518080916577,-0.5,-1.0,-0.36,-0.4814814814814814,0.3571428571428571,-0.8620689655172413,0.1176470588235294,0.0,0.0,-0.1590909090909091,0.203252032520325,0.1039999999999997,0.4189189189189188,-0.5342465753424656,0.1458333333333333,0.0862068965517241,0.0989010989010987,-0.3301435406698563,-0.848644257494751,0.5289640103269624,2
1.4923747076664122,1.2665493057240684,1.0430622009569372,-0.5707865168539343,1.25,-0.5714285714285714,0.5714285714285714,0.2857142857142857,-0.5,-0.5,0.2995222344726204,-0.6614003590664272,0.0,-0.5,-0.4229828850855748,0.0880195599021993,0.4285714285714285,0.0,-0.2857142857142857,0.5,0.5,0.3430188679245281,-0.2753311851056212,0.0,0.0,0.9,-0.6666666666666666,0.0,-0.1609195402298848,0.0,-0.4831460674157303,0.1428571428571428,0.056818181818182,1.56910569105691,0.2079999999999997,-0.1486486486486486,-0.1232876712328765,1.6666666666666667,0.218390804597701,-1.0054945054945057,0.4545454545454545,-0.72479278722912,0.6889669190756865,2
1.7940646681007952,2.453746414619789,0.6746411483253587,1.0426966292134834,-0.25,0.4285714285714285,0.4285714285714285,-0.7142857142857143,0.0,0.0,-0.4020580668871736,0.6614003590664275,0.0,0.5,0.4889975550122256,0.0440097799510996,0.5714285714285714,0.5714285714285714,1.4285714285714286,0.0,0.5,-0.3773584905660375,0.275331185105621,0.0,0.0,-0.4,-0.0925925925925925,0.0,-0.5632183908045975,0.0,-0.4044943820224719,0.0,1.897727272727272,1.2439024390243896,0.7039999999999996,2.5135135135135127,1.9999999999999996,-0.3333333333333333,1.53448275862069,0.4725274725274722,0.5167464114832534,-0.72479278722912,0.6889669190756865,1
2.0680674557992464,3.1280422090506614,-1.15311004784689,-0.5303370786516876,0.0,-0.2857142857142857,1.5714285714285714,0.8571428571428571,0.0,-0.5,-0.6420433664094082,-0.6463195691202873,-1.0,-1.0,-1.022004889975551,0.0220048899755487,-0.7142857142857143,-0.1428571428571428,-0.1428571428571428,0.625,0.5,-0.6290566037735847,-0.4131757966344432,-1.5,0.0,0.06,0.1111111111111111,0.2142857142857143,1.2068965517241377,5.764705882352942,-0.5393258426966292,0.0,-0.5227272727272726,0.0650406504065036,-0.2480000000000001,1.6621621621621618,-0.7534246575342465,-0.0833333333333333,0.0632183908045977,-0.0604395604395609,0.5119617224880384,-0.5712682150947924,0.8207634412072763,1
1.5078486937868747,0.2377962790302498,-0.282296650717704,-0.1640449438202258,0.5,0.4285714285714285,-0.5714285714285714,-0.2857142857142857,0.0,-0.5,0.7195883866225655,0.326391382405745,0.5,-0.5,0.6210268948655271,0.3105134474327617,0.1428571428571428,0.8571428571428571,0.2857142857142857,-0.125,-0.5,-0.1573584905660377,0.4640171858216972,0.5,-0.5,-0.34,-0.5,0.2142857142857143,-0.4022988505747126,8.058823529411764,-0.9101123595505616,0.0,-0.1477272727272726,0.0650406504065039,0.776,-0.1081081081081079,0.1506849315068493,0.1875,0.7183908045977012,0.4890109890109885,-0.2057416267942584,-0.5712682150947924,0.8207634412072763,0
0.9889687343233726,1.0386176335902657,-0.7607655502392354,0.224719101123595,0.25,-0.1428571428571428,0.1428571428571428,0.2857142857142857,0.0,0.0,0.0852627710400587,-0.326391382405745,-0.5,0.5,-0.1784841075794609,0.1540342298288499,-0.5714285714285714,-0.1428571428571428,0.5714285714285714,0.75,0.0,-0.8086792452830186,-0.464017185821697,-0.5,0.5,0.46,-0.3333333333333333,0.0,1.2758620689655171,0.0,-0.0898876404494382,1.7857142857142858,0.9090909090909092,0.6178861788617884,-0.3360000000000001,0.0405405405405404,0.4246575342465755,0.8333333333333334,0.4712643678160921,-0.120879120879121,0.2631578947368421,-0.5712682150947924,0.8207634412072763,0
1.562157806326734,1.23397193069824,1.370813397129185,0.898876404494382,-0.125,1.0,-0.7142857142857143,-0.4285714285714285,1.0,0.5,0.5446527012127894,0.6463195691202875,1.5,1.0,1.4229828850855748,0.3985330073349611,1.5714285714285714,0.7142857142857143,0.0,-0.125,0.5,0.5894339622641508,0.413175796634443,1.0,0.0,-0.54,0.0,0.0,0.4137931034482759,0.0,-0.0449438202247191,3.785714285714286,0.2840909090909093,-0.1707317073170734,-0.6240000000000004,-0.2297297297297298,-0.3835616438356162,-0.5833333333333334,-0.0172413793103446,0.0439560439560438,0.1148325358851677,-0.5712682150947924,0.8207634412072763,0
1.4424911180875164,1.425385807884893,0.0861244019138745,0.0404494382022467,2.125,1.4285714285714286,0.1428571428571428,0.0,0.0,-0.5,0.7328188166115399,0.5213644524236984,-0.5,-0.5,0.3545232273838644,1.2885085574572108,0.7142857142857143,2.4285714285714284,0.7142857142857143,-0.375,0.5,-0.060754716981132,0.9946294307196564,-0.5,0.5,-0.52,-0.5185185185185185,0.0,-0.2298850574712643,0.9411764705882354,0.7977528089887637,3.3571428571428577,-0.7840909090909091,0.032520325203252,0.6719999999999999,0.2837837837837837,1.191780821917808,0.0208333333333333,0.9712643678160924,0.7527472527472522,0.0669856459330142,-0.3943558551133187,0.9189578116202306,2
1.261324830570797,2.418021710501106,1.2177033492822948,0.8179775280898884,0.625,0.1428571428571428,0.7142857142857143,1.2857142857142858,0.0,0.0,-0.0088202866593162,-0.5213644524236984,0.5,0.5,0.3545232273838644,0.0220048899755487,0.1428571428571428,-0.4285714285714285,2.4285714285714284,2.125,0.0,-0.822264150943396,-0.994629430719656,0.5,-0.5,-0.48,0.3888888888888889,0.1428571428571428,0.6091954022988506,0.0,0.5617977528089886,7.214285714285714,0.1136363636363638,0.7154471544715442,-0.2640000000000004,0.2027027027027024,-0.178082191780822,-0.9583333333333334,0.9540229885057472,0.2747252747252747,1.1866028708133969,-0.3943558551133187,0.9189578116202306,2
1.474810096412204,1.2489110179202625,0.3923444976076546,0.6337078651685403,0.375,-0.1428571428571428,1.2857142857142858,0.2857142857142857,1.0,0.0,-0.3465637633223077,-0.326391382405745,0.5,0.0,0.4449877750611258,1.3105134474327595,1.2857142857142858,0.7142857142857143,0.2857142857142857,0.5,0.0,0.3539622641509433,0.0576441102756892,-0.5,0.5,-0.4,-0.5370370370370371,0.0,-0.5517241379310343,0.9411764705882354,-0.4382022471910112,1.5000000000000002,1.3409090909090906,0.1707317073170728,-0.2240000000000001,1.8378378378378375,1.3698630136986298,0.1666666666666666,0.166666666666667,0.1318681318681314,0.6124401913875596,0.3943558551133185,0.9189578116202306,1
1.22970832097918,1.231488677120528,0.8038277511961706,-0.4696629213483164,0.25,0.4285714285714285,0.5714285714285714,-0.2857142857142857,1.0,0.0,-0.1359794193311281,0.326391382405745,1.0,0.0,-0.1124694376528124,0.6674816625916852,0.2857142857142857,-0.1428571428571428,0.1428571428571428,0.125,1.5,0.0,-0.1629072681704259,-1.0,1.5,-0.62,-0.4259259259259259,0.0,0.5747126436781609,0.0,-1.0674157303370784,0.0,-0.4204545454545453,0.2601626016260163,-0.1760000000000001,0.797297297297297,0.0136986301369863,-0.1875,0.7298850574712646,1.3461538461538465,0.3732057416267941,0.3943558551133185,0.9189578116202306,1
2.331896053489299,2.140501336178231,1.1315789473684204,-1.0629213483146098,0.5,0.2857142857142857,1.0,-0.1428571428571428,0.0,0.0,-0.1826534362366775,0.163375224416517,0.5,-1.5,-0.2444987775061117,0.843520782396086,0.4285714285714285,0.8571428571428571,-0.4285714285714285,0.125,0.5,0.4490566037735847,0.3086287146437523,-1.0,0.5,0.4,-0.6481481481481481,0.0,-0.5517241379310343,0.0,-0.1573033707865168,0.0,-0.3068181818181817,-0.1626016260162601,1.112,-0.1216216216216216,-0.547945205479452,1.125,0.2931034482758621,0.5659340659340658,-0.7607655502392343,0.5712682150947923,0.8207634412072763,1
2.8228450511722505,1.6689075468506258,1.0430622009569372,0.2449438202247194,0.25,0.1428571428571428,1.2857142857142858,2.4285714285714284,0.0,0.5,-0.412715913267181,-0.7824057450628367,0.5,0.5,0.3985330073349641,1.400977995110021,-0.4285714285714285,1.4285714285714286,0.8571428571428571,0.0,1.0,-0.7860377358490563,0.5592552810597923,0.0,1.0,0.52,0.0,0.0,1.2068965517241377,0.0,-0.2022471910112359,0.0,0.6477272727272728,0.0243902439024389,1.0879999999999996,0.27027027027027,0.2465753424657535,0.5208333333333334,1.3045977011494256,1.6813186813186811,0.0956937799043062,0.5712682150947923,0.8207634412072763,2
1.5265908233544916,1.2145732234000353,0.5430622009569362,0.2449438202247194,0.0,0.7142857142857143,0.0,0.7142857142857143,0.5,-0.5,0.019478133039324,-0.0578096947935368,0.5,-0.5,0.2885085574572136,-0.711491442542787,-0.4285714285714285,0.2857142857142857,0.1428571428571428,0.0,0.0,-0.4966037735849055,0.1493018259935551,0.0,-0.5,-0.46,0.3333333333333333,0.5,0.4597701149425287,4.705882352941177,0.1685393258426966,4.428571428571429,-0.625,0.6016260162601622,0.7599999999999998,0.9054054054054052,0.2328767123287672,-0.875,0.781609195402299,0.1868131868131863,-0.1435406698564593,0.72479278722912,0.6889669190756866,1
1.8009670020243895,1.2359062776623684,1.260765550239232,-0.2853932584269681,1.375,0.2857142857142857,0.4285714285714285,0.8571428571428571,0.5,0.0,0.4046306504961414,-0.3095152603231598,1.0,-0.5,0.4449877750611258,-0.2224938875305624,0.0,0.5714285714285714,0.0,-0.625,0.0,-0.0898113207547169,0.7672753311851056,0.0,0.5,-0.12,-0.4074074074074074,10.0,-0.2873563218390804,0.0,-0.6741573033707864,0.0,0.3068181818181819,0.2276422764227641,-0.32,0.2972972972972974,0.410958904109589,0.3125,0.4137931034482761,0.604395604395604,0.7607655502392346,0.8486442574947509,0.5289640103269624,2
0.5600673487101844,1.50606551252407,-0.1746411483253597,0.4898876404494388,0.0,0.1428571428571428,0.0,0.2857142857142857,0.0,0.5,0.019478133039324,-0.1497307001795332,0.0,0.5,0.4205378973105129,1.3325183374083105,-0.2857142857142857,0.2857142857142857,0.2857142857142857,0.125,1.5,-0.4490566037735847,0.0716075904045829,1.0,2.0,-0.44,0.8888888888888888,3.5714285714285716,-1.0919540229885056,0.0,-1.0224719101123594,0.0714285714285714,-0.4318181818181816,0.7398373983739835,-0.6640000000000001,0.3648648648648648,-0.0547945205479451,-1.4791666666666667,0.4655172413793109,-0.208791208791209,0.5119617224880384,0.8486442574947509,0.5289640103269624,0
1.3593827703139445,0.9237395095991094,1.1100478468899506,0.3280898876404496,1.25,0.0,0.5714285714285714,0.0,0.5,0.0,0.2995222344726204,-0.0854578096947935,0.5,0.0,1.3765281173594133,0.8875305623471856,0.0,0.2857142857142857,0.7142857142857143,0.375,1.0,-0.4354716981132074,-0.0662370211242392,1.5,1.0,-0.34,-0.6666666666666666,0.1428571428571428,-0.5172413793103448,0.0,-0.393258426966292,1.5714285714285716,-0.0681818181818181,-0.1219512195121952,-0.3840000000000004,0.1216216216216216,-0.3835616438356165,0.375,0.8045977011494253,0.6978021978021975,0.8755980861244017,0.9680771188662044,-0.2506525322587204,1
1.676292564849036,1.4815695724936206,0.6746411483253587,0.5101123595505612,0.375,0.1428571428571428,1.4285714285714286,-0.1428571428571428,0.5,0.5,-0.3921352443954427,0.0854578096947937,1.0,0.5,1.0880195599022018,0.2004889975550115,1.4285714285714286,0.8571428571428571,-1.0,-0.5,0.0,1.2577358490566035,0.7457930540637308,0.5,0.0,-0.46,-0.5925925925925926,0.0,-0.8620689655172413,0.0,0.2134831460674155,0.8571428571428572,0.1931818181818183,1.130081300813008,0.7520000000000002,0.8378378378378379,-0.6986301369863015,0.1666666666666666,0.9195402298850576,-0.0384615384615386,-0.0239234449760765,0.9680771188662044,-0.2506525322587204,2
1.597787412858171,1.1705360783667371,0.588516746411482,0.3056179775280885,0.0,-0.2857142857142857,1.7142857142857142,0.2857142857142857,1.5,0.5,-0.6806321205439175,-0.4272890484739677,1.0,1.0,0.9095354523227386,0.4669926650366736,1.5714285714285714,0.4285714285714285,0.1428571428571428,1.0,1.0,0.5147169811320752,-0.271392767633369,0.5,0.5,1.06,-0.4629629629629629,0.4285714285714286,-0.4712643678160919,0.0,-0.0449438202247191,0.0,0.3977272727272729,1.0731707317073167,0.4639999999999998,0.6216216216216218,-0.2465753424657532,1.6041666666666667,0.8678160919540231,-0.0494505494505497,0.1052631578947369,0.8978045395707416,-0.4403941515576344,1
2.2844975472635847,1.804245369439717,0.4569377990430616,1.0629213483146078,0.25,0.7142857142857143,1.7142857142857142,0.8571428571428571,1.0,0.0,-0.5406100698272692,-0.1120287253141831,0.5,0.5,1.4889975550122256,0.3765281173594123,1.2857142857142858,-0.5714285714285714,0.7142857142857143,0.75,0.0,0.1618867924528303,-0.7457930540637305,1.0,0.0,0.4,0.0,15.642857142857142,-0.4252873563218389,0.0,0.1685393258426966,0.0,-0.2954545454545454,0.2357723577235772,-0.6560000000000004,-0.2567567567567568,-0.1643835616438355,0.3958333333333333,0.1091954022988509,0.1538461538461537,0.3062200956937798,0.8978045395707416,-0.4403941515576344,0
1.597787412858171,1.3124386227385791,0.588516746411482,0.5528089887640447,0.375,0.1428571428571428,2.142857142857143,1.5714285714285714,0.5,1.5,-0.5861815509004041,-0.598563734290844,0.5,1.0,0.2224938875305629,1.2004889975550093,-0.5714285714285714,1.4285714285714286,0.4285714285714285,0.375,0.5,-0.7547169811320753,0.3580379520229143,0.5,0.5,1.06,-0.4074074074074074,2.5,-0.6091954022988504,0.0,-0.842696629213483,0.5714285714285715,-0.4545454545454545,1.1463414634146338,-0.5040000000000004,-0.2297297297297298,-0.3013698630136987,1.5416666666666667,0.8850574712643682,-0.0824175824175824,0.6985645933014354,0.485301962531081,-0.8743466161445821,2
1.9147515404565172,2.3532531056193036,-0.1076555023923443,1.0831460674157305,-1.125,1.2857142857142858,2.5714285714285716,1.4285714285714286,-0.5,3.0,-1.6604189636163174,-0.0897666068222622,-0.5,0.5,-0.1344743276283612,0.6674816625916852,0.1428571428571428,0.4285714285714285,0.0,1.75,0.5,0.0,-0.5048335123523093,-0.5,0.5,0.1,0.8888888888888888,1.7857142857142858,0.1379310344827585,0.7058823529411765,-0.1123595505617977,0.0,-0.3522727272727272,0.3821138211382109,-0.0640000000000002,0.2027027027027024,-0.4383561643835615,-0.9166666666666666,0.5000000000000002,0.4285714285714284,0.1148325358851673,-0.101168321987432,-0.9948693233918952,1
2.012899980403088,2.2305165045952937,1.153110047846888,0.2651685393258418,2.125,0.5714285714285714,-1.1428571428571428,0.0,0.0,1.0,1.5244395442851897,0.2154398563734293,0.5,0.5,0.5550122249388764,0.2004889975550115,0.1428571428571428,-0.7142857142857143,0.0,0.375,0.5,0.0,-0.7160759040458288,0.5,0.5,-0.54,-0.4074074074074074,0.0,0.0114942528735633,0.0,-0.1685393258426966,0.0,-0.409090909090909,0.3008130081300813,-0.4240000000000001,0.1216216216216216,-0.4383561643835615,-0.125,0.5862068965517243,0.2032967032967026,0.8421052631578947,-0.2993631229733582,-0.9541392564000488,0
-0.2712598803862642,-0.4030912950827326,-0.8038277511961727,-0.1011235955056179,-0.5,-0.5714285714285714,1.0,-0.4285714285714285,0.0,-0.5,-0.8335170893054022,-0.2563734290843807,-0.5,0.0,-0.8459657701711497,-0.1344743276283631,0.8571428571428571,0.1428571428571428,-0.1428571428571428,0.125,-0.5,0.4354716981132072,0.0,-1.5,-1.0,-0.56,-0.4259259259259259,0.0,0.3218390804597701,1.2352941176470589,-0.9550561797752808,0.0,0.3295454545454546,-0.4634146341463414,-0.4080000000000002,-0.3918918918918919,0.780821917808219,-0.125,-0.1264367816091951,0.0384615384615382,-0.0095693779904307,0.9987165071710528,-0.0506491688387126,0
-0.0396354770111492,-0.1277844573836715,0.653110047846889,0.6134831460674158,-0.375,1.2857142857142858,0.7142857142857143,1.2857142857142858,0.5,3.0,-0.6273428886438808,-0.0459605026929981,1.0,0.5,-0.4229828850855748,0.5990220048899748,2.2857142857142856,0.7142857142857143,0.1428571428571428,0.125,-0.5,0.6950943396226414,0.2556390977443609,-1.0,-0.5,-0.22,-0.5555555555555556,0.0,-0.2988505747126436,0.0,1.1235955056179772,0.3571428571428571,0.6250000000000001,0.4308943089430893,0.0879999999999998,0.6891891891891894,-0.1095890410958905,0.375,-0.6896551724137929,0.1043956043956039,0.0861244019138754,0.9680771188662044,-0.2506525322587204,0
0.0976833046573566,0.0022022006078381,-0.2607655502392343,1.1842696629213485,0.375,0.0,-0.5714285714285714,0.7142857142857143,0.0,1.0,0.6670341786108048,-0.414362657091562,-0.5,1.5,-1.1124694376528124,-0.1564792176039118,1.1428571428571428,0.0,0.5714285714285714,0.0,0.0,0.171698113207547,0.0,-2.0,-0.5,-0.62,0.8888888888888888,0.0,-0.7931034482758618,0.0,-0.7415730337078652,0.2142857142857143,0.4886363636363635,1.048780487804878,0.912,1.1081081081081077,0.7123287671232875,-1.6666666666666667,-0.7413793103448275,0.4725274725274722,0.535885167464115,0.9680771188662044,-0.2506525322587204,0
0.2931699467229901,-0.4073073670114518,0.588516746411482,0.4292134831460676,1.25,0.4285714285714285,1.2857142857142858,1.5714285714285714,2.5,1.0,0.0238882763689822,-0.4617594254937163,-0.5,0.5,-1.200488997555012,0.1784841075794606,0.4285714285714285,-0.4285714285714285,-0.4285714285714285,-0.625,-0.5,0.4490566037735847,0.2556390977443609,-0.5,0.0,0.4,-0.6296296296296297,0.0,-0.6551724137931033,0.1764705882352941,-0.6741573033707864,1.142857142857143,1.6704545454545454,1.1463414634146338,0.0959999999999998,2.351351351351351,2.054794520547945,1.1041666666666667,-0.4712643678160917,0.7967032967032963,0.2727272727272728,0.8978045395707416,-0.4403941515576344,2
-0.1585405434093485,-0.5018019001304428,-0.282296650717704,0.6337078651685403,0.0,0.5714285714285714,0.5714285714285714,1.2857142857142858,0.5,0.5,-0.2884968761484747,-0.3166965888689408,-0.5,1.0,1.1320293398533017,-0.1784841075794627,0.2857142857142857,1.2857142857142858,1.0,1.0,-0.5,-0.3773584905660375,0.0458288578589331,1.5,-1.0,-0.46,0.0925925925925925,0.0,-0.2068965517241378,1.8823529411764708,0.9775280898876402,1.5000000000000002,0.4772727272727273,-0.0081300813008131,-0.5200000000000004,0.4054054054054054,-0.1095890410958905,-0.6041666666666666,-0.4195402298850573,0.0659340659340657,-0.3588516746411483,0.8978045395707416,-0.4403941515576344,0
0.1515116470170562,0.1116424603772201,0.7607655502392333,0.4292134831460676,-0.625,0.1428571428571428,1.1428571428571428,0.0,0.5,0.5,-0.9867695700110252,0.0,-0.5,0.5,1.3765281173594133,-1.11246943765281,1.8571428571428572,0.0,0.0,1.25,0.0,0.6660377358490563,-0.5592552810597923,2.5,-1.0,-0.34,-0.037037037037037,0.0714285714285714,-0.96551724137931,6.411764705882353,-0.4494382022471909,4.0,1.7613636363636365,1.3170731707317067,0.0719999999999999,2.824324324324324,1.8904109589041096,-0.3333333333333333,-0.5689655172413792,0.8186813186813182,0.1770334928229666,0.7907757369376989,-0.6121059825476626,1
-0.0473052157051787,-0.4841986525012672,-0.129186602870814,-0.8584269662921372,0.25,0.8571428571428571,0.7142857142857143,-0.1428571428571428,0.0,-0.5,-0.1991914737228959,0.4143626570915618,0.0,-1.5,0.5770171149144251,-0.2224938875305624,0.7142857142857143,0.0,-0.8571428571428571,0.375,0.5,0.943396226415094,-0.2148227712137486,0.0,-0.5,-0.36,-0.5185185185185185,3.8571428571428577,-0.0229885057471263,0.0,0.4719101123595504,0.0,-0.7272727272727273,0.4390243902439024,-0.3200000000000002,0.4594594594594595,0.726027397260274,0.1875,-0.9022988505747124,-0.0934065934065935,-0.3827751196172248,0.485301962531081,-0.8743466161445821,2
0.2855243924886217,0.0276779581671607,-0.0430622009569394,-1.1033707865168567,-0.125,1.1428571428571428,1.1428571428571428,0.5714285714285714,0.0,-0.5,-0.5931642778390297,0.163375224416517,0.0,-2.0,-0.3349633251833732,0.6674816625916852,0.1428571428571428,1.4285714285714286,0.2857142857142857,1.0,2.5,-0.1573584905660377,0.0895094880057286,-0.5,-0.5,1.06,0.2777777777777778,8.928571428571429,-0.6666666666666664,1.4705882352941178,-0.7191011235955055,0.0,0.1363636363636364,1.0162601626016257,1.152,0.5405405405405405,0.2602739726027397,0.7708333333333334,-0.8563218390804598,0.3406593406593404,0.583732057416268,0.485301962531081,-0.8743466161445821,1
-0.1202837451079056,-0.1938467616643231,0.4784688995215292,-1.1842696629213505,0.25,0.4285714285714285,0.1428571428571428,-0.4285714285714285,0.0,0.0,0.0852627710400587,0.4272890484739677,0.5,-0.5,-0.6894865525672376,-0.2004889975550115,1.1428571428571428,0.4285714285714285,-0.1428571428571428,-0.625,0.0,0.5392452830188679,0.7160759040458285,0.0,-0.5,-0.58,-0.6666666666666666,0.0,0.2758620689655174,0.0,-0.8764044943820224,0.0,-0.7954545454545454,-0.1300813008130081,0.984,0.891891891891892,-0.6712328767123288,0.125,-0.4482758620689654,-0.0439560439560441,0.8229665071770336,0.1011683219874327,-0.994869323391895,0
-0.2712598803862642,-0.4628545365829436,0.0861244019138745,-0.7550561797752826,0.5,-0.4285714285714285,0.4285714285714285,0.8571428571428571,0.0,0.0,0.0632120543917677,-0.747935368043088,0.0,-0.5,0.1320293398533014,1.110024449877748,-0.7142857142857143,0.1428571428571428,0.5714285714285714,0.875,1.0,-0.943396226415094,-0.3580379520229143,0.0,1.5,-0.56,0.0925925925925925,0.0,-0.0114942528735631,0.0,-0.1123595505617977,0.0,0.0,-0.4634146341463414,-0.4800000000000001,-0.3918918918918919,-0.6438356164383563,-0.7083333333333334,-0.6206896551724137,-0.4340659340659344,-0.3492822966507177,0.1011683219874327,-0.994869323391895,1
0.3563860954962702,-0.3188427838406331,-0.6531100478468911,1.1842696629213485,0.0,1.8571428571428572,0.8571428571428571,0.0,0.0,2.5,-0.4083057699375229,0.6337522441651706,-0.5,2.5,0.5770171149144251,0.7995110024449863,0.4285714285714285,2.0,-0.5714285714285714,0.375,0.0,0.5660377358490566,0.5048335123523093,1.0,-0.5,0.06,-0.4629629629629629,2.9285714285714284,0.4942528735632184,0.1176470588235294,-0.1797752808988765,0.0,-0.5,0.3089430894308941,-0.28,0.7972972972972973,-0.3424657534246575,0.5625,-0.2298850574712644,-0.5824175824175827,-0.3636363636363636,-0.101168321987432,-0.9948693233918952,2
-0.0906870812045508,0.0190140451661065,-0.5645933014354081,0.44943820224719,-0.375,0.4285714285714285,-0.1428571428571428,0.0,0.0,0.0,-0.1760382212421901,0.149730700179533,0.0,0.5,0.3105134474327624,0.0220048899755487,0.2857142857142857,-0.1428571428571428,1.1428571428571428,0.875,0.0,-0.4260377358490565,-0.5116362334407447,0.5,0.0,-0.58,0.8888888888888888,0.0,0.3218390804597701,0.0588235294117647,-1.1685393258426964,0.0,0.4204545454545455,0.7398373983739835,-0.184,-0.2837837837837837,1.1506849315068493,-1.625,-0.7298850574712642,0.2747252747252743,-0.110047846889952,-0.4853019625310808,-0.8743466161445822,1
-0.2712598803862642,-0.5121312243654464,0.8038277511961706,0.0808988764044935,0.75,0.7142857142857143,-0.4285714285714285,0.2857142857142857,0.5,0.0,0.6975376699742745,0.1281867145421901,1.0,0.0,0.9559902200489002,0.5550122249388729,1.5714285714285714,0.5714285714285714,-0.4285714285714285,-0.75,-0.5,0.8456603773584902,0.8950948800572859,1.0,0.0,-0.56,-0.5185185185185185,0.0,0.0114942528735633,0.0,0.6966292134831458,0.0,0.0227272727272728,-0.4634146341463414,-0.3680000000000001,-0.3918918918918919,0.095890410958904,-0.0208333333333333,-0.2528735632183907,-0.0824175824175828,-0.3301435406698563,-0.4853019625310808,-0.8743466161445822,1
0.2822745361999081,-0.1938467616643231,-0.0430622009569394,-0.3887640449438208,1.0,0.1428571428571428,0.2857142857142857,0.2857142857142857,-0.5,-0.5,0.3469312752664463,-0.1497307001795332,-0.5,-0.5,-0.1564792176039122,-0.711491442542787,-0.1428571428571428,1.0,-0.4285714285714285,-0.125,0.0,0.110943396226415,0.5116362334407447,0.0,0.0,0.4,-0.6666666666666666,0.1428571428571428,-0.9770114942528736,1.0,-0.7415730337078652,0.0,0.0340909090909091,0.195121951219512,0.976,0.7837837837837835,0.1643835616438357,1.1458333333333333,-0.6954022988505747,-0.0604395604395609,0.6124401913875596,-0.4853019625310808,-0.8743466161445822,2
-0.1740747003697777,-0.3581472019026308,-0.8923444976076557,0.0404494382022467,-0.5,-0.7142857142857143,1.0,0.5714285714285714,-0.5,-0.5,-0.8335170893054022,-0.8976660682226213,-1.0,0.0,-0.7775061124694371,-0.0660146699266505,-0.2857142857142857,0.2857142857142857,1.4285714285714286,0.5,0.0,-0.8456603773584904,-0.1278195488721804,-1.0,0.0,0.2,-0.4259259259259259,0.0,-0.2183908045977009,0.0,0.0786516853932583,0.0,0.2727272727272727,-0.2439024390243902,-0.3760000000000003,0.1756756756756755,-0.547945205479452,0.6666666666666666,-0.5632183908045976,-0.5274725274725278,-0.0861244019138754,-0.4853019625310808,-0.8743466161445822,1
0.0902646116020319,-0.1375653080464223,1.784688995215309,-0.0808988764044955,0.625,-0.4285714285714285,-0.1428571428571428,-0.8571428571428571,1.0,0.0,0.4465270121278943,0.2991023339317775,1.5,0.5,0.3765281173594131,-0.2444987775061133,0.2857142857142857,1.1428571428571428,0.2857142857142857,0.125,0.0,-0.0754716981132076,0.4042248478338703,0.5,0.0,-0.38,-0.5555555555555556,1.8571428571428577,-0.1609195402298848,0.0,1.078651685393258,0.0,0.4772727272727273,0.6991869918699184,0.4079999999999997,0.3513513513513512,0.013698630136986,0.2083333333333333,-0.7126436781609196,0.2637362637362636,0.2583732057416267,-0.651372482722222,-0.7587581226927911,2
0.144230571581032,-0.3188427838406331,-0.8038277511961727,0.1842696629213482,0.125,0.8571428571428571,0.0,0.0,0.0,0.5,0.0992282249173099,0.3324955116696589,-0.5,0.5,1.621026894865527,0.5550122249388729,0.8571428571428571,0.2857142857142857,0.2857142857142857,-0.5,0.5,0.1950943396226413,0.5370569280343717,1.5,1.0,-0.34,-0.4629629629629629,0.0,-0.1034482758620687,1.2352941176470589,1.1348314606741567,0.0,0.5454545454545453,0.6747967479674796,-0.5840000000000004,0.3648648648648645,0.0,0.1458333333333333,-0.7068965517241378,0.2527472527472524,-0.4162679425837319,-0.651372482722222,-0.7587581226927911,0
0.3672652377688076,-0.2640004964268192,-1.3492822966507174,-0.6134831460674178,0.25,0.1428571428571428,0.8571428571428571,0.7142857142857143,-0.5,0.0,-0.2579933847850054,-0.3324955116696589,-1.5,-0.5,-0.1564792176039122,-1.0684596577017105,0.0,-0.5714285714285714,0.1428571428571428,0.25,-0.5,-0.171698113207547,-0.5370569280343717,0.5,-1.0,0.06,0.2037037037037037,0.0,-0.6551724137931033,0.4117647058823529,0.0786516853932583,0.0,1.0909090909090908,-0.2276422764227644,-0.5360000000000001,1.6621621621621618,0.4383561643835615,-0.1875,-0.6666666666666666,-0.4835164835164839,-0.2679425837320575,-0.651372482722222,-0.7587581226927911,0
0.4623789351317333,-0.3494558831638029,-0.1076555023923443,-0.7550561797752826,0.25,-0.7142857142857143,0.2857142857142857,-0.5714285714285714,-0.5,-0.5,0.0055126791620729,-0.2991023339317774,-0.5,-0.5,-1.2444987775061118,0.0440097799510996,-0.1428571428571428,0.1428571428571428,0.7142857142857143,1.0,0.0,-0.5283018867924527,-0.4042248478338703,-1.5,0.0,-0.1,-0.2962962962962963,0.0714285714285714,-0.4712643678160919,4.764705882352941,1.3370786516853927,0.0,0.1704545454545456,0.4552845528455282,-0.6320000000000002,0.3513513513513515,0.698630136986301,0.2083333333333333,-0.7643678160919539,0.0494505494505489,-0.4258373205741627,-0.651372482722222,-0.7587581226927911,2
-0.1174294882731606,-0.4622458962011493,0.1100478468899506,-0.5303370786516876,0.0,-0.2857142857142857,-0.1428571428571428,-0.2857142857142857,1.0,0.0,0.1157662624035284,-0.1055655296229802,1.0,0.0,-1.4229828850855748,0.9339853300733472,1.1428571428571428,1.4285714285714286,0.0,-0.375,0.5,0.4554716981132075,0.802363050483351,-1.5,1.0,-0.58,-0.5185185185185185,1.142857142857143,0.1954022988505746,2.235294117647059,1.0112359550561796,0.7857142857142858,1.1931818181818183,0.0325203252032519,-0.6560000000000004,0.7837837837837841,-0.5753424657534245,-0.0416666666666666,-0.9252873563218388,-0.5439560439560442,-0.5550239234449761,-0.968077118866204,-0.2506525322587213,0
-0.2712598803862642,-0.2589950911935538,0.6315789473684192,0.7550561797752806,0.0,1.0,1.1428571428571428,-0.5714285714285714,1.5,0.5,-0.5115766262403526,0.7479353680430882,1.5,1.0,-0.0220048899755487,-0.1784841075794627,1.0,-0.2857142857142857,-0.5714285714285714,-0.375,0.0,0.7860377358490566,0.1052631578947367,0.5,0.0,-0.56,-0.6666666666666666,0.2857142857142857,-0.1379310344827585,0.0,-0.1685393258426966,0.2857142857142857,-0.1249999999999999,-0.4634146341463414,0.3599999999999999,-0.3918918918918919,-0.726027397260274,0.1458333333333333,-0.8333333333333334,-0.6373626373626379,0.1291866028708135,-0.968077118866204,-0.2506525322587213,0
-0.0126206499775765,-0.1775028273747025,0.3923444976076546,1.4089887640449452,-0.375,0.8571428571428571,0.5714285714285714,0.2857142857142857,-0.5,1.0,-0.5692760014700476,0.1856373429084379,0.0,1.5,-0.8239608801955988,1.8899755501222455,0.2857142857142857,0.7142857142857143,-0.2857142857142857,-0.25,1.0,0.2694339622641509,0.5012531328320802,-1.5,1.5,-0.4,-0.4444444444444444,0.4285714285714286,0.0919540229885058,4.647058823529412,0.0112359550561797,0.0,0.1022727272727273,-0.0650406504065043,-0.2880000000000003,-0.3918918918918919,-0.6712328767123288,0.0625,-0.8448275862068966,-0.4890109890109893,-0.3923444976076556,-0.9987165071710528,-0.0506491688387135,1
0.0147234805681828,-0.1559109048393218,-0.346889952153111,-0.224719101123597,0.875,0.0,-0.1428571428571428,0.1428571428571428,1.0,0.5,0.5446527012127894,-0.163375224416517,0.0,0.5,0.7555012224938883,0.3545232273838614,-0.1428571428571428,0.1428571428571428,0.1428571428571428,0.25,0.0,-0.2694339622641509,-0.0716075904045829,1.5,0.5,0.32,-0.5555555555555556,7.642857142857143,0.2643678160919541,0.0,1.5955056179775275,0.0,0.0,0.0162601626016259,0.4399999999999999,-0.0675675675675675,1.2191780821917808,0.9375,-0.6781609195402297,-0.5824175824175827,0.3062200956937801,-0.9987165071710528,-0.0506491688387135,1
-0.2712598803862642,-0.3518861522612154,0.7607655502392333,0.5932584269662915,0.75,0.1428571428571428,1.0,1.0,1.5,1.5,-0.0679897096655639,-0.4333931777378814,1.0,1.5,-0.3349633251833732,0.4669926650366736,-0.4285714285714285,-0.4285714285714285,0.7142857142857143,0.375,-0.5,-0.7384905660377356,-0.4883637665592553,0.5,0.0,-0.56,-0.4629629629629629,0.0,-0.5632183908045975,0.0,-0.393258426966292,0.0,-0.5454545454545453,-0.4634146341463414,-0.2560000000000003,-0.3918918918918919,-0.547945205479452,-0.0833333333333333,-0.1666666666666666,-3.904080965714836e-16,-0.3253588516746411,-0.848644257494751,0.5289640103269624,0
-0.1229119691770618,-0.276159402313869,0.7607655502392333,0.1033707865168526,1.0,0.1428571428571428,-0.1428571428571428,-0.2857142857142857,2.0,1.0,0.5883866225652334,0.1795332136445244,0.5,1.0,0.2224938875305629,-0.288508557457213,-0.7142857142857143,1.0,-0.2857142857142857,-0.25,1.0,-0.5392452830188679,0.5968492660221981,0.5,0.0,-0.58,0.2037037037037037,0.5,-0.7241379310344825,0.7058823529411765,-0.3146067415730337,1.3571428571428572,0.0681818181818181,0.121951219512195,-0.4000000000000002,0.5270270270270269,-0.315068493150685,-0.8541666666666666,-0.7126436781609196,-0.1263736263736266,-0.3875598086124402,-0.848644257494751,0.5289640103269624,0
-0.0166378601640562,-0.3518861522612154,0.4354066985645919,0.123595505617977,-0.125,-0.7142857142857143,0.2857142857142857,-0.2857142857142857,2.5,0.0,-0.2352076442484378,-0.5131059245960504,0.5,0.5,0.4205378973105129,-0.3569682151589233,-0.2857142857142857,-0.5714285714285714,0.7142857142857143,0.625,0.5,-0.6290566037735847,-0.7006802721088433,0.5,0.5,0.32,-0.4629629629629629,1.7142857142857144,0.8045977011494252,1.411764705882353,0.6629213483146065,0.2142857142857143,1.318181818181818,-0.1788617886178862,-0.4560000000000001,0.2162162162162161,0.0,0.8333333333333334,-0.4022988505747126,-0.417582417582418,-0.3827751196172248,-0.2012985200886611,0.9795299412524944,2
0.0766931214422755,-0.089315644220312,-0.8038277511961727,0.0808988764044935,-0.125,2.5714285714285716,0.1428571428571428,0.0,0.0,0.0,-0.1554575523704518,0.7824057450628367,-0.5,-0.5,0.3985330073349641,-0.2004889975550115,0.2857142857142857,-0.7142857142857143,-0.5714285714285714,0.5,-0.5,0.4966037735849057,-0.7672753311851055,0.0,-0.5,-0.52,-0.3333333333333333,0.0,0.0114942528735633,4.11764705882353,0.5056179775280898,0.3571428571428571,0.8977272727272727,-0.089430894308943,0.2399999999999997,0.6486486486486485,-0.315068493150685,-0.1875,0.1494252873563219,0.5549450549450546,-0.3588516746411483,0.8978045395707416,-0.4403941515576344,0
1.8811470437747504,-0.3701925036212448,0.870813397129186,1.0831460674157305,0.875,2.5714285714285716,-0.5714285714285714,-1.2857142857142858,1.0,0.0,0.8507901506798972,1.5558348294434472,0.5,0.5,1.1320293398533017,-0.8459657701711479,1.1428571428571428,-0.5714285714285714,-0.4285714285714285,0.75,-0.5,0.7256603773584904,-0.7457930540637305,0.5,-1.0,-0.54,0.0925925925925925,0.0,-0.7816091954022987,6.529411764705882,0.9550561797752808,1.0714285714285714,1.1022727272727273,0.16260162601626,0.2239999999999999,1.824324324324324,-0.6164383561643835,-0.6875,-0.2298850574712644,0.3626373626373623,-0.6650717703349281,0.8978045395707416,-0.4403941515576344,1
0.8450470325542246,-0.2597619159863852,-1.3492822966507174,-1.0202247191011264,0.0,-0.7142857142857143,1.8571428571428572,-0.1428571428571428,0.0,-0.5,-0.7166482910694596,-0.598563734290844,-2.5,-1.5,0.0220048899755509,-0.4009779951100252,0.8571428571428571,0.5714285714285714,0.1428571428571428,0.75,-0.5,0.2694339622641509,-0.1117078410311493,0.5,-0.5,0.22,-0.2592592592592592,1.3571428571428572,-0.9540229885057468,2.7647058823529416,1.1011235955056178,9.857142857142858,2.318181818181818,1.260162601626016,-0.2079999999999999,3.4729729729729732,0.6712328767123285,0.5,-0.574712643678161,0.7747252747252744,0.0047846889952153,0.7907757369376989,-0.6121059825476626,0
0.0009463149834814,2.518239466622976,-0.1746411483253597,-0.7550561797752826,0.375,0.2857142857142857,-0.2857142857142857,-0.1428571428571428,-0.5,0.0,0.4332965821389195,0.163375224416517,0.0,-0.5,0.4205378973105129,-0.955990220048898,0.7142857142857143,0.0,0.8571428571428571,1.5,0.0,-0.1177358490566037,-0.6319369853204438,-0.5,-1.5,-0.34,0.2222222222222222,1.6428571428571428,0.8620689655172413,0.0,-1.0337078651685392,2.5714285714285716,1.3977272727272725,0.3252032520325201,0.3119999999999999,0.2432432432432431,2.164383561643835,-0.625,-0.5517241379310344,0.1648351648351644,-0.985645933014354,0.7907757369376989,-0.6121059825476626,0
2.167924461348771,-0.1713960764466172,-0.8038277511961727,0.5101123595505612,0.375,1.7142857142857142,0.8571428571428571,1.5714285714285714,-0.5,0.5,-0.1903711870635794,0.0,-1.5,0.0,-0.8899755501222495,0.2885085574572108,-0.1428571428571428,0.1428571428571428,0.0,1.0,0.0,-0.1886792452830187,-0.4042248478338703,-1.0,0.5,0.04,0.8888888888888888,0.0,0.1839080459770116,0.0,-0.0561797752808988,0.0,3.102272727272726,-0.2195121951219515,0.0959999999999999,3.0675675675675667,3.027397260273972,-0.9791666666666666,-0.425287356321839,-0.2802197802197805,0.3110047846889952,0.6513724827222223,-0.758758122692791,0
0.8904242994188836,-0.3679554168550361,-0.3923444976076568,0.9797752808988776,0.625,0.4285714285714285,1.2857142857142858,1.1428571428571428,0.0,0.0,-0.2256523337008451,-0.3368043087971274,-1.0,0.5,1.0,-1.26650366748166,1.2857142857142858,-0.2857142857142857,0.4285714285714285,0.625,-0.5,0.2860377358490564,-0.5012531328320802,1.5,-1.5,0.52,-0.2962962962962963,0.0,1.2643678160919538,0.0,0.6067415730337076,4.0,1.3636363636363638,3.3333333333333326,-0.4240000000000002,-0.27027027027027,0.123287671232877,0.8541666666666666,-0.908045977011494,1.8571428571428563,-0.401913875598086,0.6513724827222223,-0.758758122692791,2
-0.0800478126483756,0.5970517953505974,0.6746411483253587,-0.1011235955056179,0.75,1.0,1.0,-0.5714285714285714,0.5,0.5,-0.0679897096655639,0.7479353680430882,-1.0,0.5,0.0,1.3545232273838592,0.5714285714285714,1.5714285714285714,1.4285714285714286,0.25,0.5,-0.3773584905660375,0.460436806301468,-0.5,1.0,-0.62,-0.2037037037037037,0.0,-0.8045977011494252,9.235294117647058,-0.595505617977528,4.928571428571429,1.409090909090909,0.3495934959349595,1.224,2.216216216216216,1.643835616438356,-0.4375,-0.5804597701149424,0.0329670329670326,0.8564593301435408,0.485301962531081,-0.8743466161445821,2
1.9711591511859323,2.0448574944969073,-0.5000000000000011,0.3685393258426964,1.0,0.5714285714285714,0.5714285714285714,1.4285714285714286,0.5,-0.5,0.2105843439911797,-0.3590664272890484,-0.5,0.0,0.6210268948655271,-0.1124694376528121,1.7142857142857142,0.0,0.0,-0.125,0.0,0.6290566037735846,0.0852130325814537,-1.0,0.0,0.0,-0.5,9.142857142857144,0.3908045977011496,0.0,-1.089887640449438,0.1428571428571428,-0.9659090909090908,0.6666666666666663,0.5119999999999997,1.2297297297297298,-0.6164383561643835,0.5416666666666666,-0.8333333333333331,0.1263736263736262,0.220095693779904,0.485301962531081,-0.8743466161445821,2
-0.1673680684507379,-0.5405281675096879,0.0861244019138745,-1.3887640449438228,-0.25,1.1428571428571428,1.2857142857142858,0.0,1.5,0.0,-0.7243660418963614,0.4333931777378816,-0.5,-1.5,0.0880195599022017,0.4229828850855739,0.2857142857142857,1.1428571428571428,1.4285714285714286,0.25,-0.5,-0.5147169811320754,0.3358395989974936,-0.5,-0.5,-0.46,-0.5370370370370371,0.2857142857142857,0.3563218390804599,0.4705882352941177,0.6179775280898875,3.785714285714286,0.7727272727272726,-0.4146341463414634,-0.6880000000000004,0.0945945945945942,-0.6027397260273974,0.1041666666666666,-0.8563218390804598,-0.6923076923076926,-0.6411483253588516,0.485301962531081,-0.8743466161445821,0
0.1406926692851535,1.840184655661086,-0.6746411483253587,-0.0404494382022487,-0.5,1.2857142857142858,1.0,0.1428571428571428,0.0,-0.5,-0.8335170893054022,0.4053859964093357,-0.5,-0.5,1.1100244498777505,0.4229828850855739,0.2857142857142857,0.5714285714285714,0.1428571428571428,0.25,0.0,0.0,0.1278195488721802,1.0,-0.5,0.4,-0.4814814814814814,0.0,0.9885057471264368,0.1176470588235294,-0.393258426966292,2.0,-0.2954545454545454,0.1219512195121949,-0.4000000000000002,1.135135135135135,-0.6575342465753425,0.9375,-0.4770114942528734,0.0989010989010987,-0.2679425837320575,0.1011683219874327,-0.994869323391895,1
-0.0242628435710183,-0.3801088664055756,0.564593301435406,0.7146067415730338,0.625,1.0,-0.2857142857142857,0.8571428571428571,2.5,1.5,0.5446527012127894,0.0,-0.5,1.0,0.5770171149144251,0.3105134474327617,-0.5714285714285714,0.0,1.0,0.75,-0.5,-0.943396226415094,-0.3834586466165411,0.0,-0.5,-0.56,0.3703703703703703,4.142857142857143,0.2758620689655174,0.2352941176470588,0.8539325842696625,0.0,0.5227272727272726,0.2195121951219511,0.208,-0.1081081081081084,-0.315068493150685,-1.0208333333333333,-0.0977011494252871,-0.395604395604396,0.6507177033492823,0.1011683219874327,-0.994869323391895,1
1.796431639750465,-0.1837376856817511,0.5215311004784686,0.8179775280898884,1.0,1.1428571428571428,0.2857142857142857,-0.7142857142857143,0.5,1.0,0.3469312752664463,0.8976660682226213,0.5,0.5,0.2224938875305629,-0.7555012224938866,0.2857142857142857,-0.1428571428571428,-0.2857142857142857,0.0,0.0,0.2694339622641509,-0.0852130325814535,0.0,-0.5,-0.54,-0.5740740740740741,0.0,0.2528735632183907,0.0,0.2584269662921348,0.0,-0.2386363636363635,0.4227642276422761,0.3359999999999998,0.2027027027027024,-0.1232876712328765,0.0625,-0.6321839080459769,0.1538461538461537,0.2822966507177032,-0.101168321987432,-0.9948693233918952,1
0.0366721840761168,-0.098560672956025,0.0861244019138745,0.9595505617977532,0.125,1.1428571428571428,1.2857142857142858,-0.4285714285714285,0.0,0.0,-0.4829106945975742,0.6904847396768404,-0.5,0.5,0.5330073349633254,0.3765281173594123,-0.1428571428571428,0.1428571428571428,0.1428571428571428,-0.5,-0.5,-0.2694339622641509,0.4711779448621555,0.0,0.0,0.2,-0.3333333333333333,2.0714285714285716,-0.4022988505747126,14.0,0.7640449438202246,0.5,-0.3977272727272727,-0.032520325203252,-0.32,-0.3783783783783784,0.6849315068493153,0.5625,-0.5632183908045976,-0.6703296703296707,-0.5598086124401913,-0.101168321987432,-0.9948693233918952,0
2.5787650330484593,-0.3434133834763822,0.1100478468899506,0.3056179775280885,0.25,0.7142857142857143,0.2857142857142857,0.8571428571428571,0.5,0.5,0.0055126791620729,-0.1120287253141831,0.0,-0.5,0.1320293398533014,0.0,0.1428571428571428,0.7142857142857143,0.2857142857142857,0.125,0.5,-0.1573584905660377,0.2556390977443609,0.0,0.5,0.34,-0.2592592592592592,0.5,-0.9310344827586206,0.2352941176470588,0.7977528089887637,0.0,-0.4659090909090908,0.1544715447154468,-0.2880000000000003,0.1351351351351351,0.8082191780821915,0.625,-0.7471264367816093,-0.972527472527473,-0.1866028708133972,-0.2993631229733582,-0.9541392564000488,0
-0.0918421428126966,0.640326841615999,0.0861244019138745,-0.1640449438202258,0.125,0.5714285714285714,0.4285714285714285,-0.4285714285714285,0.5,-0.5,-0.1414920984932009,0.489766606822262,0.0,0.0,0.5330073349633254,-1.3129584352078216,0.4285714285714285,0.0,0.0,1.5,0.0,0.1573584905660375,-0.6319369853204438,0.0,-2.5,-0.34,0.1111111111111111,0.0,-0.4942528735632182,3.5294117647058822,-0.7303370786516852,0.0,0.9545454545454544,-0.2682926829268293,0.0399999999999997,1.3108108108108107,1.2602739726027394,-0.5,0.017241379310345,0.2747252747252743,0.6459330143540669,-0.2993631229733582,-0.9541392564000488,1
-0.2689189092295044,0.6976715734133454,0.999999999999998,0.0606741573033691,0.5,0.2857142857142857,-0.8571428571428571,-0.1428571428571428,1.0,2.0,0.99595736861448,0.163375224416517,1.5,-0.5,0.2885085574572136,-0.3349633251833746,0.0,0.7142857142857143,-0.1428571428571428,1.0,0.0,0.0,-0.1535982814178302,-0.5,-1.0,-0.58,0.3888888888888889,0.0,-0.5977011494252872,0.0,0.2022471910112359,0.0,-0.4204545454545453,-0.4390243902439022,1.88,-0.2027027027027027,0.0273972602739727,-1.0625,-0.2931034482758617,-0.1043956043956047,1.4880382775119614,-0.4853019625310808,-0.8743466161445822,1
0.8258146583927913,-0.1209963621987807,-0.1076555023923443,-0.0808988764044955,0.125,0.5714285714285714,0.4285714285714285,1.4285714285714286,1.0,0.0,-0.1414920984932009,-0.3590664272890484,0.5,-0.5,0.821515892420539,-0.9119804400977986,1.0,-0.2857142857142857,0.0,0.0,0.0,0.4041509433962262,-0.1790189760114571,0.0,-1.0,-0.12,0.8888888888888888,0.6428571428571429,-1.1264367816091951,1.0,0.2921348314606738,0.0,-0.818181818181818,0.8130081300813005,0.056,-0.0540540540540541,0.6164383561643832,-1.1458333333333333,-0.040229885057471,0.9835164835164832,-0.4066985645933014,-0.651372482722222,-0.7587581226927911,1
-0.0585406188148979,2.1954861561104853,-0.1746411483253597,0.6337078651685403,0.25,1.0,0.2857142857142857,0.8571428571428571,0.5,0.5,0.0055126791620729,0.0,-0.5,-1.0,0.7114914425427885,-0.7555012224938866,0.1428571428571428,0.4285714285714285,0.8571428571428571,0.625,-0.5,-0.4041509433962262,-0.1192266380236304,0.0,-1.5,-0.62,-0.0555555555555555,0.0,-0.5747126436781609,0.0,-0.4494382022471909,0.0,-0.9204545454545452,0.4796747967479672,0.0319999999999998,0.0405405405405404,-0.1643835616438355,-0.6041666666666666,-0.1034482758620688,0.6978021978021975,-0.4449760765550239,-0.651372482722222,-0.7587581226927911,0
-0.0833871355585852,1.9452508225218572,0.1315789473684203,0.0,-0.5,0.2857142857142857,1.2857142857142858,1.4285714285714286,-0.5,0.5,-0.9162072767364938,-0.4897666068222622,0.0,-0.5,1.1320293398533017,0.5990220048899748,1.5714285714285714,1.5714285714285714,-0.7142857142857143,0.0,0.5,1.0483018867924527,0.5968492660221981,1.0,-1.0,-0.48,-0.5,0.0,-0.482758620689655,1.2352941176470589,-1.1235955056179772,0.0,-0.0681818181818181,0.6016260162601623,0.5519999999999999,0.081081081081081,0.506849315068493,0.0416666666666666,0.9655172413793108,0.3626373626373623,0.1339712918660285,-0.7907757369376986,-0.6121059825476627,0
-0.0222969504119753,1.9771074422837744,0.8277511961722487,0.0808988764044935,1.0,-0.1428571428571428,-0.4285714285714285,1.1428571428571428,-0.5,1.5,0.7802278574053658,-0.6412926391382405,0.0,-0.5,-0.5110024449877744,-0.4449877750611248,-0.5714285714285714,1.1428571428571428,1.4285714285714286,0.375,0.5,-1.0483018867924525,0.271392767633369,-1.0,-0.5,-0.46,-0.0925925925925925,0.0,-0.4712643678160919,0.0,-0.8876404494382021,0.0,-0.1249999999999999,-0.0162601626016261,-0.4160000000000003,0.0,0.1506849315068492,-0.3958333333333333,0.0747126436781611,0.115384615384615,0.4210526315789472,-0.7907757369376986,-0.6121059825476627,1
1.869115274056242,-0.3529529399341686,0.0645933014354048,0.9393258426966288,-0.125,0.2857142857142857,1.5714285714285714,0.1428571428571428,-0.5,0.5,-0.7199558985667033,0.0,-0.5,1.0,-0.2004889975550119,0.5550122249388729,-0.8571428571428571,-0.7142857142857143,0.2857142857142857,0.875,-0.5,-0.9988679245283016,-0.8950948800572859,-1.0,0.0,-0.42,0.3703703703703703,0.2857142857142857,-0.0459770114942527,0.0,-0.1011235955056179,0.0,0.8295454545454544,0.8292682926829266,-0.6080000000000004,0.6351351351351348,0.3424657534246572,-0.875,0.4482758620689658,-0.2857142857142858,0.617224880382775,-0.968077118866204,-0.2506525322587213,1
0.2134843828109175,-0.364259723767902,0.3923444976076546,-0.6337078651685403,1.25,-0.4285714285714285,0.0,0.8571428571428571,0.0,0.0,0.5839764792355753,-0.747935368043088,0.5,-0.5,0.9779951100244512,0.6430317848410745,0.4285714285714285,0.7142857142857143,-1.0,-0.375,2.5,0.9988679245283018,0.5968492660221981,1.0,-0.5,0.4,-0.6111111111111112,0.0,-0.4367816091954021,0.0,0.6629213483146065,0.0,0.1363636363636364,-0.048780487804878,0.2400000000000001,0.2702702702702702,-0.082191780821918,1.0833333333333333,0.3505747126436787,0.2692307692307688,-0.1913875598086124,-0.968077118866204,-0.2506525322587213,1
0.0025408006953161,-0.3235128576215238,1.2177033492822948,0.0808988764044935,0.0,0.2857142857142857,0.5714285714285714,0.2857142857142857,1.0,0.5,-0.2884968761484747,-0.0718132854578097,1.5,0.0,-0.7114914425427864,0.1100244498777502,-0.7142857142857143,0.0,-0.1428571428571428,0.25,0.0,-0.6290566037735847,-0.1493018259935553,0.0,0.0,-0.34,-0.2592592592592592,0.0,0.0804597701149424,0.0,0.3483146067415727,0.0,-0.2954545454545454,0.1382113821138212,-0.4560000000000003,0.0675675675675673,0.054794520547945,-0.0833333333333333,-0.0574712643678161,0.5109890109890108,0.1626794258373204,-0.9987165071710528,-0.0506491688387135,1
2.5155457279108604,0.7795709635537603,0.4354066985645919,0.1033707865168526,-0.125,0.4285714285714285,-0.7142857142857143,0.1428571428571428,0.0,0.5,0.5446527012127894,0.0718132854578097,0.0,0.0,-0.8899755501222495,0.5110024449877733,0.5714285714285714,0.2857142857142857,0.0,0.0,0.0,0.2264150943396227,0.1493018259935551,-1.5,0.0,0.34,0.1111111111111111,0.0,-1.0114942528735629,0.2941176470588235,-0.7191011235955055,0.0,-0.5,0.8292682926829268,0.5519999999999999,0.1891891891891889,-0.5068493150684933,0.2083333333333333,-0.2988505747126435,-1.0000000000000004,0.6889952153110049,-0.9987165071710528,-0.0506491688387135,0
0.0450767061248372,-0.1681790930176358,0.3923444976076546,0.0808988764044935,0.375,0.2857142857142857,-0.4285714285714285,1.1428571428571428,0.0,0.0,0.5446527012127894,-0.4053859964093357,0.0,-0.5,-0.977995110024449,0.2004889975550115,0.0,0.1428571428571428,-0.4285714285714285,-0.25,0.5,0.2098113207547168,0.2556390977443609,-1.5,0.0,0.2,-0.5740740740740741,1.142857142857143,1.229885057471264,0.0,-0.1235955056179776,0.0,-0.1136363636363636,0.2113821138211381,0.2159999999999999,1.2027027027027024,-0.7397260273972602,0.8333333333333334,-0.0114942528735629,-0.307692307692308,0.7272727272727273,-0.9987165071710528,-0.0506491688387135,2
1.8276035912322115,-0.0859268498339385,1.196172248803827,0.4898876404494388,-0.375,1.2857142857142858,0.0,0.1428571428571428,1.0,0.5,-0.2723263506063945,0.4053859964093357,1.5,0.5,0.2444987775061138,0.5110024449877733,-0.4285714285714285,-0.2857142857142857,0.4285714285714285,0.125,0.5,-0.6290566037735847,-0.2556390977443609,0.0,0.0,-0.54,-0.3333333333333333,0.0,0.0114942528735633,1.2941176470588236,-0.595505617977528,0.0,0.9772727272727272,0.16260162601626,0.968,0.743243243243243,1.1232876712328763,-0.2083333333333333,0.5689655172413797,0.2802197802197799,-0.4449760765550237,-0.9987165071710528,-0.0506491688387135,2
0.6864913915826507,2.109025509886221,1.1100478468899506,-0.1011235955056179,1.0,0.2857142857142857,1.2857142857142858,0.2857142857142857,0.0,1.0,-0.0679897096655639,-0.0718132854578097,0.5,0.5,0.7775061124694392,0.689486552567236,1.1428571428571428,0.0,1.7142857142857142,0.75,-0.5,-0.2301886792452829,-0.3834586466165411,0.0,0.0,-0.12,-0.0555555555555555,3.928571428571429,-0.5977011494252872,0.0,0.9438202247191008,0.0,-0.4886363636363635,0.447154471544715,0.4239999999999998,-0.2837837837837837,1.013698630136986,-0.0833333333333333,0.2701149425287358,1.0329670329670328,-0.3684210526315788,-0.9884683243281114,0.1514277775045766,2
1.793162249663408,0.7244580045327819,0.1315789473684203,-1.2044943820224747,0.625,-0.8571428571428571,0.4285714285714285,0.5714285714285714,0.0,-0.5,0.1220139654538772,-1.0394973070017954,0.0,-1.5,-1.579462102689487,0.2665036674816621,-1.0,-0.1428571428571428,1.0,-0.125,-0.5,-1.3475471698113204,0.0,-2.0,-0.5,0.44,0.3888888888888889,0.0,-0.4137931034482757,0.0,1.7528089887640443,0.0,0.1818181818181817,0.4065040650406502,1.9120000000000004,0.2972972972972972,1.191780821917808,0.0,0.1206896551724138,-0.3131868131868136,1.8516746411483256,-0.9884683243281114,0.1514277775045766,0
0.0303374076861202,-0.1151144089729017,1.1315789473684204,-0.1640449438202258,1.5,0.4285714285714285,1.1428571428571428,0.1428571428571428,-0.5,0.5,0.1561925762587287,0.0718132854578097,0.0,-0.5,0.3985330073349641,0.7995110024449863,1.2857142857142858,0.8571428571428571,1.1428571428571428,0.0,-0.5,0.0,0.3834586466165411,-0.5,0.0,-0.62,0.8888888888888888,0.0,-0.0114942528735631,1.7058823529411764,-1.146067415730337,0.0,-0.1590909090909091,0.5284552845528452,-0.4639999999999999,-0.2027027027027027,0.4246575342465752,-1.6666666666666667,-0.028735632183908,0.8021978021978019,0.3062200956937801,-0.9884683243281114,0.1514277775045766,1
-0.1746717988173131,-0.26851274376332,1.870813397129186,0.9393258426966288,0.875,0.7142857142857143,-1.0,-1.0,1.5,1.0,1.2443954428518926,1.0394973070017954,2.0,1.5,0.2885085574572136,0.8875305623471856,0.4285714285714285,-0.1428571428571428,0.7142857142857143,-0.125,0.0,-0.1950943396226415,0.0,0.0,0.5,-0.58,-0.2962962962962963,0.0,-0.3678160919540229,0.0,0.0786516853932583,0.0,-0.6931818181818181,-0.3902439024390242,0.0639999999999999,0.0135135135135134,0.2054794520547945,-0.2916666666666667,0.1264367816091955,0.3186813186813185,-0.2727272727272728,-0.9884683243281114,0.1514277775045766,1
0.0281982605703158,0.5345604650380895,0.3923444976076546,1.1438202247191014,-0.125,0.0,0.2857142857142857,-0.4285714285714285,0.5,0.5,-0.2352076442484378,0.1996409335727109,0.0,1.0,0.3765281173594131,-0.288508557457213,1.0,0.1428571428571428,1.8571428571428572,0.625,-0.5,-0.322264150943396,-0.2556390977443609,0.5,-0.5,-0.4,-0.2777777777777778,0.0,-0.689655172413793,0.0,-0.2247191011235954,0.0,0.409090909090909,0.3902439024390245,0.1279999999999998,0.8918918918918918,-0.0136986301369864,-0.125,0.4252873563218394,-0.0109890109890111,1.0382775119617225,-0.9377521321470804,0.3473052528448203,1
-0.0810021840060602,2.0398496108509594,2.1961722488038253,0.7775280898876417,1.5,1.2857142857142858,-0.1428571428571428,-0.5714285714285714,2.0,-0.5,0.7361264241087836,0.828725314183124,2.5,0.0,-0.3349633251833732,1.110024449877748,0.2857142857142857,1.4285714285714286,0.5714285714285714,-0.625,1.0,-0.2098113207547168,0.9946294307196564,0.0,1.0,-0.46,-0.5,3.2142857142857144,1.0804597701149423,6.11764705882353,-1.1123595505617976,13.071428571428571,-0.6704545454545454,-0.1056910569105691,-0.6960000000000002,1.6891891891891893,-0.2328767123287672,0.0625,-0.0459770114942527,-0.0054945054945059,0.076555023923445,-0.9377521321470804,0.3473052528448203,0
-0.2061506471696145,1.892781772868974,0.4569377990430616,0.123595505617977,0.5,-0.4285714285714285,0.2857142857142857,1.1428571428571428,0.5,-0.5,0.1363469312752665,-0.828725314183124,0.0,0.0,-0.977995110024449,-0.5330073349633242,-0.1428571428571428,-0.7142857142857143,1.7142857142857142,1.25,0.0,-0.8256603773584903,-0.994629430719656,-2.5,-1.0,-0.48,-0.0925925925925925,1.5714285714285716,0.5287356321839082,44.11764705882353,0.4494382022471909,0.0,0.0227272727272728,-0.2195121951219509,-0.2000000000000003,0.2162162162162161,-0.2054794520547945,-0.4166666666666667,-0.0344827586206893,-0.0384615384615386,0.4593301435406698,-0.9377521321470804,0.3473052528448203,0
2.168219666416232,1.6082911218351104,-0.1961722488038294,0.0606741573033691,0.125,-0.1428571428571428,1.2857142857142858,1.5714285714285714,-0.5,-0.5,-0.4829106945975742,-0.7529622980251347,-0.5,-0.5,-1.1564792176039125,-0.7334963325183357,-0.2857142857142857,-0.5714285714285714,1.8571428571428572,0.75,0.0,-0.943396226415094,-0.7457930540637305,-2.5,-1.0,-0.3,0.6296296296296297,0.0,0.5057471264367818,0.2352941176470588,0.6741573033707864,12.071428571428571,-0.5,0.3333333333333333,0.7600000000000007,0.810810810810811,0.6986301369863015,-1.0416666666666667,0.028735632183908,0.725274725274725,1.0861244019138756,-0.848644257494751,0.5289640103269624,2
2.336679954914042,-0.2497374080003266,2.023923444976076,0.6134831460674158,1.625,1.7142857142857142,-0.2857142857142857,-0.2857142857142857,2.0,0.0,0.8507901506798972,0.7529622980251347,2.5,0.5,0.7114914425427885,0.9999999999999978,1.2857142857142858,0.8571428571428571,0.1428571428571428,-0.5,1.0,0.4260377358490565,0.7457930540637308,0.5,1.0,-0.6,-0.4444444444444444,0.0,0.9195402298850572,0.0,-0.9101123595505616,0.0,-0.8409090909090908,0.9105691056910564,0.0159999999999998,1.7027027027027026,-0.6849315068493151,-0.1458333333333333,-0.0459770114942527,-0.8131868131868134,0.5789473684210523,-0.848644257494751,0.5289640103269624,1
1.8694533151711776,-0.5450517565596282,1.435406698564592,0.0606741573033691,0.5,0.0,1.2857142857142858,1.4285714285714286,0.0,-0.5,-0.2840867328188165,-0.6369838420107721,0.5,-0.5,0.1100244498777505,0.955990220048898,-0.2857142857142857,0.2857142857142857,1.4285714285714286,-0.875,0.5,-0.8456603773584904,0.9477264590046544,-0.5,1.0,-0.42,-0.6111111111111112,2.142857142857143,-0.3103448275862068,2.0,1.2134831460674156,0.1428571428571428,0.6022727272727271,-0.2764227642276422,-0.496,0.6756756756756754,0.0273972602739729,0.2291666666666666,-0.3965517241379307,-0.2472527472527476,-0.3732057416267942,-0.848644257494751,0.5289640103269624,2
0.1897570713516527,-0.195482672468227,0.717703349282296,0.3685393258426964,1.25,1.5714285714285714,-0.2857142857142857,-0.1428571428571428,0.5,0.0,0.7556045571481073,0.6369838420107721,0.5,0.5,0.9339853300733516,-0.2224938875305624,1.2857142857142858,-1.0,0.5714285714285714,0.25,-0.5,0.22188679245283,-0.9477264590046542,-0.5,-1.0,0.4,0.3703703703703703,0.7857142857142858,-0.8505747126436779,0.0,-0.3820224719101123,0.0,0.1704545454545456,-0.08130081300813,0.4319999999999996,0.7972972972972973,-0.1095890410958902,-0.0208333333333333,-0.1034482758620688,0.3186813186813185,0.7799043062200954,-0.848644257494751,0.5289640103269624,0
-0.1228685629338941,-0.0859268498339385,-0.0454545454545457,1.1438202247191014,-0.375,0.1428571428571428,1.0,0.4285714285714285,0.5,1.0,-0.729511209114296,-0.2154398563734291,0.5,1.5,0.3545232273838644,0.2224938875305624,0.4285714285714285,-0.5714285714285714,0.4285714285714285,0.375,0.0,-0.069811320754717,-0.5968492660221983,0.5,0.0,-0.34,-0.3333333333333333,0.0,-0.3908045977011492,2.0,-0.696629213483146,0.0,0.0113636363636363,-0.0650406504065042,0.4159999999999997,0.0675675675675673,0.0821917808219177,0.0,0.3103448275862072,0.6813186813186809,-0.3301435406698563,-0.72479278722912,0.6889669190756865,1
1.879425728735749,2.641491900457247,0.3923444976076546,1.1235955056179792,0.375,-0.2857142857142857,0.4285714285714285,-0.1428571428571428,0.0,1.0,0.0,-0.1996409335727109,-0.5,1.5,0.5330073349633254,0.5110024449877733,0.5714285714285714,-0.1428571428571428,0.5714285714285714,-0.75,0.0,-0.0649056603773584,0.5968492660221981,0.0,0.0,-0.54,0.2222222222222222,0.0,-0.0344827586206895,0.0,-0.9662921348314606,1.5000000000000002,0.8863636363636361,0.0894308943089429,0.3759999999999998,0.6891891891891889,1.465753424657534,-0.8333333333333334,-0.1954022988505746,0.346153846153846,-0.7272727272727272,-0.72479278722912,0.6889669190756865,1
0.8280837282302621,-0.3269931540498298,-0.8923444976076557,1.0426966292134834,0.125,1.2857142857142858,0.0,1.1428571428571428,0.0,0.0,0.0992282249173099,0.0,-1.0,0.5,0.1320293398533014,0.2665036674816621,-0.5714285714285714,0.2857142857142857,1.2857142857142858,0.625,0.0,-1.0158490566037732,-0.1851056211958468,-0.5,0.0,-0.12,-0.2962962962962963,1.6428571428571428,-0.7931034482758618,11.823529411764708,0.6516853932584269,0.0,0.4545454545454547,1.0162601626016257,-0.5120000000000002,1.0675675675675675,-0.4794520547945205,0.1875,-0.3850574712643676,0.7912087912087907,-0.1626794258373204,-0.5712682150947924,0.8207634412072763,2
-0.2272239211225818,2.264230911887049,1.088516746411483,1.757303370786519,1.125,1.1428571428571428,-0.5714285714285714,-1.1428571428571428,0.5,1.5,0.9213524439544286,1.282226211849192,0.5,2.0,0.9095354523227386,0.7555012224938866,0.0,1.0,0.1428571428571428,1.5,-0.5,-0.171698113207547,-0.2184031507339777,1.0,0.0,-0.58,-0.0555555555555555,0.0,0.3103448275862068,0.0,0.1460674157303371,1.0,1.2159090909090908,-0.2926829268292682,-0.0880000000000001,0.6756756756756759,0.506849315068493,-0.5625,-0.4770114942528734,-0.2142857142857146,0.1578947368421051,-0.5712682150947924,0.8207634412072763,1
0.0281982605703158,2.0515386562500626,1.306220095693778,0.3685393258426964,0.625,0.0,0.2857142857142857,0.1428571428571428,0.5,0.5,0.1944138184490998,-0.163375224416517,1.0,0.0,-0.3789731051344751,-0.3569682151589233,-0.1428571428571428,0.1428571428571428,0.4285714285714285,0.5,0.5,-0.4101886792452829,-0.1990691013247403,0.0,0.0,-0.4,-0.5,0.0,0.2643678160919541,3.7058823529411766,-0.797752808988764,0.0,0.6022727272727271,0.7317073170731705,0.04,-2.4004822154057435e-16,0.917808219178082,0.125,0.574712643678161,-0.0989010989010991,0.1148325358851673,-0.3943558551133187,0.9189578116202306,1
0.2469466086491466,-0.2497374080003266,0.0215311004784675,0.674157303370787,-0.375,1.5714285714285714,0.0,-0.4285714285714285,0.0,0.5,-0.2723263506063945,0.8046678635547576,0.0,0.5,-0.1344743276283612,0.689486552567236,0.0,1.1428571428571428,0.0,0.125,0.0,-0.0898113207547169,0.4042248478338703,-0.5,0.5,0.4,-0.4444444444444444,0.0,-0.2988505747126436,0.0,-1.089887640449438,0.0,-0.5568181818181818,0.3170731707317074,-0.1040000000000002,-0.0675675675675675,-0.1232876712328767,0.8958333333333334,0.0689655172413794,0.7527472527472525,0.6028708133971289,-0.2012985200886611,0.9795299412524944,2
2.417179322251068,-0.4018772506370028,0.935406698564593,1.9011235955056207,0.0,2.0,0.0,-0.4285714285714285,0.0,2.0,0.019478133039324,0.8976660682226213,0.5,2.5,1.5110024449877766,0.0880195599021993,1.7142857142857142,-0.4285714285714285,0.0,1.25,0.0,0.6290566037735846,-0.8023630504833512,1.0,-0.5,-0.6,-0.6111111111111112,2.357142857142857,0.1839080459770116,4.9411764705882355,0.1460674157303371,0.0,-0.4545454545454545,0.4715447154471541,-0.2960000000000004,0.3783783783783784,2.4333655334250005e-16,0.0416666666666666,-0.028735632183908,-0.5000000000000003,-0.1770334928229664,-0.2012985200886611,0.9795299412524944,0
-0.2689189092295044,-0.3016618855600038,0.870813397129186,1.0224719101123612,2.375,1.4285714285714286,0.0,-0.7142857142857143,0.0,0.5,0.8507901506798972,0.9666068222621186,0.5,0.5,1.1540342298288524,0.0195599022004889,0.7142857142857143,-0.4285714285714285,0.2857142857142857,0.75,0.5,0.1347169811320752,-0.6444683136412458,0.5,0.5,-0.58,-0.4074074074074074,0.0,0.5057471264367818,0.0,0.1123595505617977,0.0,0.4659090909090908,-0.4471544715447154,0.728,-0.3378378378378376,-0.356164383561644,-0.1666666666666666,-0.4195402298850573,-0.2527472527472532,0.69377990430622,0.5712682150947923,0.8207634412072763,0
1.796431639750465,-0.2338748601904512,1.370813397129185,0.3685393258426964,0.375,0.5714285714285714,0.1428571428571428,0.2857142857142857,1.5,0.0,0.1525174568173469,0.0664272890484738,1.5,-0.5,1.2224938875305629,0.1100244498777502,0.4285714285714285,-0.7142857142857143,1.5714285714285714,1.125,0.0,-0.4852830188679243,-0.9638381668456856,1.5,-0.5,-0.54,-0.2962962962962963,0.0,-0.1034482758620687,0.0,0.7078651685393258,2.5714285714285716,0.3863636363636363,0.040650406504065,-0.4240000000000002,0.1756756756756755,-0.328767123287671,-0.25,-0.218390804597701,0.291208791208791,-0.2679425837320575,0.5712682150947923,0.8207634412072763,1
-0.0309408105758923,-0.3707003631342315,0.5430622009569362,1.2269662921348317,0.25,0.8571428571428571,0.4285714285714285,0.1428571428571428,0.5,0.5,-0.0679897096655639,0.2563734290843807,0.5,1.0,1.022004889975551,-0.1564792176039118,1.1428571428571428,-0.1428571428571428,-0.2857142857142857,0.0,-0.5,0.6290566037735846,-0.0852130325814535,0.5,-0.5,-0.4,-0.4444444444444444,1.5714285714285716,1.4252873563218391,4.11764705882353,-0.5505617977528089,0.2142857142857143,-0.0909090909090907,0.138211382113821,-0.5680000000000005,1.4054054054054057,-0.2191780821917807,0.0625,-0.0862068965517241,-0.32967032967033,0.1961722488038274,0.72479278722912,0.6889669190756866,2
-0.0222969504119753,2.40624007423381,0.999999999999998,0.4696629213483144,1.125,0.5714285714285714,-0.5714285714285714,-0.2857142857142857,0.5,0.5,0.9213524439544286,0.3903052064631958,0.5,0.0,0.7114914425427885,1.0220048899755487,1.5714285714285714,0.0,1.0,-0.125,0.0,0.1452830188679244,0.0852130325814537,0.5,0.5,-0.46,-0.6481481481481481,0.2857142857142857,0.6436781609195403,18.470588235294116,0.3707865168539326,0.0,1.5227272727272727,0.861788617886179,0.5760000000000001,0.6486486486486485,0.602739726027397,0.2291666666666666,0.4770114942528738,-0.2802197802197807,-0.2870813397129186,0.72479278722912,0.6889669190756866,1
1.8276035912322115,-0.3298079307176036,0.2822966507177019,1.287640449438203,0.0,0.5714285714285714,-0.2857142857142857,0.0,1.0,1.5,0.2219772142594634,0.2154398563734293,0.5,1.5,1.1784841075794632,1.0880195599021971,1.2857142857142858,1.2857142857142858,-0.1428571428571428,-0.625,0.5,0.5856603773584904,0.9638381668456856,0.5,0.5,-0.54,-0.5185185185185185,0.0,-0.3448275862068965,0.1176470588235294,1.1011235955056178,3.5000000000000004,1.4545454545454544,0.105691056910569,0.656,1.7297297297297296,-0.3698630136986305,0.0,0.3218390804597706,0.3021978021978022,-0.4641148325358851,0.9884683243281114,0.1514277775045767,0
-0.2689189092295044,-0.3100409816799961,1.6961722488038262,0.8179775280898884,0.875,2.857142857142857,-0.8571428571428571,-0.1428571428571428,1.5,0.0,1.1014332965821392,0.8976660682226213,0.5,0.5,1.0660146699266508,0.9999999999999978,0.8571428571428571,1.0,0.5714285714285714,-0.25,0.0,0.060754716981132,0.5968492660221981,1.5,0.5,-0.58,-0.4444444444444444,0.0,0.0459770114942531,9.823529411764708,0.0786516853932583,0.0714285714285714,0.1249999999999999,-0.4471544715447154,-0.5760000000000001,-0.3108108108108111,-0.726027397260274,-0.125,-0.3678160919540229,-0.2032967032967036,-0.1770334928229666,0.9987165071710528,-0.0506491688387126,1
-0.1651356025742615,-0.3103652227628425,1.3277511961722477,1.0022471910112367,0.75,1.2857142857142858,1.2857142857142858,-0.1428571428571428,1.0,0.5,-0.1701580301359792,0.5572710951526033,-1.0,0.5,-0.0904645476772614,1.0440097799510974,0.1428571428571428,0.7142857142857143,1.2857142857142858,0.5,1.0,-0.5479245283018866,0.0576441102756892,-0.5,1.5,-0.46,-0.4444444444444444,1.8571428571428577,1.4137931034482758,0.8235294117647058,-0.4719101123595505,0.0,0.7272727272727273,0.203252032520325,-0.6000000000000004,0.4189189189189188,0.6712328767123288,0.0,0.0804597701149428,-0.2142857142857146,0.2488038277511962,0.7907757369376989,-0.6121059825476626,2
-0.2689189092295044,1.8271675693555176,1.0215311004784675,1.5932584269662935,1.125,1.1428571428571428,0.1428571428571428,-1.0,0.5,1.5,0.4656376332230799,1.1425493716337525,0.5,0.5,0.8435207823960879,0.3545232273838614,1.2857142857142858,0.0,0.8571428571428571,-0.375,1.0,0.1049056603773586,0.2824919441460793,1.0,0.5,-0.58,-0.5925925925925926,0.0,1.586206896551724,0.0,0.2584269662921348,0.0,1.443181818181818,-0.4552845528455283,-0.6960000000000001,-0.2297297297297298,0.643835616438356,0.0416666666666666,0.2126436781609197,0.3571428571428567,0.291866028708134,0.6513724827222223,-0.758758122692791,1
-0.2712598803862642,-0.2543348148713339,0.3253588516746392,0.4292134831460676,0.375,0.7142857142857143,0.4285714285714285,0.1428571428571428,0.0,0.5,0.0,0.1996409335727109,0.0,0.0,1.8875305623471896,-0.0440097799510996,0.7142857142857143,-1.2857142857142858,1.0,2.125,-0.5,-0.171698113207547,-1.551378446115288,2.0,-0.5,-0.48,0.0,2.0,-0.0459770114942527,0.0,0.595505617977528,2.0,-0.0340909090909089,-0.4634146341463414,-0.5360000000000001,-0.3918918918918919,0.041095890410959,-0.5208333333333334,-0.3390804597701145,-0.1648351648351648,-0.3014354066985644,0.8978045395707416,-0.4403941515576344,1
-0.2048788914954331,-0.3903815395663295,1.3277511961722477,0.9595505617977532,0.25,1.4285714285714286,-0.1428571428571428,0.0,1.0,0.5,0.2660786475560456,0.5213644524236984,1.5,0.5,-0.4229828850855748,1.2004889975550093,-0.2857142857142857,0.2857142857142857,0.0,1.375,1.5,-0.2977358490566038,-0.4604368063014678,-0.5,1.5,-0.58,-0.2962962962962963,0.0,-0.0804597701149424,0.0,0.4269662921348314,0.0,0.3409090909090911,-0.2845528455284553,-0.4320000000000004,0.0945945945945947,-0.6164383561643835,-0.2916666666666667,-0.5977011494252871,-0.4230769230769232,-0.1483253588516747,0.7907757369376989,-0.6121059825476626,1
0.3347994088665924,-0.2683397785611668,-0.6531100478468911,-0.1011235955056179,0.375,0.4285714285714285,1.2857142857142858,0.1428571428571428,-0.5,-0.5,-0.3465637633223077,0.0718132854578097,-1.5,-0.5,0.7775061124694392,1.132029339853299,-0.8571428571428571,0.5714285714285714,1.0,0.25,0.0,-1.200754716981132,0.1278195488721802,-0.5,0.5,-0.1,-0.4074074074074074,0.0,-0.2873563218390804,6.0,-0.1460674157303371,0.0,-0.0681818181818181,-0.0081300813008129,0.4799999999999999,-0.1486486486486486,-0.684931506849315,0.3333333333333333,-0.4885057471264368,-0.0549450549450553,0.4880382775119618,0.7907757369376989,-0.6121059825476626,2
-0.2712598803862642,-0.4136402248003712,0.4784688995215292,1.247191011235956,1.5,1.0,-0.5714285714285714,1.1428571428571428,0.0,1.0,1.0091877986034548,-0.0998204667863554,-0.5,-1.0,-0.7334963325183373,0.5110024449877733,0.4285714285714285,-0.1428571428571428,0.0,0.125,2.5,0.1573584905660375,-0.1629072681704259,-0.5,0.5,-0.46,0.2037037037037037,0.0,0.3908045977011496,0.0,0.1685393258426966,0.0,0.3977272727272729,-0.4634146341463414,0.8560000000000001,-0.3918918918918919,-0.506849315068493,-0.7291666666666666,-0.586206896551724,-0.4010989010989013,0.6315789473684211,0.7907757369376989,-0.6121059825476626,1
0.1762804088393734,-0.503464248708939,-0.8708133971291881,0.6134831460674158,-0.25,-0.1428571428571428,-0.7142857142857143,0.1428571428571428,-0.5,1.0,0.4571848585079017,-0.2563734290843807,-0.5,1.5,0.2224938875305629,1.4889975550122223,1.1428571428571428,1.5714285714285714,1.4285714285714286,0.0,0.5,-0.1452830188679244,0.5968492660221981,-0.5,1.0,-0.5,-0.6111111111111112,0.0,1.1839080459770115,0.0,0.6966292134831458,0.0,0.1363636363636364,0.4552845528455282,-0.7280000000000002,0.8513513513513512,-0.041095890410959,0.1458333333333333,-0.2931034482758617,0.4999999999999997,-0.0717703349282296,0.6513724827222223,-0.758758122692791,1
-0.1285795287763305,-0.1422548451184646,-0.5000000000000011,0.5101123595505612,0.5,0.4285714285714285,0.8571428571428571,0.2857142857142857,-0.5,0.5,-0.1271591326718117,0.0,-1.5,0.5,0.4889975550122256,0.0880195599021993,-0.1428571428571428,-0.4285714285714285,1.0,-0.125,0.0,-0.6290566037735847,-0.1990691013247403,-0.5,0.0,-0.4,0.2777777777777778,0.1428571428571428,0.4252873563218389,0.0,-0.3820224719101123,0.0,-0.0909090909090907,0.138211382113821,0.1759999999999998,0.2297297297297293,-0.4246575342465752,-0.75,-0.46551724137931,0.1208791208791206,0.3253588516746409,0.6513724827222223,-0.758758122692791,0
0.0798163909324902,-0.3411832420695266,1.9354066985645908,1.0629213483146078,0.5,1.8571428571428572,0.5714285714285714,1.0,2.5,-0.5,-0.0047776552737962,0.2190305206463197,2.5,0.0,0.2665036674816627,0.3325183374083127,0.4285714285714285,0.2857142857142857,0.5714285714285714,0.375,0.5,-0.1347169811320754,-0.0662370211242392,-0.5,0.5,-0.62,-0.3333333333333333,0.0,-0.6551724137931033,0.8823529411764706,1.4044943820224716,0.0,0.4545454545454547,0.3252032520325202,-0.5360000000000001,0.9054054054054056,0.4383561643835615,-0.2916666666666667,-0.3218390804597698,0.3076923076923074,-0.2870813397129186,0.485301962531081,-0.8743466161445821,2
-0.2712598803862642,-0.2841792217148133,0.1961722488038273,0.3056179775280885,0.5,0.5714285714285714,0.0,0.2857142857142857,0.5,0.0,0.2995222344726204,0.0664272890484738,0.5,0.0,0.2885085574572136,0.7555012224938866,1.1428571428571428,-1.0,-0.2857142857142857,0.875,1.0,0.6290566037735846,-1.1392767633369136,0.5,-0.5,-0.48,-0.4074074074074074,0.0,0.482758620689655,0.0,-0.3146067415730337,0.0,0.4886363636363635,-0.4634146341463414,-0.0720000000000001,-0.3918918918918919,0.191780821917808,-0.0625,-0.247126436781609,-0.0769230769230772,0.3588516746411483,0.299363122973358,-0.9541392564000488,2
0.0196550554622549,0.0755188484661936,-0.9569377990430628,1.6539325842696646,-0.125,0.7142857142857143,0.7142857142857143,1.0,0.0,1.5,-0.4355016538037484,-0.163375224416517,-0.5,2.0,-0.0220048899755487,-0.6014669926650368,-0.1428571428571428,0.4285714285714285,1.0,1.0,-0.5,-0.6290566037735847,-0.271392767633369,-0.5,-1.5,0.1,-0.1851851851851851,1.7857142857142858,0.4482758620689657,0.0,-0.5617977528089886,0.0714285714285714,0.2840909090909093,-0.089430894308943,0.0799999999999997,-0.1891891891891892,0.2465753424657535,0.2916666666666667,-0.3218390804597698,-0.4010989010989013,0.3110047846889952,0.1011683219874327,-0.994869323391895,0
-0.0744756401665494,-0.5367090924410828,-0.346889952153111,-0.7550561797752826,0.0,0.4285714285714285,0.5714285714285714,0.0,-0.5,0.0,-0.2884968761484747,0.149730700179533,-0.5,-0.5,1.1540342298288524,1.4229828850855717,0.2857142857142857,0.2857142857142857,-0.4285714285714285,-0.25,1.0,0.3773584905660375,0.3254564983888291,1.5,1.5,0.32,-0.6296296296296297,0.0714285714285714,0.9999999999999998,0.0,-0.6741573033707864,0.0,-0.0909090909090907,-0.3333333333333335,-0.3920000000000003,0.905405405405405,-0.0684931506849315,1.0208333333333333,-0.454022988505747,-0.3626373626373629,-0.0334928229665073,-0.101168321987432,-0.9948693233918952,2
-0.2571216983213727,-0.4232105653783763,0.7822966507177029,0.44943820224719,0.375,1.8571428571428572,0.1428571428571428,-0.7142857142857143,0.0,0.0,0.1525174568173469,1.0524236983842012,0.5,-0.5,-1.0464547677261615,-0.4449877750611248,-0.2857142857142857,-0.4285714285714285,0.1428571428571428,0.0,0.5,-0.3773584905660375,-0.2824919441460795,-1.5,-0.5,-0.46,-0.2962962962962963,0.0,-0.2298850574712643,0.1764705882352941,1.5842696629213475,0.0,-0.3295454545454546,-0.2601626016260162,-0.5760000000000002,-0.2567567567567568,1.602739726027397,-0.1666666666666666,-0.6666666666666664,-0.6153846153846158,-0.5502392344497608,-0.101168321987432,-0.9948693233918952,1
-0.1868130329041215,-0.4269347481564444,-0.5430622009569384,0.123595505617977,0.125,1.1428571428571428,0.8571428571428571,1.4285714285714286,0.5,2.0,-0.3303932377802278,-0.1382405745062836,-0.5,-0.5,0.1320293398533014,-0.4449877750611248,0.1428571428571428,0.5714285714285714,0.2857142857142857,0.625,-0.5,-0.1573584905660377,-0.0576441102756892,0.0,-1.5,-0.56,-0.4629629629629629,0.0,0.4022988505747126,0.0,0.3146067415730337,0.0,-0.5681818181818181,0.048780487804878,-0.536,0.7702702702702702,0.3424657534246577,-0.0833333333333333,-0.5172413793103446,0.0109890109890107,-0.3540669856459331,-0.2993631229733582,-0.9541392564000488,1
0.1503716426129993,-0.0868395177032847,-0.7392344497607657,0.3685393258426964,0.25,-0.1428571428571428,0.1428571428571428,1.0,0.0,-0.5,0.0852627710400587,-0.598563734290844,0.0,-0.5,0.0220048899755509,-0.8239608801955992,0.8571428571428571,-0.2857142857142857,0.1428571428571428,-0.75,-0.5,0.2694339622641509,0.5116362334407447,0.5,-0.5,0.4,-0.5555555555555556,7.857142857142858,0.2298850574712643,0.0,0.831460674157303,0.0,-0.8863636363636362,-0.0325203252032523,0.8160000000000001,0.9459459459459456,1.3561643835616437,1.0208333333333333,-0.7068965517241378,-0.2582417582417584,0.507177033492823,-0.2993631229733582,-0.9541392564000488,2
0.0213877815095549,-0.2822680771017365,1.3277511961722477,0.1842696629213482,-0.5,1.1428571428571428,1.5714285714285714,-0.2857142857142857,0.5,0.5,-0.9867695700110252,0.5985637342908438,1.0,0.5,0.0220048899755509,-0.9119804400977986,0.1428571428571428,-0.1428571428571428,-0.1428571428571428,0.5,0.0,0.0898113207547171,-0.3580379520229143,0.0,-0.5,-0.34,0.0,0.0,0.0,0.0,0.5056179775280898,0.0,0.1136363636363638,0.0650406504065038,0.6079999999999999,-0.27027027027027,-0.2465753424657535,-0.375,0.5689655172413797,0.346153846153846,-0.2296650717703349,-0.651372482722222,-0.7587581226927911,1
-0.2712598803862642,0.0901957557009194,-0.0861244019138767,0.1842696629213482,1.25,0.7142857142857143,-0.4285714285714285,-0.1428571428571428,-0.5,0.5,0.8507901506798972,0.3590664272890484,-1.0,0.5,0.0660146699266507,-0.0440097799510996,0.0,-0.2857142857142857,0.0,0.875,0.0,-0.0898113207547169,-0.5968492660221983,0.0,-0.5,-0.48,-0.1851851851851851,0.0,0.2758620689655174,0.3529411764705882,0.6966292134831458,0.0,0.2840909090909093,-0.4634146341463414,1.072,-0.3918918918918919,-0.219178082191781,-0.3125,0.5402298850574716,0.6758241758241756,-0.5311004784688994,-0.651372482722222,-0.7587581226927911,2
-0.1868130329041215,-0.1226148859808355,0.2392344497607646,-0.5101123595505632,-0.5,0.2857142857142857,1.5714285714285714,0.7142857142857143,0.0,0.5,-0.9867695700110252,-0.2563734290843807,0.5,-0.5,-0.6454767726161378,-0.689486552567236,-0.1428571428571428,0.2857142857142857,-0.7142857142857143,0.0,0.0,0.3773584905660375,0.1493018259935551,-0.5,0.0,-0.56,0.2777777777777778,8.214285714285715,0.2528735632183907,0.0,0.2134831460674155,0.0,0.4659090909090908,0.260162601626016,0.4239999999999998,-0.1486486486486486,-0.4794520547945205,-0.9166666666666666,0.4712643678160921,0.1208791208791206,-0.2009569377990431,-0.7907757369376986,-0.6121059825476627,2
0.174507761787715,-0.4413533250482723,0.1746411483253576,-0.0606741573033711,-0.625,0.8571428571428571,-0.1428571428571428,0.1428571428571428,0.0,1.0,-0.4355016538037484,0.2563734290843807,0.5,0.5,-0.0440097799510997,0.1100244498777502,1.5714285714285714,0.0,-0.5714285714285714,0.25,0.0,0.943396226415094,-0.1493018259935553,-0.5,0.0,-0.5,-0.4629629629629629,0.0,0.5517241379310345,0.0,-0.6179775280898875,0.0,-0.3749999999999998,0.3658536585365851,-0.32,0.716216216216216,-0.4794520547945205,-0.0208333333333333,0.6091954022988512,0.1813186813186811,0.6746411483253588,-0.7907757369376986,-0.6121059825476627,1
-0.0463585377959113,-0.3523259034634163,-0.5000000000000011,0.3056179775280885,-0.125,0.7142857142857143,0.2857142857142857,-0.2857142857142857,0.0,1.0,-0.2352076442484378,0.4488330341113106,-0.5,0.0,-0.3789731051344751,0.6674816625916852,-0.7142857142857143,-0.5714285714285714,0.4285714285714285,0.75,0.0,-0.8935849056603772,-0.7457930540637305,-0.5,0.5,0.48,-0.3333333333333333,0.0,0.1264367816091955,6.588235294117647,0.4044943820224715,0.4285714285714286,0.9204545454545452,0.0569105691056908,-0.16,0.5405405405405402,-0.1643835616438355,0.8541666666666666,0.4080459770114947,0.461538461538461,0.0956937799043062,-0.8978045395707417,-0.4403941515576342,0
-0.2712598803862642,-0.4916721484820764,0.7392344497607636,0.7348314606741582,0.25,0.5714285714285714,0.1428571428571428,0.0,1.0,0.0,0.0852627710400587,0.2154398563734293,1.5,0.5,0.3325183374083134,1.132029339853299,0.4285714285714285,0.1428571428571428,0.7142857142857143,-0.375,1.0,-0.1950943396226415,0.3580379520229143,0.5,1.5,-0.46,-0.6296296296296297,0.0714285714285714,1.137931034482759,0.0,0.3033707865168538,0.0714285714285714,1.1363636363636365,-0.4634146341463414,-0.6960000000000003,-0.3918918918918919,0.219178082191781,0.2083333333333333,0.0977011494252875,0.2527472527472524,0.2727272727272728,-0.8978045395707417,-0.4403941515576342,1
-0.0916688044311049,-0.4358771782932915,-1.2607655502392343,-1.0426966292134854,0.0,-0.2857142857142857,0.4285714285714285,0.1428571428571428,-0.5,-0.5,-0.2212421903711869,-0.3590664272890484,-1.5,-1.5,-0.9119804400978004,-0.288508557457213,0.8571428571428571,0.0,0.2857142857142857,0.375,-0.5,0.1950943396226413,-0.2148227712137486,-0.5,-0.5,-0.22,0.2037037037037037,0.0,0.7126436781609193,0.0,-0.3595505617977528,3.714285714285715,0.2613636363636362,-0.2764227642276422,-0.1760000000000005,0.1486486486486486,-0.0273972602739727,-0.4791666666666667,0.4310344827586207,0.6098901098901096,0.7464114832535882,-0.8978045395707417,-0.4403941515576342,2
0.3539098260668209,-0.0910853398499011,1.2392344497607646,-0.0202247191011243,-0.5,0.0,2.142857142857143,0.0,0.5,-0.5,-1.1014332965821387,-0.0854578096947935,1.0,0.0,1.1100244498777505,0.2444987775061111,0.2857142857142857,-0.7142857142857143,0.4285714285714285,-0.25,0.0,-0.1452830188679244,-0.3580379520229143,1.5,0.5,-0.1,-0.5555555555555556,0.0,-0.482758620689655,0.0,0.5393258426966292,5.857142857142857,1.0113636363636362,0.7723577235772354,0.976,1.3648648648648647,-0.219178082191781,0.5,-0.6494252873563218,0.3736263736263734,0.6507177033492823,-0.9884683243281114,0.1514277775045766,2
0.0179685473235857,-0.1174551038976793,0.15311004784689,1.247191011235956,0.0,-0.4285714285714285,1.2857142857142858,1.4285714285714286,0.5,0.5,-0.5578831312017638,-0.8976660682226213,0.5,1.0,0.1100244498777505,-0.6674816625916873,1.4285714285714286,-0.2857142857142857,-0.7142857142857143,-0.625,-0.5,1.0158490566037732,0.3580379520229143,0.5,-0.5,-0.34,0.2777777777777778,0.0,0.3678160919540229,0.8823529411764706,-0.3146067415730337,4.357142857142857,0.7159090909090907,1.008130081300813,1.1759999999999993,0.0135135135135134,0.465753424657534,-0.6875,-0.6264367816091951,0.5549450549450546,0.7894736842105262,-0.9884683243281114,0.1514277775045766,1
0.0524871830037202,-0.5367090924410828,-0.5430622009569384,0.2449438202247194,1.25,0.2857142857142857,0.2857142857142857,-0.1428571428571428,1.5,0.5,0.4332965821389195,0.163375224416517,0.5,0.5,-0.0220048899755487,0.3105134474327617,0.4285714285714285,0.2857142857142857,0.1428571428571428,0.625,0.5,0.0754716981132076,-0.1851056211958468,-0.5,0.5,-0.62,-0.6296296296296297,0.0,0.1264367816091955,0.1176470588235294,-0.5505617977528089,2.5,1.0113636363636362,1.7073170731707314,-0.4240000000000001,0.6486486486486485,1.1095890410958902,0.0416666666666666,-0.6609195402298849,0.9945054945054942,-0.3492822966507177,-0.9377521321470804,0.3473052528448203,2
-0.2061506471696145,-0.1332570836390263,0.1961722488038273,-0.1011235955056179,0.375,0.4285714285714285,-0.2857142857142857,0.1428571428571428,0.5,0.5,0.4332965821389195,0.0718132854578097,0.5,-0.5,1.2665036674816628,1.0880195599021971,2.142857142857143,0.1428571428571428,-0.2857142857142857,0.375,1.0,0.8879245283018864,-0.1378446115288219,1.0,1.5,-0.58,-0.5555555555555556,0.5,-0.0229885057471263,0.0,0.7415730337078648,0.0,-0.2159090909090909,0.1626016260162602,0.5680000000000002,-0.1486486486486486,0.4383561643835615,0.0,-0.7586206896551725,-0.1428571428571433,0.3157894736842105,-0.5712682150947924,0.8207634412072763,1
-0.2712598803862642,-0.2495044881556868,1.9138755980861233,0.1438202247191014,1.625,0.2857142857142857,-0.5714285714285714,0.2857142857142857,2.5,1.0,1.0345461227489896,-0.0718132854578097,2.5,0.5,0.5770171149144251,0.2224938875305624,-0.1428571428571428,0.0,1.1428571428571428,1.0,0.5,-0.6739622641509432,-0.4772645900465447,1.0,0.5,-0.46,-0.4074074074074074,0.0,0.2183908045977013,3.411764705882353,-0.4831460674157303,0.0,0.2272727272727274,-0.4634146341463414,0.896,-0.3918918918918919,0.082191780821918,-0.0416666666666666,-0.7356321839080459,-0.5439560439560442,0.5311004784688995,-0.3943558551133187,0.9189578116202306,0
-0.1792321484434283,-0.257538356086032,1.0215311004784675,0.1842696629213482,1.0,0.5714285714285714,-0.4285714285714285,-0.4285714285714285,0.5,0.5,0.7802278574053658,0.489766606822262,0.5,0.5,0.1760391198044012,0.5550122249388729,-0.8571428571428571,-0.2857142857142857,2.2857142857142856,1.0,0.5,-1.3999999999999997,-0.639455782312925,1.0,1.0,-0.58,-0.4074074074074074,7.142857142857143,0.0114942528735633,0.0,-0.2696629213483146,1.7142857142857144,-0.6704545454545454,0.0162601626016259,0.2879999999999997,0.4324324324324325,-0.2465753424657532,-0.1666666666666666,-0.1839080459770112,0.3076923076923074,0.6267942583732055,0.3943558551133185,0.9189578116202306,1
2.0341708775399256,2.9884488908431353,-0.4569377990430637,0.1842696629213482,1.125,-0.4285714285714285,0.5714285714285714,0.1428571428571428,-0.5,-0.5,0.2561558250643145,-0.4725314183123878,-1.0,0.0,0.2885085574572136,-0.9119804400977986,0.7142857142857143,0.4285714285714285,0.4285714285714285,0.0,-0.5,0.0649056603773584,0.2148227712137488,0.0,-1.5,0.46,0.1111111111111111,0.0,0.3908045977011496,5.588235294117648,-0.6629213483146066,0.7142857142857143,-0.5113636363636364,0.390243902439024,-0.2080000000000002,0.6891891891891894,-0.589041095890411,0.3333333333333333,0.0919540229885058,-0.32967032967033,0.5598086124401914,0.20129852008866,0.9795299412524944,0
4.5383546873299805,1.6902829916009778,-1.0,0.2449438202247194,-0.25,0.7142857142857143,-0.1428571428571428,-0.5714285714285714,-0.5,0.0,-0.0679897096655639,0.6527827648114901,-1.0,0.5,-0.8679706601466985,-1.2224938875305602,0.4285714285714285,0.0,-0.1428571428571428,0.25,-0.5,0.2460377358490566,-0.1493018259935553,-1.0,-1.5,-0.24,-0.2962962962962963,0.0714285714285714,0.5862068965517242,1.1764705882352942,0.8651685393258424,0.0,-0.3068181818181817,0.6504065040650406,0.6719999999999999,0.6756756756756757,0.6986301369863013,0.0625,0.3333333333333336,-0.2747252747252751,-0.4641148325358851,0.20129852008866,0.9795299412524944,2
1.7690776789316838,1.768910062174027,-0.9784688995215324,-0.1213483146067423,0.375,1.5714285714285714,0.2857142857142857,-0.5714285714285714,-0.5,-0.5,0.0735023888276369,0.8976660682226213,-1.5,-0.5,0.2885085574572136,-1.6014669926650345,0.2857142857142857,-1.1428571428571428,1.1428571428571428,0.875,-0.5,-0.4260377358490565,-1.278553526673827,0.0,-2.0,-0.4,0.3888888888888889,0.1428571428571428,0.1609195402298852,0.0,0.5280898876404493,0.0,-0.8068181818181818,0.0162601626016258,2.28,0.7702702702702704,0.8904109589041095,-0.875,-0.4367816091954022,-0.5824175824175827,1.607655502392344,0.20129852008866,0.9795299412524944,1
4.235968945447685,3.022700105334534,-0.15311004784689,0.573033707865169,-0.125,1.5714285714285714,1.2857142857142858,1.0,0.0,2.5,-0.6383682469680263,0.1382405745062836,-0.5,0.5,-0.0440097799510997,-0.8459657701711479,1.7142857142857142,0.1428571428571428,0.2857142857142857,-0.125,0.0,0.4852830188679246,0.1629072681704259,-1.5,-1.0,-0.6,-0.2037037037037037,2.0,1.5747126436781609,5.588235294117648,-0.7078651685393258,0.4285714285714286,0.0113636363636363,0.4715447154471543,0.144,1.4594594594594592,0.095890410958904,-0.4166666666666667,0.1264367816091955,-0.3516483516483519,0.799043062200957,0.3943558551133185,0.9189578116202306,1
2.2448151780235617,1.8271146475804996,-0.6746411483253587,-0.5101123595505632,-0.375,1.5714285714285714,0.5714285714285714,0.1428571428571428,0.0,1.5,-0.5692760014700476,0.489766606822262,-0.5,0.5,0.1100244498777505,-0.4449877750611248,0.4285714285714285,-0.1428571428571428,-1.0,0.125,0.0,0.9988679245283018,-0.1629072681704259,0.0,-0.5,-0.62,0.3518518518518518,0.0,-0.1034482758620687,0.3529411764705882,-0.4719101123595505,5.857142857142857,-0.2045454545454544,-0.1138211382113821,0.2719999999999996,-0.2567567567567568,-0.4520547945205477,-1.0625,0.3505747126436783,0.6538461538461534,-0.2105263157894736,0.3943558551133185,0.9189578116202306,1
4.348526996608266,2.895400525054475,0.9138755980861232,0.7550561797752806,-0.125,0.0,2.857142857142857,0.1428571428571428,-0.5,1.0,-0.9867695700110252,-0.163375224416517,-0.5,1.0,0.5550122249388764,0.2004889975550115,1.2857142857142858,0.7142857142857143,0.1428571428571428,0.25,0.0,0.4260377358490565,0.1851056211958466,0.0,0.0,0.04,0.3148148148148148,0.5714285714285715,0.6436781609195403,0.5294117647058824,0.5168539325842693,0.3571428571428571,-0.318181818181818,0.089430894308943,0.7520000000000002,0.7567567567567567,0.287671232876712,-0.3333333333333333,0.1206896551724143,0.6483516483516483,-0.6889952153110046,0.3943558551133185,0.9189578116202306,0
2.0754743098988024,1.659155944920735,-0.6531100478468911,0.224719101123595,-0.625,-0.4285714285714285,1.4285714285714286,1.4285714285714286,0.5,0.0,-1.0573318632855566,-0.8976660682226213,-0.5,0.5,0.0,0.0,1.2857142857142858,0.0,0.0,-0.125,-0.5,0.5030188679245281,0.0852130325814537,-0.5,0.0,-0.56,0.0,0.0714285714285714,0.1954022988505746,0.0,-0.2134831460674157,1.0,-0.8522727272727272,0.2276422764227639,0.0319999999999996,0.8648648648648646,0.041095890410959,-0.6041666666666666,0.2758620689655171,-0.0439560439560441,-0.1291866028708135,0.3943558551133185,0.9189578116202306,0
1.9766120387512385,2.5325939030397406,0.1315789473684203,-0.1640449438202258,-0.625,0.1428571428571428,1.8571428571428572,1.2857142857142858,0.5,0.0,-1.1451672179345829,-0.5213644524236984,0.5,-0.5,-0.2665036674816627,-0.4009779951100252,0.4285714285714285,-0.2857142857142857,0.2857142857142857,0.375,0.5,0.0,-0.389187253848908,-0.5,0.0,-0.38,-0.5,0.0,-0.9310344827586206,0.5882352941176471,-0.7752808988764044,0.0,-0.818181818181818,-0.3495934959349592,-0.7440000000000004,-0.2837837837837837,-0.684931506849315,0.1458333333333333,-0.2701149425287358,-0.153846153846154,-0.1196172248803827,0.5712682150947923,0.8207634412072763,2
4.11719905514874,1.6361501560459064,-0.9569377990430628,0.6943820224719094,-0.25,1.2857142857142858,0.4285714285714285,0.8571428571428571,-0.5,2.0,-0.4020580668871736,0.0998204667863556,-1.5,1.0,-1.3349633251833757,1.3325183374083105,-0.1428571428571428,-0.5714285714285714,2.0,1.75,0.5,-0.8879245283018866,-1.0068027210884352,-1.0,1.0,-0.54,-0.1851851851851851,0.0,-0.2873563218390804,0.0,-0.0561797752808988,0.0,-0.3295454545454546,-0.1138211382113822,-0.2720000000000005,-0.3243243243243243,-0.3972602739726025,-0.375,0.1264367816091955,0.1208791208791206,0.0334928229665073,0.5712682150947923,0.8207634412072763,1
-0.2600013483550284,2.0164609513831664,0.1746411483253576,-0.1842696629213502,1.375,0.2857142857142857,-0.1428571428571428,1.1428571428571428,0.0,-0.5,0.7026828371922088,-0.4053859964093357,-0.5,-0.5,-0.2004889975550119,-0.0220048899755509,2.142857142857143,1.4285714285714286,-0.5714285714285714,-0.5,-0.5,1.061132075471698,0.8950948800572859,-1.0,-1.0,-0.3,-0.5370370370370371,0.7857142857142858,0.057471264367816,2.4705882352941178,0.0112359550561797,0.4285714285714286,-0.3409090909090909,-0.4308943089430895,-0.104,0.0945945945945944,-0.3013698630136985,0.2708333333333333,0.2758620689655175,0.4450549450549447,-0.0478468899521531,0.72479278722912,0.6889669190756866,0
-0.1911269506855451,1.6410785322352546,0.3038277511961716,-0.9797752808988776,0.25,-0.1428571428571428,0.5714285714285714,1.7142857142857142,0.0,-0.5,-0.1359794193311281,-0.7856373429084381,0.0,-2.5,-0.2665036674816627,-0.5110024449877755,1.2857142857142858,0.5714285714285714,0.7142857142857143,-0.375,-0.5,0.1618867924528303,0.5449337629788756,-2.0,-1.5,0.0,-0.0185185185185185,0.0,-0.7701149425287355,0.0,-0.5617977528089886,0.0,-0.2272727272727272,-0.1707317073170731,-0.4000000000000004,0.2297297297297296,-0.3698630136986302,0.0,0.1206896551724138,0.4175824175824172,0.0,0.72479278722912,0.6889669190756866,1
1.9307571977018831,2.065370781991655,3.2846889952153084,-0.9191011235955084,1.75,0.5714285714285714,-1.2857142857142858,0.1428571428571428,3.5,-0.5,1.6280779125321574,0.1382405745062836,4.0,-1.5,0.0660146699266507,-0.4009779951100252,0.2857142857142857,1.2857142857142858,0.5714285714285714,0.375,-0.5,-0.2098113207547168,0.3157894736842103,0.0,-1.0,-0.4,0.3333333333333333,0.0,1.2758620689655171,0.0,-0.3595505617977528,0.2142857142857143,0.318181818181818,-0.0569105691056914,0.728,0.7432432432432434,0.0410958904109587,-0.8125,0.1436781609195402,0.3076923076923074,-0.6555023923444977,0.8486442574947509,0.5289640103269624,0
1.5348849940585638,2.24911070368785,-0.9569377990430628,-1.2674157303370803,-0.25,0.4285714285714285,1.1428571428571428,0.7142857142857143,1.0,-0.5,-0.6806321205439175,-0.1856373429084381,0.0,-1.5,-0.0684596577017105,0.9119804400977986,0.0,1.1428571428571428,-0.4285714285714285,0.5,-0.5,0.2098113207547168,0.2105263157894735,0.0,-0.5,0.06,0.3703703703703703,0.0,0.5287356321839082,0.0,0.8089887640449436,0.0,0.1249999999999999,1.373983739837398,-0.6080000000000002,0.0945945945945947,0.1095890410958905,-0.375,0.620689655172414,-0.4890109890109893,0.5693779904306222,0.8486442574947509,0.5289640103269624,1
2.0190985421946177,4.8451206435796115,0.3253588516746392,0.4292134831460676,1.625,1.4285714285714286,-0.7142857142857143,-0.2857142857142857,-0.5,0.5,1.1359794193311283,0.681149012567325,-0.5,0.5,-0.5794621026894871,-0.955990220048898,-0.4285714285714285,-0.2857142857142857,0.2857142857142857,-0.25,-0.5,-0.5660377358490566,0.0,-0.5,-1.0,-0.58,-0.3148148148148148,0.0,-0.1379310344827585,0.0,0.0786516853932583,0.0,-0.3409090909090909,0.6178861788617884,0.568,-0.1351351351351351,-0.2191780821917807,-0.2708333333333333,0.1781609195402299,-0.4010989010989015,-0.5311004784688995,0.9377521321470804,0.3473052528448203,0
2.939930669431152,1.8066828194425464,0.4999999999999989,0.1842696629213482,0.5,0.7142857142857143,0.2857142857142857,0.4285714285714285,0.0,0.0,0.1363469312752665,0.0617594254937163,0.0,0.0,-2.779951100244499,0.2665036674816621,-1.2857142857142858,0.1428571428571428,2.0,1.0,0.5,-1.741509433962264,-0.4042248478338703,-4.0,0.0,0.22,0.3888888888888889,0.7857142857142858,-0.3908045977011492,0.0,0.4606741573033704,0.0,-0.0568181818181818,0.073170731707317,1.392,-0.0135135135135137,-0.0958904109589042,-0.2291666666666666,0.1091954022988509,0.6263736263736259,1.5311004784688993,0.9377521321470804,0.3473052528448203,1
4.183471890228183,1.8640891851335255,0.7607655502392333,-0.1438202247191014,0.5,0.0,0.0,1.1428571428571428,0.0,0.0,0.2995222344726204,-0.5572710951526033,0.5,-0.5,0.2665036674816627,-0.6014669926650368,0.0,-0.7142857142857143,0.5714285714285714,1.125,0.5,-0.3773584905660375,-0.9638381668456856,0.0,-0.5,-0.6,-0.6111111111111112,0.0,0.5402298850574712,0.3529411764705882,0.1460674157303371,0.0,-0.7045454545454544,0.2439024390243901,-0.0320000000000001,1.0945945945945943,0.3013698630136987,0.0416666666666666,-0.1206896551724134,-0.4340659340659344,-0.4210526315789473,0.9884683243281114,0.1514277775045767,2
1.7200186735166567,2.9295294710521653,-0.129186602870814,-0.0808988764044955,0.5,1.2857142857142858,0.0,0.0,0.0,0.0,0.2995222344726204,0.4786355475763015,0.0,-0.5,0.0660146699266507,-0.0660146699266505,0.0,1.5714285714285714,0.5714285714285714,0.25,0.0,-0.3773584905660375,0.460436806301468,-0.5,-1.5,0.1,-0.2037037037037037,0.0,-0.1379310344827585,0.0,-0.8764044943820224,0.0,-0.1477272727272726,0.5203252032520325,-0.2880000000000004,-0.3648648648648649,0.1095890410958905,0.3125,0.4482758620689658,-0.0769230769230772,0.8086124401913874,0.9884683243281114,0.1514277775045767,1
2.233948703008914,4.6278442970369795,0.2822966507177019,-0.6337078651685403,0.375,-0.2857142857142857,-0.4285714285714285,0.4285714285714285,1.0,0.0,0.5446527012127894,-0.4897666068222622,1.0,-0.5,0.5550122249388764,0.9999999999999978,0.4285714285714285,-0.1428571428571428,1.0,2.375,-0.5,-0.3041509433962263,-0.8950948800572859,0.0,-0.5,-0.62,-0.0555555555555555,0.2142857142857143,0.4022988505747126,9.411764705882351,0.2921348314606738,0.0,-0.3863636363636363,1.138211382113821,-0.1280000000000001,0.554054054054054,0.095890410958904,-0.6041666666666666,0.4367816091954024,-0.5054945054945059,0.2918660287081336,0.9884683243281114,0.1514277775045767,1
2.1644999719446427,2.004961660024984,1.3277511961722477,-0.2449438202247194,1.25,-0.1428571428571428,0.1428571428571428,1.2857142857142858,0.5,0.0,0.5060639470782802,-0.681149012567325,1.0,-0.5,-0.1124694376528124,0.2004889975550115,-0.2857142857142857,-0.7142857142857143,-0.4285714285714285,1.5,0.5,0.0,-1.049409237379162,-0.5,0.5,-0.34,-0.4444444444444444,0.0,-0.2413793103448275,1.5294117647058825,-0.0786516853932585,0.0,0.965909090909091,0.252032520325203,-0.2400000000000003,1.0270270270270272,0.4794520547945207,0.125,0.3103448275862072,-0.0274725274725278,0.0622009569377989,0.9987165071710528,-0.0506491688387126,2
2.818955907971961,1.8393599408680013,0.1746411483253576,0.4292134831460676,0.875,1.2857142857142858,0.4285714285714285,0.1428571428571428,0.5,0.5,0.2282249173098127,0.4053859964093357,0.0,0.0,-0.8239608801955988,0.0880195599021993,-0.4285714285714285,0.2857142857142857,0.4285714285714285,-0.875,-0.5,-0.6290566037735847,0.9477264590046544,-1.0,0.0,0.44,0.3518518518518518,0.0,0.057471264367816,0.8235294117647058,0.0898876404494382,0.0,-0.0909090909090907,1.8130081300813,0.7199999999999999,-0.2027027027027029,-0.506849315068493,0.0416666666666666,0.741379310344828,-0.6703296703296707,-0.15311004784689,0.9987165071710528,-0.0506491688387126,1
-0.2644118575646025,1.484435449405328,0.15311004784689,0.1640449438202238,-0.25,1.7142857142857142,0.8571428571428571,-0.2857142857142857,0.5,0.0,-0.5825064314590223,0.7529622980251347,0.0,-0.5,1.6430317848410758,-0.9119804400977986,1.2857142857142858,-0.2857142857142857,-0.1428571428571428,0.875,1.0,0.5856603773584904,-0.5968492660221983,1.0,0.0,-0.3,-0.037037037037037,0.0,2.436781609195402,2.6470588235294117,-0.6404494382022472,0.0,2.749999999999999,-0.3902439024390245,0.56,-2.4004822154057435e-16,3.315068493150684,-0.2916666666666667,0.5057471264367819,0.6923076923076921,-0.2535885167464115,0.9680771188662044,-0.2506525322587204,1
3.1422902173321603,1.5484854744676924,1.153110047846888,-0.6134831460674178,0.375,0.2857142857142857,0.0,2.0,0.5,0.0,0.2381477398015438,-0.6308797127468583,1.0,-1.5,-0.1124694376528124,-1.3569682151589233,-0.5714285714285714,-0.2857142857142857,1.5714285714285714,1.75,-0.5,-1.0781132075471695,-0.8424633011099175,-0.5,-1.0,0.38,-0.1851851851851851,8.5,-1.2873563218390802,0.0,-0.1348314606741573,0.0,0.2386363636363635,-0.3414634146341463,0.2879999999999998,1.3918918918918917,-0.3287671232876712,0.5833333333333334,0.0747126436781611,0.3131868131868129,0.8421052631578947,0.9680771188662044,-0.2506525322587204,0
2.2267463037620994,1.9949714505671472,-0.3923444976076568,-0.1438202247191014,-0.125,0.0,1.2857142857142858,-0.4285714285714285,-0.5,0.0,-0.6383682469680263,0.1996409335727109,-1.0,0.0,-0.0440097799510997,-0.2224938875305624,0.8571428571428571,2.0,-0.2857142857142857,-0.5,-0.5,0.5283018867924527,1.0068027210884352,0.0,-1.0,0.5,-0.5370370370370371,0.0,1.1954022988505748,3.235294117647059,1.1460674157303368,0.7857142857142858,-0.5681818181818181,0.0569105691056908,0.8160000000000001,1.7027027027027029,1.3561643835616437,1.1041666666666667,0.5574712643678164,0.3406593406593404,-0.3636363636363635,0.8978045395707416,-0.4403941515576344,0
2.339356501220246,1.595286083335805,-0.15311004784689,-1.2044943820224747,0.375,-0.4285714285714285,0.0,1.1428571428571428,0.5,0.0,0.2381477398015438,-0.828725314183124,-0.5,-0.5,-0.1344743276283612,-0.288508557457213,-0.1428571428571428,1.1428571428571428,0.7142857142857143,0.625,-0.5,-0.5283018867924527,0.1535982814178304,-1.0,-2.0,-0.5,-0.0185185185185185,0.0,1.5747126436781609,0.0,0.1123595505617977,3.5000000000000004,1.1022727272727273,0.1544715447154473,0.192,0.1621621621621618,0.410958904109589,-0.5208333333333334,0.3505747126436787,0.0769230769230764,-0.1626794258373204,0.8978045395707416,-0.4403941515576344,1
1.6852819932211418,1.8919552519141605,-0.129186602870814,0.7348314606741582,-0.75,0.4285714285714285,0.2857142857142857,-0.5714285714285714,0.0,0.5,-0.8246968026460859,0.5385996409335728,0.0,0.5,0.4669926650366746,0.3985330073349611,0.5714285714285714,1.8571428571428572,-0.1428571428571428,-0.75,-0.5,0.3143396226415095,1.1729323308270674,0.0,-0.5,-0.22,-0.6296296296296297,9.928571428571429,0.4367816091954023,0.8823529411764706,0.5505617977528087,0.0,0.3522727272727272,0.2926829268292682,-0.0160000000000002,-0.2837837837837837,-0.4794520547945205,0.4583333333333333,0.0574712643678161,-0.296703296703297,-0.2822966507177032,0.7907757369376989,-0.6121059825476626,1
2.925411088936453,1.8816302232150368,1.088516746411483,0.4696629213483144,0.75,0.7142857142857143,0.5714285714285714,0.1428571428571428,0.0,0.0,0.1098860712973173,0.1996409335727109,0.5,0.0,0.5550122249388764,3.4229828850855673,0.4285714285714285,2.0,-0.2857142857142857,-1.25,3.5,0.3430188679245281,1.65234514858575,0.0,4.0,0.22,-0.4629629629629629,11.142857142857144,-0.3103448275862068,0.0588235294117647,0.1573033707865166,24.642857142857142,1.2613636363636362,-0.2276422764227643,0.296,1.4594594594594592,0.547945205479452,0.7291666666666666,0.3505747126436787,0.4890109890109885,-0.2248803827751195,0.7907757369376989,-0.6121059825476626,2
1.8729429629066132,2.0720505604338193,-0.1076555023923443,-2.635955056179779,0.375,-1.2857142857142858,1.0,2.0,-0.5,-0.5,-0.2458654906284452,-1.657091561938959,-0.5,-4.0,-0.5110024449877744,0.0440097799510996,-0.1428571428571428,0.1428571428571428,0.2857142857142857,0.5,0.0,-0.3430188679245281,-0.1990691013247403,0.0,0.0,0.52,0.3333333333333333,0.0,0.9999999999999998,1.4705882352941178,1.0561797752808986,1.7142857142857144,3.4431818181818175,1.121951219512195,0.976,2.5135135135135136,2.0821917808219177,0.1458333333333333,0.4482758620689654,1.6593406593406588,-0.5502392344497608,0.7907757369376989,-0.6121059825476626,2
2.9695183429019427,4.8702546731249505,0.4138755980861243,0.573033707865169,0.125,-0.7142857142857143,-0.7142857142857143,1.8571428571428572,0.0,0.0,0.6887173833149578,-1.176301615798923,0.0,0.5,0.6430317848410758,-0.6014669926650368,0.0,-0.5714285714285714,0.4285714285714285,0.25,0.0,-0.3143396226415093,-0.5370569280343717,0.0,-0.5,-0.28,-0.3148148148148148,0.0,0.7126436781609193,0.0,0.438202247191011,0.1428571428571428,0.2727272727272727,0.1869918699186987,1.2000000000000008,0.1351351351351349,-0.5205479452054795,0.0416666666666666,0.1379310344827589,0.7307692307692306,-0.9425837320574164,0.7907757369376989,-0.6121059825476626,0
2.7967921438567065,2.217024679773677,0.588516746411482,0.1640449438202238,0.5,1.1428571428571428,-0.8571428571428571,0.2857142857142857,0.0,0.5,0.99595736861448,0.2894075403949731,0.5,0.0,0.7775061124694392,0.3545232273838614,0.5714285714285714,0.4285714285714285,0.1428571428571428,-0.5,1.0,0.1452830188679244,0.5968492660221981,1.0,1.0,0.44,-0.6666666666666666,0.0,0.9425287356321838,0.0,-0.6853932584269663,11.571428571428571,0.7159090909090907,1.0162601626016257,-0.2720000000000002,-0.1216216216216216,0.917808219178082,1.1875,0.1609195402298853,-0.6868131868131873,0.5789473684210527,0.6513724827222223,-0.758758122692791,2
1.9165485858383715,4.706886564827381,-0.3038277511961737,-0.8382022471910129,-0.875,-0.4285714285714285,0.7142857142857143,0.4285714285714285,-0.5,0.0,-1.131936787945608,-0.598563734290844,-0.5,-1.0,-0.7555012224938883,0.5330073349633242,0.2857142857142857,0.2857142857142857,0.4285714285714285,0.875,0.5,-0.1452830188679244,-0.288578589330469,-1.0,0.0,0.48,-0.0555555555555555,0.0,-0.9310344827586206,0.0,-0.2134831460674157,0.0,-0.1136363636363636,0.3252032520325204,0.952,0.554054054054054,-0.6575342465753425,0.5416666666666666,0.4080459770114947,0.0164835164835163,-0.5693779904306219,0.6513724827222223,-0.758758122692791,2
1.6907987359948762,4.483005585136711,0.7392344497607636,-0.1213483146067423,0.375,0.7142857142857143,1.0,-0.1428571428571428,0.5,0.0,-0.2458654906284452,0.3590664272890484,0.5,0.0,-0.0904645476772614,0.843520782396086,0.1428571428571428,0.5714285714285714,0.0,-0.125,0.0,0.0,0.3580379520229143,-0.5,0.5,0.1,-0.6481481481481481,1.4285714285714286,0.5287356321839082,0.0,-0.2134831460674157,7.571428571428572,0.1477272727272726,-0.2845528455284554,0.8639999999999999,0.0675675675675678,-0.3424657534246577,0.8125,-0.4080459770114941,-0.1318681318681321,-1.1961722488038276,0.6513724827222223,-0.758758122692791,0
2.8598417208071623,2.0417226020470607,0.3253588516746392,-0.0202247191011243,0.75,0.0,0.5714285714285714,0.5714285714285714,0.0,-0.5,0.1098860712973173,-0.3590664272890484,-0.5,-0.5,0.9559902200489002,0.2444987775061111,0.1428571428571428,-0.1428571428571428,0.0,0.5,0.0,0.0,-0.3580379520229143,0.5,0.0,-0.12,-0.6111111111111112,14.928571428571429,-0.4712643678160919,2.1176470588235294,0.235955056179775,1.0,-0.4318181818181816,-0.2276422764227646,0.7999999999999998,-0.3648648648648647,0.0821917808219175,0.5416666666666666,0.5977011494252877,0.8901098901098895,-0.3205741626794258,0.6513724827222223,-0.758758122692791,0
3.1421211717344812,4.29789519045729,-0.1746411483253597,1.0831460674157305,0.0,0.5714285714285714,0.1428571428571428,-0.1428571428571428,0.0,0.5,-0.0679897096655639,0.2991023339317775,0.0,1.0,1.4229828850855748,1.132029339853299,0.4285714285714285,1.5714285714285714,-0.8571428571428571,-0.625,0.5,0.8384905660377354,1.0229144289294665,2.0,0.5,0.38,-0.5925925925925926,6.428571428571429,-0.9425287356321838,0.0,-0.2584269662921348,0.0,0.0113636363636363,-0.0162601626016261,-0.2320000000000002,0.716216216216216,-0.452054794520548,1.0416666666666667,-0.0804597701149424,0.3846153846153842,0.2583732057416267,0.485301962531081,-0.8743466161445821,2
1.638315358240068,-0.3455078955137253,0.1746411483253576,-0.1842696629213502,0.0,-0.5714285714285714,0.1428571428571428,1.5714285714285714,0.0,0.0,-0.0679897096655639,-1.0258527827648116,0.0,-0.5,-1.200488997555012,-0.5550122249388751,-0.7142857142857143,-0.1428571428571428,0.2857142857142857,0.375,-0.5,-0.8384905660377356,-0.2982456140350876,-2.0,-1.0,-0.1,1.0,0.0,-0.2643678160919538,0.0,-0.1235955056179776,0.2142857142857143,0.0,0.0162601626016258,0.0799999999999997,-0.0945945945945947,-0.6301369863013697,-1.25,0.0,0.0549450549450545,0.4736842105263156,0.485301962531081,-0.8743466161445821,1
3.292378812419363,2.003239899682578,-0.9784688995215324,-0.2651685393258438,-0.5,0.1428571428571428,0.4285714285714285,1.4285714285714286,0.0,-0.5,-0.6192576258728408,-0.5608617594254938,-0.5,-1.0,0.6430317848410758,-0.1344743276283631,0.0,-0.4285714285714285,0.4285714285714285,-0.375,-0.5,-0.3143396226415093,0.0,0.5,-0.5,-0.14,-0.4444444444444444,2.5714285714285716,-0.8045977011494252,0.0,-0.5505617977528089,12.785714285714285,0.3749999999999998,0.8699186991869915,-0.0240000000000003,0.9864864864864864,0.3424657534246572,0.3333333333333333,0.0344827586206897,-0.7087912087912092,0.1722488038277509,0.485301962531081,-0.8743466161445821,1
2.70810598749482,2.0697978611818444,1.1100478468899506,0.674157303370787,0.25,-0.2857142857142857,-0.4285714285714285,-0.4285714285714285,0.5,0.0,0.4832782065417128,0.0,0.5,0.5,-0.3129584352078244,1.4229828850855717,0.5714285714285714,1.4285714285714286,-0.1428571428571428,0.0,0.5,0.3143396226415095,0.5592552810597923,-0.5,1.0,-0.44,-0.4074074074074074,0.8571428571428572,-1.2643678160919538,0.0,-0.2921348314606742,0.5714285714285715,-1.159090909090909,0.7479674796747964,-0.3520000000000005,-0.2972972972972973,0.3150684931506847,-0.0208333333333333,0.6091954022988507,-0.0769230769230772,0.3779904306220098,0.485301962531081,-0.8743466161445821,0
-0.2645917460975366,2.297852905329929,0.15311004784689,0.6337078651685403,0.625,0.8571428571428571,-0.8571428571428571,-0.2857142857142857,0.0,0.5,1.0345461227489896,0.502692998204668,0.0,1.0,1.5330073349633253,-0.0904645476772612,0.5714285714285714,0.4285714285714285,0.8571428571428571,-0.125,0.5,-0.1826415094339622,0.2982456140350878,2.0,-0.5,0.0,-0.5555555555555556,0.2142857142857143,-0.0459770114942527,0.0,1.033707865168539,0.0,0.1477272727272726,-0.211382113821138,-0.4480000000000002,-0.175675675675676,0.356164383561644,0.6041666666666666,-0.1091954022988505,0.0714285714285712,0.2488038277511962,0.299363122973358,-0.9541392564000488,1
2.063004024986038,1.475755672669216,0.564593301435406,-0.1213483146067423,0.25,0.8571428571428571,0.0,-0.2857142857142857,0.0,0.5,0.1716280779125324,0.502692998204668,0.0,0.0,-0.2885085574572115,1.621026894865521,0.1428571428571428,1.1428571428571428,-0.2857142857142857,-0.125,0.5,0.188679245283019,0.5556749015395631,-0.5,1.0,-0.48,-0.037037037037037,0.0714285714285714,0.3563218390804599,3.2941176470588234,1.280898876404494,2.7142857142857144,-0.2499999999999999,-0.1138211382113819,0.024,0.3378378378378378,1.136986301369863,-0.4791666666666667,0.3045977011494256,0.2142857142857138,-0.1004784688995215,0.299363122973358,-0.9541392564000488,1
-0.1720481726334458,2.254236232235044,0.6100478468899517,0.1438202247191014,-0.25,-0.1428571428571428,0.1428571428571428,0.7142857142857143,0.0,0.5,-0.2517456817346561,-0.502692998204668,0.5,0.0,-0.0904645476772614,-0.3349633251833746,0.0,-0.1428571428571428,0.2857142857142857,1.0,-0.5,-0.2460377358490564,-0.5556749015395631,0.0,-1.0,-0.3,0.3703703703703703,0.0,0.7356321839080461,0.0,-0.1348314606741573,1.4285714285714286,0.1136363636363638,0.170731707317073,-0.3360000000000003,0.3513513513513512,-0.4794520547945202,-0.75,0.6264367816091958,0.3296703296703293,0.3827751196172248,0.299363122973358,-0.9541392564000488,1
1.8136967393224313,1.9934397782777349,0.5430622009569362,-0.1213483146067423,-0.875,-0.7142857142857143,0.2857142857142857,0.1428571428571428,0.5,0.0,-0.9867695700110252,-0.739317773788151,1.0,0.0,0.8875305623471897,0.9339853300733472,2.0,0.0,0.1428571428571428,0.0,0.0,0.6290566037735846,0.0,0.0,0.5,-0.22,-0.6111111111111112,6.357142857142858,1.1839080459770115,0.0,0.8539325842696625,1.3571428571428572,-0.409090909090909,0.4878048780487801,-2.842170943040401e-16,1.4999999999999998,0.8082191780821915,0.4375,0.206896551724138,-0.2857142857142858,-0.1674641148325358,0.1011683219874327,-0.994869323391895,2
1.823306060076164,4.706886564827381,0.3708133971291849,0.4292134831460676,0.125,0.4285714285714285,0.2857142857142857,-0.2857142857142857,0.5,0.0,-0.0679897096655639,0.326391382405745,1.0,0.0,0.0440097799510997,-0.7775061124694376,0.7142857142857143,0.1428571428571428,0.1428571428571428,0.375,0.0,0.2098113207547168,-0.1378446115288219,1.0,-1.0,-0.4,-0.0555555555555555,6.071428571428572,0.1724137931034482,0.0,-0.3595505617977528,0.0,-0.4659090909090908,0.170731707317073,0.896,0.3783783783783782,-0.6027397260273972,-0.375,0.4597701149425288,0.17032967032967,-0.492822966507177,0.1011683219874327,-0.994869323391895,1
2.200200097954252,1.8976675916086212,0.564593301435406,0.6337078651685403,0.25,0.5714285714285714,-0.7142857142857143,0.1428571428571428,1.0,1.0,0.7486218302094818,0.1382405745062836,0.5,1.0,1.0880195599022018,-0.5330073349633242,-0.2857142857142857,-0.2857142857142857,-0.4285714285714285,0.25,0.0,0.0,-0.3254564983888291,1.5,0.0,-0.62,0.3333333333333333,0.0,-0.6551724137931033,0.1176470588235294,2.269662921348314,0.0,-0.6477272727272726,0.7317073170731702,-0.0080000000000002,-0.3783783783783784,2.821917808219178,-1.0416666666666667,0.1149425287356322,1.0769230769230766,-0.2392344497607655,-0.101168321987432,-0.9948693233918952,0
1.7148415269239845,3.2291183892079407,0.0430622009569372,0.6943820224719094,-0.375,0.5714285714285714,0.8571428571428571,0.8571428571428571,0.0,0.5,-0.6806321205439175,-0.1737881508078994,0.0,0.5,0.5550122249388764,0.4889975550122245,-0.4285714285714285,0.1428571428571428,1.0,-0.75,0.0,-0.8301886792452827,0.7372001432151806,0.0,0.0,0.1,-0.3518518518518518,9.928571428571429,-0.0919540229885056,0.0,0.5393258426966292,0.0,-0.5909090909090908,0.7804878048780486,-0.3360000000000003,0.2162162162162161,0.6438356164383563,0.4791666666666667,0.5402298850574716,-0.1648351648351652,0.6267942583732058,-0.101168321987432,-0.9948693233918952,2
4.139229398578871,2.002066294096607,1.8492822966507163,1.2269662921348317,0.5,0.4285714285714285,1.5714285714285714,-0.8571428571428571,2.0,1.5,-0.3741271591326716,0.7978456014362656,1.5,2.0,0.7114914425427885,0.6430317848410745,1.4285714285714286,0.2857142857142857,0.0,-0.125,0.0,0.5479245283018866,0.2334407447189403,0.5,0.0,-0.54,-0.5370370370370371,0.0,0.3333333333333335,0.0,-0.4157303370786517,0.3571428571428571,-0.3522727272727272,0.24390243902439,0.0239999999999994,0.4324324324324325,-0.6986301369863013,0.0208333333333333,0.5000000000000002,0.1593406593406588,0.5789473684210527,-0.2993631229733582,-0.9541392564000488,1
-0.1938480356295716,1.8055513015987348,0.3708133971291849,0.573033707865169,0.125,-0.1428571428571428,-0.5714285714285714,0.0,0.5,0.0,0.5446527012127894,-0.1795332136445242,1.0,0.5,1.621026894865527,0.2444987775061111,0.8571428571428571,0.0,-0.7142857142857143,0.0,0.0,0.8577358490566034,0.0,1.5,0.0,-0.3,-0.1851851851851851,33.5,0.5632183908045979,0.0,0.6853932584269659,17.785714285714285,0.5227272727272726,-0.048780487804878,-0.184,-0.3378378378378376,-0.5205479452054795,-0.125,-0.2298850574712644,0.2197802197802197,0.1244019138755978,-0.4853019625310808,-0.8743466161445822,2
-0.2367325050536176,1.9277104014323927,0.653110047846889,0.1438202247191014,0.0,0.8571428571428571,-0.4285714285714285,-1.0,0.0,0.0,0.3403160602719589,1.0771992818671456,0.5,0.0,0.3325183374083134,-0.3349633251833746,0.4285714285714285,0.4285714285714285,-0.1428571428571428,-0.125,0.0,0.2460377358490566,0.2982456140350878,0.0,-0.5,0.0,-0.4074074074074074,0.0,-0.2413793103448275,0.0,-0.2134831460674157,0.0,-0.4545454545454545,-0.1951219512195119,-0.4000000000000006,-0.1216216216216216,-0.4383561643835615,0.4375,0.4770114942528738,0.4340659340659336,0.7655502392344496,-0.4853019625310808,-0.8743466161445822,1
2.0923896600237852,4.368643688166864,0.7822966507177029,0.7348314606741582,-0.25,2.0,0.1428571428571428,0.1428571428571428,1.0,-0.5,-0.2517456817346561,0.5985637342908438,1.5,0.0,0.7775061124694392,1.955990220048896,0.5714285714285714,0.5714285714285714,0.7142857142857143,1.25,2.0,-0.1256603773584905,-0.2982456140350876,1.0,1.5,-0.56,-0.5925925925925926,0.3571428571428571,0.4597701149425287,0.0,-0.1460674157303371,0.0,1.1363636363636365,0.8211382113821136,-0.1520000000000003,0.4054054054054056,0.767123287671233,0.0625,0.4942528735632185,-0.2362637362637367,0.1626794258373204,-0.8978045395707417,-0.4403941515576342,2
-0.2050944830740517,2.2392749169463486,0.588516746411482,0.6134831460674158,0.125,0.1428571428571428,0.8571428571428571,-0.5714285714285714,0.5,0.0,-0.3303932377802278,0.3989228007181328,0.5,0.5,1.1320293398533017,0.6430317848410745,0.0,0.2857142857142857,1.1428571428571428,-0.75,1.0,-0.5856603773584904,0.7955603293949156,0.5,0.5,0.0,-0.6666666666666666,0.0,0.1034482758620692,0.0,-0.5842696629213483,1.6428571428571428,-0.625,-0.24390243902439,-0.104,0.4864864864864867,-0.684931506849315,0.7291666666666666,0.5057471264367819,0.5604395604395602,0.9665071770334928,-0.968077118866204,-0.2506525322587213,0
3.1367615976471286,1.7757690874885648,1.088516746411483,0.4292134831460676,1.875,-0.4285714285714285,0.2857142857142857,1.0,0.5,1.0,0.6089672914369719,-0.7899461400359067,0.5,0.0,0.9095354523227386,1.5990220048899726,-0.1428571428571428,0.7142857142857143,-0.4285714285714285,-0.625,1.0,0.110943396226415,0.8138202649480841,0.5,1.5,-0.28,-0.1851851851851851,0.0,-0.1609195402298848,0.0,0.0337078651685393,0.0,0.4318181818181816,0.300813008130081,-0.0560000000000002,0.2972972972972969,-0.301369863013699,-0.1041666666666666,0.2873563218390805,0.9505494505494504,0.2583732057416267,-0.968077118866204,-0.2506525322587213,2
-0.2712598803862642,1.658490730404573,0.3492822966507173,0.5528089887640447,-0.625,0.2857142857142857,0.7142857142857143,0.7142857142857143,2.0,0.5,-0.8555678059536933,-0.2563734290843807,1.0,0.5,0.9339853300733516,1.2004889975550093,0.2857142857142857,1.4285714285714286,0.4285714285714285,-0.375,0.0,-0.1452830188679244,0.802363050483351,0.5,0.5,0.0,-0.4629629629629629,0.0,0.1149425287356321,0.0,0.1797752808988761,0.0,0.1249999999999999,-0.4634146341463414,-0.1360000000000002,-0.3918918918918919,-0.6575342465753425,0.5,0.0057471264367816,0.1648351648351644,-0.2535885167464113,-0.9377521321470804,0.3473052528448203,2
4.081540874982422,1.8252210140764409,0.0861244019138745,0.6337078651685403,1.0,0.5714285714285714,-0.1428571428571428,0.7142857142857143,0.5,0.5,0.5883866225652334,-0.1195691202872531,0.5,1.0,0.6650366748166269,0.8875305623471856,-0.2857142857142857,-0.2857142857142857,-0.4285714285714285,-0.375,0.0,0.0,0.1052631578947367,0.5,0.5,-0.54,-0.1851851851851851,0.0,-0.057471264367816,0.2941176470588235,0.4494382022471909,1.7142857142857144,-0.8295454545454544,0.3414634146341461,0.656,0.5405405405405402,0.821917808219178,-0.375,-0.3908045977011493,0.2197802197802194,0.6746411483253588,-0.848644257494751,0.5289640103269624,1
-0.2126771001271022,1.615624089235407,-0.3923444976076568,0.3280898876404496,-0.375,-0.5714285714285714,1.2857142857142858,0.5714285714285714,-0.5,2.0,-0.8166115398750458,-0.769479353680431,-0.5,1.0,0.7334963325183373,0.6430317848410745,-0.4285714285714285,-0.4285714285714285,1.0,-0.375,0.0,-0.8301886792452827,0.0,-0.5,0.5,0.0,-0.1851851851851851,0.0,-0.8390804597701147,0.0,-0.4606741573033708,0.0714285714285714,-0.3863636363636363,-0.1951219512195121,-0.6320000000000001,0.1216216216216214,-0.684931506849315,0.1875,0.2413793103448277,0.571428571428571,0.4306220095693779,-0.3943558551133187,0.9189578116202306,2
1.9319188631535171,4.334037727719556,1.4569377990430616,0.7775280898876417,1.0,0.2857142857142857,-0.2857142857142857,0.4285714285714285,0.0,0.0,0.6806321205439178,-0.1382405745062836,0.5,0.5,1.0,0.1540342298288499,1.1428571428571428,1.1428571428571428,-0.5714285714285714,-0.25,0.5,0.8301886792452827,0.639455782312925,0.5,0.5,-0.4,-0.5925925925925926,0.9285714285714288,0.2988505747126438,0.0,0.0337078651685393,9.285714285714286,0.8977272727272727,0.7804878048780486,-0.3920000000000002,0.3108108108108106,0.2602739726027395,0.2291666666666666,0.3563218390804599,-0.3406593406593408,0.1913875598086124,-0.2012985200886611,0.9795299412524944,2
-0.2034012350862078,0.1643728286041381,-1.0430622009569372,1.3280898876404497,-0.5,0.5714285714285714,0.1428571428571428,0.8571428571428571,-0.5,1.5,-0.4762954796030869,-0.1737881508078994,-0.5,2.0,-0.1344743276283612,-0.8459657701711479,0.4285714285714285,0.1428571428571428,1.5714285714285714,0.25,-0.5,-0.4852830188679243,-0.0716075904045829,-1.0,-2.0,-0.5,0.1666666666666666,0.0,0.6666666666666666,0.0,-0.2696629213483146,0.0,-0.2159090909090909,-0.3983739837398373,-0.4800000000000003,0.6621621621621622,-0.7123287671232877,-0.7291666666666666,0.4770114942528738,0.571428571428571,0.7177033492822966,0.6513724827222223,-0.758758122692791,2
-0.1413703191303764,0.4952702344406299,0.935406698564593,0.9595505617977532,0.5,0.0,-0.5714285714285714,1.1428571428571428,1.0,1.5,0.7195883866225655,-0.5572710951526033,-1.0,0.5,-0.4889975550122256,-0.3105134474327617,0.1428571428571428,0.0,1.2857142857142858,-0.25,-0.5,-0.5479245283018866,0.1790189760114573,-0.5,-0.5,-0.62,-0.037037037037037,0.5,-0.6436781609195401,0.0,0.5393258426966292,0.0,0.1931818181818183,0.2601626016260163,0.936,0.5810810810810811,-0.3013698630136985,-0.625,0.53448275862069,0.7307692307692306,-0.4545454545454545,0.6513724827222223,-0.758758122692791,1
0.1071719994589033,-0.0190851191495436,-0.5430622009569384,-0.7955056179775294,-0.375,-0.2857142857142857,1.1428571428571428,1.4285714285714286,-0.5,-0.5,-0.7747151782432928,-0.8046678635547578,-0.5,-1.0,-0.0684596577017105,0.6210268948655235,0.1428571428571428,-0.1428571428571428,0.0,0.375,0.5,0.0,-0.2982456140350876,-0.5,0.5,-0.36,-0.4444444444444444,10.428571428571429,-0.5977011494252872,7.0588235294117645,-0.1123595505617977,0.0,0.2045454545454544,1.455284552845528,0.3039999999999996,0.5405405405405402,-0.397260273972603,0.1041666666666666,0.4195402298850573,-0.7362637362637366,-0.1722488038277512,0.485301962531081,-0.8743466161445821,0
0.0870945531652042,-0.1687726698189515,-0.3684210526315786,0.348314606741572,0.125,0.5714285714285714,-0.8571428571428571,-0.1428571428571428,-0.5,-0.5,0.8507901506798972,0.2991023339317775,-1.0,0.0,-0.0440097799510997,0.8655256723716369,-0.1428571428571428,-0.2857142857142857,1.1428571428571428,0.0,1.0,-0.6739622641509432,-0.1790189760114571,-0.5,1.5,-0.58,-0.6111111111111112,0.0,0.4367816091954023,0.0,-0.3707865168539326,0.0,0.4659090909090908,0.7804878048780486,0.368,-0.3648648648648649,0.232876712328767,0.0625,0.4712643678160921,-0.2307692307692311,-0.1674641148325358,0.485301962531081,-0.8743466161445821,1
0.4657347759974983,0.1575410285683252,0.1746411483253576,0.0404494382022467,0.125,-0.2857142857142857,2.2857142857142856,0.7142857142857143,0.0,0.0,-0.7449467107680997,-0.598563734290844,-0.5,0.0,-1.022004889975551,0.3765281173594123,0.5714285714285714,1.1428571428571428,0.5714285714285714,1.0,-0.5,-0.0649056603773584,0.0,-2.5,-0.5,0.1,0.8888888888888888,0.9285714285714288,0.6091954022988506,1.7058823529411764,-0.7415730337078652,0.0,0.7840909090909091,1.4634146341463412,0.5840000000000002,-0.1891891891891892,1.0684931506849316,-0.9166666666666666,0.9482758620689656,-0.2362637362637367,0.1004784688995215,0.299363122973358,-0.9541392564000488,1
0.2684246367770255,-0.1307600850587938,-0.7631578947368417,0.5101123595505612,0.0,-0.8571428571428571,-0.1428571428571428,0.1428571428571428,-0.5,0.5,0.1157662624035284,-0.8976660682226213,-1.5,1.0,0.3545232273838644,0.3105134474327617,0.8571428571428571,0.2857142857142857,0.1428571428571428,-0.125,0.0,0.2694339622641509,0.2334407447189403,-0.5,0.0,-0.22,-0.4074074074074074,0.1428571428571428,2.6206896551724137,2.2941176470588234,-0.2022471910112359,0.0,0.8522727272727274,0.8048780487804872,-0.2320000000000004,1.6891891891891888,0.493150684931507,0.2083333333333333,0.5172413793103449,-0.2032967032967034,0.2296650717703347,0.299363122973358,-0.9541392564000488,0
0.2423476255622085,-0.1616883308746396,-0.1961722488038294,1.3685393258426986,0.75,1.2857142857142858,0.2857142857142857,-0.4285714285714285,-0.5,0.0,0.2488055861815512,0.7314183123877918,-1.0,0.5,1.2665036674816628,2.0220048899755465,2.4285714285714284,1.8571428571428572,-1.0,-0.625,2.5,1.3999999999999997,1.074113856068743,-1.0,2.5,-0.4,-0.5185185185185185,0.2857142857142857,1.7011494252873562,0.0,0.9438202247191008,0.0,1.1818181818181817,0.3495934959349589,0.3919999999999997,0.2162162162162161,-0.506849315068493,0.1458333333333333,0.5344827586206895,0.1208791208791206,-0.1291866028708135,0.1011683219874327,-0.994869323391895,0
-0.2712598803862642,0.4786394554373447,-0.5430622009569384,-0.9797752808988776,0.0,-0.4285714285714285,-0.2857142857142857,0.0,0.0,-0.5,0.2219772142594634,-0.3989228007181328,-0.5,-0.5,-0.6674816625916866,-0.5110024449877755,-0.8571428571428571,0.0,0.7142857142857143,1.125,0.5,-1.132075471698113,-0.5198711063372716,-0.5,-0.5,-0.5,-0.037037037037037,0.0,0.1264367816091955,5.529411764705883,0.2022471910112359,0.0,0.1363636363636364,-0.4634146341463414,0.688,-0.3918918918918919,-0.643835616438356,-0.5,0.4425287356321841,0.5824175824175821,-0.3827751196172248,-0.101168321987432,-0.9948693233918952,1
0.41379766370938,-0.4943130361023812,-0.2607655502392343,-0.2044943820224726,-0.375,0.4285714285714285,0.1428571428571428,1.5714285714285714,0.5,-0.5,-0.3579566335905916,-0.4617594254937163,0.5,-1.0,0.7334963325183373,1.0220048899755487,0.8571428571428571,0.5714285714285714,-1.0,-0.625,1.0,1.1320754716981132,0.7672753311851056,0.5,-1.0,0.28,-0.6666666666666666,0.0,-0.1034482758620687,0.0,-0.4044943820224719,0.0,0.5227272727272726,-0.1788617886178862,-0.2160000000000002,0.3378378378378376,0.3424657534246575,1.0208333333333333,0.6436781609195404,0.9670329670329668,0.3253588516746409,-0.101168321987432,-0.9948693233918952,0
0.2519034146436257,-0.2364541145196047,0.3492822966507173,-0.1438202247191014,0.875,0.1428571428571428,-0.1428571428571428,0.0,-0.5,-0.5,0.5446527012127894,0.0,0.0,-0.5,0.3765281173594131,-0.3105134474327617,1.5714285714285714,0.1428571428571428,-0.5714285714285714,-0.875,-0.5,0.943396226415094,0.8950948800572859,0.5,-1.0,-0.38,-0.6296296296296297,0.3571428571428571,-0.7816091954022987,0.0,1.044943820224719,0.0,0.6250000000000001,0.2682926829268293,-0.2160000000000001,1.2567567567567568,-0.2054794520547945,0.2916666666666667,0.3793103448275863,0.027472527472527,0.1052631578947369,-0.2993631229733582,-0.9541392564000488,0
0.0760612692354253,-0.1989266499737076,-0.3253588516746413,-0.1213483146067423,-0.5,-0.1428571428571428,1.5714285714285714,1.1428571428571428,0.0,0.0,-0.9867695700110252,-0.6412926391382405,-0.5,-0.5,-0.1124694376528124,-0.4889975550122245,-0.1428571428571428,-0.4285714285714285,1.0,0.875,-0.5,-0.6290566037735847,-0.6885069817400644,0.0,-0.5,-0.56,-0.4259259259259259,0.0,1.137931034482759,0.0,-0.5842696629213483,0.0,0.6022727272727271,1.0731707317073165,0.832,0.2432432432432435,0.6575342465753422,-0.125,0.7586206896551726,-0.153846153846154,-0.2057416267942584,-0.2993631229733582,-0.9541392564000488,1
0.3711957456247213,-0.001240691655519,-1.3253588516746413,-1.0202247191011264,0.25,0.5714285714285714,0.5714285714285714,0.5714285714285714,-0.5,0.0,-0.1359794193311281,-0.0617594254937163,-2.5,-2.5,0.5330073349633254,-0.7139364303178467,0.7142857142857143,0.0,0.1428571428571428,-0.25,-0.5,0.2098113207547168,0.1790189760114573,0.0,-1.5,1.06,-0.2962962962962963,6.928571428571429,-0.6091954022988504,1.823529411764706,0.0,0.0,0.2272727272727274,-0.1300813008130081,0.2479999999999998,0.5810810810810811,-0.506849315068493,1.4166666666666667,0.0977011494252875,0.027472527472527,-0.4066985645933014,-0.4853019625310808,-0.8743466161445822,2
0.1610258596154411,0.1523442414947513,0.717703349282296,0.2449438202247194,0.125,0.8571428571428571,0.7142857142857143,0.1428571428571428,-0.5,0.0,-0.2723263506063945,0.2563734290843807,0.0,-0.5,1.4229828850855748,0.2444987775061111,0.5714285714285714,0.1428571428571428,0.2857142857142857,1.875,0.0,0.0698113207547168,-0.6595059076262082,2.5,-0.5,-0.34,0.0,0.0,0.0344827586206897,0.0,-0.8314606741573032,0.0,0.3636363636363637,-0.0569105691056909,0.4479999999999999,-0.0135135135135134,0.6712328767123288,-0.375,0.0459770114942531,0.4780219780219778,-0.5693779904306219,-0.4853019625310808,-0.8743466161445822,0
0.1381230569120084,-0.0325900857429112,-0.1746411483253597,1.0831460674157305,-0.25,2.4285714285714284,0.7142857142857143,-1.0,0.0,0.0,-0.5273796398382946,1.33213644524237,0.0,-1.0,0.0220048899755509,1.132029339853299,2.2857142857142856,-0.1428571428571428,-0.8571428571428571,0.25,0.5,1.2781132075471695,-0.2334407447189401,0.5,1.0,-0.46,0.2037037037037037,1.0,0.7586206896551725,1.4705882352941178,0.1011235955056178,0.0,1.3863636363636365,0.6504065040650404,-0.4000000000000002,0.3513513513513512,0.767123287671233,-0.7291666666666666,-0.0344827586206893,-0.6263736263736267,-0.1291866028708135,-0.651372482722222,-0.7587581226927911,2
-0.2712598803862642,-0.4714436171700776,0.5215311004784686,-0.5101123595505632,0.125,0.1428571428571428,-0.4285714285714285,-0.4285714285714285,0.5,0.0,0.4156560088202869,0.2833034111310591,1.0,-0.5,-0.2224938875305629,0.7114914425427848,0.0,0.7142857142857143,-0.5714285714285714,-0.875,0.0,0.3328301886792449,1.074113856068743,0.0,0.5,-0.5,-0.6666666666666666,0.0,0.5632183908045979,0.0,-0.3146067415730337,0.0,0.5681818181818183,-0.4634146341463414,-0.4240000000000002,-0.3918918918918919,0.2876712328767125,0.2083333333333333,0.0632183908045977,0.2197802197802194,0.186602870813397,-0.7907757369376986,-0.6121059825476627,1
0.7058012955587387,0.1653689910039804,-1.6531100478468912,-0.6943820224719114,-0.5,-0.8571428571428571,0.2857142857142857,0.7142857142857143,-0.5,-0.5,-0.5516354281514148,-1.0771992818671454,-1.0,-0.5,-0.5794621026894871,-0.2004889975550115,-0.4285714285714285,-0.4285714285714285,-0.1428571428571428,0.0,0.5,-0.3328301886792452,-0.2824919441460795,0.0,0.5,0.06,0.1666666666666666,0.2142857142857143,-0.6436781609195401,0.0,0.0,0.0,2.306818181818181,0.203252032520325,-0.024,3.0945945945945943,1.9999999999999996,-0.1458333333333333,0.1494252873563219,-0.1483516483516485,0.7177033492822966,-0.7907757369376986,-0.6121059825476627,1
0.2713812142716047,-0.1687726698189515,-0.7177033492822981,0.3280898876404496,-0.375,1.1428571428571428,0.5714285714285714,-0.2857142857142857,0.5,-0.5,-0.5692760014700476,0.5985637342908438,0.0,0.0,0.9779951100244512,-0.2665036674816621,-0.2857142857142857,-0.5714285714285714,-0.1428571428571428,1.25,0.0,-0.2098113207547168,-0.8950948800572859,1.5,-0.5,-0.38,-0.6111111111111112,7.357142857142859,-0.7931034482758618,0.0,-0.595505617977528,0.1428571428571428,0.0454545454545454,-0.0731707317073173,0.4879999999999997,0.5810810810810809,0.0,0.2708333333333333,0.1781609195402299,0.0659340659340657,-0.4832535885167464,-0.8978045395707417,-0.4403941515576342,2
0.0932005078461227,-0.2534389276979595,-1.1746411483253598,-0.1842696629213502,-0.125,-0.1428571428571428,-0.2857142857142857,1.0,-0.5,-0.5,0.1363469312752665,-0.598563734290844,-1.5,0.0,-0.0684596577017105,0.3545232273838614,0.5714285714285714,1.4285714285714286,-0.4285714285714285,-0.5,0.5,0.5147169811320752,0.8950948800572859,0.0,0.5,-0.36,-0.6296296296296297,0.0714285714285714,-0.7356321839080457,0.1764705882352941,0.3258426966292132,1.7142857142857144,0.0795454545454546,0.8211382113821136,-0.0560000000000003,0.554054054054054,-0.4246575342465755,0.3125,0.017241379310345,-0.6923076923076926,-0.2918660287081338,-0.8978045395707417,-0.4403941515576342,2
0.1533547555820074,0.1139015229318825,0.4569377990430616,0.674157303370787,1.0,0.2857142857142857,-0.7142857142857143,0.5714285714285714,0.0,-0.5,1.00404263138552,-0.1996409335727109,0.0,0.0,-0.6454767726161378,-1.2885085574572108,-0.5714285714285714,0.2857142857142857,0.2857142857142857,0.375,-0.5,-0.6950943396226412,-0.0662370211242392,-1.0,-2.5,-0.34,0.8888888888888888,0.0,-0.3103448275862068,1.2941176470588236,-0.5505617977528089,7.285714285714286,0.8295454545454544,-0.1788617886178861,-0.6640000000000001,0.9459459459459456,0.8904109589041093,-1.375,-0.0689655172413794,0.2857142857142855,0.15311004784689,-0.968077118866204,-0.2506525322587213,1
0.278704889367016,0.1523442414947513,0.8923444976076536,0.4089887640449432,0.25,0.7142857142857143,-0.5714285714285714,0.1428571428571428,0.5,-0.5,0.6089672914369719,0.1996409335727109,1.0,0.0,-0.0904645476772614,1.400977995110021,-0.7142857142857143,0.4285714285714285,1.1428571428571428,0.25,2.0,-1.1007547169811316,0.066237021124239,0.0,2.5,-0.22,0.0,4.857142857142858,0.1494252873563219,2.0,0.2247191011235954,4.357142857142857,1.2613636363636362,0.4308943089430894,0.0719999999999999,0.9189189189189187,0.465753424657534,-0.25,0.0,-0.4450549450549455,-0.3827751196172248,-0.968077118866204,-0.2506525322587213,0
0.2988016139620884,0.0149131037285636,0.6746411483253587,0.2044943820224706,0.875,0.7142857142857143,-0.5714285714285714,-0.2857142857142857,-0.5,0.0,0.8507901506798972,0.4488330341113106,0.0,0.0,0.2885085574572136,0.0,0.7142857142857143,2.142857142857143,0.1428571428571428,-0.75,0.5,0.2098113207547168,1.2126745435016109,0.5,0.5,-0.4,0.2037037037037037,1.6428571428571428,0.3793103448275862,0.2941176470588235,0.3258426966292132,0.5,0.3636363636363637,0.2845528455284548,-0.0879999999999999,-0.3648648648648649,-0.73972602739726,-0.6666666666666666,0.3908045977011493,0.0274725274725274,0.0574162679425838,-0.9987165071710528,-0.0506491688387135,2
0.1149096757253119,0.1905481110802382,-0.1746411483253597,-0.1640449438202258,0.125,-0.1428571428571428,0.7142857142857143,0.5714285714285714,0.5,0.0,-0.2723263506063945,-0.4488330341113106,-0.5,0.0,-0.1344743276283612,-0.3105134474327617,-0.5714285714285714,-0.8571428571428571,1.0,1.875,0.0,-0.943396226415094,-1.2126745435016109,0.0,-0.5,-0.46,1.851851851851852,13.642857142857144,3.1149425287356314,0.4117647058823529,0.0224719101123594,4.285714285714286,-0.2727272727272727,0.0650406504065039,-0.1120000000000001,3.608108108108107,-0.36986301369863,-2.5833333333333335,0.0517241379310348,-0.1483516483516485,-0.2296650717703349,-0.9987165071710528,-0.0506491688387135,1
-0.2712598803862642,-0.1687726698189515,0.3708133971291849,0.4898876404494388,1.0,0.2857142857142857,0.0,-0.5714285714285714,0.0,0.5,0.5023888276368983,0.472531418312388,0.5,1.0,1.2885085574572137,0.955990220048898,1.2857142857142858,-0.4285714285714285,0.2857142857142857,-0.125,1.0,0.3539622641509433,-0.1990691013247403,1.0,1.5,-0.5,-0.6111111111111112,0.0,0.4597701149425287,0.0,2.191011235955055,0.0,0.4659090909090908,-0.4634146341463414,0.5039999999999999,-0.3918918918918919,1.383561643835616,0.1458333333333333,0.3505747126436783,0.4945054945054941,-0.3492822966507177,-0.9884683243281114,0.1514277775045766,0
0.0870945531652042,0.1849196233161877,0.717703349282296,-0.1438202247191014,0.625,0.5714285714285714,-0.1428571428571428,-0.4285714285714285,1.0,0.5,0.4465270121278943,0.489766606822262,1.0,0.0,-0.6454767726161378,-0.6014669926650368,0.0,-0.5714285714285714,0.5714285714285714,-0.125,0.0,-0.3773584905660375,-0.3157894736842104,-0.5,0.0,-0.58,0.1666666666666666,0.0,0.0344827586206897,0.0,-0.3370786516853932,0.0,0.5909090909090909,0.8536585365853653,-0.1759999999999999,0.2567567567567568,0.3424657534246575,-0.8125,0.4310344827586207,-0.3186813186813189,0.8612440191387559,-0.9377521321470804,0.3473052528448203,2
0.4930476524435797,-0.0590186867245274,-0.2392344497607667,-0.1640449438202258,0.625,-0.7142857142857143,0.2857142857142857,1.1428571428571428,0.5,0.0,0.1944138184490998,-1.0473967684021543,0.0,0.0,1.5770171149144272,-0.1124694376528121,2.7142857142857144,0.1428571428571428,-0.8571428571428571,0.5,0.5,1.3316981132075467,-0.1990691013247403,1.5,-0.5,0.1,-0.5185185185185185,0.1428571428571428,-0.1149425287356321,0.1176470588235294,-0.1123595505617977,0.0,1.3295454545454546,1.3658536585365848,0.96,1.310810810810811,0.958904109589041,0.6666666666666666,0.6839080459770118,-0.4230769230769234,-0.3444976076555023,-0.848644257494751,0.5289640103269624,0
0.2307534078584973,0.0112862101465841,-0.5861244019138756,0.1842696629213482,-0.75,0.7142857142857143,1.7142857142857142,0.1428571428571428,0.5,1.0,-1.2249173098125683,0.1996409335727109,0.5,0.5,-0.2224938875305629,0.977995110024447,0.2857142857142857,0.2857142857142857,0.7142857142857143,-0.625,0.5,-0.2694339622641509,0.6595059076262084,0.0,1.0,0.32,-0.2962962962962963,1.142857142857143,0.1379310344827585,0.0,-0.1123595505617977,0.0,0.4545454545454547,0.422764227642276,0.872,-0.0270270270270266,-0.095890410958904,0.6458333333333334,0.4022988505747126,-0.0549450549450553,-0.5263157894736842,-0.72479278722912,0.6889669190756865,1
-0.2712598803862642,-0.0910853398499011,0.2822966507177019,0.348314606741572,1.875,1.2857142857142858,0.5714285714285714,-0.1428571428571428,3.5,0.0,0.4832782065417128,0.5572710951526033,0.5,0.5,0.2224938875305629,1.555012224938873,1.5714285714285714,2.5714285714285716,0.1428571428571428,-0.75,1.0,0.5147169811320752,1.2635159326888648,0.5,1.5,-0.5,-0.5185185185185185,0.0,2.091954022988505,0.2352941176470588,0.4606741573033704,0.0,2.079545454545454,-0.4634146341463414,0.0399999999999997,-0.3918918918918919,1.1643835616438356,0.0416666666666666,0.4367816091954024,0.5769230769230765,0.0,-0.2012985200886611,0.9795299412524944,1
0.41379766370938,-0.043052226456735,0.3708133971291849,-0.674157303370789,-0.75,0.0,0.2857142857142857,0.5714285714285714,0.0,0.0,-0.8246968026460859,-0.3590664272890484,0.5,-0.5,1.1100244498777505,-0.5330073349633242,0.4285714285714285,-0.8571428571428571,-0.4285714285714285,1.375,0.5,0.4490566037735847,-1.1271034729681344,1.5,0.5,0.28,0.2037037037037037,0.0,-0.7816091954022987,0.7058823529411765,0.5168539325842693,0.0,1.0113636363636362,0.6504065040650405,-0.4480000000000003,1.716216216216216,-0.191780821917808,0.0416666666666666,0.1264367816091955,1.0329670329670328,0.186602870813397,0.20129852008866,0.9795299412524944,1
-0.2712598803862642,0.1849196233161877,-0.2392344497607667,0.2651685393258418,0.375,2.2857142857142856,-0.2857142857142857,0.4285714285714285,0.5,3.5,0.4332965821389195,0.5385996409335728,0.5,0.5,0.5330073349633254,0.4449877750611227,0.0,-0.8571428571428571,0.8571428571428571,0.125,0.0,-0.4890566037735847,-0.7372001432151808,0.5,0.5,-0.5,0.1666666666666666,0.0,1.7126436781609196,0.0,0.3483146067415727,0.0,1.7045454545454546,-0.4634146341463414,0.2,-0.3918918918918919,0.849315068493151,-0.7291666666666666,0.3793103448275863,0.5219780219780216,1.0430622009569377,0.72479278722912,0.6889669190756866,2
-0.1470501140082089,2.070262727152147,0.0215311004784675,0.6337078651685403,1.375,1.1428571428571428,-0.7142857142857143,-0.7142857142857143,0.0,-0.5,1.0889378904814406,0.8976660682226213,-0.5,0.0,-0.4889975550122256,-0.1124694376528121,1.5714285714285714,0.0,0.5714285714285714,0.0,0.0,0.3143396226415095,0.0,-1.5,0.0,-0.4,0.2592592592592592,0.0,-0.5402298850574712,5.647058823529412,-1.2022471910112358,0.0,-0.7045454545454544,0.08130081300813,0.4799999999999999,-0.1756756756756757,-0.1643835616438355,-0.7291666666666666,-0.8160919540229883,-0.252747252747253,0.2153110047846889,0.9680771188662044,-0.2506525322587204,1
-0.0353659830142078,2.1041997838791953,0.3708133971291849,-0.6943820224719114,0.375,1.0,1.2857142857142858,0.4285714285714285,1.0,-0.5,-0.3465637633223077,0.1737881508078994,1.0,-2.0,0.5770171149144251,-0.9339853300733494,0.1428571428571428,-0.5714285714285714,0.0,0.25,0.0,0.0,-0.5370569280343717,0.5,-0.5,0.08,-0.2222222222222222,0.0,0.3103448275862068,10.352941176470589,-0.8539325842696629,0.0,-0.7499999999999999,0.170731707317073,0.0319999999999998,0.8783783783783781,-0.643835616438356,0.3125,-0.2873563218390805,-0.5439560439560442,-0.5980861244019138,0.9680771188662044,-0.2506525322587204,2
-0.1140382808084595,2.3525395124214037,1.260765550239232,1.1033707865168547,0.375,1.2857142857142858,2.2857142857142856,0.2857142857142857,3.0,1.5,-0.6192576258728408,0.3368043087971274,-0.5,1.0,-0.5330073349633254,0.0220048899755487,-0.2857142857142857,0.5714285714285714,1.4285714285714286,0.125,1.0,-0.8456603773584904,0.1990691013247403,-0.5,1.0,-0.56,-0.0555555555555555,0.0,0.5977011494252872,0.0588235294117647,0.9999999999999996,0.0,-0.5909090909090908,-0.032520325203252,-0.0800000000000001,1.0270270270270268,1.2054794520547942,-0.5416666666666666,-0.218390804597701,0.2417582417582413,0.0430622009569377,0.8978045395707416,-0.4403941515576344,1
2.1340244209518517,0.3892479991579102,-0.15311004784689,0.1842696629213482,0.375,0.0,-0.1428571428571428,0.2857142857142857,-0.5,0.0,0.3314957736126426,-0.2341113105924595,-1.0,0.0,-0.5574572127139361,0.3545232273838614,0.2857142857142857,0.8571428571428571,0.7142857142857143,1.625,0.5,-0.2694339622641509,-0.3057644110275688,-1.0,0.5,-0.44,-0.2777777777777778,0.0,-0.9310344827586206,0.0,-0.5280898876404494,0.0,0.0454545454545454,-0.4065040650406504,0.8639999999999999,0.7432432432432432,-0.0821917808219177,-0.1666666666666666,-0.3045977011494251,-0.0934065934065935,0.8708133971291866,0.7907757369376989,-0.6121059825476626,1
3.801451667382576,2.023790848588161,-0.0215311004784697,-0.4292134831460696,-0.375,-0.5714285714285714,0.5714285714285714,2.5714285714285716,-0.5,-0.5,-0.5692760014700476,-1.1798922800718137,0.0,-1.5,-0.4889975550122256,0.4449877750611227,-0.2857142857142857,0.1428571428571428,-0.2857142857142857,-0.625,0.5,-0.110943396226415,0.5968492660221981,-0.5,1.0,-0.08,-0.3703703703703703,0.0,-0.96551724137931,0.0,-0.0112359550561799,0.0,-0.1818181818181817,2.1300813008130075,-0.2720000000000001,0.5135135135135135,-0.5205479452054795,0.3125,0.0632183908045977,-1.5329670329670333,0.2009569377990431,0.6513724827222223,-0.758758122692791,1
2.092965474200228,-0.3972147385257359,0.6961722488038262,0.8382022471910109,0.125,1.1428571428571428,1.0,-0.5714285714285714,0.5,0.0,-0.384785005512679,0.7899461400359067,1.0,0.5,-0.2004889975550119,-0.6674816625916873,0.4285714285714285,-0.4285714285714285,1.1428571428571428,0.375,0.5,-0.3539622641509433,-0.4883637665592553,-1.0,0.0,-0.54,-0.4444444444444444,0.0,0.2413793103448277,0.7058823529411765,-0.9213483146067416,0.0,-0.6931818181818181,-0.1544715447154474,-0.264,0.7297297297297297,-0.4931506849315067,-0.0833333333333333,0.2701149425287358,0.2307692307692305,0.0430622009569377,0.485301962531081,-0.8743466161445821,1
-0.1479745342463879,-0.5446474738325563,-0.5861244019138756,0.674157303370787,0.125,0.8571428571428571,-0.7142857142857143,-0.2857142857142857,-0.5,1.0,0.6887173833149578,0.502692998204668,-0.5,1.0,-0.9339853300733492,-1.1344743276283609,-0.1428571428571428,-0.1428571428571428,0.7142857142857143,-0.375,-0.5,-0.5283018867924527,0.1990691013247403,-1.0,-1.5,-0.58,-0.4259259259259259,0.9285714285714288,-0.1954022988505746,0.0,-0.943820224719101,0.0,-0.8636363636363635,0.3902439024390245,-0.4640000000000001,0.4189189189189188,-0.6712328767123288,-0.1458333333333333,-0.0057471264367812,0.7307692307692306,-0.0382775119617223,0.485301962531081,-0.8743466161445821,0
0.0407532178991862,0.5138657450174856,-0.7607655502392354,-0.1640449438202258,-0.625,0.0,0.2857142857142857,0.2857142857142857,-0.5,0.0,-0.6806321205439175,-0.2341113105924595,-1.0,0.0,-0.9119804400978004,-0.0440097799510996,-0.2857142857142857,0.4285714285714285,-0.4285714285714285,0.75,-0.5,0.0,-0.1732903687790905,-1.5,-0.5,0.5,0.3888888888888889,0.0,0.7816091954022988,0.0,1.6404494382022463,0.0,-1.102272727272727,0.3577235772357722,1.64,1.851351351351351,2.602739726027397,0.0625,-0.1551724137931032,0.5659340659340658,1.4593301435406698,0.299363122973358,-0.9541392564000488,0
-0.167545870673244,-0.3516601702791765,1.088516746411483,0.0202247191011223,1.625,1.7142857142857142,-1.0,-0.8571428571428571,1.5,0.0,1.3612642410878355,1.1303411131059249,1.0,-0.5,-0.3129584352078244,0.4449877750611227,0.0,0.4285714285714285,0.1428571428571428,1.0,1.0,-0.171698113207547,-0.271392767633369,-1.0,1.0,-0.4,-0.0185185185185185,0.0,-0.3678160919540229,0.0,-0.2022471910112359,3.8571428571428577,-0.284090909090909,-0.1788617886178862,-0.3040000000000005,-0.3108108108108109,-0.6301369863013697,-0.4166666666666667,0.218390804597701,0.4835164835164833,0.0239234449760765,0.299363122973358,-0.9541392564000488,1
2.176414148578847,2.010599797045731,0.564593301435406,0.44943820224719,0.125,0.1428571428571428,0.0,0.0,0.5,0.0,0.0992282249173099,0.0,1.0,0.5,-0.7334963325183373,-0.5110024449877755,-1.0,1.4285714285714286,1.8571428571428572,0.5,0.5,-1.4675471698113205,0.2982456140350878,-1.0,-1.5,-0.14,0.2592592592592592,1.142857142857143,-0.7126436781609193,7.0,-1.1797752808988762,0.3571428571428571,-0.5681818181818181,0.5284552845528455,-0.5040000000000001,-0.2432432432432433,-0.0273972602739726,-0.4583333333333333,-0.0517241379310339,-0.5604395604395608,0.2535885167464113,0.1011683219874327,-0.994869323391895,1
-0.0714267264016782,2.4696806910466664,0.8492822966507163,0.6134831460674158,1.25,0.2857142857142857,-0.7142857142857143,1.4285714285714286,-0.5,1.5,1.0628445424476296,-0.4897666068222622,0.0,-0.5,-0.5574572127139361,-0.5550122249388751,0.8571428571428571,-0.4285714285714285,0.2857142857142857,1.25,-0.5,0.1950943396226413,-0.8023630504833512,-0.5,-0.5,0.1,-0.0555555555555555,0.0,-0.4597701149425287,0.0,-0.393258426966292,0.5714285714285715,-0.6022727272727271,0.9186991869918696,-0.7280000000000002,-0.2027027027027029,-0.4794520547945205,0.1458333333333333,0.4482758620689658,-0.3461538461538464,0.4688995215311003,0.1011683219874327,-0.994869323391895,1
0.1950014443801396,0.4399430201475722,0.870813397129186,-0.3685393258426984,1.0,1.5714285714285714,0.5714285714285714,-0.8571428571428571,0.0,-0.5,0.2105843439911797,1.1048473967684025,0.5,-0.5,-0.9339853300733492,-0.5794621026894858,-0.5714285714285714,0.1428571428571428,-0.2857142857142857,0.625,-0.5,-0.3773584905660375,-0.2556390977443609,-1.0,-1.0,-0.5,-0.2777777777777778,0.0,1.011494252873563,0.0,-0.5056179775280898,0.0,-0.8636363636363635,0.1544715447154471,1.16,1.8378378378378375,-0.3013698630136985,-0.2291666666666666,-0.2701149425287358,0.2637362637362636,1.076555023923445,-0.2993631229733582,-0.9541392564000488,1
2.0177419443062,-0.4593217573011757,-0.0430622009569394,-0.5303370786516876,0.0,-0.2857142857142857,0.7142857142857143,-0.2857142857142857,0.0,-0.5,-0.3506063947078279,-0.1055655296229802,-1.0,-0.5,0.0220048899755509,-0.2224938875305624,0.0,0.2857142857142857,0.8571428571428571,1.0,0.5,-0.4890566037735847,-0.3358395989974936,-0.5,-1.0,-0.3,-0.4444444444444444,10.5,-0.0229885057471263,0.0,-0.2921348314606742,0.0,-0.8409090909090908,0.357723577235772,-0.144,0.5945945945945946,-0.0684931506849315,0.1666666666666666,-0.0172413793103446,0.4890109890109885,0.507177033492823,-0.4853019625310808,-0.8743466161445822,0
-0.0824251261641544,1.697240385947165,0.3492822966507173,-0.55056179775281,0.25,0.2857142857142857,-0.5714285714285714,-0.8571428571428571,-0.5,-0.5,0.6089672914369719,0.7393177737881508,0.0,-0.5,0.2004889975550119,-0.4229828850855739,0.5714285714285714,1.2857142857142858,-0.1428571428571428,-0.375,0.5,0.3143396226415095,0.7672753311851056,0.5,-0.5,-0.58,-0.0925925925925925,2.785714285714286,-0.275862068965517,0.0,-0.3258426966292134,0.0,-0.7272727272727273,0.1219512195121949,-0.3840000000000002,0.1621621621621623,-0.2465753424657532,-0.5208333333333334,-0.2126436781609193,0.3516483516483512,0.2009569377990431,-0.4853019625310808,-0.8743466161445822,0
2.0011158847166883,3.93286673172632,0.4784688995215292,0.6539325842696626,0.75,0.2857142857142857,0.0,0.8571428571428571,0.0,0.5,0.4083057699375232,-0.3095152603231598,0.5,1.0,-0.4449877750611237,0.0440097799510996,0.7142857142857143,-0.4285714285714285,0.0,0.375,-0.5,0.2901886792452828,-0.4883637665592553,1.0,0.0,-0.54,-0.1666666666666666,0.0,0.0804597701149424,0.0,-0.797752808988764,0.2142857142857143,-0.9772727272727272,-0.3658536585365853,1.936,0.8783783783783781,-0.5205479452054795,-0.3958333333333333,0.166666666666667,0.2527472527472524,-1.358851674641148,-0.4853019625310808,-0.8743466161445822,1
0.0681488133859273,-0.239161612374059,1.588516746411482,-0.2853932584269681,1.125,0.0,-0.4285714285714285,1.1428571428571428,1.5,-0.5,0.8166115398750462,-0.5572710951526033,2.0,-0.5,-0.2444987775061117,-0.711491442542787,-0.8571428571428571,-0.7142857142857143,0.7142857142857143,0.125,-0.5,-1.132075471698113,-0.5968492660221983,0.0,-1.0,-0.62,0.3703703703703703,0.0,-0.6091954022988504,0.0,0.7191011235955053,0.0,-0.5,-0.1544715447154469,0.12,-0.2837837837837839,0.7534246575342465,-1.0833333333333333,0.3390804597701153,0.516483516483516,0.9617224880382776,-0.651372482722222,-0.7587581226927911,1
-0.2712598803862642,2.2251685537865957,0.8492822966507163,1.0224719101123612,1.25,2.0,-0.2857142857142857,-1.1428571428571428,0.0,1.5,0.7556045571481073,1.3964093357271097,0.5,1.0,1.1784841075794632,0.6430317848410745,0.7142857142857143,0.1428571428571428,0.0,-0.125,0.5,0.2901886792452828,0.1629072681704259,1.5,1.0,-0.4,-0.2222222222222222,0.6428571428571429,-0.6436781609195401,1.4705882352941178,-0.9325842696629212,0.6428571428571429,-0.625,-0.4634146341463414,0.6239999999999999,-0.3918918918918919,-0.3972602739726028,-0.1875,0.3448275862068966,0.4890109890109885,-0.4258373205741625,-0.7907757369376986,-0.6121059825476627,1
0.0163436734458295,-0.4729733320451484,0.653110047846889,0.7977528089887641,0.5,1.5714285714285714,1.1428571428571428,-0.8571428571428571,0.0,-0.5,-0.2352076442484378,1.1048473967684025,0.5,0.0,1.3545232273838643,0.9119804400977986,2.5714285714285716,0.2857142857142857,-0.5714285714285714,0.625,0.0,1.1320754716981132,-0.1851056211958468,1.0,0.5,0.1,-0.6111111111111112,0.8571428571428572,0.8850574712643676,0.1176470588235294,1.3370786516853927,0.4285714285714286,-0.4318181818181816,-0.1300813008130082,-0.3600000000000003,1.1756756756756752,1.424657534246575,0.7708333333333334,0.1264367816091955,0.0549450549450545,-0.0191387559808611,-0.7907757369376986,-0.6121059825476627,0
2.043853094759848,-0.3980730835145652,-0.4569377990430637,-0.7550561797752826,0.0,-1.0,0.7142857142857143,1.8571428571428572,-0.5,0.5,-0.3506063947078279,-1.3964093357271097,-1.5,-1.0,-0.4449877750611237,-0.3349633251833746,-0.2857142857142857,-0.1428571428571428,1.4285714285714286,0.125,-0.5,-0.8456603773584904,-0.1629072681704259,-0.5,-1.0,0.38,-0.0185185185185185,1.7142857142857144,-0.5747126436781609,0.0,-0.696629213483146,0.0714285714285714,-0.4886363636363635,-0.3252032520325204,-0.1120000000000001,-0.3108108108108106,-0.5205479452054792,0.3958333333333333,0.1724137931034483,0.4175824175824172,0.1961722488038274,-0.7907757369376986,-0.6121059825476627,2
2.3211289080240953,1.515836656468939,0.4999999999999989,-0.5932584269662935,0.875,0.8571428571428571,0.7142857142857143,0.2857142857142857,-0.5,-0.5,0.0992282249173099,0.1856373429084379,-0.5,-0.5,-0.6234718826405868,0.3105134474327617,-0.4285714285714285,-0.8571428571428571,2.4285714285714284,1.25,-0.5,-1.132075471698113,-1.1016827783745071,-1.0,0.0,0.04,1.2037037037037035,0.0,0.8505747126436783,1.2352941176470589,1.6179775280898872,2.2142857142857144,-0.659090909090909,0.1788617886178859,0.1679999999999998,1.4054054054054057,2.041095890410958,-1.3333333333333333,0.2241379310344831,0.8076923076923072,0.8947368421052632,-0.7907757369376986,-0.6121059825476627,1
0.1975667651119096,2.014987258504952,0.9569377990430604,0.8179775280898884,1.125,1.2857142857142858,-0.5714285714285714,0.4285714285714285,0.5,0.0,0.9213524439544286,0.2721723518850987,1.0,0.5,0.5330073349633254,0.2885085574572108,0.4285714285714285,-0.2857142857142857,-0.4285714285714285,-0.625,1.0,0.4490566037735847,0.3580379520229143,0.0,1.0,-0.5,-0.5,0.0,1.5632183908045976,6.705882352941177,-1.1123595505617976,0.1428571428571428,1.125,-0.0894308943089433,-0.2720000000000003,0.1216216216216216,1.9315068493150684,0.0208333333333333,-0.068965517241379,0.3131868131868126,-0.0813397129186604,-0.8978045395707417,-0.4403941515576342,1
0.6007899035063896,1.2571771193744492,-0.346889952153111,-0.9393258426966308,-0.625,-0.5714285714285714,1.4285714285714286,-0.2857142857142857,-0.5,0.0,-1.0573318632855566,-0.3590664272890484,-1.0,-1.0,0.0880195599022017,-0.1344743276283631,-0.2857142857142857,0.4285714285714285,0.2857142857142857,1.0,-0.5,-0.4490566037735847,-0.271392767633369,0.0,-0.5,-0.2,0.925925925925926,0.0,-0.2298850574712643,0.0,-0.1123595505617977,2.857142857142857,0.2272727272727274,0.7479674796747964,-0.1359999999999999,0.1351351351351353,-0.36986301369863,-1.2708333333333333,0.3390804597701153,1.3021978021978016,0.8086124401913878,-0.8978045395707417,-0.4403941515576342,0
-0.1814203200350505,2.5970359477990574,0.3708133971291849,0.6539325842696626,-0.375,0.8571428571428571,1.1428571428571428,-0.5714285714285714,0.5,0.0,-0.7747151782432928,0.7026929982046679,0.5,0.5,1.3325183374083134,0.4669926650366736,0.0,-0.2857142857142857,-0.8571428571428571,0.625,0.5,0.6290566037735846,-0.5012531328320802,3.0,0.5,-0.46,-0.6481481481481481,1.0,1.5057471264367817,0.1176470588235294,-0.0561797752808988,3.2142857142857144,0.6022727272727271,0.4878048780487803,0.792,0.6756756756756759,0.013698630136986,0.2291666666666666,0.3045977011494256,-0.1923076923076927,-0.5598086124401913,-0.8978045395707417,-0.4403941515576342,0
-0.1210953496857438,3.9789373868612774,0.5215311004784686,-0.0606741573033711,0.75,0.0,0.5714285714285714,0.8571428571428571,-0.5,-0.5,0.1098860712973173,-0.4653500897666068,0.0,-0.5,-0.5110024449877744,-0.4669926650366736,0.0,0.5714285714285714,1.1428571428571428,0.0,1.0,-0.5856603773584904,0.275331185105621,-1.0,1.0,-0.38,-0.1666666666666666,0.2142857142857143,-0.9540229885057468,0.0,-0.3595505617977528,0.0714285714285714,-0.2954545454545454,0.5040650406504064,0.7360000000000001,0.3648648648648647,-0.6986301369863013,-0.2291666666666666,-0.1034482758620688,0.7142857142857143,-0.8660287081339713,-0.968077118866204,-0.2506525322587213,0
2.012688105722062,1.95627082382958,0.4354066985645919,-0.0404494382022487,0.375,0.1428571428571428,1.0,0.5714285714285714,-0.5,0.0,-0.2458654906284452,-0.2761220825852783,0.0,-1.0,1.2224938875305629,0.5550122249388729,1.2857142857142858,0.8571428571428571,-0.1428571428571428,-0.125,0.0,0.5856603773584904,0.4640171858216972,1.0,0.5,-0.3,-0.5925925925925926,1.2142857142857144,-0.8390804597701147,0.0,0.0561797752808988,0.3571428571428571,0.8068181818181818,0.7073170731707317,-0.2320000000000002,1.5405405405405403,0.1232876712328765,0.3333333333333333,-0.4425287356321839,0.5274725274725272,0.0813397129186604,-0.968077118866204,-0.2506525322587213,2
-0.1504021835327115,-0.2462058388479948,-0.5430622009569384,0.9595505617977532,0.75,0.0,1.7142857142857142,-0.8571428571428571,-0.5,1.0,-0.3035648658581402,0.5985637342908438,-1.0,1.5,-0.3129584352078244,1.1564792176039096,-0.2857142857142857,0.7142857142857143,0.0,1.0,0.5,-0.2977358490566038,-0.1535982814178302,0.0,1.0,0.32,-0.4074074074074074,0.0,-0.0459770114942527,0.0,0.0337078651685393,0.3571428571428571,1.034090909090909,0.7154471544715445,0.7360000000000001,0.8783783783783781,0.424657534246575,0.7708333333333334,-0.3620689655172412,0.6098901098901096,0.7464114832535882,-0.968077118866204,-0.2506525322587213,2
0.0258289221518095,-0.118721508729469,1.8277511961722464,-1.1842696629213505,2.125,-0.4285714285714285,-0.4285714285714285,1.2857142857142858,1.5,-0.5,1.0345461227489896,-0.8642728904847399,2.0,-2.0,-0.3129584352078244,-0.2665036674816621,-1.0,-1.0,1.5714285714285714,0.625,0.5,-1.433962264150943,-1.074113856068743,-1.0,0.0,0.02,0.3703703703703703,0.5,-0.4367816091954021,0.0,-0.2696629213483146,0.0,-0.6704545454545454,0.3658536585365851,0.992,-0.0945945945945944,-0.2465753424657532,-0.4166666666666667,-0.3275862068965515,0.4065934065934061,0.9282296650717702,-0.9987165071710528,-0.0506491688387135,1
0.7996876779327737,-0.2355860931987862,-1.1100478468899528,-0.4292134831460696,-0.5,0.8571428571428571,2.5714285714285716,-1.0,-0.5,0.5,-1.1705255420801173,1.0771992818671456,-2.0,0.0,1.0,1.6894865525672338,1.7142857142857142,1.2857142857142858,-1.1428571428571428,-0.5,1.5,1.433962264150943,0.861797350519155,1.0,2.0,0.52,-0.6666666666666666,0.0,-0.1609195402298848,0.0,0.1460674157303371,0.0,-0.7499999999999999,2.6747967479674792,0.8479999999999994,0.3243243243243243,0.356164383561644,1.2708333333333333,-0.3218390804597698,1.972527472527472,0.8468899521531098,-0.9987165071710528,-0.0506491688387135,2
0.9639828948957064,-0.4992314217962368,0.0,-0.674157303370789,0.0,0.0,0.7142857142857143,0.4285714285714285,-0.5,0.0,-0.3506063947078279,-0.2991023339317774,-1.0,-0.5,-0.0684596577017105,0.4229828850855739,0.8571428571428571,0.2857142857142857,-1.1428571428571428,-0.625,-0.5,1.2909433962264143,0.6595059076262084,0.0,0.0,1.74,-0.6296296296296297,0.7857142857142858,-0.7011494252873562,0.0,-0.7078651685393258,0.0,-0.7954545454545454,1.422764227642276,-0.4240000000000002,-0.2567567567567568,-0.6301369863013697,2.5,-0.46551724137931,0.989010989010989,-0.0334928229665073,-0.9987165071710528,-0.0506491688387135,2
-0.1171133032743037,1.7130157793462384,1.0669856459330134,0.0606741573033691,0.5,-0.5714285714285714,0.1428571428571428,0.2857142857142857,0.5,-0.5,0.2146269753766997,-0.6614003590664272,1.0,0.0,-0.4669926650366746,0.1784841075794606,-1.0,0.4285714285714285,0.7142857142857143,-0.125,0.5,-1.2909433962264143,0.2982456140350878,0.0,0.5,-0.36,-0.0925925925925925,0.2857142857142857,-0.586206896551724,0.0,-0.9213483146067416,0.1428571428571428,-0.4545454545454545,-0.0975609756097558,0.376,-0.2567567567567568,-0.2054794520547945,-0.2916666666666667,-0.425287356321839,0.0,0.478468899521531,-0.9987165071710528,-0.0506491688387135,1
2.631878613108939,2.108827140608337,0.2177033492822949,1.1438202247191014,0.125,0.0,0.1428571428571428,-0.8571428571428571,-0.5,2.5,0.0117603822124222,0.5985637342908438,0.0,3.0,-0.5794621026894871,0.5110024449877733,0.8571428571428571,0.2857142857142857,0.2857142857142857,-0.375,-0.5,0.1950943396226413,0.4260651629072681,-0.5,0.0,-0.6,-0.5,16.642857142857146,0.4137931034482759,1.5294117647058825,-0.4831460674157303,0.0,-0.5681818181818181,0.5203252032520324,-0.4320000000000002,0.7837837837837839,-0.6301369863013697,-0.0833333333333333,-0.028735632183908,-0.5329670329670332,-0.1052631578947369,-0.9884683243281114,0.1514277775045766,1
-0.1470501140082089,-0.2448968558192373,1.3923444976076549,0.7977528089887641,0.875,1.5714285714285714,0.0,-0.4285714285714285,1.0,0.0,0.4571848585079017,0.8046678635547576,1.5,0.5,0.0660146699266507,0.7334963325183357,0.4285714285714285,0.5714285714285714,1.1428571428571428,0.875,0.0,-0.3539622641509433,-0.1629072681704259,0.0,0.5,-0.4,0.0,0.0,-0.2873563218390804,0.0,-0.0898876404494382,0.0,-0.6363636363636362,-0.2032520325203253,-0.176,0.0405405405405404,-0.0684931506849315,-0.4375,0.1264367816091955,0.1043956043956039,-0.1291866028708135,-0.9884683243281114,0.1514277775045766,1
-0.091619714900345,2.1416067459474184,0.5047846889952137,1.1640449438202258,1.0,2.5714285714285716,0.4285714285714285,-0.5714285714285714,0.5,0.5,0.276736493936053,1.0771992818671456,0.0,1.0,-0.8679706601466985,1.1564792176039096,0.0,0.5714285714285714,1.0,0.0,1.0,-0.5392452830188679,0.275331185105621,-1.5,1.5,-0.56,-0.2222222222222222,0.0,-0.057471264367816,0.4117647058823529,-0.7752808988764044,5.142857142857143,0.6931818181818181,0.6666666666666662,0.96,0.4864864864864864,0.9999999999999998,-0.3541666666666667,0.4942528735632185,-0.1318681318681321,-0.5023923444976076,-0.9377521321470804,0.3473052528448203,1
0.2213142476484631,-0.460709090453239,0.2822966507177019,0.898876404494382,0.25,1.4285714285714286,0.8571428571428571,-0.7142857142857143,0.5,0.5,-0.2579933847850054,0.9666068222621186,0.5,1.0,0.2665036674816627,0.4449877750611227,0.1428571428571428,-0.4285714285714285,0.1428571428571428,0.875,0.5,-0.0818867924528301,-0.6885069817400644,0.0,0.5,-0.5,-0.5185185185185185,0.0,0.6436781609195403,3.1176470588235294,0.3258426966292132,0.0,-0.5795454545454545,0.24390243902439,-0.0240000000000003,1.0675675675675675,0.36986301369863,0.0416666666666666,0.4425287356321841,0.2032967032967026,0.043062200956938,-0.9377521321470804,0.3473052528448203,1
-0.0455789887901217,4.003249470608918,0.717703349282296,-0.3685393258426984,0.375,-0.2857142857142857,0.2857142857142857,0.0,0.5,0.0,0.0735023888276369,-0.2833034111310594,1.0,0.0,-0.1564792176039122,-0.5330073349633242,1.2857142857142858,-0.1428571428571428,-0.4285714285714285,1.0,-0.5,0.7686792452830187,-0.5556749015395631,0.0,-1.0,-0.34,-0.1666666666666666,0.0,-0.1379310344827585,0.0,-0.7865168539325841,0.0,0.5227272727272726,0.5121951219512191,2.0240000000000005,0.3783783783783782,0.8082191780821915,-0.1875,0.2298850574712644,1.038461538461538,-1.358851674641148,-0.848644257494751,0.5289640103269624,1
-0.1615339146607921,-0.149990294094943,0.6315789473684192,1.0022471910112367,0.125,0.7142857142857143,0.7142857142857143,0.0,0.5,0.5,-0.2723263506063945,0.2761220825852782,1.0,1.0,0.6430317848410758,1.9339853300733452,-0.2857142857142857,2.4285714285714284,-0.1428571428571428,-0.5,1.5,-0.2098113207547168,1.074113856068743,0.5,2.0,-0.36,-0.074074074074074,0.5714285714285715,-1.1609195402298849,0.0,-0.3595505617977528,0.3571428571428571,0.7954545454545456,-0.2764227642276425,-0.6240000000000004,1.9054054054054053,0.6164383561643837,-0.3125,0.1379310344827589,0.1648351648351648,0.3110047846889952,-0.848644257494751,0.5289640103269624,0
1.9950754654699825,0.829267063197721,1.9569377990430603,1.0426966292134834,1.625,1.2857142857142858,-0.2857142857142857,-0.1428571428571428,1.5,0.5,0.8507901506798972,0.5572710951526033,1.5,1.0,-0.3129584352078244,1.3765281173594102,0.1428571428571428,1.5714285714285714,-0.2857142857142857,0.75,0.5,0.188679245283019,0.2295023272466883,0.5,1.0,-0.54,0.5185185185185185,0.0,-0.8045977011494252,1.0588235294117647,-0.1797752808988765,0.0,-0.2954545454545454,0.3089430894308944,0.6479999999999999,0.1891891891891892,-0.589041095890411,-1.1666666666666667,-0.2701149425287358,0.4230769230769228,0.7703349282296648,-0.72479278722912,0.6889669190756865,1
0.1420774890616865,-0.4299270952916459,1.306220095693778,0.8382022471910109,1.25,1.7142857142857142,-0.5714285714285714,-1.1428571428571428,0.0,1.0,0.9529584711503126,1.3644524236983844,0.5,1.0,1.4229828850855748,-0.0904645476772612,1.7142857142857142,0.7142857142857143,0.0,-1.0,0.0,0.6290566037735846,1.22484783387039,1.0,0.0,-0.62,-0.6296296296296297,0.0,-0.379310344827586,6.058823529411765,-0.4719101123595505,0.0,0.1590909090909091,0.48780487804878,-0.6240000000000004,0.2297297297297296,-0.0136986301369862,0.0416666666666666,-0.1091954022988501,0.6978021978021972,0.0956937799043062,-0.72479278722912,0.6889669190756865,2
-0.2712598803862642,2.715065716607692,1.870813397129186,1.3078651685393272,2.0,1.1428571428571428,-0.5714285714285714,-0.1428571428571428,0.5,1.0,1.1014332965821392,0.5131059245960504,1.0,1.5,0.6650366748166269,0.2885085574572108,0.1428571428571428,0.1428571428571428,0.5714285714285714,0.0,-0.5,-0.290188679245283,0.0776942355889726,0.5,0.0,-0.4,-0.6481481481481481,0.0,-0.2873563218390804,0.0588235294117647,0.4269662921348314,0.0,-0.2727272727272727,-0.4634146341463414,-0.0080000000000002,-0.3918918918918919,0.123287671232877,0.2916666666666667,-0.2011494252873563,-0.0329670329670334,-0.5023923444976076,-0.2012985200886611,0.9795299412524944,0
0.0514785281065611,-0.2093591639803796,0.5430622009569362,0.674157303370787,0.25,0.5714285714285714,0.4285714285714285,0.1428571428571428,0.0,0.5,-0.0679897096655639,0.1382405745062836,0.5,1.0,0.7114914425427885,0.6210268948655235,0.4285714285714285,-0.4285714285714285,0.8571428571428571,-0.125,0.0,-0.251698113207547,-0.1990691013247403,1.5,0.5,-0.34,-0.074074074074074,0.0,-0.482758620689655,0.0,0.0112359550561797,0.0,-0.534090909090909,1.0894308943089428,0.0639999999999999,-0.3108108108108109,-0.0684931506849315,-0.2916666666666667,-0.3908045977011493,0.835164835164835,0.3205741626794259,-0.2012985200886611,0.9795299412524944,1
1.9891489257875248,-0.4783287973268144,0.9784688995215304,1.8382022471910129,0.125,2.0,1.5714285714285714,-0.4285714285714285,1.0,1.5,-0.5692760014700476,0.8976660682226213,1.5,1.5,0.3105134474327624,1.400977995110021,-0.1428571428571428,1.5714285714285714,-0.7142857142857143,0.0,0.5,0.3773584905660375,0.5968492660221981,1.0,1.0,-0.54,-0.6296296296296297,0.0,0.1494252873563219,0.0,0.0,0.0,-0.3295454545454546,-0.2926829268292683,-0.4240000000000001,0.1891891891891892,-0.328767123287671,0.125,0.1436781609195402,0.1813186813186811,0.473684210526316,0.20129852008866,0.9795299412524944,2
-0.1480684648280157,-0.0806592038895824,0.3038277511961716,0.4741573033707858,-0.125,1.2857142857142858,0.1428571428571428,0.2857142857142857,0.0,0.5,-0.1554575523704518,0.3368043087971274,0.5,0.0,0.0440097799510997,0.3545232273838614,-0.1428571428571428,0.2857142857142857,1.7142857142857142,0.625,0.5,-0.8256603773584903,-0.1851056211958468,0.5,0.5,-0.56,-0.5555555555555556,0.0,-0.2298850574712643,0.0,0.3707865168539326,0.0,-0.2499999999999999,-0.2601626016260162,-0.1280000000000001,-0.3513513513513515,0.0273972602739727,0.0208333333333333,0.1724137931034483,0.1868131868131863,0.2344497607655501,0.20129852008866,0.9795299412524944,0
-0.167545870673244,-0.2947355464131702,0.5215311004784686,1.757303370786519,0.0,2.4285714285714284,0.1428571428571428,-0.7142857142857143,2.0,0.5,-0.0679897096655639,1.1425493716337525,1.0,1.0,1.2444987775061138,0.6210268948655235,0.7142857142857143,0.2857142857142857,0.4285714285714285,0.25,0.0,0.0649056603773584,0.0,1.5,0.5,-0.4,-0.4074074074074074,0.0,0.1149425287356321,0.0,-0.943820224719101,0.0,-0.6818181818181818,-0.3333333333333333,-0.1680000000000002,0.5675675675675674,-0.452054794520548,0.0208333333333333,0.385057471264368,0.4945054945054941,0.8277511961722486,0.72479278722912,0.6889669190756866,2
0.2130426716096857,-0.4208198644191105,1.4138755980861222,-0.0404494382022487,1.625,-0.1428571428571428,0.0,1.7142857142857142,1.0,0.0,0.6887173833149578,-0.7856373429084381,1.0,0.5,1.0,0.2885085574572108,0.2857142857142857,-0.2857142857142857,-0.2857142857142857,-0.625,1.0,0.2694339622641509,0.3580379520229143,0.5,1.0,-0.5,-0.6296296296296297,0.0,1.7471264367816088,0.7647058823529412,0.3820224719101121,0.3571428571428571,-0.7954545454545454,0.1544715447154468,-0.32,2.6216216216216215,0.6986301369863013,0.1666666666666666,0.2241379310344831,0.2857142857142855,0.5263157894736842,0.8486442574947509,0.5289640103269624,2
-0.1453242994455504,-0.0976459431779219,-0.1961722488038294,0.4898876404494388,0.75,0.1428571428571428,0.5714285714285714,0.0,-0.5,2.0,0.1098860712973173,0.0,-1.0,1.0,-0.0904645476772614,1.511002444987771,0.4285714285714285,1.8571428571428572,-0.7142857142857143,-0.125,1.0,0.6950943396226414,0.7372001432151806,-0.5,1.0,-0.4,-0.5555555555555556,14.571428571428571,-0.5632183908045975,0.0,1.5842696629213475,0.2857142857142857,-0.8522727272727272,-0.2520325203252034,-0.4560000000000005,-0.0270270270270269,2.2328767123287667,0.1875,0.1494252873563223,0.3901098901098898,0.4593301435406695,0.9987165071710528,-0.0506491688387126,1
0.0204490367845238,-0.3668975571505916,1.260765550239232,1.0629213483146078,0.375,0.7142857142857143,1.0,0.4285714285714285,0.5,1.0,-0.2458654906284452,0.0617594254937163,1.0,1.5,0.3105134474327624,0.977995110024447,-0.5714285714285714,0.1428571428571428,0.2857142857142857,-0.25,0.0,-0.6950943396226412,0.2556390977443609,0.5,0.5,-0.34,-0.6296296296296297,1.142857142857143,-1.057471264367816,0.4705882352941177,0.7977528089887637,0.0714285714285714,-0.5568181818181818,-0.3008130081300813,-0.3920000000000002,0.1756756756756755,0.917808219178082,0.3333333333333333,0.3735632183908046,0.6263736263736259,0.2440191387559805,0.9680771188662044,-0.2506525322587204,0
0.4876883034714936,0.7948385706725396,-0.346889952153111,0.9797752808988776,0.375,1.5714285714285714,0.4285714285714285,0.4285714285714285,0.0,-0.5,0.0,0.3590664272890484,-1.0,0.0,-0.2444987775061117,0.6210268948655235,1.1428571428571428,-0.1428571428571428,-0.5714285714285714,0.375,-0.5,0.8301886792452827,-0.2982456140350876,0.0,0.0,0.9,-0.3148148148148148,0.0,-0.2413793103448275,0.0,-0.1573033707865168,0.0714285714285714,-0.3068181818181817,1.252032520325203,1.168,-0.2972972972972974,-0.547945205479452,1.2708333333333333,0.1781609195402299,-0.8296703296703299,-0.8899521531100478,-0.2012985200886611,0.9795299412524944,2
0.5427252006711869,0.7473640097222746,-0.6961722488038284,0.9191011235955064,-0.25,0.2857142857142857,0.2857142857142857,1.4285714285714286,-0.5,1.0,-0.3303932377802278,-0.4897666068222622,-0.5,1.5,-0.7555012224938883,0.5110024449877733,0.1428571428571428,0.4285714285714285,0.4285714285714285,0.5,0.0,-0.2264150943396225,-0.0615825277479412,-1.5,0.0,-0.54,0.2222222222222222,0.0,-0.2298850574712643,0.0,-1.0674157303370784,4.642857142857143,-0.6363636363636362,0.4796747967479672,1.336,0.1081081081081079,-0.2465753424657533,-0.8333333333333334,0.8045977011494253,0.291208791208791,-0.4688995215311005,0.20129852008866,0.9795299412524944,1
0.7161626697746559,0.4888580270032063,-0.0430622009569394,-0.6134831460674178,0.5,0.8571428571428571,0.1428571428571428,0.2857142857142857,0.0,0.0,0.2146269753766997,0.1856373429084379,-0.5,-0.5,0.7775061124694392,0.5770171149144239,1.1428571428571428,1.0,-0.1428571428571428,0.5,-0.5,0.5392452830188679,0.1629072681704259,1.0,-0.5,-0.44,-0.0555555555555555,7.357142857142859,-0.9195402298850572,17.0,0.6292134831460671,2.0,-0.0909090909090907,1.373983739837398,0.7599999999999998,0.5675675675675675,0.150684931506849,-0.4166666666666667,0.8505747126436785,-0.2692307692307695,-0.0861244019138754,0.9987165071710528,-0.0506491688387126,1
-0.2543594785345484,-0.4516981439720333,0.4784688995215292,0.5932584269662915,0.75,0.2857142857142857,0.4285714285714285,0.5714285714285714,-0.5,0.5,0.177140757074605,-0.1996409335727109,-1.5,1.0,-0.1124694376528124,-0.4889975550122245,0.2857142857142857,0.8571428571428571,0.4285714285714285,1.375,-0.5,-0.1452830188679244,-0.229502327246688,-1.0,-1.0,-0.36,0.2037037037037037,7.285714285714286,-0.8850574712643676,0.1176470588235294,-0.393258426966292,7.500000000000001,-0.6477272727272726,-0.1056910569105691,0.0719999999999999,-0.1351351351351351,-0.4246575342465752,-0.625,-0.7758620689655171,-0.8241758241758246,0.0047846889952153,0.9884683243281114,0.1514277775045767,2
0.098873974765324,0.0213094220262975,-0.5861244019138756,-0.1640449438202258,0.5,0.4285714285714285,0.2857142857142857,-0.7142857142857143,0.0,-0.5,0.1363469312752665,0.6614003590664275,-1.0,-0.5,1.0,0.7114914425427848,-0.2857142857142857,-0.5714285714285714,1.2857142857142858,0.875,-0.5,-0.8086792452830186,-0.7876834944504115,0.5,-0.5,-0.5,-0.1851851851851851,0.0,0.8620689655172413,6.0,-0.5280898876404494,7.000000000000001,-0.7613636363636362,1.260162601626016,0.3679999999999999,1.5405405405405403,-0.452054794520548,-0.3333333333333333,-0.9482758620689654,0.4175824175824172,0.0382775119617223,0.9884683243281114,0.1514277775045767,1
-0.1089038522396069,-0.3915309840965051,0.7607655502392333,-0.1842696629213502,0.125,1.0,0.7142857142857143,0.4285714285714285,1.0,-0.5,-0.2723263506063945,0.1737881508078994,1.0,-1.0,0.1540342298288502,-0.4669926650366736,0.7142857142857143,-0.4285714285714285,0.0,1.25,-0.5,0.2901886792452828,-0.8023630504833512,0.5,-0.5,-0.4,-0.0185185185185185,0.0,-0.0229885057471263,0.0,-0.8539325842696629,0.7142857142857143,-1.034090909090909,0.3739837398373984,-0.264,0.8243243243243242,-0.5205479452054795,-0.4166666666666667,-0.3390804597701148,0.4010989010989009,0.1674641148325358,0.9987165071710528,-0.0506491688387126,1
-0.2712598803862642,-0.537060076734872,-0.064593301435407,-0.7348314606741582,0.75,-0.7142857142857143,-0.2857142857142857,-0.1428571428571428,0.0,0.0,0.5935317897831682,-0.598563734290844,-0.5,0.0,0.1320293398533014,0.5990220048899748,-0.2857142857142857,0.8571428571428571,1.1428571428571428,0.375,-0.5,-0.7686792452830187,0.1732903687790905,0.0,0.0,-0.18,-0.4444444444444444,3.714285714285715,-0.4597701149425287,3.7647058823529416,-0.4831460674157303,3.714285714285715,-0.4431818181818182,-0.4634146341463414,-0.5440000000000002,-0.3918918918918919,-0.726027397260274,0.2916666666666667,-0.2586206896551724,-0.0879120879120883,0.0669856459330146,0.9987165071710528,-0.0506491688387126,2
0.0724497198025783,-0.4755813766748423,-1.0430622009569372,0.0202247191011223,1.0,1.4285714285714286,-0.1428571428571428,-0.7142857142857143,-0.5,1.0,0.5883866225652334,0.9666068222621186,-1.0,0.5,0.3765281173594131,0.2885085574572108,0.5714285714285714,-0.7142857142857143,-0.5714285714285714,0.25,0.0,0.6290566037735846,-0.6595059076262082,-1.0,0.5,0.4,-0.6296296296296297,0.0,-0.3103448275862068,0.1176470588235294,0.0337078651685393,1.0714285714285714,-0.4204545454545453,0.0325203252032517,-0.3280000000000004,-0.2432432432432433,-0.1780821917808217,1.1041666666666667,-0.3103448275862064,0.1978021978021975,0.15311004784689,0.9680771188662044,-0.2506525322587204,0
-0.1158083195368066,-0.4193744765434726,0.3038277511961716,0.1640449438202238,1.5,0.1428571428571428,-0.1428571428571428,0.1428571428571428,-0.5,-0.5,0.7361264241087836,-0.0779174147217235,-0.5,0.0,0.2224938875305629,1.3545232273838592,-0.4285714285714285,0.4285714285714285,0.4285714285714285,0.75,0.5,-0.6290566037735847,-0.1732903687790905,1.0,1.0,-0.46,-0.4074074074074074,0.0,-0.1839080459770114,0.2941176470588235,-0.5617977528089886,0.5714285714285715,-0.4545454545454545,0.130081300813008,-0.2880000000000003,-0.0540540540540541,-0.6438356164383563,-0.0416666666666666,-0.5172413793103446,0.0659340659340657,0.0047846889952153,0.9680771188662044,-0.2506525322587204,1
0.0804176305135649,-0.0465788251204848,-0.8923444976076557,1.2269662921348317,-0.625,1.5714285714285714,-0.1428571428571428,-0.7142857142857143,0.0,0.0,-0.4355016538037484,0.9974865350089768,-1.0,0.5,0.1540342298288502,-1.6234718826405854,0.7142857142857143,-0.5714285714285714,-0.1428571428571428,0.125,-0.5,0.3773584905660375,-0.4711779448621553,0.5,-1.0,-0.62,-0.037037037037037,0.0714285714285714,-0.2183908045977009,0.0,1.1348314606741567,3.785714285714286,-1.2045454545454544,-0.1056910569105692,-0.1840000000000003,0.7972972972972973,2.10958904109589,-0.625,-0.2701149425287354,-0.3406593406593408,-0.4545454545454545,0.8978045395707416,-0.4403941515576344,1
0.0724118711618234,-0.2423297161756511,0.588516746411482,0.4089887640449432,-0.75,0.0,1.5714285714285714,0.8571428571428571,0.0,0.0,-1.1988239617787575,-0.4653500897666068,0.5,0.5,-1.0684596577017127,0.0440097799510996,-0.5714285714285714,0.2857142857142857,2.2857142857142856,1.0,0.5,-1.200754716981132,-0.3358395989974936,-1.0,0.0,0.28,0.0,0.0,-0.0114942528735631,0.2352941176470588,1.853932584269662,0.3571428571428571,-0.9090909090909092,0.2113821138211381,-0.264,0.6891891891891891,2.630136986301369,0.2708333333333333,-0.1149425287356322,0.5054945054945053,0.0669856459330146,0.8978045395707416,-0.4403941515576344,2
-0.0863630063282508,-0.192497498823179,0.3492822966507173,-0.1842696629213502,-1.0,0.2857142857142857,-0.1428571428571428,0.4285714285714285,0.0,-0.5,-0.9867695700110252,-0.1382405745062836,0.5,-1.0,0.7995110024449881,-0.5330073349633242,0.7142857142857143,0.5714285714285714,-1.0,0.125,0.0,1.092452830188679,0.1990691013247403,1.0,-1.0,0.32,-0.5555555555555556,2.5,-0.0919540229885056,0.0,0.7303370786516852,4.7857142857142865,-0.818181818181818,-0.0650406504065039,0.2239999999999999,0.4864864864864864,1.1506849315068493,0.9375,-0.3333333333333332,0.1098901098901095,0.4641148325358852,0.7907757369376989,-0.6121059825476626,2
-0.2543594785345484,-0.0007727866359587,-0.3684210526315786,0.44943820224719,-0.25,1.0,-1.0,0.2857142857142857,-0.5,-0.5,0.8507901506798972,0.2394973070017952,-0.5,-1.5,-0.5794621026894871,0.977995110024447,-0.8571428571428571,-0.4285714285714285,0.5714285714285714,1.125,1.0,-1.092452830188679,-0.7672753311851055,-1.0,0.5,-0.36,-0.1851851851851851,10.071428571428571,-0.9310344827586206,0.0,0.393258426966292,6.7857142857142865,-0.818181818181818,0.032520325203252,-0.4960000000000003,-0.2837837837837837,0.7397260273972602,-0.1875,-0.2356321839080456,-0.4010989010989013,-0.1052631578947369,0.7907757369376989,-0.6121059825476626,2
-0.2712598803862642,-0.4567454406676429,0.0,-0.0606741573033711,0.375,1.0,0.1428571428571428,-0.4285714285714285,-0.5,0.0,0.1525174568173469,0.6463195691202875,-0.5,-0.5,-0.8679706601466985,0.132029339853299,0.1428571428571428,0.5714285714285714,0.1428571428571428,0.0,0.5,-0.0818867924528301,0.275331185105621,-1.0,0.5,-0.18,-0.0185185185185185,1.5714285714285716,0.0459770114942531,0.0,0.0449438202247189,1.5714285714285716,0.056818181818182,-0.4634146341463414,-0.7280000000000003,-0.3918918918918919,-0.7397260273972605,-0.1875,-0.2643678160919537,-0.0934065934065935,-0.1244019138755978,0.6513724827222223,-0.758758122692791,0
-0.2325722015930682,-0.4279505427145784,0.6315789473684192,0.0404494382022467,0.0,-0.2857142857142857,0.5714285714285714,1.1428571428571428,0.0,0.5,-0.2884968761484747,-0.7314183123877918,0.5,0.0,1.5330073349633253,0.843520782396086,0.2857142857142857,0.1428571428571428,0.0,0.5,1.0,0.0818867924528303,-0.1990691013247403,1.0,1.0,-0.38,-0.4629629629629629,3.5000000000000004,-0.1264367816091953,0.0,0.4494382022471909,7.285714285714286,-1.0909090909090908,-0.1463414634146343,-0.6000000000000001,0.7702702702702702,1.136986301369863,0.1041666666666666,-0.3275862068965515,0.0604395604395601,-0.2535885167464115,0.6513724827222223,-0.758758122692791,1
-0.1025380209446406,-0.222441364120188,-0.15311004784689,0.123595505617977,-0.125,-0.4285714285714285,1.0,0.4285714285714285,-0.5,2.5,-0.544285189268651,-0.598563734290844,-1.5,1.0,0.0660146699266507,-0.9999999999999978,-0.1428571428571428,1.1428571428571428,0.1428571428571428,-0.25,-0.5,-0.2694339622641509,0.639455782312925,0.0,-1.0,-0.34,0.2777777777777778,0.3571428571428571,0.2873563218390804,1.7058823529411764,-0.2808988764044943,5.142857142857143,-0.659090909090909,0.4796747967479672,0.8639999999999999,0.743243243243243,-0.273972602739726,-0.6875,-0.82183908045977,0.0109890109890107,0.4401913875598087,0.485301962531081,-0.8743466161445821,0
-0.1158083195368066,-0.4903212694082054,1.088516746411483,0.2853932584269661,0.75,1.8571428571428572,0.0,-0.2857142857142857,1.0,-0.5,0.4083057699375232,0.7856373429084381,1.5,-0.5,0.4669926650366746,0.3545232273838614,0.2857142857142857,0.4285714285714285,-0.2857142857142857,-0.5,1.5,0.2694339622641509,0.5968492660221981,0.0,-1.0,-0.46,-0.6296296296296297,0.4285714285714286,0.8390804597701149,0.0588235294117647,-0.6516853932584269,2.142857142857143,-0.7840909090909091,-0.1626016260162602,-0.5120000000000001,1.5405405405405406,-0.5753424657534245,0.2083333333333333,-1.028735632183908,-0.6208791208791211,-0.5741626794258372,0.485301962531081,-0.8743466161445821,1
0.0724118711618234,-0.0842637911242043,-0.4138755980861243,0.5528089887640447,0.0,-0.7142857142857143,0.2857142857142857,1.4285714285714286,-0.5,0.0,-0.14773980154355,-1.1048473967684025,-1.0,0.5,-0.3129584352078244,0.132029339853299,0.1428571428571428,0.5714285714285714,1.1428571428571428,-0.125,0.5,-0.5030188679245281,0.3580379520229143,-1.5,0.5,0.28,-0.037037037037037,0.0,-0.4252873563218389,0.0,0.0674157303370784,0.1428571428571428,-1.034090909090909,1.7073170731707314,0.1759999999999999,0.3513513513513512,0.602739726027397,0.3125,-0.8965517241379309,0.7692307692307693,-0.0334928229665073,0.299363122973358,-0.9541392564000488,2
0.0765295543233606,-0.2134121579849628,0.4784688995215292,-1.0629213483146098,0.125,-0.5714285714285714,0.1428571428571428,2.2857142857142856,0.5,-0.5,0.0117603822124222,-1.1425493716337525,1.0,-1.0,0.9339853300733516,-0.8459657701711479,1.2857142857142858,-0.7142857142857143,0.0,-0.25,0.0,0.5030188679245281,-0.3580379520229143,1.5,-1.0,0.1,-0.6666666666666666,1.7857142857142858,-0.1034482758620687,0.0,-0.5505617977528089,1.142857142857143,-0.9090909090909092,-0.1626016260162602,0.5279999999999999,0.5810810810810811,-0.3013698630136985,0.8333333333333334,-0.8850574712643678,-0.4835164835164838,0.186602870813397,0.299363122973358,-0.9541392564000488,2
0.2875499701081995,-0.4024073417955031,-0.3253588516746413,-0.6134831460674178,-0.375,-0.8571428571428571,0.8571428571428571,0.5714285714285714,0.5,-0.5,-0.6806321205439175,-1.0394973070017954,0.5,-1.0,0.1100244498777505,0.4229828850855739,0.5714285714285714,-1.1428571428571428,0.8571428571428571,-0.25,0.0,-0.1826415094339622,-0.8950948800572859,-1.0,0.5,-0.1,0.2037037037037037,0.0,-0.1839080459770114,0.5294117647058824,-0.7303370786516852,3.2142857142857144,-0.3749999999999998,0.8373983739837396,-0.2720000000000003,-0.1486486486486488,-0.3424657534246575,-0.3541666666666667,-0.64367816091954,0.4230769230769228,-0.3684210526315788,0.1011683219874327,-0.994869323391895,1
-0.2543594785345484,-0.1452532615195118,-0.064593301435407,-0.3460674157303373,0.625,-0.1428571428571428,-0.2857142857142857,-1.1428571428571428,0.0,-0.5,0.5446527012127894,0.8976660682226213,-0.5,-0.5,0.0220048899755509,0.7775061124694354,1.0,0.5714285714285714,0.4285714285714285,-0.875,0.5,0.1826415094339622,1.036519871106337,1.0,1.0,-0.36,-0.5555555555555556,2.428571428571429,-0.4942528735632182,0.0,0.4494382022471909,3.8571428571428577,-0.4659090909090908,-0.097560975609756,0.448,-0.3783783783783784,0.3835616438356165,0.2291666666666666,-0.8620689655172412,-0.9120879120879126,0.1578947368421051,0.1011683219874327,-0.994869323391895,1
-0.0767650587669167,-0.5680910461938374,0.2177033492822949,-0.8786516853932597,0.625,0.1428571428571428,-0.1428571428571428,0.1428571428571428,0.0,-0.5,0.4465270121278943,-0.0779174147217235,0.0,-1.0,0.0,0.7114914425427848,0.1428571428571428,0.0,-0.2857142857142857,0.375,0.0,0.188679245283019,-0.2148227712137486,0.5,0.5,0.08,-0.4444444444444444,0.0714285714285714,-0.1839080459770114,0.0,-0.1460674157303371,0.7857142857142858,-0.5454545454545453,0.0569105691056909,-0.3840000000000002,0.0540540540540538,-0.2465753424657535,0.5625,-0.5747126436781608,-0.2692307692307695,-0.1004784688995215,-0.101168321987432,-0.9948693233918952,2
-0.2712598803862642,-0.4656884753696517,0.0861244019138745,0.0,-0.25,0.5714285714285714,0.8571428571428571,0.0,0.0,-0.5,-0.5825064314590223,0.2154398563734293,0.0,-0.5,0.1100244498777505,1.511002444987771,-0.1428571428571428,0.1428571428571428,0.0,0.0,0.5,-0.1886792452830187,0.0776942355889726,-0.5,1.0,-0.18,-0.4629629629629629,0.0714285714285714,-0.5517241379310343,0.5294117647058824,-0.7528089887640449,0.0714285714285714,-0.534090909090909,-0.4634146341463414,-0.3760000000000004,-0.3918918918918919,-0.506849315068493,0.3125,-0.3735632183908046,-0.1978021978021982,-0.4258373205741625,-0.101168321987432,-0.9948693233918952,2
-0.1509361446030094,-0.4207368068848,-0.2392344497607667,0.348314606741572,1.5,0.2857142857142857,0.2857142857142857,-0.2857142857142857,0.0,-0.5,0.5093715545755239,0.2563734290843807,-1.5,0.0,0.5770171149144251,-0.0904645476772612,0.5714285714285714,-0.1428571428571428,0.5714285714285714,0.75,-0.5,-0.0649056603773584,-0.464017185821697,0.0,-1.5,-0.58,-0.4074074074074074,0.0,-0.4482758620689653,1.5294117647058825,0.831460674157303,7.000000000000001,-1.2272727272727273,-0.1626016260162602,0.3359999999999999,0.5540540540540541,1.7671232876712326,-0.1666666666666666,-0.5344827586206895,-0.2802197802197805,0.3636363636363636,-0.2993631229733582,-0.9541392564000488,2
-0.1158083195368066,-0.2008411298282056,0.8038277511961706,1.0224719101123612,0.125,1.0,1.8571428571428572,-0.1428571428571428,1.5,1.0,-0.6453509739066519,0.465350089766607,1.5,1.5,-0.0220048899755487,0.0440097799510996,0.7142857142857143,-0.2857142857142857,0.4285714285714285,0.125,-0.5,0.0649056603773584,-0.2556390977443609,0.0,0.0,-0.46,0.2777777777777778,0.0,-0.8045977011494252,0.0,-0.3595505617977528,5.571428571428572,-1.0227272727272727,-0.2845528455284554,0.344,-0.1081081081081082,0.0684931506849315,-0.8125,-0.6666666666666666,-0.4560439560439563,0.2583732057416267,-0.2993631229733582,-0.9541392564000488,1
0.0724118711618234,-0.1749873873906723,-0.1076555023923443,-0.3887640449438208,-0.375,0.1428571428571428,1.1428571428571428,0.1428571428571428,-0.5,-0.5,-0.7747151782432928,-0.0779174147217235,-0.5,-1.0,0.5990220048899761,0.9119804400977986,0.5714285714285714,1.1428571428571428,-0.4285714285714285,0.0,1.5,0.5147169811320752,0.4772645900465447,0.5,1.5,0.28,-0.6666666666666666,0.0,-0.2298850574712643,0.0,-0.595505617977528,4.928571428571429,-0.9886363636363634,1.7560975609756095,-0.1200000000000003,0.5270270270270269,-0.2602739726027397,1.0208333333333333,-0.4252873563218388,1.2527472527472527,0.15311004784689,-0.4853019625310808,-0.8743466161445822,2
0.2276413265918376,-0.2178181111468637,0.6961722488038262,-0.3685393258426984,0.875,0.1428571428571428,-0.2857142857142857,1.1428571428571428,0.0,0.0,0.6387357589121648,-0.4786355475763015,0.5,-1.5,0.2224938875305629,0.5550122249388729,-0.2857142857142857,0.1428571428571428,0.4285714285714285,0.0,0.5,-0.5147169811320754,0.0776942355889726,-0.5,1.0,0.06,0.0,4.5,-0.0804597701149424,0.0,0.4157303370786515,1.2857142857142858,-0.9090909090909092,-0.2601626016260164,-0.5760000000000002,0.6081081081081081,0.8767123287671232,0.0416666666666666,-0.4827586206896551,-0.1648351648351652,-0.2631578947368421,-0.4853019625310808,-0.8743466161445822,1
0.1405651111516897,-0.4193093194481781,-0.1746411483253597,-0.0606741573033711,-0.375,1.0,0.5714285714285714,0.4285714285714285,-0.5,1.0,-0.5692760014700476,0.1737881508078994,-1.0,1.0,1.022004889975551,0.0880195599021993,0.5714285714285714,-0.2857142857142857,0.0,0.0,0.0,0.2264150943396227,-0.1790189760114571,0.5,-0.5,-0.5,-0.4629629629629629,0.0,0.7241379310344828,0.1176470588235294,0.6292134831460671,0.2142857142857143,-0.1590909090909091,-0.0243902439024392,-0.6240000000000003,0.6621621621621622,0.232876712328767,-0.0208333333333333,-0.2011494252873563,0.2637362637362636,0.0669856459330142,-0.651372482722222,-0.7587581226927911,2
-0.2051886209967855,-0.1644413854550411,0.3923444976076546,-0.0808988764044955,0.5,0.1428571428571428,1.0,-0.2857142857142857,0.0,0.5,-0.1826534362366775,0.1795332136445244,0.5,0.5,0.1540342298288502,-0.2665036674816621,0.7142857142857143,-0.4285714285714285,0.5714285714285714,0.625,0.5,0.0,-0.5968492660221983,0.5,0.5,-0.38,-0.1851851851851851,0.0714285714285714,-0.8965517241379308,0.0,0.4606741573033704,0.0,0.1477272727272726,-0.260162601626016,-0.1840000000000002,0.824324324324324,-0.3424657534246575,-0.2083333333333333,0.2011494252873563,0.4560439560439559,0.6650717703349281,-0.7907757369376986,-0.6121059825476627,0
-0.1310047816397312,0.0129353041423841,0.9138755980861232,0.7550561797752806,0.625,0.2857142857142857,0.4285714285714285,1.7142857142857142,0.5,1.5,0.1220139654538772,-0.5640933572710953,1.0,1.5,1.466992665036677,0.7775061124694354,2.0,1.0,0.0,-0.375,0.0,0.7007547169811318,0.6885069817400644,1.0,0.5,-0.46,-0.037037037037037,0.1428571428571428,-0.0689655172413792,0.0,-0.943820224719101,0.0,-1.0227272727272727,0.284552845528455,-0.3040000000000001,0.7567567567567567,-0.643835616438356,-0.4583333333333333,0.2298850574712644,-0.1263736263736266,0.0334928229665073,-0.8978045395707417,-0.4403941515576342,2
0.1748002735182183,-0.3980774423484017,0.6746411483253587,0.4696629213483144,1.375,0.5714285714285714,0.2857142857142857,-0.4285714285714285,0.5,0.5,0.4726203601617054,0.489766606822262,0.5,0.5,1.2444987775061138,0.5550122249388729,0.7142857142857143,0.4285714285714285,0.2857142857142857,0.5,0.0,0.1347169811320752,-0.0615825277479412,1.0,0.0,-0.62,-0.4074074074074074,0.0,-0.3103448275862068,0.0,-0.595505617977528,0.0,-0.284090909090909,0.0813008130081297,-0.544,-0.3783783783783784,-0.3972602739726028,-0.2083333333333333,0.4425287356321841,0.95054945054945,0.6507177033492823,-0.968077118866204,-0.2506525322587213,0
-0.1012783207821107,-0.0007727866359587,0.0861244019138745,0.8584269662921352,0.0,0.5714285714285714,0.7142857142857143,0.0,1.0,0.0,-0.3506063947078279,0.2154398563734293,0.5,0.5,0.4449877750611258,0.132029339853299,0.0,0.5714285714285714,1.0,0.5,1.0,-0.5392452830188679,0.0,1.0,0.5,-0.4,-0.1851851851851851,2.0714285714285716,0.0229885057471265,0.0,-0.0337078651685393,2.5,-0.0909090909090907,0.2520325203252033,-0.3280000000000002,-0.2432432432432433,-0.6575342465753425,-0.2291666666666666,0.3793103448275867,0.0384615384615382,0.6028708133971292,-0.9377521321470804,0.3473052528448203,1
0.1389261412977772,-0.1064581056383015,1.2392344497607646,1.2674157303370803,1.375,2.0,1.5714285714285714,0.0,1.0,0.5,-0.0253583241455343,0.666786355475763,1.0,1.0,1.2224938875305629,0.7555012224938866,1.7142857142857142,1.5714285714285714,-0.5714285714285714,0.125,0.5,0.9758490566037736,0.5266738274257071,1.0,0.5,0.06,-0.6666666666666666,0.0,0.9540229885057472,0.0,-0.2022471910112359,2.0,-0.0909090909090907,1.0406504065040647,0.0159999999999999,0.8513513513513512,-0.643835616438356,0.7916666666666666,0.4712643678160921,-0.4065934065934069,0.7511961722488035,-0.848644257494751,0.5289640103269624,2
-0.1422060576948323,-0.1064581056383015,-0.0215311004784697,0.0808988764044935,-0.125,0.1428571428571428,1.4285714285714286,0.5714285714285714,1.0,1.0,-0.6806321205439175,-0.2761220825852783,0.5,0.5,1.2224938875305629,1.2004889975550093,1.0,1.5714285714285714,-0.5714285714285714,-0.5,1.5,0.7860377358490566,0.9258861439312568,1.5,1.0,-0.4,-0.6666666666666666,0.1428571428571428,-0.4367816091954021,0.0,-0.4044943820224719,0.0714285714285714,-0.7727272727272726,-0.2682926829268294,0.192,0.0270270270270269,-0.2876712328767125,0.3125,0.2183908045977014,0.2362637362637361,0.904306220095694,-0.3943558551133187,0.9189578116202306,2
0.9884096519178492,0.0847013400431378,-0.4569377990430637,-0.0808988764044955,-0.125,-0.7142857142857143,0.0,0.0,-0.5,-0.5,-0.0679897096655639,-0.6732495511669659,-0.5,0.0,0.9095354523227386,0.3985330073349611,0.2857142857142857,0.8571428571428571,1.8571428571428572,0.375,0.0,-0.6290566037735847,0.1732903687790905,0.0,-0.5,-0.16,-0.2037037037037037,0.0,-0.4252873563218389,0.0,-0.1910112359550562,0.0,0.7613636363636365,1.40650406504065,-0.2960000000000002,1.0,0.3698630136986302,0.0416666666666666,0.8850574712643682,-0.2582417582417584,1.129186602870813,0.6513724827222223,-0.758758122692791,1
0.309951673491632,-0.102464543571463,0.2607655502392343,-0.0202247191011243,2.75,1.1428571428571428,-0.2857142857142857,-0.4285714285714285,1.0,0.0,1.0525542080117605,0.6904847396768404,0.5,-0.5,-0.2885085574572115,-0.3349633251833746,1.5714285714285714,0.0,0.1428571428571428,-0.25,0.5,0.5147169811320752,0.1790189760114573,-1.5,0.5,-0.02,0.5185185185185185,0.0,-0.2988505747126436,0.2941176470588235,-0.3146067415730337,6.7857142857142865,-0.5568181818181818,0.0894308943089427,-0.3440000000000001,-0.0675675675675675,-0.4383561643835615,-0.625,0.7471264367816093,1.2472527472527466,1.0239234449760768,0.1011683219874327,-0.994869323391895,1
-0.2712598803862642,0.8353337206915052,0.1961722488038273,0.0,0.125,-0.2857142857142857,1.0,0.2857142857142857,0.0,-0.5,-0.384785005512679,-0.4272890484739677,0.0,0.0,-0.2885085574572115,0.4669926650366736,1.1428571428571428,-0.2857142857142857,0.8571428571428571,1.625,-0.5,0.0539622641509433,-0.8138202649480843,-1.5,-0.5,1.1,-0.1481481481481481,0.1428571428571428,-0.2643678160919538,0.0,-0.5056179775280898,0.1428571428571428,-0.2499999999999999,-0.4634146341463414,1.808,-0.3918918918918919,-0.4657534246575343,1.2916666666666667,1.0574712643678166,1.1703296703296702,-0.54066985645933,-0.4853019625310808,-0.8743466161445822,0
0.2465269617262994,0.9975255289200337,-0.5861244019138756,1.0224719101123612,0.125,1.0,0.2857142857142857,0.4285714285714285,-0.5,0.0,-0.0679897096655639,0.1737881508078994,-1.0,0.5,-0.8239608801955988,-0.3349633251833746,0.0,-1.1428571428571428,-0.4285714285714285,1.375,0.0,0.2098113207547168,-1.3605442176870746,-0.5,-1.0,0.22,0.3703703703703703,1.8571428571428577,-0.7241379310344825,0.7647058823529412,2.0674157303370784,1.0714285714285714,-0.9431818181818182,0.6829268292682924,0.08,-0.108108108108108,2.9315068493150687,-0.2083333333333333,-0.0747126436781607,0.8626373626373625,-0.4497607655502391,-0.8978045395707417,-0.4403941515576342,0
0.309951673491632,0.7149156845105015,0.2607655502392343,-0.0202247191011243,2.75,1.1428571428571428,-0.2857142857142857,-0.4285714285714285,1.0,0.0,1.0525542080117605,0.6904847396768404,0.5,-0.5,-0.2885085574572115,0.4669926650366736,1.1428571428571428,-0.2857142857142857,0.8571428571428571,1.625,-0.5,0.0539622641509433,-0.8138202649480843,-1.5,-0.5,-0.02,-0.1481481481481481,0.1428571428571428,-0.4597701149425287,1.0,-0.4044943820224719,7.071428571428572,-0.318181818181818,0.1056910569105687,1.504,-0.2432432432432431,-0.6712328767123285,0.125,0.8160919540229887,1.324175824175824,-0.5598086124401913,-0.9884683243281114,0.1514277775045766,2
-0.2712598803862642,-0.0011907714512226,0.1961722488038273,0.0,0.125,-0.2857142857142857,1.0,0.2857142857142857,0.0,-0.5,-0.384785005512679,-0.4272890484739677,0.0,0.0,-0.2885085574572115,-0.3349633251833746,1.5714285714285714,0.0,0.1428571428571428,-0.25,0.5,0.5147169811320752,0.1790189760114573,-1.5,0.5,1.1,0.5185185185185185,7.928571428571429,-0.2528735632183907,0.2352941176470588,-0.1460674157303371,7.928571428571429,-0.2386363636363635,-0.4634146341463414,-0.7120000000000003,-0.3918918918918919,-0.6164383561643835,0.5416666666666666,1.017241379310345,1.1318681318681316,1.0287081339712918,-0.9884683243281114,0.1514277775045766,2
0.9884096519178492,-0.0977239996969335,-0.4569377990430637,-0.0808988764044955,-0.125,-0.7142857142857143,0.0,0.0,-0.5,-0.5,-0.0679897096655639,-0.6732495511669659,-0.5,0.0,-0.5110024449877744,1.1784841075794603,0.2857142857142857,0.8571428571428571,0.1428571428571428,0.375,0.0,0.0,0.1732903687790905,-1.0,0.5,-0.16,0.1111111111111111,0.0,0.8045977011494252,0.2352941176470588,-0.4382022471910112,3.3571428571428577,-0.4545454545454545,1.73170731707317,-0.3760000000000003,1.108108108108108,-0.7123287671232875,-0.3125,0.8160919540229887,-0.5439560439560442,0.7751196172248804,-0.9377521321470804,0.3473052528448203,1
1.1076649729239307,0.8155209497988126,-0.3684210526315786,0.3685393258426964,0.875,-0.1428571428571428,1.0,1.8571428571428572,-0.5,-0.5,-0.0154355016538036,-0.8161579892280073,-1.5,-0.5,-0.3789731051344751,-0.0220048899755509,0.0,-0.8571428571428571,-0.1428571428571428,0.0,-0.5,0.0,-0.6713211600429645,-0.5,0.0,-0.06,-0.2407407407407407,1.5000000000000002,-0.2528735632183907,0.0,1.0112359550561796,0.0,0.3636363636363637,2.373983739837398,1.032,0.3243243243243243,0.0684931506849315,0.1875,0.9195402298850576,-0.8791208791208796,-0.1913875598086124,-0.5712682150947924,0.8207634412072763,2
0.2676944556893416,-0.0283577404725863,-0.3684210526315786,-0.3685393258426984,1.25,0.1428571428571428,0.2857142857142857,-0.2857142857142857,-0.5,0.5,0.4332965821389195,0.1795332136445244,-1.5,0.5,0.9095354523227386,0.3985330073349611,0.2857142857142857,0.8571428571428571,1.8571428571428572,0.375,0.0,-0.6290566037735847,0.1732903687790905,0.0,-0.5,0.66,-0.2037037037037037,1.2857142857142858,-0.5402298850574712,0.0,-0.696629213483146,0.0,-0.2159090909090909,-0.24390243902439,-0.4240000000000001,-0.0270270270270271,-0.1917808219178082,0.8958333333333334,1.011494252873563,1.1648351648351647,1.1961722488038276,-0.5712682150947924,0.8207634412072763,1
0.3434907842829741,0.950660626326768,0.8038277511961706,0.3056179775280885,0.125,1.0,2.0,0.4285714285714285,-0.5,0.0,-0.6806321205439175,0.1737881508078994,0.0,-0.5,-0.2885085574572115,0.4669926650366736,1.1428571428571428,-0.2857142857142857,0.8571428571428571,1.625,-0.5,0.0539622641509433,-0.8138202649480843,-1.5,-0.5,-0.12,-0.1481481481481481,0.0,-0.9540229885057468,1.0588235294117647,2.191011235955055,0.0,0.6022727272727271,0.0894308943089427,1.7520000000000002,1.432432432432432,1.2191780821917806,0.0208333333333333,1.011494252873563,1.412087912087912,-0.5454545454545453,-0.2012985200886611,0.9795299412524944,1
0.2676944556893416,0.7096743232921636,-0.3684210526315786,-0.3685393258426984,1.25,0.1428571428571428,0.2857142857142857,-0.2857142857142857,-0.5,0.5,0.4332965821389195,0.1795332136445244,-1.5,0.5,-0.3789731051344751,-0.0220048899755509,0.0,-0.8571428571428571,-0.1428571428571428,0.0,-0.5,0.0,-0.6713211600429645,-0.5,0.0,0.66,-0.2407407407407407,0.0,-0.1494252873563217,0.0,-0.4606741573033708,0.0,0.2727272727272727,-0.1138211382113826,1.184,0.0945945945945944,0.1095890410958905,0.9375,1.1666666666666663,1.28021978021978,-0.076555023923445,-2.4492935982947064e-16,1.0,2
-0.2582234755834006,3.461886589378969,-0.4784688995215314,0.5528089887640447,-0.75,0.7142857142857143,0.4285714285714285,-1.0,0.5,0.0,-0.8846012495406099,1.0394973070017954,-0.5,0.5,0.0440097799510997,-0.6014669926650368,0.7142857142857143,0.7142857142857143,0.0,0.25,0.0,0.2901886792452828,0.1851056211958466,-0.5,-0.5,0.44,-0.5,0.0,0.1724137931034482,10.352941176470589,-0.9325842696629212,0.0,0.8409090909090908,-0.1544715447154472,0.4959999999999997,0.3918918918918919,1.36986301369863,1.0,-0.9885057471264366,-0.5769230769230773,0.0813397129186604,0.7907757369376989,-0.6121059825476626,0
1.3734234564287942,1.99770801351439,-0.3253588516746413,0.5101123595505612,0.875,0.0,-0.4285714285714285,0.4285714285714285,1.0,-0.5,0.7405365674384418,-0.2991023339317774,0.0,0.0,-0.977995110024449,-0.1784841075794627,0.4285714285714285,1.7142857142857142,0.5714285714285714,0.125,0.0,-0.1347169811320754,0.5624776226279985,-1.0,-1.5,-0.24,-0.6296296296296297,0.0,1.6781609195402298,0.0588235294117647,-0.3146067415730337,0.0,-0.7613636363636362,-0.1707317073170731,0.44,2.5,-0.1917808219178082,0.4375,-0.8793103448275861,-0.5164835164835169,0.1387559808612442,0.7907757369376989,-0.6121059825476626,0
2.9643743693260847,1.6232831920394268,-0.2607655502392343,-0.5101123595505632,0.5,-1.0,0.2857142857142857,0.7142857142857143,-0.5,0.0,0.1363469312752665,-1.2283662477558348,-1.0,0.0,-0.3789731051344751,-0.0440097799510996,0.2857142857142857,-0.4285714285714285,1.5714285714285714,0.875,-0.5,-0.5550943396226414,-0.6885069817400644,-0.5,-0.5,0.0,0.1666666666666666,18.0,-0.3333333333333331,0.0,-0.1910112359550562,0.0,-0.1477272727272726,0.3739837398373981,1.112,-0.1891891891891892,-0.7260273972602738,-0.2083333333333333,-0.5057471264367814,0.2417582417582413,0.8516746411483251,0.6513724827222223,-0.758758122692791,1
1.7226837392519676,0.647183528995191,0.5215311004784686,0.5303370786516856,0.0,0.1428571428571428,0.1428571428571428,0.5714285714285714,1.0,0.5,-0.0679897096655639,-0.2761220825852783,-1.0,0.5,0.9095354523227386,0.3985330073349611,0.2857142857142857,0.8571428571428571,1.8571428571428572,0.375,0.0,-0.6290566037735847,0.1732903687790905,0.0,-0.5,-0.6,-0.2037037037037037,7.7857142857142865,1.1264367816091954,0.7058823529411765,-0.7415730337078652,0.0,-0.3749999999999998,0.5772357723577234,1.9359999999999995,1.3918918918918917,-0.328767123287671,-0.4166666666666667,-1.1091954022988506,-0.5274725274725279,0.8421052631578944,0.6513724827222223,-0.758758122692791,1
2.0260137889441574,2.2648451481364296,1.0071770334928212,-0.4089887640449452,1.0,-0.8571428571428571,-0.2857142857142857,0.2857142857142857,0.5,-0.5,0.6806321205439178,-0.9504488330341114,1.0,-0.5,0.0660146699266507,-0.1784841075794627,0.4285714285714285,1.1428571428571428,0.2857142857142857,-0.375,0.5,0.0,0.7293233082706765,-0.5,0.0,-0.4,-0.1666666666666666,0.0714285714285714,0.7586206896551725,0.0,-0.7865168539325841,0.0,-0.4772727272727271,0.4878048780487802,1.6960000000000002,1.081081081081081,-0.3972602739726028,-0.25,0.0459770114942527,-0.4395604395604399,-1.3157894736842104,0.485301962531081,-0.8743466161445821,1
1.526552343561422,1.601616190211549,-0.3684210526315786,0.3685393258426964,0.875,-0.1428571428571428,1.0,1.8571428571428572,-0.5,-0.5,-0.0154355016538036,-0.8161579892280073,-1.5,-0.5,0.0880195599022017,-0.2444987775061133,0.2857142857142857,-1.0,0.5714285714285714,0.5,-0.5,-0.2098113207547168,-1.036519871106337,-1.0,-0.5,-0.06,0.3518518518518518,1.3571428571428572,0.2758620689655174,0.0588235294117647,-0.595505617977528,0.0,0.1931818181818183,0.3739837398373979,0.376,-0.2837837837837837,0.178082191780822,-0.4791666666666667,-0.5344827586206895,0.2142857142857138,0.3875598086124402,0.485301962531081,-0.8743466161445821,2
3.143183501085186,0.5024224567219606,-0.6531100478468911,0.4089887640449432,-0.375,0.5714285714285714,2.0,0.8571428571428571,0.0,-0.5,-0.9867695700110252,-0.1737881508078994,-1.5,0.0,-0.5110024449877744,1.1784841075794603,0.2857142857142857,0.8571428571428571,0.1428571428571428,0.375,0.0,0.0,0.1732903687790905,-1.0,0.5,-0.3,0.1111111111111111,12.92857142857143,1.3333333333333333,1.0,-0.5393258426966292,0.0,0.8522727272727274,1.3821138211382111,1.928,0.1756756756756755,0.904109589041096,-0.4583333333333333,-1.3103448275862069,0.1538461538461537,0.6698564593301435,0.299363122973358,-0.9541392564000488,1
1.9530936112717368,1.964767920988789,0.4569377990430616,0.8584269662921352,1.25,0.8571428571428571,1.7142857142857142,0.2857142857142857,0.0,0.5,-0.1106210951855933,0.1856373429084379,-1.0,1.0,-1.0464547677261615,-0.2444987775061133,-0.2857142857142857,0.1428571428571428,0.2857142857142857,0.625,0.5,-0.4490566037735847,-0.2556390977443609,-1.5,0.0,-0.46,-0.2962962962962963,0.0,0.896551724137931,0.0,0.3707865168539326,0.0,1.0454545454545454,0.3414634146341462,-0.0080000000000002,-0.2162162162162161,0.0273972602739725,-0.1666666666666666,-1.103448275862069,-0.3516483516483519,-0.5837320574162679,0.299363122973358,-0.9541392564000488,1
1.812488605677725,1.4138147187086794,0.6100478468899517,0.7977528089887641,0.625,-0.4285714285714285,-0.8571428571428571,1.5714285714285714,0.5,0.5,1.0345461227489896,-0.9285457809694796,1.0,-1.0,0.7775061124694392,0.5770171149144239,1.1428571428571428,1.0,-0.1428571428571428,0.5,-0.5,0.5392452830188679,0.1629072681704259,1.0,-0.5,-0.34,-0.0555555555555555,0.0,-0.482758620689655,0.0,1.1460674157303368,18.142857142857142,2.0340909090909087,1.6666666666666663,0.848,2.581081081081081,0.273972602739726,-0.3125,-1.0114942528735629,0.6318681318681318,0.2727272727272728,0.299363122973358,-0.9541392564000488,0
1.6675151879439294,2.860860428420685,-0.6961722488038284,0.9191011235955064,-0.25,0.2857142857142857,0.2857142857142857,1.4285714285714286,-0.5,1.0,-0.3303932377802278,-0.4897666068222622,-0.5,1.5,-0.5794621026894871,1.555012224938873,0.8571428571428571,1.7142857142857142,3.0,2.625,0.0,-0.6290566037735847,-0.2928750447547439,-1.0,0.5,-0.54,1.537037037037037,0.0,-0.3218390804597699,0.5294117647058824,-0.5056179775280898,0.0,1.6477272727272727,1.6991869918699185,2.032,1.932432432432433,1.821917808219178,-2.3125,-1.5977011494252873,0.0934065934065931,0.4928229665071768,0.1011683219874327,-0.994869323391895,1
1.1043201998561385,1.8572135492393085,0.2607655502392343,-0.0202247191011243,2.75,1.1428571428571428,-0.2857142857142857,-0.4285714285714285,1.0,0.0,1.0525542080117605,0.6904847396768404,0.5,-0.5,-0.5574572127139361,-0.1124694376528121,0.7142857142857143,-0.4285714285714285,0.0,0.375,-0.5,0.2901886792452828,-0.4883637665592553,-0.5,-1.0,-0.02,-0.5555555555555556,3.428571428571429,-0.5057471264367814,0.0,2.1348314606741563,3.3571428571428577,1.318181818181818,2.170731707317073,0.6719999999999999,1.7567567567567564,0.287671232876712,0.5833333333333334,-1.0,0.9835164835164832,0.1770334928229666,0.1011683219874327,-0.994869323391895,0
3.05154466798029,2.0319793893954228,0.2607655502392343,-0.1438202247191014,-0.375,-0.2857142857142857,0.7142857142857143,1.4285714285714286,-0.5,0.0,-0.6273428886438808,-0.8046678635547578,-0.5,0.0,-0.7555012224938883,0.5110024449877733,0.1428571428571428,0.4285714285714285,0.4285714285714285,0.5,0.0,-0.2264150943396225,-0.0615825277479412,-1.5,0.0,0.68,0.2222222222222222,11.142857142857144,-0.5977011494252872,2.823529411764706,-1.0112359550561796,0.0,-0.8409090909090908,1.9674796747967471,-0.3280000000000002,-0.081081081081081,-0.5616438356164384,0.4375,-1.1609195402298849,0.6923076923076921,-0.8229665071770333,-0.101168321987432,-0.9948693233918952,2
1.8475090769801883,1.863685820808468,0.3708133971291849,1.0426966292134834,0.25,1.0,-0.8571428571428571,-0.5714285714285714,0.0,1.0,0.9048144064682104,0.7479353680430882,0.5,1.5,0.9779951100244512,0.0,0.5714285714285714,0.7142857142857143,-0.4285714285714285,-0.375,0.0,0.5147169811320752,0.5968492660221981,1.0,-0.5,-0.62,-0.4259259259259259,0.0,-0.0229885057471263,3.0,0.2584269662921348,0.0,0.4886363636363635,0.089430894308943,-0.368,0.2027027027027024,-0.5068493150684935,-0.1875,-0.4137931034482756,-0.6098901098901102,-0.3779904306220095,-0.101168321987432,-0.9948693233918952,2
-0.2712598803862642,1.6022535362627797,-0.4569377990430637,-0.449438202247192,0.0,-0.7142857142857143,0.4285714285714285,0.2857142857142857,0.0,0.5,-0.2212421903711869,-0.7978456014362658,0.0,-0.5,0.3325183374083134,-0.2665036674816621,-0.4285714285714285,1.0,0.7142857142857143,-0.5,1.0,-0.7384905660377356,0.7876834944504115,0.0,0.0,0.44,-0.3148148148148148,0.0,0.2183908045977013,0.0,0.831460674157303,0.0,0.2272727272727274,-0.4634146341463414,0.0239999999999999,-0.3918918918918919,0.013698630136986,0.7916666666666666,-1.4367816091954024,-1.2142857142857149,-0.5741626794258372,-0.101168321987432,-0.9948693233918952,2
1.5689229373786433,0.6999879180456211,-0.5645933014354081,-0.4292134831460696,-0.75,0.2857142857142857,1.0,1.5714285714285714,-0.5,0.0,-1.0701947813303931,-0.5281867145421903,-1.0,-0.5,-0.4449877750611237,0.8875305623471856,0.0,0.1428571428571428,1.2857142857142858,1.625,-0.5,-0.6290566037735847,-0.5968492660221983,-0.5,0.0,0.28,-0.2037037037037037,0.0,-0.8390804597701147,0.4117647058823529,-0.3707865168539326,0.0,-0.1022727272727273,3.7398373983739823,2.5759999999999996,0.4594594594594592,-0.452054794520548,0.5,-1.6724137931034484,1.4010989010989012,0.755980861244019,-0.2993631229733582,-0.9541392564000488,1
1.7226837392519676,2.876666333834946,1.2177033492822948,0.4898876404494388,1.125,0.1428571428571428,0.0,0.0,0.0,1.0,0.5446527012127894,0.0,0.5,-1.0,0.5990220048899761,-0.2004889975550115,1.0,0.5714285714285714,-0.8571428571428571,0.125,-0.5,1.0290566037735849,0.1990691013247403,1.0,-1.0,-0.6,-0.0925925925925925,0.0,0.7356321839080461,0.0,-0.9550561797752808,0.0,-0.2272727272727272,0.8699186991869915,2.352,0.7567567567567569,0.1095890410958903,-0.5416666666666666,-1.8333333333333337,-0.6923076923076926,0.4880382775119618,-0.2993631229733582,-0.9541392564000488,1
1.830816588755153,3.496308856782809,0.3708133971291849,-0.9797752808988776,0.625,0.4285714285714285,-0.4285714285714285,0.5714285714285714,-0.5,-0.5,0.6512311650128629,-0.1281867145421903,0.0,-1.0,0.2004889975550119,0.0220048899755487,0.4285714285714285,0.5714285714285714,0.0,0.0,0.0,0.1573584905660375,0.275331185105621,0.0,-0.5,-0.58,-0.5,0.1428571428571428,0.7471264367816091,8.470588235294118,-1.0112359550561796,0.0,-0.5795454545454545,1.1463414634146338,0.6720000000000003,1.189189189189189,-0.2465753424657533,-0.0625,-1.362068965517241,-0.0549450549450553,-0.1244019138755978,-0.2993631229733582,-0.9541392564000488,2
2.112875894798347,1.6288057054760474,-0.1961722488038294,0.6943820224719094,0.5,0.0,0.1428571428571428,1.8571428571428572,0.0,0.0,0.2146269753766997,-0.739317773788151,0.0,-1.0,-0.2444987775061117,-0.3105134474327617,-0.2857142857142857,1.0,-0.7142857142857143,0.75,-0.5,0.2694339622641509,0.0511994271392766,-0.5,-1.5,-0.56,-0.1481481481481481,1.0714285714285714,-0.0804597701149424,0.0,-0.49438202247191,0.0,0.5568181818181818,0.08130081300813,0.792,0.3513513513513512,0.4931506849315067,-0.4375,-0.8908045977011493,-0.4120879120879125,0.3397129186602871,-0.4853019625310808,-0.8743466161445822,0
0.8538025371702758,2.430143167259084,0.0645933014354048,-0.3460674157303373,0.5,1.5714285714285714,0.5714285714285714,0.1428571428571428,0.0,-0.5,-0.0047776552737962,0.489766606822262,0.5,-1.5,-1.2224938875305629,0.0440097799510996,-0.1428571428571428,0.2857142857142857,0.4285714285714285,0.25,-0.5,-0.4101886792452829,0.0,-2.0,-0.5,0.66,-0.1666666666666666,0.1428571428571428,-0.2298850574712643,0.0,0.235955056179775,0.0,-0.6704545454545454,2.3658536585365844,-0.2400000000000002,0.1486486486486486,0.36986301369863,0.8541666666666666,-1.2126436781609196,0.9120879120879118,-1.0430622009569377,-0.651372482722222,-0.7587581226927911,0
0.6534687538629914,1.9512622573013827,-0.7822966507177029,-0.55056179775281,-0.25,0.2857142857142857,-1.0,0.1428571428571428,-0.5,-0.5,0.8507901506798972,0.0,-0.5,-1.0,-0.5574572127139361,-1.0684596577017105,0.1428571428571428,-0.4285714285714285,0.7142857142857143,0.25,-0.5,-0.3494339622641509,-0.4260651629072681,-1.0,-1.5,0.22,-0.2962962962962963,4.5,-0.6436781609195401,3.7647058823529416,0.0898876404494382,0.0,-0.534090909090909,2.2845528455284545,-0.1840000000000003,-0.2837837837837837,0.0273972602739727,0.5416666666666666,-1.2816091954022988,0.7912087912087907,-0.5693779904306219,-0.651372482722222,-0.7587581226927911,2
2.0683288502702704,3.150447652539499,0.4569377990430616,0.4292134831460676,0.625,1.5714285714285714,0.1428571428571428,1.5714285714285714,0.5,0.0,0.2723263506063949,-0.0416517055655296,1.0,-1.0,0.1540342298288502,-0.6014669926650368,-1.0,-0.4285714285714285,-0.2857142857142857,1.625,0.0,-0.943396226415094,-0.8950948800572859,0.5,-1.5,-0.46,-0.3703703703703703,0.8571428571428572,1.7241379310344829,6.294117647058823,1.1011235955056178,0.0,-0.0113636363636363,0.3333333333333332,0.5760000000000001,1.6621621621621618,0.63013698630137,-0.0833333333333333,-0.2816091954022988,-0.6483516483516486,0.7177033492822966,-0.651372482722222,-0.7587581226927911,1
1.633955830663916,2.6584553047181654,0.2607655502392343,0.573033707865169,0.0,0.8571428571428571,-0.5714285714285714,-1.0,0.0,0.5,0.4726203601617054,1.0771992818671456,0.0,1.0,0.2665036674816627,-0.5110024449877755,0.0,0.2857142857142857,0.4285714285714285,2.75,-0.5,-0.3143396226415093,-0.7783745076978158,0.0,-2.0,-0.34,0.9074074074074074,6.142857142857143,1.2413793103448276,3.1764705882352944,2.5505617977528083,0.0,-0.6931818181818181,0.7967479674796747,0.416,1.9054054054054053,3.2191780821917804,-1.3958333333333333,-0.9942528735632185,0.0604395604395601,-0.4976076555023922,-0.7907757369376986,-0.6121059825476627,0
1.6675151879439294,0.8236920206812318,1.4784688995215292,-0.6539325842696646,1.75,-0.1428571428571428,0.1428571428571428,0.1428571428571428,0.5,-0.5,0.6464535097390667,-0.2563734290843807,0.5,-0.5,0.2224938875305629,0.3325183374083127,-0.2857142857142857,3.142857142857143,-0.5714285714285714,-0.375,1.0,0.1256603773584905,1.0916577157178655,0.0,0.5,-0.54,-0.1111111111111111,0.0,-0.8505747126436779,1.0,-0.6404494382022472,0.0,-0.1363636363636362,2.0243902439024386,2.624,0.4324324324324323,-0.1643835616438355,-0.4583333333333333,-1.5057471264367814,0.4010989010989009,0.9234449760765548,-0.7907757369376986,-0.6121059825476627,1
1.7261836974249851,3.0724302609163168,1.4138755980861222,0.348314606741572,1.0,0.4285714285714285,-0.1428571428571428,-1.0,-0.5,0.0,0.5883866225652334,0.9504488330341117,-0.5,0.5,-0.2665036674816627,0.3325183374083127,-0.5714285714285714,-0.4285714285714285,1.1428571428571428,0.5,-0.5,-0.981132075471698,-0.5449337629788756,-0.5,-0.5,-0.62,0.5370370370370371,0.0,-0.5057471264367814,1.352941176470588,-0.4719101123595505,0.0,-0.5,0.9105691056910564,1.7360000000000002,-0.3783783783783782,-0.6986301369863013,-1.2708333333333333,-1.3160919540229885,-0.1703296703296708,0.5502392344497608,-0.8978045395707417,-0.4403941515576342,1
1.8393489161347247,3.206170777451533,0.0645933014354048,-0.5932584269662935,-0.5,0.7142857142857143,-0.2857142857142857,0.0,-0.5,0.5,-0.1903711870635794,0.2761220825852782,0.0,-0.5,-0.1344743276283612,-0.6014669926650368,0.1428571428571428,0.7142857142857143,2.0,2.625,1.0,-0.7335849056603773,-0.5968492660221983,-0.5,-1.0,-0.5,1.537037037037037,0.0,0.9195402298850572,0.0,-0.3370786516853932,3.0714285714285716,0.0340909090909091,1.105691056910569,0.8399999999999999,0.662162162162162,-0.3287671232876712,-2.2708333333333335,-0.8620689655172412,0.395604395604395,0.3923444976076556,-0.8978045395707417,-0.4403941515576342,1
1.827655394956972,1.9521013340255424,0.7392344497607636,-0.7752808988764069,1.0,0.1428571428571428,-0.5714285714285714,0.4285714285714285,0.0,0.0,0.8875413450937157,-0.2154398563734291,0.5,-1.5,0.3545232273838644,0.955990220048898,-0.1428571428571428,0.4285714285714285,1.1428571428571428,-0.375,0.5,-0.6739622641509432,0.488363766559255,0.5,1.0,0.34,-0.4259259259259259,0.0,-1.0344827586206895,3.1176470588235294,-0.1910112359550562,0.0,0.7840909090909091,0.9512195121951216,0.2879999999999998,1.7432432432432432,0.3972602739726028,0.8125,-0.247126436781609,-1.0329670329670333,-0.7177033492822966,-0.8978045395707417,-0.4403941515576342,1
0.962924527969632,2.8679035369082886,-0.5000000000000011,-0.4898876404494388,-0.375,0.0,2.0,1.2857142857142858,0.0,-0.5,-0.9867695700110252,-0.598563734290844,-0.5,-0.5,-1.022004889975551,0.5770171149144239,0.4285714285714285,0.8571428571428571,0.8571428571428571,-0.75,0.5,-0.251698113207547,0.9763694951664876,-1.5,1.0,-0.12,-0.0925925925925925,0.1428571428571428,-1.1379310344827582,0.0,0.0337078651685393,0.0,0.4886363636363635,1.0894308943089428,-0.2240000000000002,1.5135135135135132,-0.2328767123287675,-0.0416666666666666,-0.2643678160919537,0.9560439560439556,0.2535885167464113,-0.968077118866204,-0.2506525322587213,0
3.3028584082574395,1.5806591421874387,0.3923444976076546,0.1033707865168526,-0.25,0.4285714285714285,0.4285714285714285,0.0,0.5,0.0,-0.4020580668871736,0.149730700179533,1.0,0.0,1.3325183374083134,0.3105134474327617,1.4285714285714286,-0.5714285714285714,0.0,0.625,-0.5,0.5479245283018866,-0.7006802721088433,1.5,0.0,-0.44,-0.3148148148148148,1.3571428571428572,-0.9770114942528736,0.0,0.9438202247191008,0.0,-0.5113636363636364,0.8292682926829266,0.0,0.135135135135135,1.0410958904109588,-0.125,-1.0632183908045976,0.0164835164835163,-0.7751196172248803,-0.968077118866204,-0.2506525322587213,2
1.4313914685611142,1.7185406929317415,0.3038277511961716,-0.5303370786516876,1.625,-0.7142857142857143,-0.2857142857142857,0.8571428571428571,0.5,-0.5,0.8507901506798972,-0.9791741472172352,0.5,-1.0,0.6210268948655271,1.3105134474327595,1.0,1.2857142857142858,0.2857142857142857,-0.125,0.0,0.251698113207547,0.5968492660221981,1.5,0.5,0.28,-0.6481481481481481,0.0,0.6666666666666666,0.0,0.9775280898876402,0.0,-0.8409090909090908,1.601626016260162,-0.232,1.4054054054054057,1.4794520547945205,1.0,-0.9655172413793104,0.6318681318681318,-0.6698564593301435,-0.968077118866204,-0.2506525322587213,2
-0.1671574698753031,1.8990185448048325,-0.9784688995215324,-0.4292134831460696,0.0,0.1428571428571428,1.4285714285714286,0.2857142857142857,-0.5,0.0,-0.6016170525542078,-0.1497307001795332,-1.5,0.0,-0.5110024449877744,0.4449877750611227,0.4285714285714285,0.7142857142857143,-0.2857142857142857,-0.5,-0.5,0.3430188679245281,0.7006802721088433,-1.0,0.0,0.44,-0.6296296296296297,0.0,-0.4022988505747126,0.0,-0.1235955056179776,0.0,-0.1477272727272726,-0.0894308943089431,0.3599999999999997,-0.1081081081081079,-0.6986301369863015,1.1458333333333333,-1.2988505747126435,-0.8296703296703299,-0.2583732057416267,-0.968077118866204,-0.2506525322587213,1
0.8783170023491123,1.8655563914136613,0.1100478468899506,0.0606741573033691,1.25,0.7142857142857143,-0.4285714285714285,0.4285714285714285,0.0,0.0,0.8507901506798972,0.0617594254937163,0.0,0.5,-0.80195599022005,1.645476772616134,0.4285714285714285,0.4285714285714285,-0.4285714285714285,-0.25,1.5,0.4490566037735847,0.389187253848908,-0.5,2.0,0.66,-0.4629629629629629,3.642857142857143,-0.0229885057471263,0.0,-0.5280898876404494,0.0,-0.3863636363636363,2.6747967479674792,0.5840000000000002,0.0540540540540541,-0.6027397260273972,1.1875,-1.3735632183908046,0.9670329670329668,-0.186602870813397,-0.9987165071710528,-0.0506491688387135,2
2.351205807155772,1.5917486176815718,-1.0,-1.2044943820224747,-0.5,-0.1428571428571428,1.5714285714285714,0.4285714285714285,0.0,-0.5,-0.9867695700110252,-0.3903052064631958,0.0,-2.0,0.5110024449877766,-0.2444987775061133,-0.2857142857142857,0.4285714285714285,0.2857142857142857,0.5,-0.5,-0.4490566037735847,-0.0615825277479412,0.5,-0.5,-0.08,0.0555555555555555,0.0,-0.2873563218390804,6.11764705882353,1.280898876404494,0.0,-0.8522727272727272,0.3658536585365851,0.1279999999999998,0.2972972972972972,1.863013698630137,-0.1666666666666666,-0.8505747126436781,-1.0824175824175826,-0.0239234449760765,-0.9987165071710528,-0.0506491688387135,1
1.9391686452517876,2.1343060924751667,-0.346889952153111,-0.0808988764044955,-0.625,-0.5714285714285714,0.2857142857142857,-0.4285714285714285,0.5,0.0,-0.6806321205439175,-0.2563734290843807,0.0,0.5,0.7775061124694392,-0.1344743276283631,0.4285714285714285,0.5714285714285714,-0.1428571428571428,0.0,0.0,0.2460377358490566,0.275331185105621,0.0,0.0,0.48,-0.6111111111111112,0.0,0.0114942528735633,0.0,-0.4831460674157303,0.0,-0.1818181818181817,-0.0406504065040648,-0.248,-0.1486486486486486,-0.410958904109589,1.1666666666666667,-0.4770114942528734,-0.0109890109890111,0.0622009569377989,-0.9987165071710528,-0.0506491688387135,2
1.7846754342159687,1.5501220739235546,-1.0215311004784695,-0.1438202247191014,-0.75,0.5714285714285714,0.1428571428571428,-0.1428571428571428,-0.5,0.0,-0.7570746049246598,0.2991023339317775,-1.0,0.0,0.0660146699266507,0.3325183374083127,1.2857142857142858,0.0,-1.1428571428571428,-0.625,0.0,1.372075471698113,0.5266738274257071,0.0,0.0,0.26,-0.4074074074074074,0.0,0.5862068965517242,0.0,-0.1348314606741573,0.0,-0.7045454545454544,0.6910569105691055,1.0079999999999998,1.148648648648649,-0.041095890410959,0.7083333333333334,-1.1206896551724137,-0.1318681318681321,0.2775119617224879,-0.9884683243281114,0.1514277775045766,1
1.9850065823535457,3.184279424259405,0.4138755980861243,-0.5932584269662935,0.25,0.1428571428571428,1.0,0.7142857142857143,0.5,-0.5,-0.313120176405733,-0.3324955116696589,0.5,-1.0,-0.3789731051344751,0.132029339853299,0.0,-1.1428571428571428,-0.5714285714285714,-0.25,0.0,0.3328301886792449,-0.8950948800572859,-0.5,0.5,-0.22,-0.3703703703703703,0.0,-0.5172413793103448,0.0,-0.0898876404494382,0.0,-0.659090909090909,0.5528455284552843,1.304,-0.2027027027027029,-0.041095890410959,0.1666666666666666,-0.9770114942528736,-0.0879120879120883,0.5741626794258372,-0.9884683243281114,0.1514277775045766,2
0.7800813114428764,2.093860815680665,0.4138755980861243,-0.7348314606741582,0.75,-0.1428571428571428,0.4285714285714285,-1.1428571428571428,0.0,-0.5,0.177140757074605,0.8976660682226213,-0.5,-0.5,0.6650366748166269,0.5330073349633242,-0.4285714285714285,0.7142857142857143,-0.1428571428571428,0.0,0.5,-0.3328301886792452,0.3315431435732187,0.5,1.0,0.22,-0.5185185185185185,1.8571428571428577,-0.528735632183908,0.0,0.0898876404494382,0.0,-0.1704545454545454,1.3577235772357716,-0.2320000000000002,0.0135135135135134,-0.4109589041095887,0.7916666666666666,-0.6494252873563218,0.7692307692307688,-0.0717703349282296,-0.9884683243281114,0.1514277775045766,2
1.8555386934723237,2.721247699133326,0.7607655502392333,-0.4696629213483164,0.0,-0.5714285714285714,-0.7142857142857143,0.0,0.5,0.0,0.6210951855935319,-0.5281867145421903,1.0,0.0,-0.5330073349633254,0.2444987775061111,-1.0,-0.1428571428571428,1.1428571428571428,0.375,0.0,-1.372075471698113,-0.2982456140350876,0.0,0.0,0.04,0.9074074074074074,0.0,1.7586206896551724,0.6470588235294118,1.2921348314606738,0.0,-0.7159090909090907,1.5528455284552845,-0.104,2.54054054054054,1.7123287671232874,-1.0,-0.7873563218390803,0.7692307692307693,-0.617224880382775,-0.9884683243281114,0.1514277775045766,0
1.8700075061911807,1.6483456262140483,1.9999999999999976,0.0606741573033691,1.875,-0.4285714285714285,0.4285714285714285,-0.4285714285714285,3.0,-0.5,0.5446527012127894,-0.1195691202872531,3.5,0.0,0.7995110024449881,1.5770171149144216,0.1428571428571428,2.0,-0.5714285714285714,0.0,0.5,0.4192452830188677,0.6960257787325456,1.0,0.5,-0.5,-0.5925925925925926,0.0,0.4022988505747126,0.0,0.0561797752808988,0.0,-0.4659090909090908,-0.1138211382113821,-0.6480000000000004,0.6486486486486485,-0.095890410958904,0.125,0.0172413793103446,0.2802197802197799,0.1770334928229666,-0.9377521321470804,0.3473052528448203,0
1.8648735052426348,3.0251152977795437,-0.9784688995215324,0.2449438202247194,-0.875,-0.1428571428571428,0.2857142857142857,1.1428571428571428,-0.5,0.0,-0.9867695700110252,-0.6412926391382405,-0.5,0.5,-0.7334963325183373,-0.288508557457213,-0.7142857142857143,-0.7142857142857143,1.2857142857142858,1.0,-0.5,-1.132075471698113,-0.9308986752595774,-1.0,-0.5,-0.36,0.5370370370370371,0.0,-1.068965517241379,19.47058823529412,-0.5056179775280898,0.0,-0.8409090909090908,0.6910569105691056,1.8560000000000003,-0.1486486486486488,-0.328767123287671,-1.0,-1.2586206896551724,-0.2637362637362639,0.6698564593301435,-0.9377521321470804,0.3473052528448203,0
2.7224303670471204,0.8727121355005631,-2.088516746411483,-0.2044943820224726,0.25,0.1428571428571428,2.2857142857142856,2.0,-0.5,0.0,-0.6806321205439175,-0.6980251346499103,-3.5,-0.5,-1.3129584352078243,0.2004889975550115,-0.4285714285714285,-0.4285714285714285,0.0,-0.5,-0.5,-0.4192452830188677,0.1192266380236304,-1.0,0.0,1.76,-0.1111111111111111,0.0,-0.6436781609195401,3.5882352941176467,-0.0561797752808988,0.0,-0.6818181818181818,1.341463414634146,1.48,-0.3243243243243243,0.0273972602739727,1.9375,-0.7298850574712644,0.6813186813186809,0.8851674641148325,-0.9377521321470804,0.3473052528448203,2
2.000732555815274,1.6402484447848988,0.1961722488038273,0.6943820224719094,0.125,1.2857142857142858,-0.8571428571428571,-0.7142857142857143,0.0,0.0,0.8507901506798972,0.9335727109515262,0.5,0.5,1.599022004889976,1.511002444987771,1.4285714285714286,1.1428571428571428,-0.8571428571428571,-0.25,-0.5,1.1320754716981132,0.639455782312925,1.0,-0.5,0.34,-0.6666666666666666,0.0,-0.9770114942528736,1.7058823529411764,-0.4157303370786517,0.0,-0.1590909090909091,0.317073170731707,1.24,0.5540540540540538,-0.4657534246575343,1.0833333333333333,-0.7988505747126436,-1.1318681318681325,0.6842105263157893,-0.9377521321470804,0.3473052528448203,2
1.5209457449449202,3.054676657807716,0.1315789473684203,1.1438202247191014,0.25,1.4285714285714286,-0.1428571428571428,0.0,0.0,1.0,0.2660786475560456,0.5213644524236984,0.5,1.5,0.0,-1.0440097799510997,0.7142857142857143,0.2857142857142857,-0.5714285714285714,0.75,0.0,0.6860377358490563,-0.2388113139992838,0.0,-1.5,-0.24,-0.0925925925925925,7.357142857142859,0.9885057471264368,7.0,0.0561797752808988,1.0,0.2386363636363635,0.195121951219512,0.496,0.5000000000000001,-0.5616438356164385,-0.1666666666666666,-0.3793103448275861,-0.6483516483516486,0.5885167464114831,-0.848644257494751,0.5289640103269624,1
1.987452629381448,1.993881715562955,1.2392344497607646,-0.8179775280898904,0.25,0.4285714285714285,1.0,-0.4285714285714285,0.0,-0.5,-0.313120176405733,0.4272890484739677,0.5,-0.5,0.9779951100244512,0.7555012224938866,0.5714285714285714,0.2857142857142857,0.1428571428571428,-0.125,-0.5,0.1452830188679244,0.2334407447189403,0.5,0.0,-0.4,-0.6111111111111112,0.0,-0.5632183908045975,0.0,-0.6629213483146066,0.0,1.022727272727273,0.6585365853658532,0.776,1.472972972972973,1.2602739726027397,0.25,-0.9827586206896552,-0.0219780219780222,0.2535885167464113,-0.72479278722912,0.6889669190756865,1
1.7226837392519676,3.461886589378969,0.7607655502392333,0.4898876404494388,0.875,1.0,-0.7142857142857143,0.2857142857142857,0.5,1.5,0.9705990444689452,0.2394973070017952,1.0,1.5,-0.1124694376528124,0.4669926650366736,-0.1428571428571428,-0.2857142857142857,0.2857142857142857,0.25,0.5,-0.3430188679245281,-0.3254564983888291,-0.5,1.0,-0.6,-0.5,3.5714285714285716,1.6321839080459768,0.0,-0.6516853932584269,0.0,0.6477272727272728,0.5772357723577234,0.5359999999999997,0.77027027027027,0.7945205479452055,-0.0833333333333333,-1.0344827586206895,-0.8406593406593409,0.0669856459330142,-0.72479278722912,0.6889669190756865,1
1.6675151879439294,1.9515503510982244,0.0861244019138745,0.6539325842696626,0.75,0.1428571428571428,0.5714285714285714,-0.5714285714285714,-0.5,1.0,0.1098860712973173,0.3989228007181328,0.0,1.0,-1.1564792176039125,0.2665036674816621,-0.5714285714285714,0.1428571428571428,-0.4285714285714285,-0.875,0.0,-0.2694339622641509,0.8950948800572859,-0.5,0.5,-0.54,0.2222222222222222,0.0,-0.0459770114942527,0.0,-0.9550561797752808,0.0,0.409090909090909,0.9593495934959346,-0.2000000000000001,0.1351351351351349,0.876712328767123,-0.8333333333333334,-1.0689655172413792,0.0989010989010987,-0.956937799043062,-0.5712682150947924,0.8207634412072763,1
2.0683288502702704,1.8421342231219255,0.3492822966507173,0.5303370786516856,0.125,-0.4285714285714285,0.5714285714285714,-0.1428571428571428,0.5,0.0,-0.2094818081587649,-0.3166965888689408,0.5,0.5,0.1320293398533014,-0.977995110024449,0.2857142857142857,-0.8571428571428571,0.4285714285714285,0.0,-0.5,-0.1452830188679244,-0.6713211600429645,0.5,-1.0,-0.46,0.1481481481481481,0.0,0.0344827586206897,0.0,-0.2134831460674157,0.0,1.590909090909091,-0.089430894308943,-0.232,1.445945945945946,1.3972602739726028,-0.6666666666666666,-0.0344827586206893,0.3241758241758237,0.1818181818181816,-0.5712682150947924,0.8207634412072763,1
1.807289656358669,3.1619534673726326,0.3038277511961716,0.7146067415730338,0.5,0.1428571428571428,-0.8571428571428571,-0.8571428571428571,-0.5,0.5,0.99595736861448,0.6732495511669659,0.0,1.0,0.4889975550122256,-0.4009779951100252,0.5714285714285714,-0.1428571428571428,0.4285714285714285,-0.5,-0.5,0.0,0.3157894736842103,1.0,-0.5,0.04,-0.3703703703703703,0.0,-0.3908045977011492,1.5294117647058825,0.235955056179775,0.2857142857142857,-0.318181818181818,0.6747967479674795,1.4080000000000004,-0.3243243243243243,-0.0547945205479454,0.4375,-0.8103448275862069,0.1538461538461537,0.7751196172248804,-0.3943558551133187,0.9189578116202306,0
1.8420200681008672,1.7798020899698288,-0.0215311004784697,1.3887640449438208,-0.375,1.4285714285714286,-0.5714285714285714,-0.8571428571428571,0.5,0.5,0.1944138184490998,1.0771992818671456,0.5,1.0,0.4205378973105129,2.110024449877746,0.5714285714285714,2.142857142857143,0.8571428571428571,0.25,3.0,-0.1826415094339622,0.5968492660221981,0.0,3.5,-0.62,-0.5555555555555556,0.0,-0.2873563218390804,0.0,0.9438202247191008,7.928571428571429,2.420454545454545,1.4471544715447149,0.944,2.81081081081081,0.9863013698630136,-0.0416666666666666,-0.6781609195402297,0.8021978021978019,0.6076555023923446,-0.3943558551133187,0.9189578116202306,1
1.6733642664202133,0.6907643777204402,0.2822966507177019,0.123595505617977,0.25,0.4285714285714285,0.5714285714285714,-0.2857142857142857,0.5,0.0,-0.1359794193311281,0.326391382405745,0.5,0.5,0.7334963325183373,-0.0660146699266505,0.8571428571428571,0.8571428571428571,0.5714285714285714,0.25,-0.5,0.060754716981132,0.2388113139992838,0.5,-0.5,-0.24,0.5185185185185185,0.0,0.057471264367816,5.117647058823529,-0.7528089887640449,0.4285714285714286,-0.4545454545454545,0.4227642276422763,1.72,0.2297297297297296,-0.410958904109589,-0.8541666666666666,-1.1666666666666663,-0.3571428571428575,0.6650717703349285,0.3943558551133185,0.9189578116202306,0
2.146828636121957,1.4924464683428196,0.4784688995215292,0.3280898876404496,0.375,0.2857142857142857,0.4285714285714285,0.4285714285714285,0.5,0.5,0.0,-0.1382405745062836,0.5,0.5,1.5330073349633253,0.1540342298288499,0.8571428571428571,0.8571428571428571,0.0,0.375,-0.5,0.3494339622641509,0.1732903687790905,1.5,0.0,-0.46,-0.5925925925925926,0.0,0.2758620689655174,0.0,0.0449438202247189,0.0,0.3522727272727272,0.2276422764227641,-0.6719999999999999,-0.3108108108108111,-0.410958904109589,0.1666666666666666,0.017241379310345,0.6428571428571427,0.15311004784689,0.3943558551133185,0.9189578116202306,1
1.422144514991443,2.076756782939111,0.5215311004784686,0.7146067415730338,0.25,1.1428571428571428,0.7142857142857143,-0.8571428571428571,1.0,0.5,-0.1991914737228959,1.014721723518851,1.0,1.0,0.8875305623471897,1.3325183374083105,0.8571428571428571,0.2857142857142857,0.8571428571428571,0.75,0.0,-0.0573584905660376,-0.2388113139992838,1.5,0.5,-0.6,-0.4629629629629629,0.0,0.5057471264367818,0.0,-0.3820224719101123,0.0,0.0,0.3008130081300811,1.112,0.2162162162162164,-0.315068493150685,-0.125,-0.7068965517241378,-3.904080965714836e-16,0.6842105263157893,0.5712682150947923,0.8207634412072763,2
1.799515739210561,1.6515636942183332,0.8923444976076536,0.2853932584269661,0.0,0.7142857142857143,0.1428571428571428,-1.0,2.0,-0.5,-0.0679897096655639,1.0394973070017954,1.0,0.0,1.3325183374083134,0.0440097799510996,0.8571428571428571,-0.4285714285714285,-0.2857142857142857,-0.625,0.5,0.5283018867924527,0.2556390977443609,0.5,0.5,0.04,-0.6666666666666666,0.0,0.482758620689655,0.0,-0.3707865168539326,0.0,-0.9204545454545452,1.7479674796747964,1.576,1.2837837837837835,-0.0684931506849315,0.7708333333333334,-1.0804597701149423,0.6208791208791208,0.6507177033492823,0.5712682150947923,0.8207634412072763,2
1.3734234564287942,2.093860815680665,0.4569377990430616,0.2651685393258418,0.5,0.4285714285714285,1.8571428571428572,0.4285714285714285,2.0,0.5,-0.4549797868430723,-0.066427289048474,1.0,0.5,0.3325183374083134,0.5550122249388729,0.1428571428571428,0.4285714285714285,0.7142857142857143,0.25,0.5,-0.3494339622641509,0.066237021124239,0.5,0.5,-0.24,-0.5185185185185185,4.142857142857143,1.804597701149425,0.2352941176470588,0.3146067415730337,0.9285714285714288,1.227272727272727,-0.0650406504065041,-0.1360000000000001,0.2837837837837837,0.3150684931506845,0.3125,-0.8275862068965517,-0.3626373626373629,-0.1626794258373204,0.9377521321470804,0.3473052528448203,2
2.0260137889441574,1.789049153226787,2.1746411483253576,0.7348314606741582,0.75,0.8571428571428571,1.2857142857142858,0.8571428571428571,1.5,1.5,-0.1701580301359792,-0.0545780969479353,2.0,1.5,0.821515892420539,1.3105134474327595,0.5714285714285714,0.7142857142857143,-0.8571428571428571,-0.25,0.0,0.8935849056603772,0.5012531328320802,0.5,0.5,-0.4,-0.6666666666666666,0.0,-0.3908045977011492,0.0588235294117647,-0.6179775280898875,0.0714285714285714,2.181818181818181,-0.024390243902439,1.0480000000000005,2.648648648648648,2.602739726027397,0.3125,-0.1264367816091955,0.082417582417582,1.1291866028708133,0.9884683243281114,0.1514277775045767,2
1.5209457449449202,2.0947228550235555,-0.3038277511961737,0.4292134831460676,0.375,0.7142857142857143,0.0,1.7142857142857142,0.5,2.0,0.2381477398015438,-0.3780969479353681,-0.5,1.0,0.0220048899755509,2.2885085574572086,-0.7142857142857143,0.8571428571428571,0.5714285714285714,1.0,1.5,-0.943396226415094,-0.0995345506623701,-0.5,2.0,-0.24,-0.4629629629629629,0.0,0.7241379310344828,0.0,-0.5056179775280898,0.6428571428571429,0.7272727272727273,0.6016260162601625,1.0879999999999996,-0.3918918918918919,0.7123287671232875,0.25,-0.3735632183908044,-0.917582417582418,0.9473684210526312,0.8978045395707416,-0.4403941515576344,2
1.9530936112717368,1.6515636942183332,-0.1076555023923443,0.224719101123595,-0.125,0.1428571428571428,0.5714285714285714,0.7142857142857143,1.0,0.5,-0.3741271591326716,-0.3324955116696589,0.5,0.5,1.1100244498777505,0.7995110024449863,0.7142857142857143,0.4285714285714285,-0.8571428571428571,-0.75,0.0,0.943396226415094,0.8478338703902613,0.5,0.5,-0.46,-0.6666666666666666,5.0,-0.0459770114942527,0.0,-0.303370786516854,0.0,1.0113636363636362,1.6260162601626014,2.128,0.8513513513513512,0.8082191780821918,0.25,-1.0057471264367814,0.6098901098901096,1.0430622009569377,0.7907757369376989,-0.6121059825476626,2
-0.1304045332690657,1.1072454256617177,-0.1076555023923443,-1.2044943820224747,0.25,0.0,1.5714285714285714,0.2857142857142857,-0.5,0.0,-0.5001837559720689,-0.2341113105924595,-0.5,-1.5,-0.8239608801955988,-1.2224938875305602,-0.5714285714285714,-0.8571428571428571,0.7142857142857143,0.25,-0.5,-0.8577358490566036,-0.7955603293949157,-1.5,-2.0,2.02,1.0,0.0,-0.1264367816091953,0.0,0.7078651685393258,0.0,-0.2159090909090909,0.1788617886178862,2.936000000000001,-0.2702702702702702,0.397260273972603,0.9583333333333334,0.0977011494252875,-0.1813186813186815,-2.014354066985646,0.9987165071710528,-0.0506491688387126,2
0.0061945730730381,-0.2823852789064008,-0.6961722488038284,-0.674157303370789,-0.625,0.4285714285714285,0.5714285714285714,0.7142857142857143,-0.5,0.0,-0.8030135979419329,-0.1856373429084381,-0.5,-0.5,0.7114914425427885,-0.288508557457213,1.0,-0.7142857142857143,0.1428571428571428,1.125,-0.5,0.3252830188679246,-0.9638381668456856,0.0,-1.0,0.62,-0.2777777777777778,0.0,-0.2413793103448275,1.2352941176470589,-0.5505617977528089,0.0,1.0795454545454546,0.6504065040650404,2.52,1.1621621621621625,1.1917808219178083,0.9375,-0.3620689655172412,-0.93956043956044,-2.1483253588516744,0.7907757369376989,-0.6121059825476626,2
1.4451676200222678,-0.5268123716787261,-1.1315789473684223,-1.961797752808992,-0.375,0.4285714285714285,2.0,2.142857142857143,-0.5,-0.5,-0.9867695700110252,-0.598563734290844,-1.5,-3.5,-0.9559902200489002,-1.7555012224938844,0.5714285714285714,-0.8571428571428571,1.2857142857142858,2.0,0.0,-0.3328301886792452,-1.2309344790547796,-1.5,-2.0,1.76,0.5740740740740741,0.4285714285714286,0.7011494252873564,0.1764705882352941,0.7303370786516852,0.0,1.1363636363636365,3.146341463414634,-0.3840000000000002,0.1216216216216216,-0.3013698630136985,1.1666666666666667,-0.1954022988505746,-2.4670329670329676,0.2153110047846889,0.7907757369376989,-0.6121059825476626,0
2.7481854814991165,1.3719864389939151,0.2177033492822949,-0.9393258426966308,0.875,-0.4285714285714285,0.7142857142857143,1.4285714285714286,0.5,0.0,0.0992282249173099,-0.8976660682226213,0.5,0.0,-0.2885085574572115,-0.0220048899755509,0.5714285714285714,0.5714285714285714,0.2857142857142857,-0.5,0.5,0.0698113207547168,0.6509129967776582,-0.5,0.0,-0.08,-0.0925925925925925,4.214285714285714,0.2643678160919541,0.0588235294117647,0.1235955056179772,0.0,0.0,0.5284552845528453,2.1359999999999997,-0.0675675675675675,-0.5753424657534247,0.0,-0.4367816091954022,0.4120879120879117,-1.9808612440191384,0.299363122973358,-0.9541392564000488,0
-0.189313059213514,-0.2975214445879239,-1.0215311004784695,-1.674157303370789,0.375,-0.7142857142857143,1.4285714285714286,2.2857142857142856,0.0,0.0,-0.3921352443954427,-1.2344703770197487,-1.5,-2.0,-0.6234718826405868,-0.6674816625916873,-0.5714285714285714,0.2857142857142857,0.4285714285714285,0.625,0.0,-0.7547169811320753,-0.1851056211958468,-0.5,-0.5,0.72,0.4814814814814814,0.0,0.9770114942528736,8.529411764705882,0.7415730337078648,0.0,0.7159090909090907,-0.0569105691056911,0.496,-0.081081081081081,-0.684931506849315,0.1875,-0.1839080459770112,0.258241758241758,-0.7894736842105262,0.1011683219874327,-0.994869323391895,2
0.013239227240545,1.3331173433219954,0.6100478468899517,-0.3258426966292149,0.75,-0.5714285714285714,0.2857142857142857,1.2857142857142858,0.0,-0.5,0.2488055861815512,-0.9666068222621186,0.0,-1.0,-1.0684596577017127,-2.068459657701708,-0.2857142857142857,0.2857142857142857,1.8571428571428572,1.875,-0.5,-0.943396226415094,-0.5968492660221983,-1.5,-3.5,-0.2,1.537037037037037,3.785714285714286,-0.9885057471264366,0.0,1.7191011235955054,0.0,0.7840909090909091,2.8130081300813,4.504,1.689189189189189,0.4246575342465755,-1.9583333333333333,-0.0574712643678161,-2.1098901098901104,-3.0813397129186604,0.1011683219874327,-0.994869323391895,1
-0.1601114342910849,1.7061009961325404,0.1100478468899506,-1.0426966292134854,-0.625,-0.4285714285714285,1.5714285714285714,2.4285714285714284,-0.5,-0.5,-1.0889378904814404,-1.0771992818671454,-0.5,-2.0,0.3985330073349641,0.4669926650366736,0.1428571428571428,0.4285714285714285,0.0,0.375,1.0,0.0,0.0,-1.0,1.0,0.52,-0.3703703703703703,1.2857142857142858,-0.1149425287356321,0.0,0.8764044943820224,0.3571428571428571,1.590909090909091,0.2764227642276422,1.424,1.6216216216216215,0.0684931506849315,0.9375,-0.2241379310344827,-0.5549450549450554,-1.3779904306220094,-0.2993631229733582,-0.9541392564000488,2
0.0061945730730381,1.34523185304717,-0.6961722488038284,-0.674157303370789,-0.625,0.4285714285714285,0.5714285714285714,0.7142857142857143,-0.5,0.0,-0.8030135979419329,-0.1856373429084381,-0.5,-0.5,-1.0684596577017127,-2.068459657701708,-0.2857142857142857,0.2857142857142857,1.8571428571428572,1.875,-0.5,-0.943396226415094,-0.5968492660221983,-1.5,-3.5,0.62,1.537037037037037,0.0,-0.1379310344827585,0.0,-0.1685393258426966,3.1428571428571432,0.7386363636363638,0.5040650406504064,3.184,0.6351351351351352,0.315068493150685,-1.1041666666666667,-0.3793103448275861,-0.8571428571428574,-2.5598086124401913,-0.651372482722222,-0.7587581226927911,1
-0.1961454340701576,-0.2895384692588848,-1.0215311004784695,-1.674157303370789,0.375,-0.7142857142857143,1.4285714285714286,2.2857142857142856,0.0,0.0,-0.3921352443954427,-1.2344703770197487,-1.5,-2.0,0.7114914425427885,-0.288508557457213,1.0,-0.7142857142857143,0.1428571428571428,1.125,-0.5,0.3252830188679246,-0.9638381668456856,0.0,-1.0,0.72,-0.2777777777777778,0.7142857142857143,1.057471264367816,0.0,-0.7640449438202246,3.2857142857142856,0.9886363636363636,0.1219512195121949,2.6879999999999997,-0.3108108108108111,1.3424657534246576,1.0416666666666667,-0.1896551724137929,0.3736263736263734,-2.1052631578947367,-0.651372482722222,-0.7587581226927911,2
2.7481854814991165,-0.2976813223502895,0.2177033492822949,-0.9393258426966308,0.875,-0.4285714285714285,0.7142857142857143,1.4285714285714286,0.5,0.0,0.0992282249173099,-0.8976660682226213,0.5,0.0,-0.6234718826405868,-0.6674816625916873,-0.5714285714285714,0.2857142857142857,0.4285714285714285,0.625,0.0,-0.7547169811320753,-0.1851056211958468,-0.5,-0.5,-0.08,0.4814814814814814,6.928571428571429,-0.0804597701149424,0.0,-0.4269662921348314,0.0,0.6136363636363636,0.3495934959349592,0.2239999999999998,0.4189189189189188,0.4794520547945205,-0.6458333333333334,-0.3160919540229885,0.4065934065934061,-0.736842105263158,-0.968077118866204,-0.2506525322587213,1
0.013239227240545,1.3719864389939151,0.6100478468899517,-0.3258426966292149,0.75,-0.5714285714285714,0.2857142857142857,1.2857142857142858,0.0,-0.5,0.2488055861815512,-0.9666068222621186,0.0,-1.0,-0.2885085574572115,-0.0220048899755509,0.5714285714285714,0.5714285714285714,0.2857142857142857,-0.5,0.5,0.0698113207547168,0.6509129967776582,-0.5,0.0,-0.2,-0.0925925925925925,0.0,-0.8045977011494252,0.0,-0.0898876404494382,0.0,0.6136363636363636,2.6504065040650397,2.6319999999999997,1.2702702702702702,0.0684931506849315,-0.125,-0.3160919540229885,-2.2472527472527477,-2.177033492822966,-0.968077118866204,-0.2506525322587213,2
1.7636219017404904,1.3719864389939151,0.3038277511961716,0.3685393258426964,0.0,0.5714285714285714,0.1428571428571428,0.4285714285714285,1.0,1.0,-0.0679897096655639,0.0,-1.0,1.0,-0.2885085574572115,-0.0220048899755509,0.5714285714285714,0.5714285714285714,0.2857142857142857,-0.5,0.5,0.0698113207547168,0.6509129967776582,-0.5,0.0,-0.3,-0.0925925925925925,0.2142857142857143,0.2298850574712643,0.0,-0.2808988764044943,0.0,-0.1931818181818181,1.7398373983739832,3.4000000000000004,0.1216216216216214,-0.6712328767123288,-0.2291666666666666,-0.2873563218390805,-1.604395604395605,-2.6124401913875595,-0.9377521321470804,0.3473052528448203,0
2.7481854814991165,1.693988525062794,0.2177033492822949,-0.9393258426966308,0.875,-0.4285714285714285,0.7142857142857143,1.4285714285714286,0.5,0.0,0.0992282249173099,-0.8976660682226213,0.5,0.0,0.3985330073349641,0.4669926650366736,0.1428571428571428,0.4285714285714285,0.0,0.375,1.0,0.0,0.0,-1.0,1.0,-0.08,-0.3703703703703703,0.0,-0.3563218390804596,0.0,0.0674157303370784,0.0,0.3068181818181819,0.0162601626016261,1.528,0.3783783783783784,-0.4931506849315065,0.3125,-0.218390804597701,0.2417582417582413,-1.4354066985645932,-0.3943558551133187,0.9189578116202306,2
0.5533035274016623,0.5912798044293991,0.1315789473684203,1.348314606741574,0.0,0.7142857142857143,1.7142857142857142,1.1428571428571428,-0.5,0.0,-0.6806321205439175,-0.2111310592459606,-1.0,0.5,0.2224938875305629,-0.4009779951100252,0.1428571428571428,0.0,0.5714285714285714,0.5,-0.5,-0.290188679245283,-0.2753311851056212,-0.5,-1.5,-0.42,0.2592592592592592,0.1428571428571428,-0.3103448275862068,9.058823529411764,-1.1573033707865166,0.0,-0.8636363636363635,0.9837398373983738,1.7120000000000002,0.2837837837837837,-0.410958904109589,-0.75,-1.6206896551724137,-0.4120879120879125,0.2822966507177032,0.3943558551133185,0.9189578116202306,1
-0.1088723222151053,0.4540576591862924,-0.5645933014354081,0.8382022471910109,-0.75,0.1428571428571428,0.5714285714285714,0.0,-0.5,2.0,-0.9382579933847848,0.0,-0.5,1.0,-0.4669926650366746,-0.8899755501222476,0.1428571428571428,-0.1428571428571428,-0.1428571428571428,0.875,-0.5,0.0898113207547171,-0.5116362334407447,-0.5,-1.5,0.04,-0.2222222222222222,0.0,0.6436781609195403,1.411764705882353,-0.9775280898876404,0.0,-0.409090909090909,0.2845528455284552,0.4240000000000001,0.8648648648648649,-0.0821917808219177,0.2708333333333333,-1.528735632183908,-0.7967032967032971,-0.4114832535885166,0.5712682150947923,0.8207634412072763,0
0.3196733082741508,-0.3505445286442196,-0.2392344497607667,1.3280898876404497,0.625,0.8571428571428571,0.1428571428571428,0.0,0.0,1.0,0.2723263506063949,0.3324955116696589,-0.5,1.5,-0.4889975550122256,0.977995110024447,-0.7142857142857143,0.0,0.4285714285714285,0.0,2.0,-0.8935849056603772,0.0,-0.5,1.0,-0.54,-0.0555555555555555,0.0,-0.1954022988505746,0.0,0.640449438202247,0.0,-0.534090909090909,0.5691056910569103,-0.1520000000000002,0.0270270270270269,0.6986301369863013,-0.5208333333333334,-0.5804597701149424,0.3021978021978018,0.0334928229665073,0.9680771188662044,-0.2506525322587204,0
0.7454421415809795,-0.243435365344019,0.1315789473684203,1.348314606741574,0.0,0.7142857142857143,1.7142857142857142,1.1428571428571428,-0.5,0.0,-0.6806321205439175,-0.2111310592459606,-1.0,0.5,-0.2665036674816627,1.132029339853299,0.5714285714285714,1.4285714285714286,0.2857142857142857,0.375,-0.5,0.0698113207547168,0.3580379520229143,-1.0,0.0,-0.42,0.7407407407407407,0.6428571428571429,-0.4482758620689653,0.0,-0.4157303370786517,0.0,-0.7272727272727273,0.0569105691056909,0.1519999999999997,-0.0405405405405404,-0.3561643835616437,-1.2916666666666667,-0.4482758620689654,-0.2472527472527476,-0.8038277511961722,0.8978045395707416,-0.4403941515576344,1
0.7507753659508174,0.093364909777473,0.1315789473684203,1.348314606741574,0.0,0.7142857142857143,1.7142857142857142,1.1428571428571428,-0.5,0.0,-0.6806321205439175,-0.2111310592459606,-1.0,0.5,-0.6014669926650359,-0.0440097799510996,0.2857142857142857,0.0,2.5714285714285716,0.0,0.0,-0.782264150943396,0.0,-2.0,0.0,-0.42,0.2407407407407407,0.3571428571428571,-0.4137931034482757,0.0,-0.0898876404494382,1.0714285714285714,-0.3636363636363635,-0.105691056910569,0.1999999999999997,-0.3513513513513512,-0.3972602739726028,-0.7291666666666666,-0.8620689655172412,-0.4230769230769232,0.0095693779904307,-0.101168321987432,-0.9948693233918952,2
0.3084883054749501,-0.3123475653928091,-0.2392344497607667,1.3280898876404497,0.625,0.8571428571428571,0.1428571428571428,0.0,0.0,1.0,0.2723263506063949,0.3324955116696589,-0.5,1.5,-0.4889975550122256,0.977995110024447,-0.7142857142857143,0.0,0.4285714285714285,0.0,2.0,-0.8935849056603772,0.0,-0.5,1.0,-0.54,-0.0555555555555555,0.0,-0.2643678160919538,6.352941176470589,-0.4494382022471909,0.0,0.943181818181818,1.560975609756097,1.0399999999999998,1.0270270270270268,0.9041095890410956,-0.5208333333333334,-1.1609195402298849,0.4175824175824172,0.2631578947368421,-0.2993631229733582,-0.9541392564000488,0
-0.2211107073924703,-0.3214267872688182,-0.3253588516746413,-0.2853932584269681,0.5,0.5714285714285714,0.7142857142857143,-0.1428571428571428,0.5,0.5,-0.0679897096655639,0.2991023339317775,-0.5,-0.5,-0.4889975550122256,0.977995110024447,-0.7142857142857143,0.0,0.4285714285714285,0.0,2.0,-0.8935849056603772,0.0,-0.5,1.0,-0.24,-0.0555555555555555,0.0,0.896551724137931,0.0,0.438202247191011,0.0,1.1818181818181817,-0.3658536585365853,0.5519999999999997,-0.0540540540540541,0.1095890410958905,-0.2083333333333333,-0.82183908045977,-0.6923076923076926,0.2535885167464113,-0.9884683243281114,0.1514277775045766,1
0.7405714641108909,0.5186819396212989,1.4784688995215292,-0.9797752808988776,0.375,0.0,1.5714285714285714,-0.4285714285714285,1.0,-0.5,-0.4355016538037484,0.1996409335727109,1.5,-1.5,-0.8239608801955988,-0.3349633251833746,0.0,-1.1428571428571428,-0.4285714285714285,1.375,0.0,0.2098113207547168,-1.3605442176870746,-0.5,-1.0,-0.52,0.3703703703703703,0.0,-0.5402298850574712,1.2941176470588236,0.1460674157303371,1.4285714285714286,-0.6022727272727271,2.0975609756097553,1.368,-0.2972972972972974,0.178082191780822,-0.9791666666666666,0.8218390804597704,-0.785714285714286,-0.4736842105263156,-0.9987165071710528,-0.0506491688387135,2
0.1213978019583101,-0.1976891093997694,1.9784688995215305,-1.287640449438205,1.625,-0.4285714285714285,-0.2857142857142857,0.0,1.0,0.0,0.8507901506798972,-0.3989228007181328,1.5,-1.0,0.2885085574572136,0.0660146699266505,0.2857142857142857,-0.4285714285714285,0.8571428571428571,0.25,-0.5,-0.3252830188679244,-0.4260651629072681,0.0,0.0,-0.02,0.925925925925926,0.1428571428571428,-0.3563218390804596,0.0,-0.1123595505617977,8.071428571428573,0.2613636363636362,0.1219512195121949,-0.2880000000000001,0.3243243243243241,-0.3287671232876715,-1.0833333333333333,0.908045977011494,1.2252747252747247,0.8373205741626794,-0.2012985200886611,0.9795299412524944,1
0.154656081714084,0.5859783353464056,0.0430622009569372,0.5932584269662915,1.5,0.8571428571428571,0.7142857142857143,0.5714285714285714,1.0,0.5,0.3190003675119441,0.0578096947935368,-1.0,0.5,-0.8239608801955988,-0.3349633251833746,0.0,-1.1428571428571428,-0.4285714285714285,1.375,0.0,0.2098113207547168,-1.3605442176870746,-0.5,-1.0,0.66,0.3703703703703703,1.4285714285714286,0.1494252873563219,1.5294117647058825,0.640449438202247,2.142857142857143,-0.3636363636363635,0.0813008130081299,2.56,0.2297297297297296,0.4931506849315067,0.25,0.8735632183908049,1.0109890109890105,-1.1435406698564592,0.8486442574947509,0.5289640103269624,1
0.0856728376381747,-0.5514558675213818,-0.5861244019138756,1.1640449438202258,-0.5,1.7142857142857142,1.0,1.4285714285714286,-0.5,1.0,-0.8335170893054022,0.0416517055655298,-1.5,1.0,-0.3129584352078244,0.0880195599021993,0.7142857142857143,0.4285714285714285,0.5714285714285714,0.75,0.0,0.0,-0.1732903687790905,-0.5,-1.0,0.06,0.2037037037037037,8.071428571428573,0.4252873563218389,2.2941176470588234,0.0561797752808988,2.857142857142857,0.0681818181818181,0.0894308943089429,-0.5920000000000003,0.0405405405405404,-0.73972602739726,-0.1875,0.0574712643678161,-0.1593406593406596,0.2248803827751197,0.9987165071710528,-0.0506491688387126,1
-0.2712598803862642,-0.1651557846916669,0.1961722488038273,0.2044943820224706,0.75,0.8571428571428571,0.7142857142857143,-0.2857142857142857,-0.5,0.0,0.0466740169055495,0.502692998204668,-0.5,0.0,-0.5574572127139361,0.3765281173594123,-0.7142857142857143,1.8571428571428572,1.0,-0.375,0.5,-1.0664150943396222,0.8950948800572859,-1.0,0.5,0.08,0.1666666666666666,0.5714285714285715,-0.1724137931034482,0.0,-0.6516853932584269,0.5714285714285715,-0.1590909090909091,-0.4634146341463414,0.1999999999999997,-0.3918918918918919,-0.178082191780822,-0.125,-0.0919540229885054,0.0714285714285712,0.6507177033492819,0.9987165071710528,-0.0506491688387126,0
0.2668554470440159,-0.1369626785116643,-0.4354066985645941,-0.1011235955056179,0.25,0.0,1.0,0.4285714285714285,-0.5,1.0,-0.313120176405733,-0.2991023339317774,-0.5,0.5,-0.3789731051344751,0.4889975550122245,0.5714285714285714,0.2857142857142857,0.4285714285714285,0.75,0.5,0.0,-0.2388113139992838,-1.0,0.5,-0.46,-0.2962962962962963,0.2142857142857143,2.597701149425286,0.8235294117647058,0.8764044943820224,0.0,-0.5795454545454545,0.5609756097560973,0.0079999999999996,3.3648648648648645,1.041095890410959,-0.1666666666666666,-0.0114942528735629,-0.5439560439560442,-0.3540669856459329,0.9680771188662044,-0.2506525322587204,2
-0.0745571422780923,0.1941108898730347,0.2822966507177019,-0.0606741573033711,0.5,-0.7142857142857143,0.7142857142857143,0.5714285714285714,1.0,-0.5,-0.0679897096655639,-0.8976660682226213,0.5,-0.5,0.0660146699266507,0.3985330073349611,-0.1428571428571428,0.4285714285714285,0.7142857142857143,0.75,-0.5,-0.5283018867924527,-0.1732903687790905,-0.5,0.0,-0.4,-0.5555555555555556,0.0714285714285714,0.7241379310344828,0.0,0.3483146067415727,9.285714285714286,-0.4545454545454545,0.1219512195121949,-0.6800000000000003,1.0135135135135134,0.2465753424657532,0.1875,0.0862068965517241,-0.153846153846154,0.1387559808612439,0.9680771188662044,-0.2506525322587204,1
0.1114284084303023,-0.406415172872596,0.3492822966507173,0.9191011235955064,1.0,-0.2857142857142857,0.0,-0.4285714285714285,1.0,1.0,0.5023888276368983,0.0,-0.5,1.5,0.0,0.4669926650366736,1.1428571428571428,0.5714285714285714,-0.1428571428571428,0.75,0.0,0.5392452830188679,-0.1117078410311493,-1.0,0.5,0.46,-0.4444444444444444,0.2142857142857143,-0.8850574712643676,0.8823529411764706,0.0,1.3571428571428572,-0.8749999999999999,0.1788617886178861,-4.263256414560602e-16,-0.3783783783783784,0.3287671232876712,0.9583333333333334,-0.3390804597701148,-0.5989010989010992,0.3253588516746409,0.8978045395707416,-0.4403941515576344,2
0.2913251391048111,-0.2015571373830658,0.4354066985645919,0.9191011235955064,1.5,1.0,-0.7142857142857143,0.2857142857142857,1.0,0.0,1.113193678794561,0.2394973070017952,0.5,0.5,-0.6674816625916866,0.0440097799510996,0.5714285714285714,1.1428571428571428,0.1428571428571428,-1.0,0.0,0.1452830188679244,1.3018259935553167,-0.5,0.0,-0.62,-0.4074074074074074,0.0,0.471264367816092,0.0,-0.0337078651685393,0.0714285714285714,-0.318181818181818,0.5691056910569104,0.1359999999999998,0.554054054054054,-0.3835616438356165,-0.2083333333333333,-0.4310344827586207,0.4450549450549447,0.3301435406698563,0.8978045395707416,-0.4403941515576344,0
-0.2712598803862642,-0.2588403021160403,-0.5215311004784686,0.573033707865169,0.375,0.4285714285714285,0.7142857142857143,0.8571428571428571,-0.5,1.0,-0.1312017640573317,-0.2394973070017952,-1.5,1.5,-0.1344743276283612,0.2004889975550115,0.1428571428571428,-0.4285714285714285,1.8571428571428572,0.375,0.0,-0.7007547169811318,-0.4883637665592553,-1.0,-0.5,0.02,0.0,0.2857142857142857,0.471264367816092,0.9411764705882354,-0.3258426966292134,0.2857142857142857,0.4772727272727273,-0.4634146341463414,0.896,-0.3918918918918919,0.1917808219178082,0.0,0.4942528735632189,0.6318681318681318,-0.4641148325358851,0.7907757369376989,-0.6121059825476626,1
0.3683914188760044,0.1488142769037568,-0.935406698564593,-0.55056179775281,-0.5,0.4285714285714285,1.2857142857142858,-0.2857142857142857,0.0,-0.5,-0.9162072767364938,0.326391382405745,-0.5,-1.0,-0.7775061124694371,0.955990220048898,1.0,0.4285714285714285,0.7142857142857143,0.125,0.0,0.0573584905660376,0.1378446115288219,-1.5,0.5,-0.58,-0.6111111111111112,4.571428571428572,0.7241379310344828,19.764705882352946,0.831460674157303,0.0,-0.3295454545454546,0.7235772357723576,1.0799999999999998,0.8648648648648649,0.684931506849315,0.0625,0.4597701149425288,-0.2032967032967036,-0.6028708133971292,0.7907757369376989,-0.6121059825476626,0
0.1114214390236585,-0.5514558675213818,-1.0430622009569372,-0.5932584269662935,-0.5,-0.7142857142857143,1.0,1.0,0.0,-0.5,-0.8335170893054022,-1.014721723518851,0.0,-1.0,-0.8899755501222495,-0.3349633251833746,0.8571428571428571,0.5714285714285714,0.4285714285714285,0.5,0.5,0.1256603773584905,0.0,-1.5,-0.5,0.28,0.2037037037037037,0.0,-0.2298850574712643,2.6470588235294117,-0.797752808988764,4.5,-0.4886363636363635,1.48780487804878,-0.6960000000000005,-0.0675675675675678,-0.3972602739726025,0.0416666666666666,-0.3045977011494251,1.1868131868131866,-0.1770334928229664,0.6513724827222223,-0.758758122692791,2
-0.2712598803862642,-0.2914912116105175,-0.3684210526315786,0.1842696629213482,0.75,1.0,-0.4285714285714285,0.5714285714285714,0.0,-0.5,0.6975376699742745,0.1120287253141831,0.0,-0.5,0.7555012224938883,-0.5330073349633242,0.5714285714285714,-0.5714285714285714,0.7142857142857143,0.75,-0.5,-0.1256603773584905,-0.7457930540637305,1.5,-1.5,0.08,-0.037037037037037,0.0714285714285714,-0.4712643678160919,5.235294117647059,0.4943820224719098,0.0714285714285714,-0.4545454545454545,-0.4634146341463414,0.0639999999999999,-0.3918918918918919,0.4246575342465752,0.1041666666666666,-0.3045977011494251,-0.1318681318681321,0.3923444976076556,0.6513724827222223,-0.758758122692791,0
0.2668554470440159,-0.1630804836221013,0.4569377990430616,-0.4089887640449452,2.25,0.4285714285714285,-0.4285714285714285,0.8571428571428571,-0.5,-0.5,1.0551267916207276,-0.2394973070017952,-0.5,-0.5,0.5990220048899761,0.3545232273838614,0.1428571428571428,0.5714285714285714,0.0,0.5,1.0,0.0,0.0,0.5,0.5,-0.46,-0.4629629629629629,0.0,0.1839080459770116,0.2352941176470588,0.2022471910112359,0.0,0.9545454545454544,1.8617886178861776,0.7839999999999999,0.5135135135135134,0.1232876712328765,0.0208333333333333,0.8045977011494253,-0.6428571428571432,-0.1387559808612442,0.485301962531081,-0.8743466161445821,2
-0.0231909955238989,0.1941108898730347,0.3708133971291849,-0.4292134831460696,-0.5,0.5714285714285714,2.7142857142857144,0.4285714285714285,0.0,0.0,-1.1911062109518558,0.0,0.5,-1.0,-0.5574572127139361,0.0440097799510996,0.1428571428571428,-0.2857142857142857,0.0,0.625,-0.5,0.0,-0.5012531328320802,-0.5,-0.5,-0.22,-0.5555555555555556,0.7142857142857143,0.4367816091954023,0.0,1.3370786516853927,8.214285714285715,1.2159090909090908,0.1219512195121952,-0.5360000000000005,0.5270270270270271,-0.5616438356164385,0.375,-0.1494252873563215,-0.3791208791208794,0.1052631578947369,0.485301962531081,-0.8743466161445821,2
0.0282558962507569,-0.406415172872596,-0.129186602870814,-0.6943820224719114,-0.25,0.5714285714285714,1.0,0.1428571428571428,0.0,0.5,-0.6332230797500917,0.1382405745062836,0.0,-0.5,0.3765281173594131,-0.0220048899755509,0.7142857142857143,1.0,0.1428571428571428,-0.125,0.5,0.2098113207547168,0.5116362334407447,1.0,-1.0,-0.34,-0.4444444444444444,0.0,-0.3563218390804596,0.0,-1.1011235955056178,11.571428571428571,0.1477272727272726,0.4552845528455282,-0.1040000000000002,0.1891891891891889,0.73972602739726,0.125,-0.6609195402298849,0.1483516483516481,-0.0047846889952153,0.299363122973358,-0.9541392564000488,0
0.2913251391048111,-0.1544002842636896,1.0215311004784675,0.4089887640449432,0.75,1.8571428571428572,-0.1428571428571428,-0.8571428571428571,0.0,1.0,0.4972436604189639,1.154039497307002,0.0,0.5,-0.5794621026894871,0.4229828850855739,0.2857142857142857,1.1428571428571428,0.5714285714285714,-0.125,1.0,-0.2098113207547168,0.5556749015395631,-1.0,-0.5,-0.62,0.3333333333333333,0.0,0.4482758620689657,7.529411764705883,1.7865168539325835,3.0000000000000004,0.5681818181818183,0.6422764227642274,-0.3600000000000002,-0.2567567567567568,0.7671232876712325,-1.0416666666666667,-0.4827586206896551,0.4450549450549447,-0.5263157894736842,0.299363122973358,-0.9541392564000488,1
-0.1240110206381348,0.1129186445277849,0.1315789473684203,-0.4898876404494388,0.25,0.5714285714285714,0.0,0.5714285714285714,0.5,-0.5,0.1716280779125324,-0.0617594254937163,0.5,-1.5,0.0440097799510997,-0.8899755501222476,1.5714285714285714,-0.5714285714285714,-0.8571428571428571,1.0,0.0,1.1611320754716976,-0.8263515932688864,0.0,-0.5,0.02,-0.6296296296296297,0.2142857142857143,0.5632183908045979,2.1764705882352944,1.224719101123595,0.5714285714285715,-0.2045454545454544,0.8536585365853655,0.5599999999999998,0.5270270270270271,1.013698630136986,0.7083333333333334,0.7873563218390807,0.0219780219780215,-0.0191387559808611,0.1011683219874327,-0.994869323391895,2
0.0403291231983835,-0.0159626099189322,-0.5215311004784686,-0.2044943820224726,-0.125,0.1428571428571428,0.4285714285714285,1.8571428571428572,0.0,-0.5,-0.3076074972436602,-0.666786355475763,-0.5,-1.0,0.5110024449877766,-0.7995110024449863,-0.7142857142857143,0.8571428571428571,1.4285714285714286,0.625,0.0,-1.1611320754716976,0.0544217687074829,0.0,-1.5,0.1,-0.6111111111111112,0.0,-0.5172413793103448,4.705882352941177,1.696629213483145,0.2142857142857143,0.5681818181818183,0.2601626016260162,-0.36,0.8783783783783786,0.657534246575342,0.7708333333333334,-0.1436781609195402,-0.4670329670329674,-0.2440191387559809,0.1011683219874327,-0.994869323391895,2
0.1230019361411638,-0.2914912116105175,-1.435406698564594,-0.9797752808988776,-0.75,-0.4285714285714285,-0.2857142857142857,0.8571428571428571,0.0,0.0,-0.4920984932010289,-0.747935368043088,-0.5,0.0,0.5330073349633254,0.7334963325183357,0.0,0.4285714285714285,0.5714285714285714,0.625,1.5,-0.3773584905660375,-0.1192266380236304,0.0,1.5,0.28,-0.037037037037037,0.0,1.64367816091954,8.705882352941178,0.0561797752808988,0.0,0.0340909090909091,1.1544715447154468,0.192,1.5135135135135134,-0.6986301369863013,0.3125,-0.2126436781609193,1.0494505494505493,0.076555023923445,-0.101168321987432,-0.9948693233918952,1
-0.197031589073533,-0.5514558675213818,0.1315789473684203,-0.3460674157303373,0.5,1.0,0.0,-0.5714285714285714,0.0,0.0,0.2995222344726204,0.7479353680430882,0.0,0.0,-0.2444987775061117,-0.9119804400977986,-0.2857142857142857,0.7142857142857143,-0.8571428571428571,0.375,0.0,0.4354716981132072,0.1192266380236304,0.5,-1.5,0.08,0.2037037037037037,0.0,0.0229885057471265,0.0,-0.3146067415730337,0.0,0.1136363636363638,0.2195121951219509,-0.6480000000000004,-0.2972972972972972,-0.2602739726027395,-0.1666666666666666,0.2701149425287358,-0.0439560439560441,0.3588516746411483,-0.101168321987432,-0.9948693233918952,2
-0.0231909955238989,-0.3890289815226724,-0.6076555023923453,0.348314606741572,-0.375,-0.4285714285714285,0.2857142857142857,2.5714285714285716,0.5,0.0,-0.4355016538037484,-1.097307001795332,-0.5,0.5,0.8655256723716388,0.5770171149144239,0.1428571428571428,0.0,0.2857142857142857,0.0,0.0,-0.1573584905660377,0.0,0.5,0.5,-0.22,-0.4629629629629629,4.214285714285714,1.4367816091954022,0.5294117647058824,0.3033707865168538,0.0,-0.6704545454545454,0.6504065040650405,-0.3200000000000003,2.108108108108108,0.452054794520548,0.2708333333333333,0.2701149425287358,-0.3351648351648356,0.076555023923445,-0.2993631229733582,-0.9541392564000488,2
0.6539395050529736,-0.0021415328594091,-0.2392344497607667,-0.5932584269662935,0.125,0.1428571428571428,-0.2857142857142857,0.0,1.0,-0.5,0.2995222344726204,0.0,0.5,-0.5,-0.5794621026894871,0.5330073349633242,0.4285714285714285,2.5714285714285716,0.0,-0.5,-0.5,0.1573584905660375,1.0941639813820263,-0.5,-0.5,-0.5,-0.5185185185185185,0.0,0.5287356321839082,0.0588235294117647,1.921348314606741,0.0,1.5795454545454544,-0.3333333333333332,0.04,0.8513513513513512,-0.2876712328767125,0.0416666666666666,0.166666666666667,0.2857142857142855,-0.2248803827751195,-0.2993631229733582,-0.9541392564000488,1
0.0282558962507569,-0.1782708623078128,0.0861244019138745,-0.1213483146067423,0.375,-0.1428571428571428,-0.1428571428571428,0.8571428571428571,0.0,0.0,0.3314957736126426,-0.5522441651705566,0.0,0.0,-0.8679706601466985,-0.6014669926650368,-0.5714285714285714,0.1428571428571428,2.0,0.5,0.0,-1.1566037735849053,-0.1990691013247403,-2.0,-1.0,-0.34,0.3333333333333333,0.0,-0.1494252873563217,0.8823529411764706,0.6741573033707864,0.0,0.3977272727272729,0.4227642276422765,0.5999999999999998,0.2432432432432433,-0.3835616438356165,-0.75,0.1609195402298853,0.9120879120879118,-0.5645933014354065,-0.4853019625310808,-0.8743466161445822,1
-0.0299947377000255,0.0255874291855289,0.0430622009569372,0.2651685393258418,-0.25,0.7142857142857143,0.5714285714285714,0.1428571428571428,0.0,1.0,-0.4674751929437706,0.1996409335727109,0.0,1.0,1.6674816625916888,1.110024449877748,2.142857142857143,0.8571428571428571,-0.7142857142857143,-0.25,0.0,1.1566037735849053,0.5506623702112424,2.0,0.0,-0.38,-0.6666666666666666,0.0,-0.8850574712643676,0.0588235294117647,-0.1123595505617977,0.0,0.943181818181818,0.6829268292682923,0.1519999999999996,1.7567567567567564,0.4931506849315065,0.3333333333333333,-0.1264367816091951,0.8131868131868131,0.5933014354066984,-0.4853019625310808,-0.8743466161445822,2
-0.1240110206381348,0.1488142769037568,-0.282296650717704,0.123595505617977,-0.5,0.4285714285714285,0.5714285714285714,-0.1428571428571428,-0.5,0.5,-0.6806321205439175,0.2341113105924597,-1.0,0.5,-0.0684596577017105,0.4889975550122245,0.7142857142857143,-0.8571428571428571,0.5714285714285714,1.25,0.0,0.0,-1.1016827783745071,0.5,0.0,0.02,-0.6111111111111112,0.1428571428571428,-0.0919540229885056,0.0,-0.49438202247191,0.0,-0.0795454545454544,-0.1626016260162602,0.632,-0.3918918918918919,-0.273972602739726,0.6875,0.4022988505747126,0.714285714285714,-0.3827751196172248,-0.651372482722222,-0.7587581226927911,2
0.0403291231983835,-0.0465540020793634,-0.5430622009569384,-0.4898876404494388,0.5,0.0,0.7142857142857143,0.2857142857142857,0.5,0.0,-0.0679897096655639,-0.2341113105924595,-0.5,-0.5,0.7114914425427885,0.0220048899755487,0.5714285714285714,1.4285714285714286,-0.5714285714285714,-0.75,0.0,0.6290566037735846,1.1016827783745071,1.0,0.0,0.1,-0.6296296296296297,7.214285714285714,1.2183908045977012,2.411764705882353,-0.2584269662921348,0.1428571428571428,-0.0795454545454544,1.0162601626016254,0.4479999999999997,1.148648648648649,-0.5616438356164383,0.7916666666666666,0.5804597701149427,-0.2857142857142858,-0.1244019138755981,-0.651372482722222,-0.7587581226927911,1
-0.1437634439680551,0.1589963432620172,0.4138755980861243,-0.3056179775280905,0.125,-0.2857142857142857,0.5714285714285714,-0.8571428571428571,0.0,0.5,-0.2094818081587649,0.4143626570915618,0.5,0.5,0.8435207823960879,-0.1784841075794627,1.7142857142857142,0.1428571428571428,0.4285714285714285,-0.375,1.0,0.4192452830188677,0.3580379520229143,0.5,0.5,0.32,-0.5555555555555556,11.928571428571429,-0.4367816091954021,0.1176470588235294,1.3707865168539322,21.85714285714286,-0.1249999999999999,-0.2113821138211382,-0.5040000000000002,-0.0405405405405406,1.095890410958904,0.9375,0.1149425287356322,0.3846153846153842,0.2105263157894736,-0.8978045395707417,-0.4403941515576342,2
-0.1687512408978696,-0.0902721282876356,0.0861244019138745,0.7146067415730338,0.0,0.1428571428571428,-0.1428571428571428,0.2857142857142857,0.5,0.5,0.1157662624035284,-0.1497307001795332,0.5,0.5,0.4449877750611258,-1.400977995110023,-0.2857142857142857,-0.8571428571428571,2.5714285714285716,-0.375,0.0,-1.0709433962264148,-0.4131757966344432,0.5,-0.5,-0.4,0.1666666666666666,0.0,0.2528735632183907,0.0,1.044943820224719,1.3571428571428572,0.2386363636363635,-0.08130081300813,0.984,-0.3648648648648649,0.26027397260274,-0.625,-0.2758620689655171,0.0549450549450545,0.9665071770334928,-0.968077118866204,-0.2506525322587213,1
0.5591703236667794,0.1129186445277849,0.999999999999998,1.4516853932584288,0.125,2.142857142857143,-0.7142857142857143,-0.7142857142857143,0.0,1.5,0.6887173833149578,1.1005385996409336,0.5,2.0,0.1320293398533014,0.689486552567236,1.5714285714285714,0.4285714285714285,-0.2857142857142857,-0.5,0.5,0.7547169811320751,0.5968492660221981,-1.0,1.0,-0.62,-0.6296296296296297,0.0,-0.379310344827586,0.1764705882352941,-0.303370786516854,0.0,-0.6136363636363636,-0.0162601626016261,0.4639999999999998,-0.0945945945945944,-0.3561643835616437,0.0416666666666666,0.5402298850574716,0.7692307692307693,-0.1674641148325358,-0.9987165071710528,-0.0506491688387135,1
0.2546589032625731,-0.1435191830100166,0.564593301435406,-0.1438202247191014,-0.125,0.7142857142857143,0.7142857142857143,0.5714285714285714,0.0,1.0,-0.4355016538037484,0.0,0.5,0.5,0.6894865525672376,0.1540342298288499,1.0,0.4285714285714285,-0.4285714285714285,-0.25,0.0,0.6792452830188679,0.389187253848908,1.0,0.0,-0.56,-0.4074074074074074,10.142857142857142,1.2758620689655171,0.0,-0.0674157303370787,0.0,-0.1818181818181817,0.3821138211382114,-2.842170943040401e-16,1.3378378378378375,-0.589041095890411,-0.1458333333333333,0.1494252873563223,-0.2692307692307695,0.7320574162679424,-0.9884683243281114,0.1514277775045766,0
0.6821044692700654,0.3291085743714029,0.4569377990430616,0.6943820224719094,0.875,1.7142857142857142,-1.1428571428571428,0.4285714285714285,0.0,0.5,1.402058066887174,0.3989228007181328,0.5,0.5,0.9339853300733516,1.0880195599021971,0.1428571428571428,0.1428571428571428,-1.0,-0.75,0.0,0.8803773584905656,0.7372001432151806,1.0,0.5,-0.5,-0.6666666666666666,0.0,0.0804597701149424,0.0,0.2921348314606738,0.0,0.4431818181818182,-0.1544715447154471,0.3680000000000001,0.0270270270270271,-0.602739726027397,0.2083333333333333,0.3218390804597702,0.6758241758241756,1.0956937799043065,-0.72479278722912,0.6889669190756865,0
-0.1437029570947096,-0.2441870574164764,0.8038277511961706,0.0808988764044935,1.75,0.1428571428571428,-0.4285714285714285,-0.2857142857142857,1.5,0.5,0.9654538772510108,0.1795332136445244,1.0,0.5,1.1784841075794632,0.6674816625916852,2.857142857142857,0.8571428571428571,-0.4285714285714285,-0.375,0.5,1.092452830188679,0.644468313641246,1.0,1.0,-0.4,-0.4074074074074074,1.2142857142857144,-0.482758620689655,0.0,-0.5842696629213483,0.0,-0.4886363636363635,0.1788617886178861,1.0639999999999996,-0.3648648648648649,-0.6575342465753422,0.0208333333333333,-0.5114942528735632,0.1043956043956039,0.8181818181818178,-0.5712682150947924,0.8207634412072763,2
0.4344109465126987,-0.1435191830100166,0.6100478468899517,0.7775280898876417,-0.125,0.1428571428571428,0.1428571428571428,-1.0,1.5,0.5,-0.1554575523704518,0.83770197486535,1.0,1.0,0.5110024449877766,1.1564792176039096,-0.2857142857142857,2.7142857142857144,0.5714285714285714,-0.375,1.5,-0.5743396226415093,1.036519871106337,0.5,1.0,-0.62,-0.4074074074074074,0.0,-0.1379310344827585,0.0,-0.2359550561797753,0.0,-0.818181818181818,-0.4065040650406506,0.4079999999999997,0.4324324324324323,-0.0273972602739727,-0.2083333333333333,0.1321839080459772,0.2802197802197799,0.9617224880382772,0.20129852008866,0.9795299412524944,1
0.3412136531088833,1.5227394516001174,0.1961722488038273,0.0,0.125,-0.2857142857142857,1.0,0.2857142857142857,0.0,-0.5,-0.384785005512679,-0.4272890484739677,0.0,0.0,1.599022004889976,-0.9999999999999978,0.5714285714285714,-0.1428571428571428,1.4285714285714286,-0.375,-0.5,-0.3773584905660375,0.1990691013247403,1.5,-1.5,1.1,-0.5740740740740741,0.0,-0.3103448275862068,9.294117647058824,2.8314606741573027,13.285714285714288,0.5227272727272726,1.0406504065040647,-0.0720000000000003,0.5810810810810809,2.095890410958904,1.7708333333333333,-0.1379310344827585,1.0439560439560436,-0.4114832535885168,-0.651372482722222,-0.7587581226927911,0
1.4967308541869886,1.452572878431498,-0.8923444976076557,-0.3685393258426984,-0.125,-1.0,-0.2857142857142857,1.5714285714285714,-0.5,0.0,0.1363469312752665,-1.3644524236983844,-0.5,-1.0,0.1540342298288502,0.132029339853299,1.0,-0.1428571428571428,1.2857142857142858,0.25,-0.5,-0.1528301886792451,-0.2334407447189401,-0.5,0.0,0.5,-0.1481481481481481,0.2857142857142857,1.735632183908046,1.9411764705882353,2.8426966292134828,0.0,-0.7727272727272726,1.4471544715447149,1.016,2.581081081081081,3.671232876712328,0.6666666666666666,0.4655172413793104,-0.6868131868131873,-0.5598086124401913,-0.968077118866204,-0.2506525322587213,1
0.9708883748785492,0.6497981927281707,1.9784688995215305,-1.287640449438205,1.625,-0.4285714285714285,-0.2857142857142857,0.0,1.0,0.0,0.8507901506798972,-0.3989228007181328,1.5,-1.0,-0.0440097799510997,0.0660146699266505,0.1428571428571428,0.0,1.5714285714285714,0.5,-0.5,-0.6290566037735847,-0.2753311851056212,-1.0,-1.0,-0.02,1.5185185185185186,0.2857142857142857,-0.5402298850574712,1.7058823529411764,0.0449438202247189,0.0,-0.7727272727272726,0.6260162601626016,0.0559999999999999,-0.0945945945945947,0.2602739726027395,-1.75,0.4655172413793104,1.3406593406593403,1.0287081339712918,-0.968077118866204,-0.2506525322587213,1
-0.1393248117728834,0.2208943533166897,0.3253588516746392,-0.9191011235955084,1.0,0.1428571428571428,-0.4285714285714285,1.2857142857142858,0.5,-0.5,0.7802278574053658,-0.5213644524236984,0.5,-1.5,0.2885085574572136,0.0660146699266505,0.2857142857142857,-0.4285714285714285,0.8571428571428571,0.25,-0.5,-0.3252830188679244,-0.4260651629072681,0.0,0.0,0.44,0.925925925925926,0.0,-0.2413793103448275,0.0,-0.4494382022471909,0.0,0.0340909090909091,0.1951219512195123,-0.3840000000000001,-0.081081081081081,-0.1917808219178082,-0.6041666666666666,0.6724137931034485,0.5659340659340658,0.937799043062201,-0.9987165071710528,-0.0506491688387135,1
1.5505823179958127,0.6497981927281707,0.0645933014354048,0.0606741573033691,0.75,0.0,1.4285714285714286,0.2857142857142857,-0.5,-0.5,-0.2168320470415286,-0.2341113105924595,-0.5,0.0,-0.0440097799510997,0.0660146699266505,0.1428571428571428,0.0,1.5714285714285714,0.5,-0.5,-0.6290566037735847,-0.2753311851056212,-1.0,-1.0,-0.06,1.5185185185185186,13.5,3.1724137931034475,0.8235294117647058,0.4157303370786515,1.2857142857142858,0.2840909090909093,2.3821138211382107,-0.1520000000000002,3.013513513513513,-0.5616438356164385,-1.7916666666666667,0.9425287356321844,-0.862637362637363,1.1100478468899522,-0.848644257494751,0.5289640103269624,2
0.9708883748785492,1.3915486043086662,1.9784688995215305,-1.287640449438205,1.625,-0.4285714285714285,-0.2857142857142857,0.0,1.0,0.0,0.8507901506798972,-0.3989228007181328,1.5,-1.0,-0.8239608801955988,-0.3349633251833746,0.0,-1.1428571428571428,-0.4285714285714285,1.375,0.0,0.2098113207547168,-1.3605442176870746,-0.5,-1.0,-0.02,0.3703703703703703,1.0,-0.1379310344827585,1.1764705882352942,1.426966292134831,1.2857142857142858,0.2840909090909093,-0.1300813008130081,1.7839999999999998,0.0945945945945947,0.6712328767123285,-0.4583333333333333,0.9425287356321844,1.1098901098901093,-0.6220095693779903,-0.848644257494751,0.5289640103269624,1
-0.1393248117728834,1.6619519179988334,0.3253588516746392,-0.9191011235955084,1.0,0.1428571428571428,-0.4285714285714285,1.2857142857142858,0.5,-0.5,0.7802278574053658,-0.5213644524236984,0.5,-1.5,1.599022004889976,-0.9999999999999978,0.5714285714285714,-0.1428571428571428,1.4285714285714286,-0.375,-0.5,-0.3773584905660375,0.1990691013247403,1.5,-1.5,0.44,-0.5740740740740741,0.0714285714285714,-0.1954022988505746,0.0,-0.5505617977528089,1.5000000000000002,1.1590909090909092,0.2926829268292682,0.9120000000000004,1.2027027027027026,1.287671232876712,1.0833333333333333,0.7126436781609199,0.7692307692307693,-0.291866028708134,-0.72479278722912,0.6889669190756865,0
0.9029416405322558,1.41583059103988,-0.129186602870814,0.0,0.0,0.1428571428571428,1.7142857142857142,0.5714285714285714,-0.5,-0.5,-0.6806321205439175,-0.2761220825852783,-1.0,-1.0,-0.8239608801955988,-0.3349633251833746,0.0,-1.1428571428571428,-0.4285714285714285,1.375,0.0,0.2098113207547168,-1.3605442176870746,-0.5,-1.0,1.74,0.3703703703703703,0.1428571428571428,0.0459770114942531,0.0,0.393258426966292,3.5000000000000004,-0.5568181818181818,0.3577235772357723,0.8799999999999999,0.337837837837838,0.4246575342465755,1.375,0.5000000000000002,1.192307692307692,-0.4497607655502393,-0.2012985200886611,0.9795299412524944,0
1.5505823179958127,0.7956659052484152,0.0645933014354048,0.0606741573033691,0.75,0.0,1.4285714285714286,0.2857142857142857,-0.5,-0.5,-0.2168320470415286,-0.2341113105924595,-0.5,0.0,2.1100244498777525,-1.3349633251833724,2.0,-0.5714285714285714,-0.4285714285714285,0.0,0.0,0.943396226415094,-0.3977801646974578,1.5,-1.0,-0.06,-0.1111111111111111,0.0,-0.6321839080459769,0.0,-0.2696629213483146,1.3571428571428572,-0.2954545454545454,1.4796747967479669,-0.0080000000000001,-0.0135135135135134,-0.6986301369863013,0.0416666666666666,0.5574712643678164,-0.6208791208791211,1.066985645933014,-0.2012985200886611,0.9795299412524944,0
0.9708883748785492,0.6210332879632157,1.9784688995215305,-1.287640449438205,1.625,-0.4285714285714285,-0.2857142857142857,0.0,1.0,0.0,0.8507901506798972,-0.3989228007181328,1.5,-1.0,0.0880195599022017,-0.4449877750611248,-0.4285714285714285,-0.4285714285714285,0.5714285714285714,1.625,0.0,-0.6860377358490565,-0.8950948800572859,0.0,-0.5,-0.02,-0.2037037037037037,0.0,-0.5977011494252872,0.0,-0.9550561797752808,0.3571428571428571,0.6250000000000001,-0.3983739837398373,-0.616,1.0405405405405406,1.136986301369863,0.1875,0.9195402298850576,1.082417582417582,0.7942583732057412,0.5712682150947923,0.8207634412072763,2
-0.0562124094918726,2.1704749170833986,-0.2392344497607667,1.3280898876404497,0.625,0.8571428571428571,0.1428571428571428,0.0,0.0,1.0,0.2723263506063949,0.3324955116696589,-0.5,1.5,-0.3569682151589241,0.1100244498777502,-0.7142857142857143,-0.2857142857142857,0.1428571428571428,0.375,0.0,-0.7769811320754716,-0.389187253848908,-0.5,0.0,-0.54,-0.4444444444444444,0.0,0.3333333333333335,1.7058823529411764,-0.1685393258426966,0.0,-0.4431818181818182,-0.2682926829268293,0.1839999999999996,0.5405405405405408,-0.3972602739726025,-0.0833333333333333,-0.0459770114942527,0.2142857142857138,0.6794258373205743,0.6513724827222223,-0.758758122692791,1
1.5853857218244087,0.8684545872563801,-0.6315789473684214,-0.1842696629213502,0.5,-0.1428571428571428,0.4285714285714285,0.2857142857142857,0.0,-0.5,0.0632120543917677,-0.326391382405745,-1.0,-0.5,-0.5794621026894871,0.4889975550122245,0.5714285714285714,0.8571428571428571,0.1428571428571428,0.25,0.0,0.1452830188679244,0.2388113139992838,-0.5,-0.5,-0.44,0.1111111111111111,0.0714285714285714,-0.6321839080459769,1.0588235294117647,-0.5505617977528089,6.571428571428571,1.1136363636363635,0.4878048780487803,-0.4880000000000005,1.6621621621621618,1.2328767123287667,-0.6041666666666666,0.6609195402298851,0.1483516483516481,0.6267942583732055,0.485301962531081,-0.8743466161445821,1
1.4384664207541948,1.7256825355684648,1.2177033492822948,0.573033707865169,0.0,0.0,-0.1428571428571428,0.0,1.5,1.5,0.1157662624035284,-0.0854578096947935,2.0,1.0,-0.1784841075794609,-0.6014669926650368,0.5714285714285714,0.2857142857142857,1.5714285714285714,0.0,0.0,-0.4192452830188677,0.1493018259935551,-0.5,-0.5,-0.62,-0.5185185185185185,0.0,-0.8505747126436779,0.0,0.2022471910112359,6.5,0.8295454545454544,0.4146341463414633,0.5279999999999999,1.5810810810810807,-0.0273972602739729,-0.0833333333333333,0.574712643678161,0.8406593406593401,-0.1770334928229664,0.485301962531081,-0.8743466161445821,2
0.6924474572987226,0.8604964671039488,1.0669856459330134,-0.3056179775280905,1.625,0.7142857142857143,-0.5714285714285714,0.5714285714285714,1.5,0.5,1.0345461227489896,0.0,2.0,-0.5,0.2224938875305629,-0.4009779951100252,0.1428571428571428,0.0,0.5714285714285714,0.5,-0.5,-0.290188679245283,-0.2753311851056212,-0.5,-1.5,-0.24,0.2592592592592592,0.0,0.1034482758620692,6.176470588235294,-1.0337078651685392,1.0,0.7613636363636365,2.3414634146341458,0.0719999999999999,0.3783783783783782,1.3972602739726028,-0.5625,0.9655172413793108,-0.8131868131868134,0.4210526315789472,0.299363122973358,-0.9541392564000488,2
0.7837631666894207,2.05582864669332,0.1315789473684203,1.348314606741574,0.0,0.7142857142857143,1.7142857142857142,1.1428571428571428,-0.5,0.0,-0.6806321205439175,-0.2111310592459606,-1.0,0.5,0.5990220048899761,-0.977995110024449,0.0,-0.5714285714285714,1.1428571428571428,1.75,0.5,-0.5856603773584904,-1.0068027210884352,0.5,-1.0,-0.42,0.1666666666666666,0.3571428571428571,-0.2298850574712643,0.4117647058823529,-0.1797752808988765,0.0,-0.2159090909090909,0.032520325203252,0.4079999999999998,-0.3918918918918919,-0.684931506849315,-0.6458333333333334,-0.0172413793103446,-0.1923076923076927,0.8373205741626794,0.299363122973358,-0.9541392564000488,1
2.256521192782208,1.1311433943708349,-1.0,0.0404494382022467,-0.875,1.5714285714285714,0.1428571428571428,-0.2857142857142857,-0.5,-0.5,-0.9253950753399484,0.7181328545780968,-1.0,-1.0,0.3765281173594131,-0.7555012224938866,-0.5714285714285714,-0.8571428571428571,0.0,1.125,-0.5,-0.5550943396226414,-1.074113856068743,0.0,-1.0,-0.58,0.5370370370370371,0.2142857142857143,0.7126436781609193,10.235294117647058,-0.595505617977528,0.9285714285714288,0.6931818181818181,-0.0243902439024392,-0.0960000000000001,-0.3648648648648649,0.780821917808219,-1.2291666666666667,-0.1839080459770112,-0.3131868131868133,0.3971291866028706,0.1011683219874327,-0.994869323391895,1
1.9199274000464603,0.4442056088285214,0.2177033492822949,-0.9191011235955084,0.0,-0.8571428571428571,-0.5714285714285714,0.1428571428571428,-0.5,-0.5,0.4726203601617054,-0.8976660682226213,0.0,-0.5,-0.4669926650366746,-0.8899755501222476,0.1428571428571428,-0.1428571428571428,-0.1428571428571428,0.875,-0.5,0.0898113207547171,-0.5116362334407447,-0.5,-1.5,-0.36,-0.2222222222222222,0.0,0.4252873563218389,2.411764705882353,-0.9999999999999998,0.0,0.5227272727272726,0.3739837398373982,0.0639999999999999,-0.2837837837837837,1.0684931506849311,-0.1458333333333333,0.0402298850574714,-0.3681318681318685,-0.3444976076555024,0.1011683219874327,-0.994869323391895,1
2.8185070455177814,1.409911443150744,0.6100478468899517,-0.3258426966292149,0.75,-0.5714285714285714,0.2857142857142857,1.2857142857142858,0.0,-0.5,0.2488055861815512,-0.9666068222621186,0.0,-1.0,0.0880195599022017,-0.4449877750611248,-0.4285714285714285,-0.4285714285714285,0.5714285714285714,1.625,0.0,-0.6860377358490565,-0.8950948800572859,0.0,-0.5,-0.2,-0.2037037037037037,0.0,-0.1034482758620687,10.588235294117649,-0.797752808988764,0.0714285714285714,-0.4204545454545453,0.9593495934959346,0.5599999999999998,0.0,-0.3150684931506847,0.0,-0.1839080459770112,0.9450549450549448,0.7894736842105262,-0.101168321987432,-0.9948693233918952,0
1.899041480584761,1.2055385148924116,-0.064593301435407,0.7550561797752806,0.5,2.142857142857143,-0.2857142857142857,-0.5714285714285714,0.0,1.5,0.4913634693127528,1.0096947935368044,-0.5,1.0,-0.0220048899755487,0.5330073349633242,0.1428571428571428,1.0,-0.1428571428571428,-1.125,0.0,0.0898113207547171,1.4321518080916575,-1.0,0.5,-0.4,-0.5555555555555556,0.0,-0.2068965517241378,0.0,0.0561797752808988,5.142857142857143,0.6931818181818181,0.9024390243902436,-0.4480000000000002,0.662162162162162,-0.0136986301369864,0.1875,0.574712643678161,-0.2142857142857146,0.6267942583732058,-0.101168321987432,-0.9948693233918952,1
1.9899568534216152,1.623532788687899,0.0645933014354048,0.573033707865169,0.625,1.4285714285714286,0.5714285714285714,0.0,-0.5,1.0,0.0543917677324514,0.5213644524236984,-1.0,0.5,0.1540342298288502,0.132029339853299,1.0,-0.1428571428571428,1.2857142857142858,0.25,-0.5,-0.1528301886792451,-0.2334407447189401,-0.5,0.0,-0.48,-0.1481481481481481,0.4285714285714286,0.4597701149425287,0.0,0.2696629213483144,0.0,-0.9431818181818182,0.2113821138211381,-0.5200000000000002,1.2837837837837835,0.73972602739726,-0.3541666666666667,-0.0344827586206893,-0.32967032967033,0.2679425837320575,-0.2993631229733582,-0.9541392564000488,1
0.1432356129225768,1.3728030636629176,0.6315789473684192,-0.224719101123597,0.25,0.8571428571428571,-0.1428571428571428,0.0,1.0,0.0,0.2660786475560456,0.3324955116696589,1.0,-0.5,0.7334963325183373,-0.5794621026894858,-0.4285714285714285,0.5714285714285714,0.5714285714285714,0.25,0.0,-0.6860377358490565,0.1278195488721802,0.5,-1.0,-0.54,-0.5,0.2857142857142857,0.2413793103448277,7.529411764705883,-1.0337078651685392,4.214285714285714,0.943181818181818,0.3902439024390242,0.5199999999999998,0.432432432432432,1.616438356164383,-0.0208333333333333,0.741379310344828,0.291208791208791,-0.0334928229665073,-0.2993631229733582,-0.9541392564000488,0
2.931302814835198,2.2144422457275064,-0.5430622009569384,0.2044943820224706,0.25,1.1428571428571428,-0.1428571428571428,0.5714285714285714,0.0,0.5,0.2660786475560456,0.163375224416517,-1.0,0.5,0.9095354523227386,-0.2004889975550115,0.4285714285714285,0.4285714285714285,-0.1428571428571428,1.375,0.0,0.2460377358490566,-0.3977801646974578,2.0,-0.5,-0.08,-0.5185185185185185,0.0,-0.8965517241379308,0.3529411764705882,0.1573033707865166,11.142857142857144,0.0795454545454546,0.8211382113821136,-0.6000000000000002,0.7432432432432432,-0.63013698630137,0.4791666666666667,-0.5804597701149424,-1.263736263736264,-0.2535885167464113,-0.4853019625310808,-0.8743466161445822,2
1.7358240988387266,0.204228094049186,-1.3708133971291872,1.1438202247191014,-0.125,0.1428571428571428,0.4285714285714285,-0.2857142857142857,0.0,1.5,-0.3076074972436602,0.1795332136445244,-2.0,2.0,0.7334963325183373,-1.0440097799510997,-0.1428571428571428,-0.7142857142857143,0.2857142857142857,1.625,-0.5,-0.3430188679245281,-1.074113856068743,1.0,-2.0,-0.62,0.2222222222222222,0.0,-0.2988505747126436,0.0,-0.8314606741573032,1.8571428571428577,-0.7613636363636362,0.2601626016260162,0.7679999999999999,0.1756756756756755,-0.684931506849315,-0.9166666666666666,0.3735632183908046,0.5329670329670327,-0.4880382775119618,-0.4853019625310808,-0.8743466161445822,2
0.1144844129564649,2.0411875531728185,-1.2392344497607668,1.0022471910112367,-0.125,2.0,0.1428571428571428,-0.7142857142857143,0.0,1.5,-0.1554575523704518,1.0771992818671456,-1.0,2.0,0.0880195599022017,1.7555012224938844,1.1428571428571428,0.8571428571428571,0.2857142857142857,-0.25,2.0,0.3041509433962263,0.5506623702112424,-0.5,2.5,-0.24,-0.6111111111111112,0.0,-0.1034482758620687,0.2941176470588235,0.3033707865168538,0.0714285714285714,0.3863636363636363,0.2276422764227641,-0.144,0.1756756756756755,-0.684931506849315,0.4166666666666667,-0.6609195402298851,-0.93956043956044,-0.1722488038277512,-0.651372482722222,-0.7587581226927911,1
0.6339499764080507,0.8747886927869261,0.870813397129186,0.123595505617977,0.25,0.1428571428571428,0.1428571428571428,1.5714285714285714,1.0,-0.5,0.0852627710400587,-0.598563734290844,1.5,-1.0,0.1760391198044012,2.088019559902197,1.1428571428571428,1.8571428571428572,-0.4285714285714285,-0.375,1.0,0.7256603773584904,0.8950948800572859,0.5,1.5,-0.42,-0.1111111111111111,0.9285714285714288,-0.689655172413793,33.05882352941177,-0.797752808988764,0.0,-0.3977272727272727,0.8211382113821137,-0.3200000000000003,-0.0675675675675675,-0.2876712328767122,-0.3333333333333333,0.3620689655172416,-0.3626373626373631,0.507177033492823,-0.651372482722222,-0.7587581226927911,1
1.5398752366206303,1.0089651482177182,0.3923444976076546,-1.2044943820224747,0.25,-0.1428571428571428,1.1428571428571428,0.0,0.5,-0.5,-0.3642043366409407,-0.1795332136445242,0.5,-2.0,0.5770171149144251,0.2004889975550115,0.1428571428571428,0.0,-0.1428571428571428,0.5,0.0,0.0898113207547171,-0.2753311851056212,1.0,-0.5,-0.34,0.2592592592592592,0.0,-0.3333333333333331,3.941176470588235,-0.8202247191011235,1.142857142857143,0.6931818181818181,0.3902439024390242,-0.3680000000000004,0.8108108108108105,1.054794520547945,-0.6666666666666666,0.6494252873563218,0.2032967032967026,0.4210526315789472,-0.7907757369376986,-0.6121059825476627,2
1.7197173267936523,1.6115257467463089,0.2177033492822949,0.2044943820224706,0.375,0.1428571428571428,-0.1428571428571428,-0.7142857142857143,0.5,-0.5,0.3314957736126426,0.5281867145421903,0.5,0.0,1.1320293398533017,-0.955990220048898,1.5714285714285714,-1.0,-1.1428571428571428,0.0,-0.5,1.4150943396226412,-0.8353025420694592,1.5,-1.0,-0.36,-0.6296296296296297,0.0,-0.6436781609195401,0.0,-0.1685393258426966,1.2142857142857144,0.4318181818181816,1.1544715447154468,0.5279999999999999,0.8648648648648646,-0.0547945205479454,0.3125,0.632183908045977,-0.32967032967033,-0.1291866028708135,-0.7907757369376986,-0.6121059825476627,2
0.2621893709020453,2.669862199457738,0.4999999999999989,-0.6539325842696646,0.0,1.2857142857142858,0.1428571428571428,0.8571428571428571,0.5,-0.5,-0.0679897096655639,0.0998204667863556,0.5,-2.0,0.2004889975550119,0.689486552567236,-0.2857142857142857,0.8571428571428571,-0.4285714285714285,0.125,0.0,0.0,0.3086287146437523,0.0,0.0,-0.6,-0.2777777777777778,0.0,0.5517241379310345,0.0,-0.696629213483146,0.1428571428571428,-0.6363636363636362,0.7073170731707317,0.9679999999999996,1.027027027027027,-0.6986301369863013,-0.3333333333333333,-0.068965517241379,-0.6978021978021982,1.129186602870813,-0.8978045395707417,-0.4403941515576342,1
1.6809267069121516,0.6120722152403791,1.3492822966507174,-0.0606741573033711,0.25,0.7142857142857143,0.2857142857142857,-0.4285714285714285,1.5,0.0,0.0055126791620729,0.5464991023339318,2.0,-0.5,0.0660146699266507,0.1100244498777502,1.0,1.7142857142857142,-0.7142857142857143,0.5,1.0,0.902264150943396,0.3770139634801286,-0.5,-1.0,-0.4,0.5185185185185185,0.6428571428571429,0.7701149425287355,2.705882352941176,0.0,2.142857142857143,0.7272727272727273,1.528455284552845,-0.6800000000000004,-0.337837837837838,0.095890410958904,-1.0208333333333333,0.8620689655172414,-0.3626373626373629,0.7846889952153109,-0.8978045395707417,-0.4403941515576342,0
4.452285910835439,1.996187643745444,0.1100478468899506,-0.3460674157303373,-0.125,0.5714285714285714,0.4285714285714285,0.2857142857142857,0.0,0.0,-0.3076074972436602,0.0664272890484738,0.0,-0.5,-0.5794621026894871,0.132029339853299,-1.0,0.8571428571428571,0.1428571428571428,1.125,-0.5,-1.132075471698113,-0.1450053705692802,-0.5,-0.5,0.0,-0.1481481481481481,1.2857142857142858,-0.6551724137931033,0.0,0.191011235955056,0.4285714285714286,-0.818181818181818,1.2845528455284552,0.8639999999999999,-0.1756756756756757,0.4931506849315067,0.1458333333333333,-0.7298850574712644,0.6428571428571427,0.5167464114832534,-0.968077118866204,-0.2506525322587213,2
2.05333322382216,2.611941312075679,0.1315789473684203,0.0606741573033691,0.125,0.8571428571428571,-1.0,0.4285714285714285,0.5,-0.5,1.0345461227489896,0.1195691202872531,0.5,-1.0,-0.0440097799510997,0.0220048899755487,0.4285714285714285,2.5714285714285716,-0.1428571428571428,-0.375,-0.5,0.2460377358490566,1.016111707841031,0.0,-0.5,-0.48,-0.037037037037037,0.0,-0.1149425287356321,0.2941176470588235,0.4719101123595504,0.1428571428571428,-0.6136363636363636,0.2276422764227641,0.2319999999999999,0.2162162162162161,0.589041095890411,-0.4791666666666667,0.1839080459770116,-0.1318681318681321,-0.3253588516746411,-0.968077118866204,-0.2506525322587213,1
-0.2712598803862642,1.312306822537808,0.5215311004784686,0.5932584269662915,0.125,0.4285714285714285,0.1428571428571428,-0.2857142857142857,-0.5,1.0,0.0117603822124222,0.326391382405745,0.0,1.0,-1.200488997555012,-0.6014669926650368,0.4285714285714285,0.5714285714285714,0.8571428571428571,-0.5,-0.5,-0.251698113207547,0.6509129967776582,-2.0,-0.5,-0.54,0.1111111111111111,0.0,0.5747126436781609,3.058823529411765,-0.393258426966292,0.0,0.5795454545454545,-0.4634146341463414,0.0399999999999997,-0.3918918918918919,0.3972602739726025,-0.7083333333333334,-0.0747126436781607,0.0879120879120876,0.5693779904306219,-0.9987165071710528,-0.0506491688387135,1
2.1458897613485415,0.1097067381666197,0.0215311004784675,0.7550561797752806,0.25,0.4285714285714285,-0.1428571428571428,-0.1428571428571428,1.0,2.0,0.2660786475560456,0.2341113105924597,0.5,2.0,0.6430317848410758,0.7114914425427848,-0.4285714285714285,-0.2857142857142857,0.4285714285714285,0.25,1.0,-0.6290566037735847,-0.3254564983888291,1.0,1.0,-0.46,0.2222222222222222,0.0,-0.4252873563218389,0.0,-1.0561797752808986,0.0,-0.625,0.170731707317073,0.3359999999999999,-0.1351351351351351,-0.2465753424657535,-0.75,-0.0747126436781607,-0.340659340659341,-0.6028708133971292,-0.9987165071710528,-0.0506491688387135,1
1.6591307733428555,1.5295931470273518,1.370813397129185,-1.0426966292134854,0.75,-0.1428571428571428,0.4285714285714285,0.2857142857142857,1.5,0.0,0.177140757074605,-0.326391382405745,2.0,-1.0,0.2885085574572136,0.7114914425427848,0.1428571428571428,-0.5714285714285714,0.1428571428571428,0.5,0.0,-0.0818867924528301,-0.6509129967776583,0.0,0.5,-0.38,-0.5,1.6428571428571428,-0.3218390804597699,9.705882352941178,-0.9550561797752808,11.000000000000002,0.1136363636363638,0.3983739837398373,0.496,0.1081081081081082,0.5205479452054795,0.1458333333333333,0.5862068965517243,0.3351648351648348,-0.1483253588516747,-0.9987165071710528,-0.0506491688387135,2
2.931302814835198,1.819955700593333,-0.5215311004784686,-0.5101123595505632,-0.25,0.4285714285714285,0.4285714285714285,-0.2857142857142857,0.5,0.0,-0.4020580668871736,0.326391382405745,-0.5,-1.0,-0.1784841075794609,-1.3349633251833724,0.5714285714285714,-0.1428571428571428,-0.5714285714285714,0.25,0.0,0.6290566037735846,-0.2334407447189401,-1.0,-2.0,-0.08,-0.6666666666666666,5.714285714285714,1.4137931034482758,0.0,-0.1910112359550562,0.0714285714285714,-0.318181818181818,0.9999999999999996,0.1679999999999997,1.6621621621621618,-0.5753424657534247,0.6458333333333334,-0.3505747126436778,-1.1648351648351651,0.4162679425837322,-0.9987165071710528,-0.0506491688387135,2
1.495997163244689,0.4736686407702395,0.0645933014354048,0.3685393258426964,-0.5,0.4285714285714285,-0.1428571428571428,1.0,-0.5,0.5,-0.2976846747519293,-0.2894075403949731,-0.5,0.5,0.2885085574572136,-1.2004889975550117,-0.4285714285714285,-0.1428571428571428,0.2857142857142857,0.0,0.0,-0.5660377358490566,-0.0852130325814535,0.5,-1.0,-0.34,-0.3148148148148148,0.0,0.9195402298850572,0.1176470588235294,-0.1573033707865168,3.2857142857142856,1.3749999999999998,0.073170731707317,1.4560000000000002,0.1486486486486486,1.0684931506849311,-0.0208333333333333,0.6896551724137931,0.576923076923077,-0.6363636363636364,-0.9884683243281114,0.1514277775045766,2
3.9891974077913184,0.2257066777300077,0.4569377990430616,-0.1842696629213502,0.5,-0.2857142857142857,-0.2857142857142857,1.0,-0.5,0.0,0.4913634693127528,-0.6904847396768404,0.0,-0.5,0.1100244498777505,0.955990220048898,-0.1428571428571428,0.2857142857142857,0.0,0.0,1.0,-0.1886792452830187,0.1493018259935551,0.5,1.5,-0.3,-0.4814814814814814,6.642857142857144,-0.4712643678160919,2.5294117647058822,-0.4157303370786517,0.0,-0.2954545454545454,0.317073170731707,0.7839999999999999,-0.2027027027027027,-0.6301369863013697,0.2083333333333333,0.7988505747126441,0.3956043956043953,-0.1435406698564593,-0.9884683243281114,0.1514277775045766,2
1.0860594609017515,1.9057720231658757,0.3253588516746392,0.44943820224719,-0.25,0.1428571428571428,-0.4285714285714285,-0.1428571428571428,0.0,1.0,0.1617052554208013,0.0854578096947937,0.5,1.0,-0.0220048899755487,0.0660146699266505,0.4285714285714285,1.0,-0.5714285714285714,0.25,0.0,0.5660377358490566,0.288578589330469,-0.5,-0.5,0.38,-0.6111111111111112,11.928571428571429,-0.9195402298850572,0.2941176470588235,0.3370786516853932,0.0,-0.9886363636363634,0.2113821138211378,-0.4400000000000002,-0.2837837837837838,0.8767123287671232,1.0625,-0.2068965517241376,0.3516483516483512,0.0,-0.9884683243281114,0.1514277775045766,0
1.6752870087107712,0.4704747934652633,-0.15311004784689,-0.898876404494384,-0.375,0.1428571428571428,0.7142857142857143,0.2857142857142857,-0.5,-0.5,-0.6273428886438808,-0.1497307001795332,0.0,-1.5,-0.4449877750611237,0.1540342298288499,0.1428571428571428,1.0,-0.2857142857142857,-0.375,0.5,0.188679245283019,0.6885069817400644,-0.5,0.5,0.28,-0.1111111111111111,0.0,-0.275862068965517,2.0,-0.5280898876404494,0.5,1.2045454545454544,0.2682926829268291,-0.6000000000000001,1.351351351351351,1.3150684931506849,0.3958333333333333,0.8218390804597704,0.9670329670329668,0.8468899521531101,-0.9884683243281114,0.1514277775045766,1
1.8342981005424732,2.414411087306483,0.9138755980861232,-0.7146067415730358,0.625,0.1428571428571428,1.4285714285714286,0.0,-0.5,0.0,-0.2723263506063945,0.0,-0.5,-0.5,-0.5110024449877744,0.1784841075794606,-0.2857142857142857,-0.4285714285714285,1.4285714285714286,-0.375,-0.5,-0.8456603773584904,0.0,-0.5,0.0,0.58,-0.2777777777777778,12.714285714285715,0.3218390804597701,0.0,0.2022471910112359,1.7857142857142858,0.1818181818181817,0.3089430894308941,0.2639999999999998,-0.2162162162162161,-0.698630136986301,0.8958333333333334,0.4885057471264368,0.1043956043956039,1.172248803827751,-0.9377521321470804,0.3473052528448203,1
0.6065672533172187,1.785908097895843,-0.3253588516746413,-1.2674157303370803,0.5,-1.0,0.0,1.4285714285714286,0.0,-0.5,0.2995222344726204,-1.346499102333932,-0.5,-1.5,-1.134474327628361,0.2885085574572108,0.7142857142857143,0.4285714285714285,1.5714285714285714,-0.25,0.5,-0.3569811320754716,0.389187253848908,-1.5,0.5,0.68,-0.4259259259259259,0.0,-0.1149425287356321,0.4117647058823529,-0.8089887640449438,0.4285714285714286,-0.6022727272727271,0.0162601626016261,1.152,0.2027027027027024,-0.5205479452054792,1.1666666666666667,0.8793103448275865,0.6758241758241756,-0.2966507177033492,-0.9377521321470804,0.3473052528448203,2
1.6088633715054443,-0.3764148615320361,1.196172248803827,0.1842696629213482,1.125,-0.2857142857142857,0.8571428571428571,-0.4285714285714285,0.0,-0.5,0.1363469312752665,0.0,0.5,0.0,1.4889975550122256,0.5770171149144239,1.5714285714285714,0.0,-0.4285714285714285,0.0,0.5,0.8456603773584902,0.0,0.5,0.5,-0.12,-0.6481481481481481,0.4285714285714286,-0.5517241379310343,0.0,-0.2696629213483146,13.142857142857142,-0.1022727272727273,0.7235772357723573,0.4320000000000001,0.1216216216216214,-0.5753424657534247,0.5833333333333334,-0.1666666666666661,0.8021978021978019,-0.7368421052631577,-0.9377521321470804,0.3473052528448203,2
0.8561774474878037,1.9494851340631552,-0.129186602870814,-0.0404494382022487,-0.125,-0.1428571428571428,0.7142857142857143,0.4285714285714285,0.5,0.0,-0.4355016538037484,-0.3903052064631958,0.5,-0.5,1.200488997555014,1.110024449877748,1.7142857142857142,1.4285714285714286,0.5714285714285714,-1.0,1.0,0.3569811320754716,1.342642320085929,1.5,1.5,-0.14,-0.6296296296296297,9.500000000000002,-1.2413793103448274,0.0,0.235955056179775,0.0,-0.8636363636363635,1.0325203252032515,-0.1680000000000003,0.0270270270270269,0.602739726027397,0.5416666666666666,0.2988505747126438,-0.5659340659340661,0.0095693779904307,-0.9377521321470804,0.3473052528448203,0
1.5229167082625457,0.9970525447868168,0.4784688995215292,-1.4292134831460697,0.75,0.2857142857142857,0.7142857142857143,0.2857142857142857,0.5,-0.5,0.0466740169055495,-0.0718132854578097,0.0,-2.0,0.0,0.0440097799510996,0.7142857142857143,0.8571428571428571,-0.4285714285714285,-0.625,0.0,0.5743396226415093,0.8560687432867882,0.0,-0.5,-0.5,0.5185185185185185,0.0,0.7241379310344828,5.0,-0.3820224719101123,0.0,-0.0340909090909089,0.0162601626016261,0.1359999999999999,0.5135135135135134,-0.3561643835616437,-1.125,0.0229885057471267,0.2307692307692305,0.7081339712918658,-0.848644257494751,0.5289640103269624,1
4.250345835376451,2.0866045044093733,-0.9784688995215324,0.1033707865168526,-0.625,0.0,0.7142857142857143,0.2857142857142857,0.5,0.0,-0.8555678059536933,-0.2341113105924595,-1.0,0.0,0.3545232273838644,0.2004889975550115,-0.2857142857142857,0.1428571428571428,0.2857142857142857,-1.0,0.5,-0.4490566037735847,1.074113856068743,0.5,0.5,0.0,-0.5370370370370371,0.0,-0.4252873563218389,0.0,-0.7415730337078652,0.0,-0.2045454545454544,0.1788617886178859,-0.2800000000000002,-0.1486486486486486,-0.1232876712328765,0.5833333333333334,0.0402298850574714,0.6318681318681315,-0.1387559808612439,-0.848644257494751,0.5289640103269624,2
1.9034910912506324,2.7758950879745385,0.564593301435406,-0.6134831460674178,0.5,-1.0,-0.5714285714285714,0.1428571428571428,1.5,0.0,0.7195883866225655,-1.0771992818671454,1.0,-0.5,-0.0684596577017105,-0.0660146699266505,0.4285714285714285,0.2857142857142857,-0.4285714285714285,-0.125,0.0,0.4490566037735847,0.2334407447189403,-0.5,0.0,-0.06,-0.037037037037037,0.0,-0.0114942528735631,0.1764705882352941,-0.6516853932584269,0.0,-0.1249999999999999,0.2276422764227641,0.1919999999999997,-0.2432432432432433,-0.136986301369863,-0.0416666666666666,-0.1494252873563215,0.4835164835164833,-0.5789473684210527,-0.848644257494751,0.5289640103269624,0
0.8485630475488594,-0.099647001158929,0.1961722488038273,0.0202247191011223,-0.25,-0.1428571428571428,1.8571428571428572,0.0,1.5,0.5,-0.8721058434399116,-0.1795332136445242,1.5,0.5,0.1760391198044012,0.2665036674816621,0.4285714285714285,-0.5714285714285714,-0.4285714285714285,0.25,0.5,0.4490566037735847,-0.5370569280343717,0.5,0.5,-0.42,-0.3148148148148148,2.357142857142857,-0.5057471264367814,0.0,-0.5505617977528089,0.0,-0.9431818181818182,0.9268292682926824,1.4560000000000002,0.1486486486486487,-0.2602739726027396,-0.1041666666666666,0.4827586206896555,-0.3186813186813189,-0.8086124401913874,-0.5712682150947924,0.8207634412072763,1
-0.1184298176755971,0.236073119480712,0.5215311004784686,0.4898876404494388,0.75,0.2857142857142857,0.2857142857142857,0.0,1.5,-0.5,0.2488055861815512,0.0779174147217237,1.5,0.0,-0.6234718826405868,0.6210268948655235,-0.1428571428571428,-0.5714285714285714,-0.1428571428571428,0.375,0.5,-0.0992452830188678,-0.5968492660221983,-1.0,1.0,-0.54,0.2222222222222222,0.0,-0.8850574712643676,0.0,-1.1573033707865166,0.0,-0.8522727272727272,-0.0406504065040648,0.8079999999999999,-0.3783783783783784,-0.3972602739726028,-0.8333333333333334,-0.0632183908045973,0.3846153846153846,-0.8755980861244018,-0.5712682150947924,0.8207634412072763,0
1.159116364941826,1.6036818077666133,-0.1961722488038294,0.3056179775280885,-1.0,-0.1428571428571428,-0.4285714285714285,-0.5714285714285714,-0.5,0.0,-0.8030135979419329,0.2244165170556553,0.0,0.5,0.1100244498777505,-0.0904645476772612,0.4285714285714285,-0.4285714285714285,-0.2857142857142857,0.5,-0.5,0.3430188679245281,-0.5449337629788756,0.5,0.0,0.38,0.1666666666666666,0.5,-0.7126436781609193,0.0,0.5393258426966292,2.357142857142857,0.2727272727272727,0.0406504065040648,-0.4000000000000003,0.7567567567567567,-0.3972602739726025,0.1875,0.6494252873563221,0.4395604395604395,0.7846889952153109,-0.3943558551133187,0.9189578116202306,0
1.566430841060401,1.3728030636629176,0.2607655502392343,0.0202247191011223,-0.125,0.4285714285714285,-0.1428571428571428,-0.2857142857142857,0.5,1.0,0.0286659316427784,0.326391382405745,1.0,0.5,0.7555012224938883,0.2665036674816621,-0.2857142857142857,0.0,-0.2857142857142857,0.125,-0.5,-0.110943396226415,-0.0776942355889724,1.0,0.0,-0.46,-0.5,0.0714285714285714,0.1609195402298852,9.0,-0.6853932584269663,0.2142857142857143,0.7727272727272726,1.373983739837398,0.896,0.3243243243243239,0.9863013698630136,0.0625,0.8333333333333334,-0.2857142857142858,-0.1818181818181816,-0.3943558551133187,0.9189578116202306,1
2.466289992897935,1.996187643745444,0.870813397129186,0.0,0.0,-0.2857142857142857,-1.0,0.5714285714285714,0.0,0.5,0.9819919147372288,-0.5464991023339318,0.5,0.0,0.3325183374083134,0.6430317848410745,-0.2857142857142857,0.5714285714285714,0.0,-0.625,1.5,-0.2977358490566038,0.7672753311851056,0.0,1.0,-0.4,-0.1481481481481481,3.714285714285715,0.2298850574712643,0.0,0.3483146067415727,18.0,1.3636363636363638,-0.024390243902439,0.9520000000000004,0.9459459459459462,0.438356164383562,-0.2708333333333333,-0.632183908045977,-0.1813186813186815,0.6507177033492823,-0.2012985200886611,0.9795299412524944,1
1.879425728735749,1.2578047061044737,1.4138755980861222,1.0224719101123612,1.0,1.7142857142857142,-0.1428571428571428,0.5714285714285714,-0.5,2.0,0.5883866225652334,0.33967684021544,0.0,1.5,0.0660146699266507,1.2885085574572108,0.1428571428571428,1.2857142857142858,0.8571428571428571,0.625,0.0,-0.4041509433962262,0.1990691013247403,-0.5,0.5,-0.58,-0.2037037037037037,0.0,-0.7471264367816091,1.0588235294117647,-0.595505617977528,0.0,-0.9431818181818182,0.4552845528455282,0.0799999999999997,-0.1351351351351352,-0.3150684931506848,-0.3958333333333333,0.1264367816091955,-0.3406593406593408,0.7607655502392343,-0.2012985200886611,0.9795299412524944,1
0.1418467531354482,2.049899921401873,0.3492822966507173,1.287640449438203,0.75,1.5714285714285714,0.1428571428571428,-0.4285714285714285,1.0,0.0,0.3256155825064314,0.8046678635547576,0.5,0.5,1.4229828850855748,-1.1564792176039096,0.8571428571428571,0.5714285714285714,-0.1428571428571428,1.375,0.5,0.4354716981132072,-0.338703902613677,1.5,-1.5,-0.6,-0.4259259259259259,0.0,-0.1264367816091953,0.0,-0.9662921348314606,0.0,-0.0795454545454544,0.7804878048780486,-0.5920000000000003,-0.3513513513513512,0.3013698630136986,-0.1666666666666666,-0.4712643678160917,-1.1318681318681325,-0.3779904306220095,0.20129852008866,0.9795299412524944,1
1.9890873675839016,2.1844183490533986,0.8492822966507163,1.3280898876404497,0.25,1.2857142857142858,-0.2857142857142857,-0.2857142857142857,0.5,-0.5,0.3693495038588755,0.6412926391382405,1.0,0.0,0.9779951100244512,0.955990220048898,1.4285714285714286,0.0,-0.4285714285714285,-1.0,0.0,0.8086792452830188,1.0229144289294665,0.5,0.5,-0.58,-0.4629629629629629,3.1428571428571432,0.2643678160919541,0.0,-0.3595505617977528,0.0,-1.0,0.0894308943089433,-0.1920000000000003,1.1216216216216215,0.0410958904109588,-0.1041666666666666,0.5804597701149431,0.34065934065934,0.2870813397129186,0.72479278722912,0.6889669190756866,2
0.1432356129225768,0.5222379712221422,0.7392344497607636,0.4898876404494388,1.0,1.0,0.0,0.1428571428571428,1.5,1.5,0.5023888276368983,0.30951526032316,0.5,1.5,1.1540342298288524,0.2665036674816621,0.0,-0.2857142857142857,0.4285714285714285,1.5,1.5,-0.3143396226415093,-0.7833870390261366,1.0,1.5,-0.54,-0.4814814814814814,0.0,0.4252873563218389,0.3529411764705882,-0.5280898876404494,0.0,0.6363636363636362,0.6016260162601627,1.016,-0.1486486486486486,0.6301369863013697,-0.0416666666666666,0.8678160919540235,0.2692307692307688,-0.2248803827751197,0.72479278722912,0.6889669190756866,1
0.3056724344060242,1.8958659288235884,1.306220095693778,0.3280898876404496,2.375,1.0,0.4285714285714285,0.0,0.0,1.0,0.6585814038956267,0.3845601436265708,0.5,0.5,1.5770171149144272,0.3765281173594123,3.4285714285714284,-0.1428571428571428,0.7142857142857143,0.125,0.0,0.6792452830188679,-0.1629072681704259,0.5,0.5,-0.6,-0.5370370370370371,17.428571428571427,1.988505747126437,2.9411764705882355,1.1573033707865166,0.0,0.3749999999999998,0.8455284552845527,-0.1280000000000001,1.5135135135135136,0.2328767123287675,-0.0416666666666666,0.0574712643678161,-0.6703296703296707,0.1004784688995215,0.8486442574947509,0.5289640103269624,1
1.791590589352689,0.9642015596738708,0.0215311004784675,0.2449438202247194,-0.125,0.0,0.0,-0.2857142857142857,0.5,0.5,-0.0679897096655639,0.0944344703770197,0.5,1.0,0.2224938875305629,-0.1344743276283631,-0.5714285714285714,-1.1428571428571428,0.8571428571428571,-0.5,-0.5,-0.902264150943396,-0.7160759040458288,1.0,0.0,-0.46,0.2592592592592592,2.9285714285714284,1.2183908045977012,0.7647058823529412,-0.6853932584269663,4.928571428571429,0.3749999999999998,0.3089430894308939,-0.3680000000000001,0.6081081081081083,0.506849315068493,-0.7916666666666666,0.5114942528735635,0.1263736263736262,0.3062200956937798,0.8486442574947509,0.5289640103269624,0
-0.1184298176755971,2.1154471042547724,0.0645933014354048,0.6943820224719094,0.25,1.2857142857142858,-0.4285714285714285,-0.1428571428571428,0.5,1.5,0.4832782065417128,0.5572710951526033,0.5,0.5,0.6210268948655271,0.955990220048898,-0.5714285714285714,1.2857142857142858,0.2857142857142857,-0.375,0.5,-0.6950943396226412,0.7672753311851056,0.5,0.5,-0.54,-0.4629629629629629,0.0,0.0459770114942531,14.882352941176473,0.0561797752808988,0.0714285714285714,-0.4772727272727271,-0.3333333333333336,-2.842170943040401e-16,0.2432432432432433,-0.0821917808219177,-0.0625,-0.0517241379310339,0.1978021978021975,0.5645933014354065,0.9987165071710528,-0.0506491688387126,2
2.1458897613485415,-0.1438009096944645,1.088516746411483,0.0202247191011223,1.0,0.0,-0.7142857142857143,-0.1428571428571428,1.5,0.5,1.00404263138552,0.0,0.5,0.5,0.2004889975550119,1.400977995110021,-0.1428571428571428,2.7142857142857144,-0.4285714285714285,0.25,0.0,0.110943396226415,0.7078410311493016,0.5,0.5,-0.46,-0.6481481481481481,2.9285714285714284,1.5747126436781609,0.0,0.1797752808988761,2.5,0.2500000000000001,-0.4146341463414636,0.1039999999999997,1.1756756756756752,-0.698630136986301,0.2291666666666666,-0.3620689655172412,-0.2087912087912092,-0.7033492822966506,0.9680771188662044,-0.2506525322587204,0
-0.2712598803862642,1.9340308637895065,-2.0430622009569372,0.0606741573033691,-0.125,0.4285714285714285,0.2857142857142857,-0.5714285714285714,0.0,0.5,-0.2352076442484378,0.5385996409335728,-3.0,0.5,0.4449877750611258,1.1784841075794603,-0.5714285714285714,1.1428571428571428,-1.0,-0.75,1.5,0.3773584905660375,1.044396706050841,-1.0,0.5,-0.54,-0.5185185185185185,0.0,-0.057471264367816,0.0,-0.595505617977528,0.0,-0.0454545454545454,-0.4634146341463414,-0.4800000000000002,-0.3918918918918919,-0.1095890410958905,0.0,0.166666666666667,0.3186813186813185,0.0861244019138754,0.6513724827222223,-0.758758122692791,2
2.1964064665226695,-0.0628080495265119,1.717703349282296,0.4898876404494388,0.125,-0.5714285714285714,0.0,0.2857142857142857,3.0,0.0,0.0992282249173099,-0.6614003590664272,3.0,0.5,0.3545232273838644,0.1784841075794606,-0.8571428571428571,-0.2857142857142857,-0.7142857142857143,-0.375,0.0,-0.3773584905660375,0.1052631578947367,1.0,0.5,-0.4,-0.6481481481481481,1.6428571428571428,-0.1034482758620687,0.9411764705882354,0.2696629213483144,0.0,-0.5454545454545453,-0.0243902439024393,0.1359999999999996,0.1486486486486486,0.2602739726027395,0.2916666666666667,0.0632183908045977,-0.0769230769230772,-0.3684210526315788,0.485301962531081,-0.8743466161445821,1
-0.1569957930092597,2.886207180750618,-1.4138755980861244,-0.4898876404494388,-1.0,-0.1428571428571428,-0.1428571428571428,0.2857142857142857,-0.5,0.5,-0.9867695700110252,-0.326391382405745,-1.5,-0.5,-0.0220048899755487,-1.2444987775061112,0.4285714285714285,-0.1428571428571428,1.4285714285714286,0.25,0.0,-0.4437735849056602,-0.2334407447189401,-0.5,-1.5,-0.08,1.7777777777777777,2.5714285714285716,-0.3908045977011492,0.0,-0.0674157303370787,3.1428571428571432,0.1590909090909091,0.6260162601626015,0.1919999999999997,0.2432432432432431,-0.506849315068493,-2.1041666666666665,-0.2011494252873563,0.7032967032967031,-0.6220095693779903,0.9680771188662044,-0.2506525322587204,1
2.874359254413557,1.7334881163890346,0.1100478468899506,-1.0426966292134854,-0.625,-0.4285714285714285,1.5714285714285714,2.4285714285714284,-0.5,-0.5,-1.0889378904814404,-1.0771992818671454,-0.5,-2.0,-0.8239608801955988,-1.2224938875305602,-0.5714285714285714,-0.8571428571428571,0.7142857142857143,0.25,-0.5,-0.8577358490566036,-0.7955603293949157,-1.5,-2.0,0.52,1.0,0.0,1.5057471264367817,0.0,-0.4044943820224719,0.1428571428571428,-0.0340909090909089,1.4308943089430892,2.8240000000000003,1.4324324324324322,-0.328767123287671,-0.6041666666666666,0.6551724137931039,-0.4945054945054947,-1.4832535885167462,0.8978045395707416,-0.4403941515576344,2
2.877788426237536,1.7394798750444078,-0.1076555023923443,-1.2044943820224747,0.25,0.0,1.5714285714285714,0.2857142857142857,-0.5,0.0,-0.5001837559720689,-0.2341113105924595,-0.5,-1.5,0.0,-0.9339853300733494,0.2857142857142857,-0.7142857142857143,-0.1428571428571428,0.5,0.5,0.171698113207547,-0.7672753311851055,-0.5,-1.0,2.02,-0.0925925925925925,0.0,1.1494252873563218,0.0,-1.044943820224719,17.785714285714285,0.4204545454545455,0.5934959349593493,2.264,0.4729729729729727,1.0,2.1875,-0.1609195402298849,-0.7087912087912092,-1.8277511961722488,0.485301962531081,-0.8743466161445821,2
1.8897305396857873,2.836453625727715,-1.1315789473684223,-1.961797752808992,-0.375,0.4285714285714285,2.0,2.142857142857143,-0.5,-0.5,-0.9867695700110252,-0.598563734290844,-1.5,-3.5,0.2004889975550119,-1.0684596577017105,-0.5714285714285714,-0.5714285714285714,1.4285714285714286,2.125,-0.5,-1.0483018867924525,-1.074113856068743,-0.5,-2.0,1.76,0.3888888888888889,0.0,-0.7241379310344825,0.0,-0.3146067415730337,3.1428571428571432,1.4886363636363635,2.8861788617886175,0.5440000000000002,2.216216216216216,1.3972602739726026,1.375,0.0977011494252875,-2.0109890109890114,-0.583732057416268,0.299363122973358,-0.9541392564000488,2
3.0004795742994452,1.3876592769578306,-0.6961722488038284,-0.674157303370789,-0.625,0.4285714285714285,0.5714285714285714,0.7142857142857143,-0.5,0.0,-0.8030135979419329,-0.1856373429084381,-0.5,-0.5,-0.4889975550122256,0.5330073349633242,1.8571428571428572,0.5714285714285714,-0.2857142857142857,-0.375,-0.5,0.8256603773584903,0.5449337629788756,-1.5,0.0,0.62,-0.3703703703703703,0.0,-0.5632183908045975,0.0,0.5393258426966292,0.0,0.1931818181818183,2.4715447154471537,2.6000000000000005,0.4864864864864864,-0.3013698630136985,1.0416666666666667,1.0287356321839085,-0.8406593406593409,-1.0382775119617222,-0.101168321987432,-0.9948693233918952,2
-0.0379229133927884,1.546097536429705,-1.4138755980861244,-0.4898876404494388,-1.0,-0.1428571428571428,-0.1428571428571428,0.2857142857142857,-0.5,0.5,-0.9867695700110252,-0.326391382405745,-1.5,-0.5,0.0,-0.9339853300733494,0.2857142857142857,-0.7142857142857143,-0.1428571428571428,0.5,0.5,0.171698113207547,-0.7672753311851055,-0.5,-1.0,-0.08,-0.0925925925925925,0.0,0.482758620689655,0.0,0.4719101123595504,0.0,-0.3636363636363635,1.1707317073170729,4.296000000000001,0.6216216216216213,0.2876712328767122,0.0,1.074712643678161,0.082417582417582,-2.014354066985646,-0.2993631229733582,-0.9541392564000488,2
1.9495860338739328,1.791821503585894,-0.8923444976076557,-1.1842696629213505,-0.625,-0.7142857142857143,0.8571428571428571,0.2857142857142857,-0.5,-0.5,-0.9033443586916572,-0.7978456014362658,-1.5,-2.0,-1.0684596577017127,-2.068459657701708,-0.2857142857142857,0.2857142857142857,1.8571428571428572,1.875,-0.5,-0.943396226415094,-0.5968492660221983,-1.5,-3.5,1.18,1.537037037037037,0.0,1.160919540229885,3.058823529411765,0.3820224719101121,0.1428571428571428,0.2386363636363635,2.1788617886178856,2.3760000000000003,0.7027027027027029,-0.547945205479452,-0.5208333333333334,-0.1666666666666666,-1.7857142857142865,-1.8995215311004785,-0.4853019625310808,-0.8743466161445822,1
0.0617225226281714,0.3591995039406245,-0.129186602870814,-0.0808988764044955,0.625,0.7142857142857143,0.8571428571428571,-0.4285714285714285,0.0,0.5,-0.0679897096655639,0.5464991023339318,-0.5,0.0,0.0660146699266507,1.1784841075794603,-0.2857142857142857,2.142857142857143,-0.4285714285714285,0.125,0.5,0.0,0.6595059076262084,-0.5,0.5,0.66,-0.3518518518518518,0.4285714285714286,-0.2068965517241378,0.0,1.2696629213483144,0.4285714285714286,-0.5568181818181818,0.0813008130081299,-0.296,0.0405405405405406,1.493150684931507,1.0625,0.6494252873563221,1.1483516483516478,0.3779904306220095,-0.651372482722222,-0.7587581226927911,2
0.7145370290789713,0.3779267125208285,0.3492822966507173,0.224719101123595,-0.375,-0.2857142857142857,1.4285714285714286,0.0,0.0,0.0,-0.8555678059536933,-0.2833034111310594,-0.5,0.0,0.4205378973105129,-0.9339853300733494,1.2857142857142858,0.0,-0.5714285714285714,1.125,-0.5,0.8709433962264149,-0.5198711063372716,0.5,-1.5,-0.06,0.3148148148148148,1.0714285714285714,0.471264367816092,0.5294117647058824,0.1235955056179772,0.4285714285714286,-0.5568181818181818,2.032520325203252,-0.2240000000000001,0.8378378378378379,0.095890410958904,-0.4375,0.6494252873563221,-0.906593406593407,0.3349282296650717,-0.651372482722222,-0.7587581226927911,1
2.8668679322492405,2.7490812232065465,-0.7822966507177029,-0.55056179775281,-0.625,-0.2857142857142857,0.5714285714285714,1.4285714285714286,0.0,-0.5,-0.8030135979419329,-0.8046678635547578,-1.0,-0.5,-0.9559902200489002,-1.7555012224938844,0.5714285714285714,-0.8571428571428571,1.2857142857142858,2.0,0.0,-0.3328301886792452,-1.2309344790547796,-1.5,-2.0,-0.2,0.5740740740740741,0.0,-0.6781609195402296,4.411764705882353,2.202247191011235,4.5,-0.1022727272727273,3.5040650406504055,0.416,0.27027027027027,2.0821917808219177,-0.875,0.7183908045977012,-1.8351648351648355,0.0095693779904307,-0.651372482722222,-0.7587581226927911,1
-0.0379229133927884,1.7334881163890346,-1.4138755980861244,-0.4898876404494388,-1.0,-0.1428571428571428,-0.1428571428571428,0.2857142857142857,-0.5,0.5,-0.9867695700110252,-0.326391382405745,-1.5,-0.5,-0.8239608801955988,-1.2224938875305602,-0.5714285714285714,-0.8571428571428571,0.7142857142857143,0.25,-0.5,-0.8577358490566036,-0.7955603293949157,-1.5,-2.0,-0.08,1.0,0.0,-0.689655172413793,0.0,-0.5393258426966292,6.714285714285715,-0.2954545454545454,0.1869918699186989,2.9200000000000004,0.0540540540540541,-0.4794520547945205,-1.2291666666666667,0.4770114942528738,0.3516483516483512,-1.6889952153110044,-0.968077118866204,-0.2506525322587213,1
1.6575300637360544,2.764533889747063,-0.5645933014354081,0.4292134831460676,1.5,0.7142857142857143,-0.1428571428571428,-0.4285714285714285,0.0,-0.5,0.7361264241087836,0.5464991023339318,-1.5,0.0,-0.9559902200489002,-1.7555012224938844,0.5714285714285714,-0.8571428571428571,1.2857142857142858,2.0,0.0,-0.3328301886792452,-1.2309344790547796,-1.5,-2.0,-0.3,0.5740740740740741,2.9285714285714284,2.298850574712644,0.0,-0.4606741573033708,0.0,-0.1136363636363636,2.4878048780487796,0.56,2.4594594594594597,-0.3561643835616437,-0.9791666666666666,0.5862068965517243,-1.274725274725275,-0.1866028708133972,-0.9987165071710528,-0.0506491688387135,0
0.6022503641515934,0.3591995039406245,0.3253588516746392,-0.9191011235955084,1.0,0.1428571428571428,-0.4285714285714285,1.2857142857142858,0.5,-0.5,0.7802278574053658,-0.5213644524236984,0.5,-1.5,0.0660146699266507,1.1784841075794603,-0.2857142857142857,2.142857142857143,-0.4285714285714285,0.125,0.5,0.0,0.6595059076262084,-0.5,0.5,0.44,-0.3518518518518518,0.0,-0.5517241379310343,0.0,0.8651685393258424,1.142857142857143,-0.5454545454545453,-0.048780487804878,-0.1760000000000001,-0.3783783783783784,0.9863013698630136,0.8333333333333334,0.7988505747126441,0.6428571428571422,0.4306220095693779,-0.9987165071710528,-0.0506491688387135,0
0.0617225226281714,0.5051695344651419,-0.129186602870814,-0.0808988764044955,0.625,0.7142857142857143,0.8571428571428571,-0.4285714285714285,0.0,0.5,-0.0679897096655639,0.5464991023339318,-0.5,0.0,0.4449877750611258,0.3105134474327617,-0.2857142857142857,-0.4285714285714285,1.2857142857142858,0.0,0.0,-0.8086792452830186,-0.2824919441460795,-0.5,0.0,0.66,-0.1481481481481481,0.0,0.1954022988505746,13.470588235294118,1.438202247191011,1.142857142857143,-0.5454545454545453,-0.048780487804878,1.952,0.4999999999999996,1.684931506849315,0.8333333333333334,0.7988505747126441,1.2032967032967028,-0.8421052631578947,-0.9987165071710528,-0.0506491688387135,1
2.8869936684560877,3.0961866645690015,-0.7822966507177029,-0.55056179775281,-0.625,-0.2857142857142857,0.5714285714285714,1.4285714285714286,0.0,-0.5,-0.8030135979419329,-0.8046678635547578,-1.0,-0.5,-0.6234718826405868,-0.6674816625916873,-0.5714285714285714,0.2857142857142857,0.4285714285714285,0.625,0.0,-0.7547169811320753,-0.1851056211958468,-0.5,-0.5,-0.2,0.4814814814814814,1.7857142857142858,-0.7816091954022987,0.0,-0.6853932584269663,0.0,-0.2954545454545454,2.5284552845528445,0.6799999999999998,0.162162162162162,-0.3013698630136985,-0.7708333333333334,0.3045977011494256,-1.5714285714285718,-0.4928229665071768,-0.9987165071710528,-0.0506491688387135,0
1.7820596373790856,3.1296446802909,-0.0861244019138767,-0.9191011235955084,0.125,-0.5714285714285714,0.0,0.5714285714285714,-0.5,0.5,0.0992282249173099,-0.769479353680431,-0.5,-1.0,-0.6234718826405868,-0.6674816625916873,-0.5714285714285714,0.2857142857142857,0.4285714285714285,0.625,0.0,-0.7547169811320753,-0.1851056211958468,-0.5,-0.5,0.0,0.4814814814814814,1.5000000000000002,-0.0689655172413792,0.0,1.5168539325842694,2.285714285714286,0.4204545454545455,2.195121951219512,-0.3600000000000002,0.1756756756756757,0.6164383561643835,-0.5625,0.0862068965517241,-1.5549450549450552,-0.0526315789473684,-0.848644257494751,0.5289640103269624,1
0.4979059135509834,0.4269950895895187,-0.0215311004784697,1.0224719101123612,-0.375,2.2857142857142856,-0.2857142857142857,0.1428571428571428,-0.5,0.5,-0.0679897096655639,0.6614003590664275,-0.5,0.5,0.4449877750611258,0.3105134474327617,-0.2857142857142857,-0.4285714285714285,1.2857142857142858,0.0,0.0,-0.8086792452830186,-0.2824919441460795,-0.5,0.0,-0.28,-0.1481481481481481,0.0,1.172413793103448,0.3529411764705882,0.3820224719101121,1.8571428571428577,-0.318181818181818,0.3170731707317072,1.976,1.378378378378378,0.1232876712328765,-0.1458333333333333,0.988505747126437,0.5769230769230765,-0.6985645933014354,-0.72479278722912,0.6889669190756865,2
0.6022503641515934,-0.2345973831889474,0.3253588516746392,-0.9191011235955084,1.0,0.1428571428571428,-0.4285714285714285,1.2857142857142858,0.5,-0.5,0.7802278574053658,-0.5213644524236984,0.5,-1.5,-0.0440097799510997,-0.0220048899755509,0.8571428571428571,0.5714285714285714,0.7142857142857143,-0.375,0.5,0.0,0.5449337629788756,-0.5,0.0,0.44,0.5185185185185185,0.1428571428571428,-0.057471264367816,2.6470588235294117,-0.0898876404494382,1.4285714285714286,-0.6704545454545454,-0.1138211382113824,-0.2480000000000004,0.3513513513513512,-0.0273972602739725,-0.1458333333333333,0.6091954022988512,0.978021978021978,0.9665071770334928,-0.72479278722912,0.6889669190756865,2
-0.182133555227713,2.769825222798054,-1.4138755980861244,-0.4898876404494388,-1.0,-0.1428571428571428,-0.1428571428571428,0.2857142857142857,-0.5,0.5,-0.9867695700110252,-0.326391382405745,-1.5,-0.5,-0.9559902200489002,-1.7555012224938844,0.5714285714285714,-0.8571428571428571,1.2857142857142858,2.0,0.0,-0.3328301886792452,-1.2309344790547796,-1.5,-2.0,-0.08,0.5740740740740741,3.785714285714286,0.2068965517241379,0.0,0.0337078651685393,7.357142857142859,-0.0340909090909089,0.6341463414634143,-0.0480000000000002,-0.0945945945945947,-0.643835616438356,-0.75,0.1896551724137929,-0.4010989010989013,0.0861244019138754,-0.72479278722912,0.6889669190756865,1
-0.1960388394454897,-0.1669735834510801,-0.8708133971291881,-1.1842696629213505,0.125,0.4285714285714285,1.0,0.8571428571428571,0.0,-0.5,-0.384785005512679,-0.2394973070017952,-1.5,-2.0,-0.5574572127139361,-0.4669926650366736,-0.1428571428571428,0.0,0.2857142857142857,-0.25,0.0,-0.3430188679245281,0.1790189760114573,-0.5,-0.5,0.22,-0.1111111111111111,0.2857142857142857,-0.1724137931034482,0.0,-0.4719101123595505,1.5714285714285716,-0.1590909090909091,0.0487804878048777,-0.1360000000000005,-0.3918918918918919,-0.3972602739726028,0.3333333333333333,0.959770114942529,0.9175824175824174,1.0574162679425836,-0.5712682150947924,0.8207634412072763,2
3.0328779330883298,2.769825222798054,-0.6961722488038284,-0.674157303370789,-0.625,0.4285714285714285,0.5714285714285714,0.7142857142857143,-0.5,0.0,-0.8030135979419329,-0.1856373429084381,-0.5,-0.5,-0.9559902200489002,-1.7555012224938844,0.5714285714285714,-0.8571428571428571,1.2857142857142858,2.0,0.0,-0.3328301886792452,-1.2309344790547796,-1.5,-2.0,0.62,0.5740740740740741,2.142857142857143,0.1839080459770116,0.0,0.0112359550561797,0.0,0.1022727272727273,0.1544715447154467,-0.2240000000000002,-0.2837837837837837,-0.6712328767123288,-0.0208333333333333,0.1149425287356322,-0.1483516483516485,0.3492822966507175,-0.2012985200886611,0.9795299412524944,2
-0.2096777704159826,1.7148820970148635,-1.4138755980861244,-0.4898876404494388,-1.0,-0.1428571428571428,-0.1428571428571428,0.2857142857142857,-0.5,0.5,-0.9867695700110252,-0.326391382405745,-1.5,-0.5,0.0,-0.9339853300733494,0.2857142857142857,-0.7142857142857143,-0.1428571428571428,0.5,0.5,0.171698113207547,-0.7672753311851055,-0.5,-1.0,-0.08,-0.0925925925925925,0.0,-0.5977011494252872,0.0,-0.6404494382022472,0.0714285714285714,0.0227272727272728,0.3252032520325204,3.0400000000000005,0.3243243243243243,0.0273972602739727,0.0,0.0747126436781611,-0.3021978021978026,-2.095693779904306,-2.4492935982947064e-16,1.0,1
0.1213978019583101,0.4269950895895187,-0.6315789473684214,-0.4898876404494388,-0.25,0.1428571428571428,0.4285714285714285,-0.2857142857142857,0.0,0.0,-0.4020580668871736,0.1795332136445244,-0.5,-0.5,0.4449877750611258,0.3105134474327617,-0.2857142857142857,-0.4285714285714285,1.2857142857142858,0.0,0.0,-0.8086792452830186,-0.2824919441460795,-0.5,0.0,-0.02,-0.1481481481481481,0.0,-0.6781609195402296,2.1176470588235294,2.4382022471910108,0.4285714285714286,0.0,0.0406504065040646,2.072,0.3918918918918916,2.246575342465753,0.125,1.051724137931035,1.2087912087912085,-0.7033492822966506,0.20129852008866,0.9795299412524944,1
0.1641286587645655,-0.2797799575773312,-0.6315789473684214,-0.4898876404494388,-0.25,0.1428571428571428,0.4285714285714285,-0.2857142857142857,0.0,0.0,-0.4020580668871736,0.1795332136445244,-0.5,-0.5,-0.0440097799510997,-0.0220048899755509,0.8571428571428571,0.5714285714285714,0.7142857142857143,-0.375,0.5,0.0,0.5449337629788756,-0.5,0.0,-0.02,0.5185185185185185,0.0,-0.3563218390804596,0.1176470588235294,-0.1011235955056179,9.0,-0.9772727272727272,0.1300813008130077,-0.3680000000000001,0.3648648648648647,0.3287671232876712,-0.625,0.7183908045977012,1.2472527472527466,0.985645933014354,0.9987165071710528,-0.0506491688387126,0
0.0533041800495504,-0.2108342464766864,-0.4354066985645941,0.2449438202247194,-0.5,-0.8571428571428571,-0.5714285714285714,-0.7142857142857143,-0.5,1.5,0.0735023888276369,-0.3590664272890484,-0.5,1.0,-0.4889975550122256,0.977995110024447,-0.7142857142857143,0.0,0.4285714285714285,0.0,2.0,-0.8935849056603772,0.0,-0.5,1.0,-0.6,-0.0555555555555555,0.0,0.482758620689655,3.823529411764706,-0.5730337078651686,0.0,-0.2727272727272727,0.2113821138211378,-0.032,0.5135135135135134,-0.410958904109589,-0.5833333333333334,-0.5057471264367814,-0.7802197802197806,0.1674641148325358,0.485301962531081,-0.8743466161445821,0
0.1867555995902994,0.6952751023466993,-0.7822966507177029,0.0808988764044935,0.375,0.4285714285714285,0.0,-0.4285714285714285,-0.5,0.0,0.2381477398015438,0.4272890484739677,-1.0,0.5,0.8435207823960879,-1.1784841075794603,-0.1428571428571428,-0.4285714285714285,1.5714285714285714,1.625,-0.5,-0.7913207547169809,-0.8950948800572859,0.5,-2.5,-0.24,0.6296296296296297,0.0,0.1609195402298852,0.0,1.1685393258426962,0.0,0.2386363636363635,0.6504065040650404,1.024,-0.3108108108108111,0.410958904109589,-0.9791666666666666,-0.1896551724137929,-0.7747252747252751,1.062200956937799,0.485301962531081,-0.8743466161445821,1
0.5935642881187296,0.2261486873577688,-0.8923444976076557,-1.9191011235955084,0.0,0.0,-0.2857142857142857,0.1428571428571428,-0.5,0.0,0.2219772142594634,-0.163375224416517,-1.5,-3.0,0.2665036674816627,-0.6234718826405855,0.7142857142857143,0.1428571428571428,-0.1428571428571428,2.25,0.0,0.3773584905660375,-0.7422126745435014,0.5,-2.0,-0.54,0.2407407407407407,0.0,-0.3333333333333331,0.0,-0.0561797752808988,0.9285714285714288,-0.2272727272727272,1.7967479674796745,1.272,-0.2837837837837839,-0.5205479452054792,-0.8541666666666666,-1.362068965517241,0.3846153846153846,0.2344497607655501,0.299363122973358,-0.9541392564000488,1
0.6459397812552606,-0.1425758389638982,-0.3253588516746413,-0.1213483146067423,-0.25,0.0,1.2857142857142858,0.5714285714285714,-0.5,0.5,-0.7243660418963614,-0.3590664272890484,0.0,0.5,-0.2665036674816627,1.132029339853299,0.5714285714285714,1.4285714285714286,0.2857142857142857,0.375,-0.5,0.0698113207547168,0.3580379520229143,-1.0,0.0,-0.14,0.7407407407407407,1.2857142857142858,-0.7471264367816091,1.1176470588235294,-0.4606741573033708,0.0,1.034090909090909,-0.0243902439024393,-0.3680000000000001,1.7027027027027026,1.0273972602739725,-1.0,-0.7068965517241378,-0.417582417582418,-0.708133971291866,0.1011683219874327,-0.994869323391895,2
0.050203390341689,0.6952751023466993,-0.5645933014354081,0.8382022471910109,-0.75,0.1428571428571428,0.5714285714285714,0.0,-0.5,2.0,-0.9382579933847848,0.0,-0.5,1.0,0.8435207823960879,-1.1784841075794603,-0.1428571428571428,-0.4285714285714285,1.5714285714285714,1.625,-0.5,-0.7913207547169809,-0.8950948800572859,0.5,-2.5,0.04,0.6296296296296297,0.0,0.0344827586206897,0.0,0.8651685393258424,0.0,-0.5,0.0975609756097558,1.168,0.2567567567567568,0.9315068493150686,-0.6875,-0.3103448275862068,-0.5164835164835169,1.047846889952153,-0.101168321987432,-0.9948693233918952,1
1.3717685479797046,0.4666199844308123,-0.4569377990430637,0.6134831460674158,-0.125,-0.2857142857142857,0.0,-0.2857142857142857,0.0,1.0,-0.0679897096655639,-0.1055655296229802,-0.5,1.0,-0.2444987775061117,-0.0660146699266505,-0.1428571428571428,-0.1428571428571428,1.1428571428571428,0.5,0.5,-0.6739622641509432,-0.3580379520229143,0.0,0.5,-0.44,-0.2222222222222222,9.857142857142858,-0.7126436781609193,0.0588235294117647,-0.4494382022471909,0.0,-0.8749999999999999,0.5447154471544715,0.2079999999999998,-0.1756756756756757,-0.2191780821917807,-0.2291666666666666,-0.7068965517241378,-0.065934065934066,-0.478468899521531,-0.651372482722222,-0.7587581226927911,2
0.0314198237232751,0.979742435584764,-0.4354066985645941,0.2449438202247194,-0.5,-0.8571428571428571,-0.5714285714285714,-0.7142857142857143,-0.5,1.5,0.0735023888276369,-0.3590664272890484,-0.5,1.0,0.8435207823960879,-1.1784841075794603,-0.1428571428571428,-0.4285714285714285,1.5714285714285714,1.625,-0.5,-0.7913207547169809,-0.8950948800572859,0.5,-2.5,-0.6,0.6296296296296297,0.0,1.3908045977011494,0.0,0.7865168539325841,0.0,0.4431818181818182,0.4308943089430894,1.4320000000000002,0.7297297297297297,-0.3013698630136985,-1.3541666666666667,-0.4770114942528734,-0.9010989010989016,1.066985645933014,-0.7907757369376986,-0.6121059825476627,1
0.1028030261954743,-0.2108342464766864,-0.7822966507177029,0.0808988764044935,0.375,0.4285714285714285,0.0,-0.4285714285714285,-0.5,0.0,0.2381477398015438,0.4272890484739677,-1.0,0.5,-0.4889975550122256,0.977995110024447,-0.7142857142857143,0.0,0.4285714285714285,0.0,2.0,-0.8935849056603772,0.0,-0.5,1.0,-0.24,-0.0555555555555555,0.0,0.7241379310344828,0.0,0.5168539325842693,0.0,-0.9090909090909092,1.292682926829268,-0.2079999999999999,1.554054054054054,0.9999999999999998,-0.2083333333333333,0.0574712643678161,-0.9725274725274728,-0.1674641148325358,-0.7907757369376986,-0.6121059825476627,0
0.9187029725538632,0.2261486873577688,-0.7822966507177029,0.9797752808988776,-0.5,0.0,0.4285714285714285,0.4285714285714285,0.0,0.5,-0.6192576258728408,-0.2991023339317774,-0.5,1.0,0.2665036674816627,-0.6234718826405855,0.7142857142857143,0.1428571428571428,-0.1428571428571428,2.25,0.0,0.3773584905660375,-0.7422126745435014,0.5,-2.0,-0.42,0.2407407407407407,0.6428571428571429,-0.1839080459770114,0.0,-0.3483146067415731,0.0,0.0795454545454546,1.0325203252032515,1.344,-0.0945945945945944,-0.2602739726027395,-0.7291666666666666,-1.4195402298850572,-0.1868131868131871,0.2296650717703347,-0.8978045395707417,-0.4403941515576342,0
0.5690299175269554,-0.0683581212898562,-0.8923444976076557,-1.9191011235955084,0.0,0.0,-0.2857142857142857,0.1428571428571428,-0.5,0.0,0.2219772142594634,-0.163375224416517,-1.5,-3.0,-0.4889975550122256,0.977995110024447,-0.7142857142857143,0.0,0.4285714285714285,0.0,2.0,-0.8935849056603772,0.0,-0.5,1.0,-0.54,-0.0555555555555555,0.0,0.5517241379310345,0.0,0.6067415730337076,0.0,-0.4318181818181816,0.5447154471544712,0.7839999999999999,0.7837837837837835,0.5342465753424656,-0.5208333333333334,-0.8678160919540228,0.0109890109890107,0.3540669856459332,-0.72479278722912,0.6889669190756865,0
-0.2712598803862642,-0.2943513453217047,0.5430622009569362,-0.6539325842696646,-0.125,-0.1428571428571428,1.2857142857142858,-0.1428571428571428,1.0,-0.5,-0.6383682469680263,-0.0944344703770197,-0.5,-1.0,-0.3569682151589241,0.3325183374083127,-0.4285714285714285,-1.0,-0.7142857142857143,-0.625,1.5,0.1452830188679244,-0.3580379520229143,-0.5,1.0,0.34,-0.6481481481481481,0.0,-0.8965517241379308,0.0,1.1235955056179772,0.0,-0.8749999999999999,-0.4634146341463414,0.2639999999999998,-0.3918918918918919,1.698630136986301,1.0625,-1.1436781609195403,-0.9340659340659344,-1.0382775119617222,0.72479278722912,0.6889669190756866,0
0.2435566446779548,1.2040667769891638,0.3253588516746392,0.123595505617977,-0.75,-0.5714285714285714,1.2857142857142858,0.8571428571428571,1.0,2.5,-1.140022050716648,-0.858527827648115,-0.5,1.0,-0.4889975550122256,0.977995110024447,-0.7142857142857143,0.0,0.4285714285714285,0.0,2.0,-0.8935849056603772,0.0,-0.5,1.0,0.38,-0.0555555555555555,6.2857142857142865,-1.2528735632183905,0.0,-0.393258426966292,0.3571428571428571,0.2727272727272727,0.7479674796747964,1.5439999999999998,1.3918918918918917,0.0273972602739725,0.4375,1.1091954022988506,0.4010989010989009,-0.3397129186602869,0.72479278722912,0.6889669190756866,0
-0.2689189092295044,-0.0895091191775525,0.0861244019138745,0.7977528089887641,0.25,0.4285714285714285,-0.5714285714285714,-0.4285714285714285,-0.5,0.5,0.6089672914369719,0.4272890484739677,-0.5,1.0,0.2004889975550119,-0.4449877750611248,-0.2857142857142857,0.2857142857142857,-0.5714285714285714,0.625,-0.5,0.1256603773584905,-0.1851056211958468,0.5,-1.0,-0.58,0.2777777777777778,0.1428571428571428,-0.8965517241379308,0.0,-0.7191011235955055,0.3571428571428571,-0.818181818181818,-0.4634146341463414,-0.5520000000000003,-0.3243243243243243,-0.6164383561643835,-0.9375,-0.2126436781609193,-0.0439560439560441,0.0047846889952153,0.8978045395707416,-0.4403941515576344,1
-0.0242628435710183,0.133220459261691,0.1746411483253576,-0.1011235955056179,-0.5,0.4285714285714285,-1.0,-0.5714285714285714,-0.5,0.0,0.6670341786108048,0.5385996409335728,0.0,-0.5,-0.1564792176039122,-0.0904645476772612,0.1428571428571428,0.2857142857142857,-0.4285714285714285,-0.375,-0.5,0.2977358490566036,0.4260651629072681,0.0,-0.5,-0.56,-0.037037037037037,1.4285714285714286,-0.9310344827586206,5.882352941176471,0.8651685393258424,0.7857142857142858,0.659090909090909,0.300813008130081,0.848,1.4729729729729728,-0.465753424657534,-0.5625,0.3390804597701153,-0.0329670329670334,-0.5645933014354065,0.7907757369376989,-0.6121059825476626,0
-0.0889888374383949,-0.0741676738022014,0.999999999999998,1.613483146067418,-0.625,0.2857142857142857,-0.4285714285714285,-0.1428571428571428,0.0,3.0,-0.2094818081587649,0.163375224416517,0.5,3.0,-0.2004889975550119,-0.2224938875305624,0.7142857142857143,-0.5714285714285714,-0.1428571428571428,0.375,-0.5,0.3773584905660375,-0.5968492660221983,-0.5,-1.0,-0.4,-0.074074074074074,0.0,-0.1609195402298848,0.0,-0.5168539325842697,1.5714285714285716,0.318181818181818,-0.3414634146341462,-0.4880000000000001,0.1621621621621618,0.232876712328767,-0.3541666666666667,-0.2988505747126435,-0.065934065934066,-0.2966507177033492,0.6513724827222223,-0.758758122692791,1
0.3691167645903341,-0.3103652227628425,0.870813397129186,1.6764044943820238,0.5,2.0,-0.8571428571428571,-1.2857142857142858,0.0,2.0,0.99595736861448,1.5192100538599644,0.5,2.5,-0.4889975550122256,1.4669926650366714,-0.1428571428571428,0.8571428571428571,-0.4285714285714285,0.25,1.5,0.110943396226415,0.2388113139992838,-1.0,2.0,-0.1,-0.4444444444444444,0.0,-0.4942528735632182,5.0,-1.1011235955056178,4.285714285714286,0.2727272727272727,0.3821138211382111,-0.4800000000000003,0.4999999999999999,0.8904109589041095,0.375,-0.3563218390804595,0.2802197802197799,0.0239234449760765,0.6513724827222223,-0.758758122692791,2
0.0715870500282044,-0.1816002796138903,1.153110047846888,-0.1213483146067423,0.0,0.5714285714285714,-0.5714285714285714,0.1428571428571428,0.5,-0.5,0.4726203601617054,0.1382405745062836,1.0,-0.5,0.4669926650366746,-0.4669926650366736,0.4285714285714285,-0.5714285714285714,1.2857142857142858,0.375,0.0,-0.400377358490566,-0.5968492660221983,-1.5,-0.5,0.08,0.6111111111111112,0.0714285714285714,-0.5172413793103448,3.2941176470588234,-0.5393258426966292,2.142857142857143,-0.7954545454545454,0.6747967479674796,-0.016,-0.0405405405405406,-0.4246575342465752,-0.625,0.0632183908045981,-0.5494505494505498,-0.2775119617224879,0.6513724827222223,-0.758758122692791,1
-0.1348247737043743,-0.2712934697572416,1.2177033492822948,-0.2449438202247194,-0.25,0.5714285714285714,-1.0,-0.5714285714285714,1.0,-0.5,0.8507901506798972,0.5985637342908438,1.5,-1.0,0.2860635696821517,-0.7334963325183357,0.0,-1.2857142857142858,-0.4285714285714285,0.875,-0.5,0.2098113207547168,-1.4321518080916575,0.0,-0.5,-0.62,0.2037037037037037,0.0,0.2528735632183907,1.7647058823529411,-0.1910112359550562,1.7142857142857144,1.602272727272727,0.5691056910569103,-0.6080000000000003,1.2027027027027026,1.3835616438356162,-0.8958333333333334,-0.1149425287356322,0.7472527472527469,-0.0047846889952153,0.485301962531081,-0.8743466161445821,1
-0.131492612015507,-0.4027798242547282,-0.4784688995215314,1.3685393258426986,-0.375,3.4285714285714284,-0.1428571428571428,0.7142857142857143,-0.5,0.5,-0.1760382212421901,0.6463195691202875,-0.5,0.5,-0.2665036674816627,0.132029339853299,-0.2857142857142857,-0.5714285714285714,0.2857142857142857,-0.25,-0.5,-0.4490566037735847,-0.2237737200143214,-0.5,-0.5,-0.48,-0.4074074074074074,6.428571428571429,0.7356321839080461,0.2352941176470588,-0.1685393258426966,10.642857142857144,-0.8409090909090908,-0.4146341463414633,-0.4480000000000002,1.4864864864864866,0.082191780821918,-0.0625,-0.2356321839080456,-0.0989010989010995,0.1435406698564593,0.485301962531081,-0.8743466161445821,2
-0.0801452690872901,-0.1829956523940371,-0.6746411483253587,-0.8786516853932597,-0.375,-0.5714285714285714,1.0,2.0,-0.5,-0.5,-0.729511209114296,-1.1005385996409336,-1.0,-2.0,0.7114914425427885,-0.4889975550122245,-0.1428571428571428,0.5714285714285714,1.4285714285714286,0.5,0.5,-0.7547169811320753,0.0,1.0,-0.5,0.46,0.0,6.642857142857144,-0.5172413793103448,0.0,-0.2696629213483146,0.7142857142857143,0.5227272727272726,-0.4390243902439024,-0.3600000000000002,0.8243243243243242,0.1780821917808217,0.4583333333333333,-0.4712643678160917,-0.3076923076923081,-0.3253588516746411,0.485301962531081,-0.8743466161445821,0
0.0607388118889119,-0.1809165889442024,2.0454545454545436,-0.4898876404494388,2.0,0.1428571428571428,-1.2857142857142858,0.4285714285714285,1.5,-0.5,1.6383682469680267,-0.2154398563734291,2.0,-0.5,-0.5574572127139361,0.4889975550122245,0.5714285714285714,-0.2857142857142857,0.4285714285714285,-0.5,0.5,0.0,0.2237737200143214,-1.5,1.0,-0.18,0.037037037037037,0.0,0.471264367816092,0.0,0.2471910112359549,3.2142857142857144,0.4659090909090908,-0.1788617886178863,-0.4640000000000001,-0.3783783783783782,-0.5205479452054795,-0.25,-0.247126436781609,0.115384615384615,0.1148325358851673,0.299363122973358,-0.9541392564000488,2
0.1897552658395452,-0.4903212694082054,-1.0,0.1033707865168526,-0.125,-0.2857142857142857,0.2857142857142857,-0.5714285714285714,0.0,0.0,-0.2352076442484378,0.1195691202872531,-0.5,0.5,0.8435207823960879,0.977995110024447,0.4285714285714285,0.2857142857142857,-0.8571428571428571,2.375,-0.5,0.8384905660377354,-0.7078410311493016,0.5,-0.5,0.4,-0.4259259259259259,0.1428571428571428,0.2528735632183907,1.352941176470588,-0.6516853932584269,6.857142857142858,-0.1136363636363636,0.5365853658536586,-0.3120000000000005,0.0540540540540538,-0.1232876712328767,0.875,-0.454022988505747,0.4010989010989009,-0.5311004784688994,0.1011683219874327,-0.994869323391895,0
0.3057289323694462,-0.3195785833004056,-0.282296650717704,-0.224719101123597,-0.625,0.1428571428571428,0.7142857142857143,-0.4285714285714285,0.0,0.0,-0.8555678059536933,0.2833034111310591,0.0,0.0,-0.2885085574572115,-0.4449877750611248,0.1428571428571428,1.1428571428571428,-0.1428571428571428,-0.125,-0.5,0.0898113207547171,0.5556749015395631,-0.5,-0.5,0.06,0.1481481481481481,1.8571428571428577,0.2988505747126438,5.588235294117648,0.2921348314606738,3.0000000000000004,-0.2272727272727272,0.0081300813008131,-0.2560000000000003,0.2432432432432433,-0.0958904109589042,-0.125,-0.5919540229885056,-0.1098901098901102,-0.0382775119617223,0.1011683219874327,-0.994869323391895,2
-0.0564661371977878,-0.2314603322285099,1.2822966507177018,0.9393258426966288,0.625,-0.5714285714285714,-0.7142857142857143,-0.5714285714285714,0.5,0.0,0.8945240720323413,-0.1382405745062836,1.0,0.5,0.3325183374083134,1.244498777506109,1.0,0.0,-1.2857142857142858,-0.625,0.5,1.4894339622641508,0.5266738274257071,0.5,1.0,-0.4,-0.0185185185185185,1.2142857142857144,-0.4022988505747126,0.7647058823529412,0.2022471910112359,5.500000000000001,-0.7159090909090907,-0.0975609756097563,0.0959999999999995,-2.4004822154057435e-16,0.3835616438356165,-0.4166666666666667,-0.5057471264367814,-0.0769230769230772,0.2440191387559805,-0.101168321987432,-0.9948693233918952,0
0.2135786661123492,-0.2645866358525446,-0.8468899521531099,-0.2651685393258438,-0.75,0.7142857142857143,0.8571428571428571,-0.1428571428571428,-0.5,-0.5,-1.0305034913634692,0.3590664272890484,-1.0,-0.5,-0.3789731051344751,0.4449877750611227,-1.1428571428571428,0.2857142857142857,0.8571428571428571,1.125,-0.5,-1.4894339622641506,-0.3798782670963122,-0.5,-1.5,0.02,0.6111111111111112,0.7142857142857143,-0.482758620689655,0.7647058823529412,0.235955056179775,8.285714285714286,-1.0227272727272727,0.0650406504065038,-0.184,0.2702702702702702,0.7945205479452052,-0.6875,-0.3160919540229885,0.2142857142857138,-0.492822966507177,-0.101168321987432,-0.9948693233918952,2
-0.0443478142502993,-0.0307189739124124,0.717703349282296,-0.3258426966292149,0.0,-0.2857142857142857,0.5714285714285714,0.2857142857142857,0.5,-0.5,-0.2884968761484747,-0.4272890484739677,1.0,-0.5,-0.5794621026894871,0.689486552567236,-0.4285714285714285,-0.2857142857142857,-0.4285714285714285,1.25,0.5,-0.1256603773584905,-0.7160759040458288,0.0,1.0,-0.34,0.0,0.0,-0.2873563218390804,0.5294117647058824,-0.303370786516854,1.6428571428571428,0.2272727272727274,0.365853658536585,-0.7200000000000002,0.2027027027027029,-0.1369863013698627,-0.375,-0.3390804597701148,0.395604395604395,-0.15311004784689,-0.2993631229733582,-0.9541392564000488,1
-0.0307386401539334,-0.0105636556838434,0.9138755980861232,1.1438202247191014,0.75,-0.1428571428571428,-0.5714285714285714,-1.1428571428571428,0.0,1.0,0.810731348768835,0.8976660682226213,0.5,1.5,-0.4889975550122256,0.955990220048898,-0.4285714285714285,0.5714285714285714,1.1428571428571428,-0.875,0.0,-0.8709433962264149,1.036519871106337,-0.5,0.5,-0.62,-0.1851851851851851,0.0,-0.1839080459770114,0.0,0.0898876404494382,0.0,0.8977272727272727,0.186991869918699,-0.4080000000000005,0.8783783783783783,0.191780821917808,-0.4583333333333333,0.0804597701149428,-0.2032967032967036,0.3923444976076556,-0.2993631229733582,-0.9541392564000488,1
-0.0470403922118152,-0.3601182558211945,-0.3038277511961737,0.1820224719101115,-0.625,0.0,1.0,-0.4285714285714285,-0.5,-0.5,-0.946710768099963,0.1996409335727109,-0.5,0.0,0.9095354523227386,-0.5110024449877755,1.2857142857142858,-0.2857142857142857,-0.5714285714285714,-0.375,0.0,0.8709433962264149,0.1052631578947367,0.5,-1.0,0.32,-0.4444444444444444,3.3571428571428577,1.5287356321839078,0.0588235294117647,0.8988764044943818,0.9285714285714288,-0.318181818181818,-0.0081300813008129,0.5040000000000001,1.7972972972972971,0.7534246575342465,0.8125,-0.5574712643678161,-0.065934065934066,0.4449760765550237,-0.2993631229733582,-0.9541392564000488,0
0.0710691342883552,-0.3560922404969538,-0.0215311004784697,0.0808988764044935,1.625,0.8571428571428571,-1.0,0.7142857142857143,0.0,0.5,1.3612642410878355,0.0,0.0,0.5,-0.6674816625916866,2.1564792176039074,0.2857142857142857,2.2857142857142856,0.2857142857142857,-1.25,1.5,-0.0754716981132076,1.6623702112423917,-1.0,2.0,-0.5,-0.2592592592592592,0.0,1.988505747126437,0.0,-0.6629213483146066,1.2857142857142858,0.0681818181818181,0.2032520325203253,-0.376,1.8783783783783785,0.1095890410958902,-0.25,-0.4137931034482758,0.2142857142857138,0.0382775119617223,-0.4853019625310808,-0.8743466161445822,0
-0.0833871355585852,-0.3237186695702712,-0.0215311004784697,-0.449438202247192,0.375,-0.2857142857142857,0.1428571428571428,-0.2857142857142857,-0.5,-0.5,0.1525174568173469,-0.1055655296229802,-1.0,-0.5,-0.2224938875305629,-0.6234718826405855,-0.2857142857142857,-0.4285714285714285,-0.5714285714285714,0.75,-0.5,0.1256603773584905,-0.6444683136412458,0.0,-1.0,-0.48,0.3333333333333333,4.857142857142858,0.5632183908045979,0.1176470588235294,0.0,0.9285714285714288,0.3636363636363637,-0.2682926829268293,-0.5040000000000002,-0.1486486486486486,-0.3424657534246575,-0.8958333333333334,-0.4310344827586207,-0.384615384615385,-0.3971291866028708,-0.4853019625310808,-0.8743466161445822,1
0.1406926692851535,-0.2482365653160326,-0.346889952153111,-0.9393258426966308,0.125,0.0,1.0,0.1428571428571428,0.0,0.0,-0.384785005512679,-0.163375224416517,0.0,-0.5,-1.0,-0.711491442542787,-0.2857142857142857,-0.8571428571428571,1.0,0.25,-0.5,-0.7256603773584904,-0.7955603293949157,-1.0,-0.5,0.4,0.5555555555555556,0.0,1.011494252873563,0.0588235294117647,-0.5393258426966292,1.3571428571428572,0.6250000000000001,1.0243902439024388,0.4879999999999999,0.0675675675675673,0.63013698630137,-0.2291666666666666,-0.3850574712643676,0.7967032967032968,0.5789473684210527,-0.651372482722222,-0.7587581226927911,2
-0.2209085392472822,-0.4676851972587048,0.8923444976076536,0.1438202247191014,0.875,0.2857142857142857,-0.2857142857142857,-0.1428571428571428,0.5,0.5,0.6387357589121648,0.163375224416517,1.0,0.5,0.1760391198044012,0.821515892420535,1.0,0.2857142857142857,0.1428571428571428,-0.75,0.0,0.3252830188679246,0.7955603293949156,0.0,0.5,-0.58,-0.4259259259259259,0.6428571428571429,-0.8045977011494252,8.588235294117647,-0.9775280898876404,0.0714285714285714,-0.8749999999999999,-0.1056910569105692,-0.4400000000000002,-0.2837837837837839,-0.643835616438356,-0.1458333333333333,-0.5977011494252871,-0.1703296703296708,-0.4976076555023922,-0.651372482722222,-0.7587581226927911,0
-0.0215616159278046,-0.4018772506370028,0.0645933014354048,-0.3460674157303373,-0.25,0.1428571428571428,0.1428571428571428,-0.1428571428571428,0.5,0.0,-0.2517456817346561,0.0854578096947937,0.5,-0.5,-0.3569682151589241,0.3765281173594123,0.7142857142857143,0.5714285714285714,-0.5714285714285714,-0.625,0.0,0.6860377358490563,0.7672753311851056,0.5,0.0,0.26,-0.6111111111111112,5.428571428571429,0.0459770114942531,9.235294117647058,1.0898876404494378,0.1428571428571428,0.056818181818182,0.3008130081300809,-0.3200000000000003,-0.3918918918918919,0.5342465753424656,0.9375,-0.5517241379310343,0.1483516483516477,-0.0430622009569377,-0.7907757369376986,-0.6121059825476627,0
0.4395894386191111,-0.3488758191503024,-0.8468899521531099,-0.2651685393258438,0.0,-0.5714285714285714,-0.1428571428571428,0.5714285714285714,0.0,0.0,0.1157662624035284,-0.769479353680431,-0.5,0.0,-0.2004889975550119,-0.1784841075794627,-0.4285714285714285,-0.1428571428571428,0.5714285714285714,0.0,0.5,-0.6860377358490565,-0.0852130325814535,-0.5,0.5,0.06,0.0185185185185185,0.0,-0.5977011494252872,5.294117647058823,0.9775280898876402,0.0,-0.3409090909090909,-0.0406504065040648,-0.2960000000000002,-0.1081081081081082,0.8767123287671232,0.0208333333333333,-0.1494252873563215,0.3021978021978022,-0.1626794258373204,-0.7907757369376986,-0.6121059825476627,2
-0.060492464424937,-0.3668975571505916,0.1315789473684203,-0.4292134831460696,0.125,-1.1428571428571428,0.5714285714285714,0.8571428571428571,0.5,-0.5,-0.2094818081587649,-1.4172351885098744,1.0,-0.5,0.6430317848410758,1.3765281173594102,0.7142857142857143,0.7142857142857143,-0.5714285714285714,-0.75,0.5,0.6860377358490563,0.9377013963480128,0.0,1.0,0.76,-0.4629629629629629,0.2857142857142857,0.6206896551724139,0.9411764705882354,0.2134831460674155,1.0,-0.0340909090909089,0.0731707317073172,-0.6880000000000004,0.3918918918918919,-0.4246575342465755,1.2916666666666667,-0.068965517241379,-0.2692307692307695,0.1387559808612439,-0.8978045395707417,-0.4403941515576342,2
0.2359988038900614,-0.1851243491048145,-0.6315789473684214,-0.7955056179775294,0.375,-0.7142857142857143,0.2857142857142857,0.7142857142857143,-0.5,-0.5,0.0735023888276369,-0.9403949730700182,-1.0,-1.0,0.1540342298288502,0.3105134474327617,-0.4285714285714285,0.8571428571428571,0.5714285714285714,-1.125,0.0,-0.6860377358490565,1.4131757966344431,0.0,0.5,0.02,-0.0185185185185185,0.0,0.5517241379310345,0.0,-0.3820224719101123,0.0,-0.1022727272727273,0.2357723577235772,-0.2320000000000002,0.3918918918918919,-0.4383561643835617,0.0208333333333333,0.3505747126436783,0.9670329670329668,0.0909090909090908,-0.8978045395707417,-0.4403941515576342,2
0.0483620605839428,-0.4570951613037504,0.1100478468899506,0.7550561797752806,0.625,1.2857142857142858,-0.8571428571428571,-0.5714285714285714,0.5,0.0,1.0345461227489896,0.828725314183124,0.0,0.5,1.1320293398533017,0.9999999999999978,0.8571428571428571,0.8571428571428571,-0.8571428571428571,-0.625,0.0,0.9883018867924528,0.8560687432867882,1.5,0.5,-0.38,-0.6666666666666666,0.0714285714285714,-1.0344827586206895,0.0,-0.797752808988764,0.0,-0.7727272727272726,-0.1300813008130082,0.0319999999999997,-0.108108108108108,-0.73972602739726,0.3333333333333333,0.1321839080459772,0.2692307692307688,0.7368421052631577,-0.8978045395707417,-0.4403941515576342,1
-0.0681502347639854,0.1152668376535126,-1.2392344497607668,-0.2853932584269681,-0.875,-0.5714285714285714,0.8571428571428571,0.8571428571428571,0.5,-0.5,-1.1705255420801173,-0.858527827648115,0.0,-0.5,-1.1124694376528124,-0.5110024449877755,-0.7142857142857143,-0.5714285714285714,0.7142857142857143,1.0,-0.5,-0.9883018867924528,-0.8263515932688864,-1.5,-0.5,0.32,-0.1851851851851851,0.0,-0.0344827586206895,0.0,0.235955056179775,2.0714285714285716,-0.0227272727272726,-0.2357723577235772,0.44,-0.3918918918918919,-0.4109589041095892,0.5208333333333334,-0.2298850574712644,0.0604395604395601,0.6794258373205743,-0.8978045395707417,-0.4403941515576342,2
0.0259447318771245,-0.4134542409756248,0.0,0.674157303370787,-0.375,0.1428571428571428,-1.0,0.4285714285714285,0.0,0.5,0.7673649393605292,-0.2154398563734291,0.5,1.0,-1.2909535452322731,-0.2444987775061133,-0.4285714285714285,-0.4285714285714285,0.4285714285714285,-0.5,0.0,-0.6290566037735847,0.1192266380236304,-1.5,0.0,-0.34,0.3333333333333333,0.0,-0.6436781609195401,0.3529411764705882,0.1685393258426966,0.1428571428571428,-0.2045454545454544,-1.4441925523579272e-16,-0.1200000000000001,0.1081081081081082,-0.273972602739726,-0.75,0.0804597701149428,0.549450549450549,-0.2009569377990431,-0.968077118866204,-0.2506525322587213,2
0.0019290031758604,-0.2240058383779176,-0.4569377990430637,0.573033707865169,-0.125,0.4285714285714285,-0.4285714285714285,0.1428571428571428,0.0,0.5,0.2561558250643145,0.0718132854578097,0.0,1.0,0.2444987775061138,0.0440097799510996,1.7142857142857142,1.8571428571428572,-1.0,-1.0,0.0,1.3064150943396222,1.392409595417114,0.0,0.0,0.14,-0.5555555555555556,0.0,-0.6551724137931033,0.0,0.393258426966292,0.0,-0.7272727272727273,-0.3170731707317071,-0.3840000000000002,-0.2837837837837837,0.63013698630137,0.75,0.3563218390804599,0.5989010989010984,0.54066985645933,-0.968077118866204,-0.2506525322587213,0
0.2774245159033193,-0.3235128576215238,-0.6531100478468911,0.0202247191011223,-0.5,-1.0,0.0,1.8571428571428572,0.0,0.0,-0.3921352443954427,-1.3964093357271097,0.0,0.0,0.0440097799510997,-0.689486552567236,-0.8571428571428571,0.1428571428571428,1.5714285714285714,0.25,-0.5,-1.3064150943396224,-0.0716075904045829,0.0,-1.0,0.84,-0.2592592592592592,0.0,-0.1724137931034482,0.0,-1.0561797752808986,0.5714285714285715,-0.3409090909090909,1.1138211382113816,-0.5600000000000003,-0.1756756756756757,0.095890410958904,1.1458333333333333,0.3448275862068966,-0.5769230769230773,0.2822966507177032,-0.968077118866204,-0.2506525322587213,1
0.1936146899076119,-0.3816643417048576,-0.5861244019138756,-0.6134831460674178,-1.0,-0.4285714285714285,-0.2857142857142857,-0.4285714285714285,-0.5,0.0,-0.9033443586916572,-0.1195691202872531,-0.5,0.0,1.044009779951102,0.0440097799510996,0.5714285714285714,0.4285714285714285,-0.5714285714285714,0.0,-0.5,0.6290566037735846,0.2148227712137488,1.5,-1.0,0.1,-0.5370370370370371,0.7142857142857143,-0.1379310344827585,0.4117647058823529,-0.4269662921348314,0.0,-0.7045454545454544,0.3495934959349589,-0.3760000000000003,0.2972972972972972,-0.3972602739726028,0.6875,0.4367816091954024,0.0274725274725274,0.2488038277511962,-0.968077118866204,-0.2506525322587213,2
-0.1504440936821184,-0.3730909420330267,1.9999999999999976,-0.2651685393258438,1.0,-0.4285714285714285,0.2857142857142857,0.5714285714285714,1.0,0.0,0.3469312752664463,-0.6527827648114902,1.5,-0.5,-0.4229828850855748,0.2004889975550115,-1.1428571428571428,0.1428571428571428,2.2857142857142856,0.375,0.5,-1.6264150943396225,-0.1378446115288219,-0.5,1.0,0.12,0.6111111111111112,2.0,0.9999999999999998,0.5882352941176471,0.8651685393258424,0.7857142857142858,0.0795454545454546,-0.0731707317073169,-0.2240000000000002,0.7027027027027023,0.232876712328767,-0.5833333333333334,-0.2241379310344827,-0.3186813186813191,-0.3923444976076554,-0.9377521321470804,0.3473052528448203,1
-0.1999147066367586,-0.2133774475380533,0.0215311004784675,0.0808988764044935,-0.625,1.0,0.1428571428571428,0.1428571428571428,-0.5,0.0,-0.6085997794928334,0.30951526032316,0.0,0.0,0.2444987775061138,0.132029339853299,-0.2857142857142857,-0.5714285714285714,1.1428571428571428,0.5,-0.5,-0.7686792452830187,-0.6509129967776583,0.5,0.0,-0.36,-0.0185185185185185,7.071428571428572,-0.0459770114942527,0.1764705882352941,-0.0337078651685393,3.8571428571428577,-0.2386363636363635,-0.2845528455284554,0.5680000000000002,-0.1486486486486486,-0.4794520547945205,-0.375,-0.0057471264367812,0.0329670329670326,0.9425837320574164,-0.9377521321470804,0.3473052528448203,0
0.0,-0.1628997706898642,0.3708133971291849,0.1033707865168526,0.25,0.8571428571428571,0.5714285714285714,-1.0,0.5,0.5,-0.1359794193311281,1.0771992818671456,0.5,0.0,-0.2665036674816627,0.2224938875305624,1.4285714285714286,1.5714285714285714,-0.2857142857142857,-0.875,-0.5,0.7158490566037733,1.2395273899033294,0.0,0.0,-0.38,-0.5555555555555556,2.9285714285714284,-0.7241379310344825,0.0,1.685393258426966,0.1428571428571428,0.6136363636363636,1.186991869918699,-0.064,1.1756756756756754,0.589041095890411,0.2083333333333333,-0.4022988505747125,0.8901098901098895,0.2344497607655505,-0.9377521321470804,0.3473052528448203,2
-0.1746717988173131,-0.2877282877221076,0.3708133971291849,0.8382022471910109,0.0,1.1428571428571428,-0.5714285714285714,-0.4285714285714285,-0.5,0.5,0.4726203601617054,0.6904847396768404,0.0,1.0,-0.1784841075794609,-1.3129584352078216,-0.1428571428571428,-0.5714285714285714,-1.1428571428571428,0.375,-0.5,0.943396226415094,-0.5968492660221983,0.5,-1.5,-0.58,0.3333333333333333,1.3571428571428572,0.0459770114942531,3.235294117647059,0.7078651685393258,0.0,-0.0113636363636363,-0.0813008130081302,-0.3600000000000003,-0.3108108108108106,0.1506849315068495,-1.0,-0.1551724137931032,-0.2472527472527476,-0.2535885167464113,-0.848644257494751,0.5289640103269624,1
0.0838920558940138,-0.3788030846788143,-0.8468899521531099,-0.4292134831460696,-0.25,0.0,1.4285714285714286,-0.5714285714285714,1.0,0.0,-0.7651598676956999,0.3166965888689406,0.0,0.0,0.7555012224938883,1.0220048899755487,1.1428571428571428,0.4285714285714285,0.1428571428571428,-0.5,1.0,0.3773584905660375,0.5968492660221981,0.5,1.5,0.14,-0.5370370370370371,1.0,-0.4597701149425287,3.823529411764706,0.7303370786516852,0.0,0.1363636363636364,0.3658536585365851,-0.1280000000000002,0.2972972972972974,0.0,0.7291666666666666,0.0229885057471267,0.7417582417582413,-0.2440191387559809,-0.848644257494751,0.5289640103269624,2
-0.0889888374383949,-0.3195785833004056,0.7392344497607636,0.5101123595505612,2.0,0.7142857142857143,-1.1428571428571428,-0.5714285714285714,0.0,-0.5,1.515986769570011,0.6527827648114901,0.5,0.0,0.2885085574572136,0.132029339853299,-0.8571428571428571,-0.2857142857142857,1.4285714285714286,0.0,0.5,-1.2830188679245278,-0.1790189760114571,0.0,0.5,-0.4,0.1481481481481481,0.1428571428571428,0.6781609195402301,4.176470588235294,0.2921348314606738,4.571428571428572,0.4318181818181816,0.203252032520325,0.2719999999999998,-0.0945945945945942,-0.6164383561643835,-0.6041666666666666,-0.4425287356321837,0.1868131868131863,0.401913875598086,-0.848644257494751,0.5289640103269624,1
-0.0176279926470799,0.2032848757530902,0.4999999999999989,-0.4089887640449452,1.25,0.7142857142857143,-0.8571428571428571,-0.5714285714285714,-0.5,0.5,1.181550900404263,0.6527827648114901,0.0,0.5,-0.1344743276283612,-0.6014669926650368,-0.1428571428571428,-0.5714285714285714,0.7142857142857143,-0.125,0.0,-0.5283018867924527,-0.3157894736842104,0.5,0.0,-0.56,0.6851851851851852,0.7142857142857143,0.1609195402298852,2.4705882352941178,-0.0449438202247191,4.5,-0.9545454545454544,0.6097560975609754,1.1760000000000002,0.9459459459459462,0.36986301369863,-1.375,0.4540229885057475,-0.1318681318681321,-0.6650717703349281,-0.72479278722912,0.6889669190756865,2
0.0025408006953161,-0.315483502277414,-0.6076555023923453,0.0,-1.0,-0.2857142857142857,-0.1428571428571428,-1.1428571428571428,-0.5,0.0,-0.9867695700110252,0.8161579892280071,-0.5,0.5,-0.4229828850855748,1.110024449877748,0.5714285714285714,0.7142857142857143,0.2857142857142857,-0.75,1.0,0.0698113207547168,0.9377013963480128,-0.5,1.5,-0.34,-0.6666666666666666,0.0,0.4597701149425287,0.0,0.0786516853932583,0.7857142857142858,0.4545454545454547,0.8455284552845527,0.616,-0.3783783783783787,-0.328767123287671,0.375,-0.3275862068965515,0.7307692307692306,0.7033492822966508,-0.72479278722912,0.6889669190756865,1
0.1053804823956539,-0.2436682552782295,1.2177033492822948,0.1438202247191014,1.125,-0.2857142857142857,2.142857142857143,1.1428571428571428,2.5,0.0,-0.2723263506063945,-0.7314183123877918,0.5,0.5,-0.3789731051344751,-0.288508557457213,-0.8571428571428571,1.2857142857142858,0.7142857142857143,-0.25,1.0,-1.132075471698113,0.6791979949874685,0.5,0.0,0.08,-0.5555555555555556,0.0,-0.528735632183908,0.0,1.2471910112359543,0.0,-0.0340909090909089,-0.1138211382113821,-0.2080000000000004,0.1756756756756757,0.8356164383561641,0.6875,0.5172413793103449,0.4835164835164833,0.2153110047846889,-0.2012985200886611,0.9795299412524944,0
-0.1600158898807921,-0.5869070538282463,-0.1961722488038294,1.8786516853932596,-0.5,1.2857142857142858,-0.7142857142857143,0.1428571428571428,0.0,1.0,0.2381477398015438,0.4053859964093357,0.5,1.5,1.799511002444988,0.7334963325183357,1.7142857142857142,1.0,0.4285714285714285,0.125,0.0,0.4192452830188677,0.3580379520229143,2.0,0.5,0.12,-0.5370370370370371,0.3571428571428571,1.988505747126437,0.7647058823529412,0.7191011235955053,1.8571428571428577,0.7499999999999999,0.0731707317073168,-0.6080000000000002,1.0675675675675675,-0.7534246575342465,0.7083333333333334,-0.2528735632183907,-0.4450549450549453,0.0334928229665073,0.20129852008866,0.9795299412524944,1
0.056771421753695,-0.3034687507087279,0.935406698564593,0.6943820224719094,1.125,2.4285714285714284,-0.5714285714285714,-1.2857142857142858,1.0,0.0,0.9213524439544286,1.5475763016157993,1.5,0.5,0.6430317848410758,-0.5550122249388751,0.0,-1.1428571428571428,0.0,-0.25,-0.5,-0.0898113207547169,-0.8950948800572859,1.0,-0.5,-0.4,-0.4074074074074074,3.928571428571429,0.7471264367816091,0.0,-0.1235955056179776,0.0,-0.1590909090909091,-0.1626016260162601,0.28,0.6891891891891891,-0.684931506849315,0.0208333333333333,-0.0229885057471263,0.1868131868131863,0.755980861244019,0.3943558551133185,0.9189578116202306,0
-0.2689189092295044,0.0098352958036499,0.7607655502392333,0.348314606741572,1.125,0.1428571428571428,-0.7142857142857143,-0.7142857142857143,0.5,-0.5,1.0345461227489896,0.5281867145421903,0.5,0.0,-0.0440097799510997,-0.1564792176039118,-0.2857142857142857,-0.2857142857142857,0.7142857142857143,0.625,0.5,-0.6290566037735847,-0.5012531328320802,0.5,0.5,-0.58,0.6851851851851852,0.7142857142857143,-0.3908045977011492,0.0,0.5730337078651682,0.1428571428571428,-0.3977272727272727,-0.4471544715447155,-0.3200000000000002,-0.3648648648648647,0.4520547945205477,-1.3958333333333333,-0.5517241379310343,-0.3571428571428575,-0.5980861244019138,0.5712682150947923,0.8207634412072763,1
0.0710691342883552,-0.3699853796152373,1.088516746411483,-0.4292134831460696,0.875,-0.8571428571428571,0.2857142857142857,0.7142857142857143,2.5,0.0,0.2995222344726204,-1.0771992818671454,1.0,0.5,0.4205378973105129,-0.1344743276283631,0.5714285714285714,-0.5714285714285714,0.2857142857142857,-0.75,0.0,0.0698113207547168,0.2982456140350878,1.0,0.5,-0.5,0.0185185185185185,0.0,-0.2643678160919538,0.0588235294117647,-0.4494382022471909,0.0,-0.2613636363636362,-2.8883851047158543e-16,0.1519999999999999,-0.3783783783783784,-0.547945205479452,-0.5625,0.0804597701149428,0.549450549450549,-0.3636363636363636,0.9377521321470804,0.3473052528448203,1
-0.108438624484751,-0.2808693386714291,1.2392344497607646,0.7146067415730338,0.25,1.4285714285714286,-0.2857142857142857,-0.8571428571428571,2.0,0.5,0.3693495038588755,1.0771992818671456,1.5,0.5,1.3105134474327649,1.0220048899755487,0.0,1.2857142857142858,-0.1428571428571428,-0.625,1.0,0.0,0.9638381668456856,0.5,1.5,-0.58,-0.4629629629629629,0.0,-0.7241379310344825,0.0,0.5505617977528087,0.0,0.3522727272727272,0.6016260162601623,0.592,0.8648648648648646,-0.4794520547945205,-0.1041666666666666,0.6896551724137931,0.0989010989010987,-0.1196172248803827,0.9884683243281114,0.1514277775045767,1
-0.2689189092295044,-0.2037254654810547,0.2392344497607646,1.1640449438202258,0.5,0.4285714285714285,0.8571428571428571,-0.4285714285714285,0.5,2.0,-0.1271591326718117,0.4272890484739677,1.0,1.5,0.5110024449877766,1.1784841075794603,1.1428571428571428,1.0,-0.4285714285714285,0.125,2.5,0.7256603773584904,0.3580379520229143,1.0,1.0,-0.58,-0.5555555555555556,0.0,0.4597701149425287,0.0,1.910112359550561,0.0,0.3522727272727272,-0.4471544715447154,-0.3759999999999998,-0.2567567567567568,1.1780821917808215,0.0,0.2816091954022992,0.4175824175824172,0.4545454545454545,0.8978045395707416,-0.4403941515576344,2
0.7858475408161971,0.4687647703413668,-0.8923444976076557,-0.3685393258426984,-0.125,-1.0,-0.2857142857142857,1.5714285714285714,-0.5,0.0,0.1363469312752665,-1.3644524236983844,-0.5,-1.0,0.0660146699266507,1.1784841075794603,-0.2857142857142857,2.142857142857143,-0.4285714285714285,0.125,0.5,0.0,0.6595059076262084,-0.5,0.5,0.5,-0.3518518518518518,2.5,1.8390804597701147,0.0,0.6067415730337076,2.357142857142857,-0.8636363636363635,2.7317073170731696,0.0719999999999999,2.81081081081081,1.054794520547945,0.8958333333333334,0.9022988505747128,-1.1373626373626378,0.368421052631579,0.1011683219874327,-0.994869323391895,2
0.2109962239258322,-0.2614683298907054,-0.1961722488038294,-0.5932584269662935,-0.5,-0.1428571428571428,0.8571428571428571,0.2857142857142857,4.0,0.0,-0.7872105843439909,-0.326391382405745,0.5,-0.5,-0.0440097799510997,0.0660146699266505,0.1428571428571428,0.0,1.5714285714285714,0.5,-0.5,-0.6290566037735847,-0.2753311851056212,-1.0,-1.0,-0.02,1.5185185185185186,0.0,-0.3563218390804596,0.3529411764705882,0.1123595505617977,0.4285714285714286,-0.7499999999999999,0.1951219512195119,-0.264,0.0945945945945944,0.315068493150685,-1.75,0.5862068965517243,1.1648351648351642,0.937799043062201,-0.101168321987432,-0.9948693233918952,0
0.8151786992622764,0.5859783353464056,0.2177033492822949,0.3280898876404496,1.25,-0.2857142857142857,0.0,1.2857142857142858,0.5,0.0,0.5839764792355753,-0.769479353680431,0.0,-0.5,-1.0684596577017127,-0.8459657701711479,0.7142857142857143,-0.1428571428571428,-0.5714285714285714,-0.375,-0.5,0.6860377358490563,0.1990691013247403,-1.0,-0.5,-0.06,0.3703703703703703,1.7857142857142858,0.8045977011494252,0.0,-0.595505617977528,4.5,-0.8977272727272726,2.504065040650406,1.96,1.635135135135135,-0.3698630136986301,-0.5,0.8103448275862071,-1.0714285714285718,-0.8373205741626794,-0.651372482722222,-0.7587581226927911,2
0.7349564874916142,-0.2614683298907054,-0.7607655502392354,1.3887640449438208,0.0,0.5714285714285714,-0.8571428571428571,1.4285714285714286,-0.5,1.0,0.7894156560088202,-0.3590664272890484,-0.5,1.5,-0.2004889975550119,-0.0660146699266505,-0.2857142857142857,0.0,-0.1428571428571428,1.375,-0.5,-0.2098113207547168,-0.5968492660221983,0.0,-1.0,-0.52,1.5185185185185186,7.571428571428572,1.0344827586206895,0.1764705882352941,0.1235955056179772,4.285714285714286,-0.5681818181818181,2.170731707317073,-0.2800000000000003,1.5135135135135134,0.1095890410958902,-2.2708333333333335,0.7183908045977012,-0.9340659340659344,1.0382775119617225,-0.7907757369376986,-0.6121059825476627,1
-0.2712598803862642,-0.4865583304215528,-0.7177033492822981,-0.6943820224719114,0.0,-0.4285714285714285,-0.5714285714285714,-0.4285714285714285,0.0,0.0,0.4726203601617054,-0.1195691202872531,0.0,0.0,-0.4229828850855748,-0.3349633251833746,0.4285714285714285,0.4285714285714285,-0.8571428571428571,0.5,0.0,0.8384905660377354,-0.0615825277479412,0.5,0.0,1.04,0.1111111111111111,16.071428571428573,-0.4712643678160919,7.0588235294117645,0.0786516853932583,16.071428571428573,-0.4545454545454545,-0.4634146341463414,-0.3919999999999999,-0.3918918918918919,-0.0821917808219177,0.9375,0.7931034482758624,0.9175824175824174,0.5550239234449758,-0.968077118866204,-0.2506525322587213,0
0.6051510258829451,0.0257289042246118,-0.3253588516746413,0.123595505617977,-0.75,-0.2857142857142857,0.4285714285714285,-0.5714285714285714,0.0,0.0,-0.8846012495406099,0.1195691202872531,-0.5,0.0,-0.7114914425427864,-0.2224938875305624,-0.5714285714285714,0.5714285714285714,0.0,0.375,0.0,-0.5550943396226414,0.0615825277479412,0.0,0.0,2.0,0.4629629629629629,0.0,0.3908045977011496,0.0,-0.0449438202247191,5.0,-0.7613636363636362,-0.146341463414634,-0.2559999999999997,0.9864864864864864,0.136986301369863,1.5416666666666667,0.7873563218390807,1.027472527472527,0.8803827751196174,-0.968077118866204,-0.2506525322587213,2
0.4972051113175593,0.5186819396212989,-0.6531100478468911,-0.6134831460674178,0.125,0.0,1.5714285714285714,1.4285714285714286,-0.5,0.5,-0.5692760014700476,-0.6369838420107721,-1.0,0.0,-0.2665036674816627,-1.0904645476772612,0.2857142857142857,0.5714285714285714,-1.0,-0.5,-0.5,0.943396226415094,0.6509129967776582,0.5,-1.0,1.96,0.3703703703703703,0.5714285714285715,0.7701149425287355,0.2941176470588235,-0.3258426966292134,20.42857142857143,-0.5909090909090908,0.5934959349593495,1.704,1.2297297297297294,-0.410958904109589,1.6041666666666667,0.7873563218390807,0.1978021978021975,-0.7033492822966506,-0.9987165071710528,-0.0506491688387135,2
0.6824112911515657,0.6192162926228881,1.0430622009569372,0.4292134831460676,1.25,-0.4285714285714285,0.2857142857142857,0.5714285714285714,0.5,0.5,0.4332965821389195,-0.6527827648114902,1.0,1.0,-1.022004889975551,0.2885085574572108,-0.8571428571428571,1.4285714285714286,0.1428571428571428,-0.125,0.5,-0.943396226415094,0.6351593268886501,-0.5,0.0,-0.28,-0.1481481481481481,0.0,2.091954022988505,13.11764705882353,0.4494382022471909,3.0714285714285716,-0.7272727272727273,-0.2357723577235775,1.36,2.9459459459459456,0.6986301369863015,-0.1458333333333333,0.4942528735632185,0.4780219780219778,-0.7416267942583731,-0.9987165071710528,-0.0506491688387135,0
0.0081003946543071,-0.3795310676655838,-1.0215311004784695,-0.2651685393258438,0.0,-0.2857142857142857,0.4285714285714285,-0.1428571428571428,0.0,-0.5,-0.2212421903711869,-0.1996409335727109,-1.0,0.0,-0.2665036674816627,0.0440097799510996,-0.5714285714285714,-1.0,-0.1428571428571428,0.0,0.0,-0.471698113207547,-0.8353025420694592,0.0,0.5,1.74,0.074074074074074,0.0,0.2758620689655174,3.2941176470588234,-0.8089887640449438,1.9285714285714288,0.2045454545454544,-0.2032520325203253,-0.4720000000000002,-0.2972972972972969,0.4520547945205477,1.7083333333333333,0.9022988505747128,1.1978021978021978,0.8086124401913874,-0.9884683243281114,0.1514277775045766,2
0.7349564874916142,-0.0654409922010117,-0.2392344497607667,-0.7146067415730358,0.25,0.1428571428571428,0.1428571428571428,-1.0,1.0,-0.5,0.0852627710400587,0.83770197486535,1.0,-0.5,-0.5110024449877744,0.0880195599021993,0.0,-0.1428571428571428,-0.7142857142857143,-0.375,-0.5,0.471698113207547,0.1990691013247403,0.0,0.0,-0.52,-0.1111111111111111,0.0,-0.2528735632183907,0.0,-0.5730337078651686,0.4285714285714286,-0.4545454545454545,1.642276422764227,-0.2080000000000004,-0.1351351351351351,-0.6301369863013697,-0.4375,0.6551724137931039,-0.6373626373626377,1.0287081339712918,-0.9884683243281114,0.1514277775045766,1
0.7558183359162588,-0.2720032620555698,-0.0215311004784697,-0.449438202247192,-0.125,-0.4285714285714285,-1.1428571428571428,0.2857142857142857,0.0,-0.5,1.156927600147005,-0.5385996409335728,0.5,0.0,0.5110024449877766,0.3545232273838614,-0.4285714285714285,-0.1428571428571428,-0.1428571428571428,0.125,0.0,-0.3328301886792452,-0.1629072681704259,0.5,0.5,-0.16,0.5185185185185185,1.5000000000000002,-0.482758620689655,0.0,0.3707865168539326,4.428571428571429,-0.2159090909090909,1.105691056910569,-0.4640000000000004,-0.0945945945945947,-0.013698630136986,-0.7708333333333334,0.8793103448275861,-0.0604395604395609,0.956937799043062,-0.9377521321470804,0.3473052528448203,1
0.3055283973659441,0.080387839524091,-1.15311004784689,-0.5932584269662935,-1.125,0.2857142857142857,0.0,-0.1428571428571428,-0.5,-0.5,-1.292907019478133,0.163375224416517,-0.5,-0.5,-0.7555012224938883,0.0220048899755487,0.0,0.2857142857142857,-0.5714285714285714,-0.5,-0.5,0.3328301886792449,0.5370569280343717,-0.5,0.0,1.14,0.2962962962962963,0.0,-0.0689655172413792,0.0,-0.2471910112359551,7.714285714285715,-0.4545454545454545,-0.1626016260162602,-0.4720000000000002,0.081081081081081,-0.4794520547945205,0.8333333333333334,0.6436781609195404,0.571428571428571,0.5741626794258372,-0.9377521321470804,0.3473052528448203,0
0.6824112911515657,-0.4293237196219387,-0.5645933014354081,0.9797752808988776,0.25,1.5714285714285714,0.0,0.1428571428571428,0.5,0.5,0.1716280779125324,0.489766606822262,0.0,1.0,-0.4669926650366746,-0.4449877750611248,-0.2857142857142857,0.2857142857142857,-0.7142857142857143,-0.75,0.5,0.2694339622641509,0.7955603293949156,0.0,0.5,-0.28,0.1111111111111111,0.0,0.7701149425287355,0.0,0.1011235955056178,17.357142857142858,-0.7045454545454544,0.0081300813008132,-0.6640000000000001,1.3648648648648645,0.2465753424657532,-0.4375,0.7528735632183914,0.5604395604395599,0.7799043062200954,-0.5712682150947924,0.8207634412072763,0
0.1719291357285937,0.5186819396212989,0.2822966507177019,-0.7348314606741582,-0.625,-0.5714285714285714,0.5714285714285714,0.0,0.5,0.0,-0.8030135979419329,-0.5281867145421903,1.0,0.0,0.0220048899755509,-0.288508557457213,0.4285714285714285,0.1428571428571428,-0.5714285714285714,-0.875,0.5,0.5660377358490566,0.8950948800572859,1.0,0.5,0.6,0.3703703703703703,0.0,-0.0804597701149424,0.0,0.4157303370786515,3.2857142857142856,-0.6477272727272726,0.3902439024390242,1.7760000000000002,0.2972972972972972,0.5616438356164383,0.1875,0.8390804597701155,0.989010989010989,-0.7033492822966506,-0.5712682150947924,0.8207634412072763,1
-0.0789648582875572,-0.2267763565057862,0.1746411483253576,-0.3258426966292149,0.625,-0.5714285714285714,-0.7142857142857143,-0.1428571428571428,1.0,0.5,0.8945240720323413,-0.4488330341113106,1.0,0.0,-0.8899755501222495,0.4889975550122245,-0.2857142857142857,-0.5714285714285714,-0.5714285714285714,-0.125,0.0,0.1256603773584905,-0.3157894736842104,-0.5,0.5,0.18,0.5185185185185185,4.5,-0.2068965517241378,0.1764705882352941,0.7977528089887637,1.3571428571428572,-0.7159090909090907,-0.2439024390243903,-0.2080000000000004,0.2297297297297296,1.10958904109589,-0.4166666666666667,0.6551724137931039,0.8901098901098895,1.0287081339712918,-0.3943558551133187,0.9189578116202306,2
0.7558183359162588,0.5592793275971335,-0.0861244019138767,-0.0202247191011243,-0.5,0.0,-0.2857142857142857,-1.2857142857142858,0.0,0.0,-0.1903711870635794,1.196768402154399,0.5,0.5,-0.0904645476772614,-0.1784841075794627,-0.4285714285714285,0.2857142857142857,-0.1428571428571428,0.0,1.0,-0.3328301886792452,0.1493018259935551,0.5,1.0,-0.16,-0.5740740740740741,0.0,-0.5517241379310343,0.0,0.1797752808988761,0.6428571428571429,-0.2159090909090909,1.7560975609756095,1.64,-0.0135135135135137,-0.2465753424657535,0.4583333333333333,0.9252873563218392,-0.4560439560439563,-0.5502392344497608,-0.3943558551133187,0.9189578116202306,1
0.1719291357285937,0.5114527255188346,0.4354066985645919,0.2651685393258418,-0.125,-0.5714285714285714,-0.1428571428571428,0.4285714285714285,0.5,0.5,0.0286659316427784,-0.7181328545780971,1.0,1.0,-0.2665036674816627,-0.0220048899755509,-0.8571428571428571,-0.5714285714285714,0.5714285714285714,-0.375,0.0,-1.092452830188679,-0.1192266380236304,0.5,0.5,0.6,-0.2407407407407407,0.0,-0.3333333333333331,0.1176470588235294,0.2471910112359549,22.28571428571429,-0.5113636363636364,0.5853658536585362,1.416,-0.162162162162162,0.1917808219178082,0.875,0.8448275862068968,1.038461538461538,-0.4832535885167464,0.20129852008866,0.9795299412524944,0
-0.1101156255477332,-0.1292854272316832,-0.3684210526315786,-0.5101123595505632,-0.25,-0.2857142857142857,0.5714285714285714,-0.7142857142857143,2.0,-0.5,-0.4674751929437706,0.2563734290843807,0.5,0.0,-0.1564792176039122,-0.9119804400977986,0.0,-0.4285714285714285,0.4285714285714285,-0.5,-0.5,-0.3143396226415093,0.1192266380236304,0.5,-0.5,0.22,0.5185185185185185,0.0,-0.0459770114942527,0.0,0.2134831460674155,1.5714285714285716,-0.8295454545454544,-0.3170731707317072,-0.4720000000000002,0.554054054054054,0.5342465753424656,-0.375,0.6379310344827588,0.868131868131868,0.8564593301435405,0.3943558551133185,0.9189578116202306,1
0.1839810058442479,-0.2720032620555698,0.2607655502392343,0.4089887640449432,1.375,0.0,-0.7142857142857143,-0.2857142857142857,1.5,0.5,1.0889378904814406,0.0944344703770197,-0.5,1.0,-0.4009779951100239,-0.1784841075794627,0.1428571428571428,-0.1428571428571428,-0.2857142857142857,0.375,0.5,0.188679245283019,-0.2982456140350876,-1.0,0.5,0.6,0.5185185185185185,0.0,-0.0689655172413792,0.0588235294117647,-0.4831460674157303,3.2857142857142856,-0.0227272727272726,0.16260162601626,-0.6400000000000001,-0.3513513513513512,-0.2191780821917807,0.0208333333333333,0.9137931034482762,1.104395604395604,0.956937799043062,0.72479278722912,0.6889669190756866,1
0.7200816920920995,-0.4865583304215528,-0.1076555023923443,-0.3258426966292149,-0.75,-0.8571428571428571,1.7142857142857142,0.5714285714285714,2.0,0.0,-1.2249173098125683,-1.0394973070017954,0.5,0.5,0.3105134474327624,-0.3105134474327617,-0.1428571428571428,-0.2857142857142857,0.0,0.375,2.0,-0.1886792452830187,-0.389187253848908,1.0,0.5,-0.16,0.1111111111111111,0.0,0.2643678160919541,0.2941176470588235,-0.0337078651685393,5.428571428571429,-0.2954545454545454,1.536585365853658,-0.2240000000000001,0.2837837837837837,-0.410958904109589,-0.3125,0.8390804597701151,-0.3901098901098906,0.8373205741626794,0.8486442574947509,0.5289640103269624,2
-0.2712598803862642,0.3727371686220228,-1.4784688995215314,-0.7955056179775294,0.125,0.1428571428571428,1.2857142857142858,-0.2857142857142857,-0.5,0.0,-0.4829106945975742,0.1795332136445244,-1.5,-0.5,0.1760391198044012,-0.4229828850855739,-0.4285714285714285,-0.1428571428571428,0.0,-0.375,0.0,-0.4192452830188677,0.1990691013247403,0.5,-0.5,0.06,0.3888888888888889,0.0,-0.3678160919540229,0.0,1.7528089887640443,0.0,-0.3522727272727272,-0.4634146341463414,2.6879999999999997,-0.3918918918918919,1.835616438356164,-0.3958333333333333,-0.8333333333333334,-0.6373626373626379,1.5215311004784693,0.299363122973358,-0.9541392564000488,1
0.6975055554232875,0.2537687318663379,0.2607655502392343,1.3685393258426986,-0.375,1.4285714285714286,-0.4285714285714285,-1.4285714285714286,0.5,1.0,0.0543917677324514,1.6244165170556557,1.0,1.5,0.2004889975550119,-0.3789731051344743,0.8571428571428571,-0.7142857142857143,0.1428571428571428,-0.5,-0.5,0.2694339622641509,-0.1378446115288219,0.0,0.0,-0.52,-0.2777777777777778,0.0,-0.2873563218390804,0.0,0.0674157303370784,0.0714285714285714,0.5,-0.0487804878048783,0.7039999999999998,0.5270270270270271,-0.2602739726027395,-0.25,-0.0632183908045973,0.203296703296703,0.9760765550239232,0.1011683219874327,-0.994869323391895,2
0.7314826891719701,0.3838847911183766,0.15311004784689,0.4292134831460676,-0.25,0.7142857142857143,-0.7142857142857143,-1.4285714285714286,0.5,0.5,0.4571848585079017,1.5709156193895872,1.0,1.0,0.6894865525672376,1.4889975550122223,0.2857142857142857,2.0,-0.4285714285714285,0.0,1.0,0.3773584905660375,0.6960257787325456,0.5,1.5,-0.5,-0.6666666666666666,0.0,1.2758620689655171,0.0,0.5393258426966292,0.0,0.0454545454545454,0.5447154471544714,-0.1360000000000002,1.0675675675675675,-0.1232876712328765,0.2083333333333333,0.7126436781609199,0.1593406593406588,0.3827751196172248,0.1011683219874327,-0.994869323391895,0
0.6529542642345503,3.5175234893700824,-0.1961722488038294,0.0808988764044935,-0.75,0.8571428571428571,0.7142857142857143,-0.5714285714285714,0.0,0.5,-0.9867695700110252,0.7026929982046679,0.0,0.5,0.8435207823960879,0.2224938875305624,1.4285714285714286,0.1428571428571428,-0.8571428571428571,0.0,-0.5,1.1320754716981132,0.0776942355889726,1.0,0.0,-0.16,-0.3148148148148148,0.0,-0.2643678160919538,5.176470588235294,0.3483146067415727,0.5714285714285715,0.875,3.05691056910569,-0.5440000000000004,0.945945945945946,-0.150684931506849,0.1666666666666666,-0.9942528735632185,1.5879120879120876,-0.8421052631578947,0.1011683219874327,-0.994869323391895,2
-0.0149040764882503,0.8420957363053792,-0.217703349282297,0.6134831460674158,-0.75,1.0,-0.5714285714285714,-0.5714285714285714,-0.5,1.5,-0.2352076442484378,0.7479353680430882,0.0,1.5,0.1760391198044012,0.0220048899755487,0.0,0.0,-0.1428571428571428,-0.75,0.0,0.0,0.6713211600429645,0.5,0.0,-0.38,-0.2037037037037037,0.7142857142857143,-0.2528735632183907,4.9411764705882355,-0.595505617977528,0.2142857142857143,-0.3977272727272727,0.0406504065040648,0.456,-0.2027027027027027,-0.5342465753424658,-0.1875,-0.1896551724137929,0.3186813186813185,0.722488038277512,-0.101168321987432,-0.9948693233918952,1
3.0497120922499574,0.3145578126689631,0.1315789473684203,0.4089887640449432,0.125,1.5714285714285714,-0.5714285714285714,-1.2857142857142858,1.0,-0.5,0.5446527012127894,1.4829443447037705,1.0,0.0,0.6210268948655271,0.977995110024447,0.0,0.7142857142857143,-0.5714285714285714,-0.25,1.0,0.3328301886792449,0.5012531328320802,1.0,1.5,-0.6,0.6851851851851852,0.0,0.1954022988505746,6.352941176470589,-0.4382022471910112,0.0,-0.4659090909090908,0.8861788617886175,0.5599999999999998,0.4054054054054051,-0.6986301369863013,-1.4166666666666667,-0.4885057471264368,-1.21978021978022,-1.0813397129186602,-0.101168321987432,-0.9948693233918952,0
0.5186651713604367,3.2361122958170156,0.6100478468899517,0.2853932584269661,-0.125,0.0,0.1428571428571428,-0.5714285714285714,0.5,0.0,-0.1554575523704518,0.3166965888689406,0.5,0.5,-0.0684596577017105,-0.1784841075794627,0.1428571428571428,-0.5714285714285714,-0.7142857142857143,-1.125,-0.5,0.5550943396226414,0.9946294307196564,1.0,0.0,-0.58,-0.1666666666666666,0.0,0.1034482758620692,2.1764705882352944,0.8876404494382019,0.0,0.5113636363636366,0.2601626016260158,0.4000000000000001,0.081081081081081,-0.26027397260274,-0.4375,-0.7356321839080459,-0.0549450549450553,-1.1913875598086123,-0.101168321987432,-0.9948693233918952,1
2.971890656949708,-0.0334899937589992,-0.064593301435407,-0.0606741573033711,-0.5,0.0,-1.1428571428571428,-1.1428571428571428,0.5,-0.5,0.9529584711503126,0.9666068222621186,1.0,0.0,0.2885085574572136,0.1100244498777502,0.7142857142857143,0.0,-0.1428571428571428,-0.625,-0.5,0.3773584905660375,0.5266738274257071,2.0,0.0,0.36,-0.2962962962962963,0.0714285714285714,0.3103448275862068,1.0588235294117647,0.8876404494382019,0.0,0.1136363636363638,0.4146341463414633,-0.232,-0.148648648648649,0.2191780821917805,0.6875,-0.6839080459770115,-0.120879120879121,-0.1578947368421051,-0.101168321987432,-0.9948693233918952,2
0.1251955925723027,2.388902877293513,0.564593301435406,0.5101123595505612,1.25,0.1428571428571428,-0.5714285714285714,-0.7142857142857143,2.0,1.0,0.9529584711503126,0.5281867145421903,2.0,1.0,-0.1784841075794609,0.2885085574572108,0.5714285714285714,1.4285714285714286,0.5714285714285714,-0.5,1.0,-0.0649056603773584,0.8950948800572859,-0.5,1.0,-0.4,-0.5,0.0714285714285714,0.6436781609195403,2.058823529411765,-0.1460674157303371,0.0,-0.2272727272727272,0.1138211382113819,-0.4800000000000002,0.6486486486486487,-0.6301369863013697,0.125,-0.1149425287356322,0.4395604395604391,0.004784688995215,-0.2993631229733582,-0.9541392564000488,2
2.6302810408617416,0.0400058160850245,-0.6531100478468911,-0.4292134831460696,-0.75,-0.5714285714285714,0.4285714285714285,0.0,0.0,0.0,-0.8846012495406099,-0.5281867145421903,-0.5,0.0,0.4205378973105129,-0.2224938875305624,0.8571428571428571,-0.4285714285714285,-0.5714285714285714,1.0,0.5,0.7384905660377356,-0.7293233082706765,0.5,-0.5,0.38,0.0555555555555555,3.0000000000000004,-0.6436781609195401,4.529411764705882,-0.3820224719101123,0.0,0.659090909090909,0.0975609756097558,-0.1920000000000002,1.1351351351351349,0.4794520547945202,0.3125,-0.2011494252873563,0.346153846153846,0.3253588516746409,-0.2993631229733582,-0.9541392564000488,2
2.4682765672367406,0.0655733431444069,0.7392344497607636,0.1640449438202238,0.375,1.2857142857142858,-0.7142857142857143,-0.2857142857142857,1.0,-0.5,0.8022785740536569,0.6412926391382405,1.5,0.0,0.4669926650366746,0.7114914425427848,0.8571428571428571,0.7142857142857143,0.0,-0.75,0.0,0.3494339622641509,0.9377013963480128,0.0,0.5,-0.54,-0.4259259259259259,0.0,-0.1954022988505746,1.6470588235294117,-0.2359550561797753,0.0,0.931818181818182,0.2682926829268291,0.2159999999999999,0.9324324324324323,0.63013698630137,-0.1041666666666666,0.5402298850574716,0.1813186813186811,-0.0191387559808615,-0.2993631229733582,-0.9541392564000488,0
0.4845006353929167,0.2677596361061022,0.4138755980861243,0.4089887640449432,0.875,0.4285714285714285,-0.5714285714285714,-0.7142857142857143,-0.5,1.5,0.8507901506798972,0.6614003590664275,0.0,1.5,0.9339853300733516,0.7334963325183357,0.8571428571428571,0.7142857142857143,-0.4285714285714285,-0.875,0.0,0.6290566037735846,1.074113856068743,0.5,0.5,0.5,-0.6111111111111112,0.0,1.2068965517241377,0.3529411764705882,1.0561797752808986,0.0,-0.1249999999999999,-0.0894308943089433,-0.4000000000000003,1.189189189189189,0.7123287671232875,1.1875,0.2758620689655171,0.6428571428571427,0.1291866028708135,-0.4853019625310808,-0.8743466161445822,2
0.4093387060518386,2.619016391343053,1.0669856459330134,0.4696629213483144,0.25,1.2857142857142858,-1.1428571428571428,0.4285714285714285,1.5,1.5,1.2796765894891586,0.2721723518850987,2.0,0.5,-0.0440097799510997,-1.2004889975550117,0.4285714285714285,-0.5714285714285714,-0.8571428571428571,0.375,-0.5,0.8384905660377354,-0.5968492660221983,0.5,-2.0,-0.48,0.1296296296296296,0.2857142857142857,1.1494252873563218,11.117647058823527,-0.1573033707865168,6.571428571428571,-0.5227272727272726,0.3983739837398373,-0.1280000000000004,1.5945945945945943,-0.2876712328767122,-0.6666666666666666,0.3620689655172416,-0.0769230769230772,0.8325358851674639,-0.4853019625310808,-0.8743466161445822,1
0.1134728917088824,1.123360559687351,-0.15311004784689,0.0202247191011223,-1.0,-0.4285714285714285,1.8571428571428572,-0.5714285714285714,-0.5,0.0,-1.4814406468210215,0.0,0.0,0.5,0.4889975550122256,-0.4669926650366736,0.5714285714285714,-0.5714285714285714,-0.7142857142857143,-0.625,-0.5,0.7547169811320751,0.1378446115288219,0.0,0.0,0.1,-0.0925925925925925,0.0,0.6551724137931033,0.0,-0.2584269662921348,0.0,-0.1249999999999999,0.2682926829268293,-0.3440000000000004,0.5405405405405402,-0.6164383561643835,0.1875,0.0862068965517241,-0.2527472527472532,0.4736842105263156,-0.4853019625310808,-0.8743466161445822,1
0.011516010773189,1.2058934326871025,0.0215311004784675,1.2044943820224727,-0.25,0.2857142857142857,-0.1428571428571428,-0.7142857142857143,1.5,2.5,-0.0679897096655639,0.5985637342908438,1.0,2.5,0.0880195599022017,-0.1564792176039118,0.1428571428571428,-1.0,-0.1428571428571428,0.125,0.5,0.0898113207547171,-0.8950948800572859,0.5,1.0,0.08,-0.3518518518518518,0.0,0.689655172413793,0.0,0.8651685393258424,0.2857142857142857,0.2727272727272727,-0.3333333333333333,-0.3120000000000005,0.1081081081081079,0.0,0.4583333333333333,0.2701149425287358,0.4065934065934061,0.5119617224880384,-0.651372482722222,-0.7587581226927911,2
-0.1103255025585451,0.3176149018085769,0.8923444976076536,-1.3887640449438228,-0.375,0.2857142857142857,-0.7142857142857143,1.1428571428571428,2.0,-0.5,0.3561190738699007,-0.4053859964093357,2.5,-1.5,-0.1564792176039122,-0.1344743276283631,-0.2857142857142857,-0.8571428571428571,0.4285714285714285,0.5,0.0,-0.5147169811320754,-0.8950948800572859,-0.5,0.0,0.06,-0.2407407407407407,0.2857142857142857,0.2643678160919541,0.0,1.426966292134831,4.857142857142858,1.7727272727272725,0.2276422764227641,1.272,1.3918918918918917,-0.3835616438356165,0.3125,-0.218390804597701,0.4175824175824172,1.1866028708133969,-0.651372482722222,-0.7587581226927911,1
2.543070892883981,1.3827582910837288,-0.4569377990430637,-0.3887640449438208,-0.25,0.2857142857142857,-0.1428571428571428,-0.5714285714285714,0.0,0.0,-0.0679897096655639,0.472531418312388,0.0,-0.5,-0.2885085574572115,0.8655256723716369,0.1428571428571428,0.8571428571428571,-0.5714285714285714,-0.75,0.5,0.4192452830188677,0.9763694951664876,-0.5,1.0,-0.42,-0.3703703703703703,0.9285714285714288,1.0459770114942528,0.0,0.6179775280898875,0.0714285714285714,-0.0681818181818181,0.6504065040650404,-0.1840000000000002,0.9324324324324323,0.1095890410958905,-0.0416666666666666,-0.040229885057471,-0.6318681318681323,0.4641148325358852,-0.651372482722222,-0.7587581226927911,2
0.6911253029888754,0.5455365051624802,-0.4784688995215314,0.1438202247191014,-0.625,-0.1428571428571428,0.1428571428571428,-0.8571428571428571,1.0,0.5,-0.6085997794928334,0.5131059245960504,0.0,1.0,-0.3129584352078244,0.3325183374083127,0.4285714285714285,-0.4285714285714285,-0.4285714285714285,-0.5,0.5,0.4490566037735847,0.1192266380236304,-0.5,1.0,-0.5,-0.5740740740740741,0.0,0.0344827586206897,0.0,-0.2022471910112359,0.0,1.9204545454545452,0.1788617886178862,-0.6719999999999999,1.8378378378378375,1.780821917808219,0.1041666666666666,0.0057471264367816,0.5989010989010984,0.2105263157894739,-0.7907757369376986,-0.6121059825476627,1
2.977854378564031,0.1116932446901871,0.8492822966507163,0.6943820224719094,0.375,1.4285714285714286,-0.2857142857142857,-0.8571428571428571,0.0,1.5,0.4332965821389195,1.0771992818671456,0.5,1.0,-1.5354523227383874,0.1540342298288499,-0.7142857142857143,-0.5714285714285714,-0.4285714285714285,0.0,0.0,-0.4354716981132074,-0.3977801646974578,-2.5,0.5,-0.24,0.3888888888888889,0.2857142857142857,1.011494252873563,0.0,1.887640449438202,0.0,-0.2613636363636362,1.3495934959349591,0.832,1.1216216216216215,1.8904109589041096,-0.7083333333333334,0.7586206896551726,-0.340659340659341,1.7368421052631575,-0.7907757369376986,-0.6121059825476627,1
0.2815029590832081,0.5484488135893197,-0.4138755980861243,0.1033707865168526,-0.375,0.8571428571428571,0.4285714285714285,0.1428571428571428,0.0,0.5,-0.5053289231900034,0.2563734290843807,0.5,0.0,0.0660146699266507,0.6674816625916852,0.1428571428571428,0.1428571428571428,-0.7142857142857143,-0.375,0.0,0.5550943396226414,0.3580379520229143,0.0,0.5,-0.2,-0.6666666666666666,0.0,-0.2873563218390804,0.0,-0.1011235955056179,4.142857142857143,1.9886363636363635,0.9999999999999996,0.2159999999999999,2.297297297297298,1.7397260273972606,0.5208333333333334,0.0804597701149428,1.2252747252747251,0.8038277511961723,-0.7907757369376986,-0.6121059825476627,2
0.6864548974979884,3.2630043535008193,0.1746411483253576,0.573033707865169,0.0,0.0,-0.8571428571428571,0.0,0.5,0.5,0.7894156560088202,-0.0854578096947935,0.5,0.5,0.1540342298288502,0.0,0.4285714285714285,-0.5714285714285714,-0.2857142857142857,-1.125,0.5,0.3430188679245281,0.9946294307196564,-0.5,1.0,-0.58,0.2407407407407407,0.4285714285714286,0.689655172413793,0.0,0.6516853932584269,7.7857142857142865,1.2613636363636362,-0.1463414634146342,-0.376,0.2837837837837837,-0.0547945205479454,-0.8958333333333334,-0.5344827586206895,-0.1373626373626377,-0.0622009569377989,-0.8978045395707417,-0.4403941515576342,1
0.3234731859322342,3.197109485637728,0.4569377990430616,0.1842696629213482,-0.25,0.7142857142857143,0.4285714285714285,-0.1428571428571428,0.0,2.0,-0.4020580668871736,0.3590664272890484,0.5,2.0,-0.8239608801955988,-0.0904645476772612,-0.8571428571428571,0.0,0.0,-0.625,1.0,-0.8803773584905659,0.5266738274257071,-0.5,1.0,-0.22,-0.1666666666666666,0.2857142857142857,1.8850574712643675,0.0,-0.6629213483146066,0.0,1.1590909090909092,0.1951219512195121,1.504,0.4594594594594595,1.4246575342465753,-0.0625,-0.0172413793103446,-0.3021978021978026,-1.2535885167464116,-0.8978045395707417,-0.4403941515576342,0
3.149511109737148,0.0186406388919465,1.0669856459330134,0.123595505617977,1.875,0.2857142857142857,-0.1428571428571428,-0.7142857142857143,0.0,1.0,0.8246968026460861,0.5985637342908438,0.0,1.0,0.3765281173594131,-0.1564792176039118,0.0,-0.8571428571428571,0.2857142857142857,-0.625,-0.5,-0.2460377358490564,-0.1629072681704259,1.0,0.0,-0.6,-0.4444444444444444,5.0,1.5632183908045976,0.0,0.0898876404494382,0.0714285714285714,1.875,0.3170731707317072,0.2639999999999998,-0.0135135135135134,1.36986301369863,-0.1458333333333333,-0.2298850574712644,-0.5879120879120883,0.5741626794258372,-0.8978045395707417,-0.4403941515576342,2
1.1078197239153058,0.5594954769929947,-0.5645933014354081,0.0808988764044935,0.25,0.0,0.0,-0.1428571428571428,-0.5,0.0,0.1716280779125324,0.0,-1.0,0.5,0.0220048899755509,0.5990220048899748,-0.1428571428571428,-0.1428571428571428,2.142857142857143,-0.5,0.5,-0.9166037735849054,0.3157894736842103,0.0,1.0,-0.12,0.6851851851851852,7.142857142857143,-0.5402298850574712,0.6470588235294118,0.6292134831460671,0.0,-0.5681818181818181,-0.0406504065040651,1.848,-0.3378378378378378,0.7260273972602738,-0.9166666666666666,0.6896551724137931,0.7197802197802194,-0.8708133971291865,-0.968077118866204,-0.2506525322587213,1
-2.754160410675435e-05,-0.2611552209622442,0.7607655502392333,0.3056179775280885,-0.25,0.8571428571428571,-0.1428571428571428,-0.5714285714285714,0.0,0.0,-0.0679897096655639,0.7026929982046679,0.5,0.5,-0.1784841075794609,0.4449877750611227,-0.4285714285714285,0.7142857142857143,0.7142857142857143,0.0,-0.5,-0.7384905660377356,0.3315431435732187,0.0,0.0,0.16,-0.4259259259259259,13.642857142857144,1.1839080459770115,0.4117647058823529,0.0898876404494382,2.142857142857143,1.875,0.1951219512195119,-0.4560000000000003,0.4324324324324325,1.36986301369863,0.625,-0.5689655172413791,0.0604395604395601,-0.3588516746411483,-0.968077118866204,-0.2506525322587213,2
2.409724427384075,2.278249529742199,0.1315789473684203,0.6943820224719094,0.625,0.5714285714285714,-0.4285714285714285,-0.8571428571428571,0.0,1.0,0.6512311650128629,0.850269299820467,0.0,1.5,-0.3569682151589241,-0.6014669926650368,-0.1428571428571428,-0.8571428571428571,-0.2857142857142857,0.25,0.0,0.0,-0.7955603293949157,-0.5,-0.5,-0.54,0.2592592592592592,0.0714285714285714,-0.4712643678160919,1.5294117647058825,-0.6292134831460674,1.9285714285714288,1.8068181818181817,0.1463414634146341,-0.0080000000000002,2.297297297297298,2.1643835616438354,-0.875,-0.3620689655172412,0.2252747252747249,0.3014354066985644,-0.968077118866204,-0.2506525322587213,1
1.420960079289629,2.614010006496754,-0.282296650717704,0.3685393258426964,-1.0,0.5714285714285714,0.7142857142857143,-0.7142857142857143,-0.5,-0.5,-1.292907019478133,0.7181328545780968,-0.5,0.0,1.2224938875305629,-0.2004889975550115,0.4285714285714285,0.4285714285714285,1.5714285714285714,0.5,0.5,-0.4852830188679243,-0.0615825277479412,0.5,-0.5,0.0,-0.5,0.0,0.0804597701149424,4.705882352941177,-0.4606741573033708,0.0,0.3295454545454546,0.5853658536585362,1.248,-0.1081081081081079,0.178082191780822,0.5416666666666666,1.0689655172413794,0.4725274725274722,-0.1961722488038278,-0.9987165071710528,-0.0506491688387135,2
0.2655627265052215,0.0260758094938126,0.6746411483253587,0.5303370786516856,1.375,1.5714285714285714,0.4285714285714285,-0.7142857142857143,-0.5,2.0,0.4046306504961414,0.9974865350089768,-0.5,2.0,0.6894865525672376,-0.0904645476772612,0.7142857142857143,-1.1428571428571428,-1.1428571428571428,1.5,-0.5,1.2577358490566035,-1.3770139634801286,0.5,0.0,-0.4,0.0,2.0714285714285716,1.7241379310344829,0.0,-0.3258426966292134,13.42857142857143,0.2613636363636362,0.7723577235772354,0.7839999999999999,1.3378378378378375,-0.0684931506849317,-0.4375,0.3678160919540233,-0.3241758241758245,-0.5023923444976076,-0.9987165071710528,-0.0506491688387135,1
0.2840137071874549,0.2081083754582275,1.3923444976076549,1.0022471910112367,0.5,0.4285714285714285,-0.5714285714285714,-1.2857142857142858,1.0,1.5,0.7195883866225655,1.316696588868941,1.5,2.0,-0.6674816625916866,0.4889975550122245,-0.5714285714285714,1.0,0.7142857142857143,-0.625,-0.5,-0.8577358490566036,0.8950948800572859,-0.5,0.0,-0.48,0.3703703703703703,0.0,0.0919540229885058,0.0,0.235955056179775,0.0,0.3636363636363637,1.048780487804878,-0.1600000000000003,-0.081081081081081,-0.6301369863013695,-0.9375,0.4425287356321841,-0.4395604395604398,0.880382775119617,-0.9987165071710528,-0.0506491688387135,1
0.1884345884684682,2.614433563072465,-0.3923444976076568,0.0202247191011223,-0.125,-0.1428571428571428,-0.4285714285714285,-0.2857142857142857,0.0,1.5,0.2561558250643145,0.0,-0.5,1.0,-1.5110024449877744,-0.4009779951100252,-0.4285714285714285,-0.2857142857142857,0.2857142857142857,-0.25,0.0,-0.5660377358490566,0.0,-0.5,0.0,0.08,-0.4814814814814814,7.142857142857143,0.8850574712643676,0.2941176470588235,0.2584269662921348,0.0,-0.818181818181818,1.2032520325203249,1.168,1.6351351351351349,0.5753424657534247,0.6041666666666666,0.5804597701149427,-0.4120879120879125,-0.5550239234449761,-0.9884683243281114,0.1514277775045766,2
0.4405125385581182,2.492817050077889,0.7822966507177029,0.7775280898876417,0.625,0.8571428571428571,-0.5714285714285714,-0.4285714285714285,0.5,0.0,0.7673649393605292,0.5985637342908438,0.5,0.5,-0.8679706601466985,-0.0660146699266505,-0.5714285714285714,0.2857142857142857,0.5714285714285714,-0.75,0.5,-0.8086792452830186,0.7955603293949156,-1.5,0.5,-0.56,0.1296296296296296,0.0,-0.482758620689655,7.411764705882353,-0.6292134831460674,0.0,0.2954545454545454,0.6747967479674798,-0.1200000000000003,0.5135135135135134,0.3424657534246575,-0.75,0.6264367816091958,-0.0109890109890111,0.8373205741626794,-0.9884683243281114,0.1514277775045766,1
1.239831354404096,1.6003944168498112,0.3253588516746392,-0.3460674157303373,0.25,0.1428571428571428,-0.4285714285714285,-0.5714285714285714,0.5,-0.5,0.4832782065417128,0.3989228007181328,0.5,-0.5,-0.2224938875305629,0.0660146699266505,-0.4285714285714285,0.0,-0.1428571428571428,-0.125,0.5,-0.3328301886792452,0.0852130325814537,0.5,0.5,-0.3,-0.3518518518518518,3.785714285714286,0.8505747126436783,0.0,0.1235955056179772,0.7142857142857143,0.6022727272727271,-0.0650406504065042,0.08,-0.0945945945945942,-0.2054794520547945,0.0625,0.0229885057471267,0.4505494505494499,0.6746411483253588,-0.9884683243281114,0.1514277775045766,0
-0.0614404351019711,3.320100227009782,0.5215311004784686,0.8382022471910109,0.125,-0.2857142857142857,0.5714285714285714,-0.8571428571428571,1.0,2.0,-0.2094818081587649,0.4143626570915618,1.0,2.5,0.4449877750611258,0.9339853300733472,0.2857142857142857,0.4285714285714285,-0.5714285714285714,-0.375,0.0,0.4966037735849057,0.488363766559255,0.5,0.5,0.06,-0.3148148148148148,3.1428571428571432,0.0689655172413794,0.0,0.6966292134831458,0.0,-0.6136363636363636,0.8536585365853658,2.12,0.4324324324324325,0.863013698630137,0.3958333333333333,0.7586206896551726,-0.0054945054945059,-0.9760765550239232,-0.9377521321470804,0.3473052528448203,2
0.2493910521024735,0.609962358379527,-0.0861244019138767,-0.3887640449438208,-0.5,-0.2857142857142857,0.8571428571428571,0.2857142857142857,-0.5,0.0,-0.7872105843439909,-0.4272890484739677,-0.5,0.5,0.6894865525672376,-0.4229828850855739,-0.1428571428571428,-0.7142857142857143,0.5714285714285714,0.0,1.0,-0.471698113207547,-0.5266738274257071,0.5,0.0,-0.2,-0.5555555555555556,0.0,-0.1609195402298848,0.0,0.2134831460674155,0.0,-0.318181818181818,0.8455284552845527,-0.08,-0.1891891891891892,-0.082191780821918,0.3958333333333333,0.6724137931034485,1.686813186813186,0.2679425837320571,-0.9377521321470804,0.3473052528448203,0
0.3902134597635182,0.0475044966506861,-0.4784688995215314,-1.4921348314606775,-0.5,-0.7142857142857143,0.2857142857142857,-0.4285714285714285,-0.5,-0.5,-0.5516354281514148,-0.414362657091562,-0.5,-2.5,-0.6234718826405868,-0.1784841075794627,0.5714285714285714,-0.4285714285714285,0.1428571428571428,0.375,-0.5,0.1452830188679244,-0.4883637665592553,-1.0,-0.5,0.52,-0.2407407407407407,0.0,0.6206896551724139,0.0,0.0224719101123594,0.0,0.6477272727272728,0.3658536585365854,-0.6560000000000004,-0.3648648648648649,-0.0273972602739725,0.7916666666666666,1.017241379310345,1.6923076923076923,1.062200956937799,-0.9377521321470804,0.3473052528448203,1
0.3183875067746899,0.2614547549240023,1.1100478468899506,-0.0202247191011243,0.625,0.1428571428571428,-0.4285714285714285,-0.7142857142857143,0.0,1.0,0.6512311650128629,0.5281867145421903,0.5,0.0,0.3105134474327624,-0.3349633251833746,0.7142857142857143,0.2857142857142857,-0.2857142857142857,-0.375,-0.5,0.471698113207547,0.4260651629072681,-0.5,-0.5,-0.62,-0.5740740740740741,0.0,0.4252873563218389,0.0,-0.2022471910112359,6.357142857142858,-0.1704545454545454,1.9268292682926824,0.2160000000000001,0.3243243243243241,-0.7397260273972602,-0.0208333333333333,-0.614942528735632,1.1868131868131866,0.2248803827751197,-0.9377521321470804,0.3473052528448203,0
1.199714506499446,3.0772595866977888,0.999999999999998,-0.5303370786516876,0.5,0.4285714285714285,-0.1428571428571428,-0.1428571428571428,0.5,-0.5,0.3914002205071666,0.2341113105924597,1.0,-1.0,-0.6454767726161378,1.1564792176039096,-0.2857142857142857,2.142857142857143,0.4285714285714285,-0.25,0.0,-0.5147169811320754,0.869674185463659,-1.5,0.0,-0.12,-0.6481481481481481,0.0714285714285714,-0.7471264367816091,0.0,0.393258426966292,0.0,0.2386363636363635,0.9837398373983738,0.2879999999999998,0.7567567567567567,-0.5342465753424656,0.5833333333333334,-0.2931034482758617,0.8571428571428569,-0.7559808612440191,-0.848644257494751,0.5289640103269624,2
0.735734643564452,-0.104494934363896,-1.064593301435407,-0.0606741573033711,-0.25,-0.1428571428571428,0.7142857142857143,2.142857142857143,-0.5,0.0,-0.5273796398382946,-0.8721723518850989,-1.0,0.0,0.4889975550122256,0.3545232273838614,0.5714285714285714,-0.1428571428571428,-0.4285714285714285,0.25,0.5,0.5147169811320752,-0.2334407447189401,1.5,1.0,0.84,-0.4444444444444444,0.7857142857142858,0.5862068965517242,0.0588235294117647,-0.0449438202247191,0.0,1.0909090909090908,2.8617886178861784,0.952,0.2027027027027024,0.5890410958904108,1.3541666666666667,1.0632183908045978,-1.0714285714285718,-0.0239234449760765,-0.848644257494751,0.5289640103269624,2
0.1138047621817125,0.082325698687999,0.0861244019138745,0.4292134831460676,-0.375,-0.1428571428571428,0.4285714285714285,0.2857142857142857,0.0,0.0,-0.5053289231900034,-0.326391382405745,0.0,0.5,0.7334963325183373,0.2444987775061111,0.1428571428571428,0.0,-0.1428571428571428,-0.875,0.5,0.0898113207547171,0.8353025420694591,0.5,0.5,-0.22,-0.6296296296296297,0.0,0.482758620689655,0.0,0.0674157303370784,0.0,-0.3636363636363635,-0.4471544715447155,-0.5440000000000002,0.6216216216216213,-0.2054794520547947,0.4583333333333333,0.0,0.1483516483516481,0.1578947368421051,-0.848644257494751,0.5289640103269624,0
3.195702725501123,3.0399616896461437,-0.3038277511961737,-0.8382022471910129,0.25,-0.8571428571428571,-0.2857142857142857,0.0,0.0,0.0,0.3693495038588755,-0.8377019748653503,0.0,-0.5,-0.4229828850855748,0.132029339853299,0.0,0.2857142857142857,0.0,-0.25,-0.5,-0.0898113207547169,0.3254564983888291,-0.5,-0.5,-0.08,0.2407407407407407,0.0,-0.4022988505747126,0.0,0.3146067415730337,0.5,-0.3636363636363635,2.8780487804878043,0.472,-0.3648648648648647,0.0958904109589042,-0.375,0.6034482758620691,-1.5219780219780223,-0.1196172248803827,-0.848644257494751,0.5289640103269624,2
1.1892606430106412,0.0381740744682393,-0.6076555023923453,-0.2651685393258438,0.625,-1.0,0.4285714285714285,0.5714285714285714,0.0,-0.5,0.1220139654538772,-1.196768402154399,-0.5,-0.5,1.022004889975551,0.7555012224938866,0.5714285714285714,1.5714285714285714,-0.5714285714285714,0.25,-0.5,0.6290566037735846,0.460436806301468,0.5,-0.5,0.0,-0.4629629629629629,0.9285714285714288,1.0804597701149423,0.0588235294117647,0.4044943820224715,0.0,0.5795454545454545,-0.0650406504065042,0.2959999999999997,0.2027027027027029,-0.5753424657534245,0.5,0.6264367816091958,0.4890109890109885,0.0047846889952153,-0.72479278722912,0.6889669190756865,1
0.1489330199356205,2.509274077286346,-0.064593301435407,0.7146067415730338,0.125,-0.1428571428571428,1.0,-0.2857142857142857,0.0,0.0,-0.384785005512679,0.0,-0.5,0.5,1.621026894865527,0.2004889975550115,1.7142857142857142,0.7142857142857143,-1.1428571428571428,-0.5,0.0,1.433962264150943,0.7006802721088433,1.0,0.0,0.16,-0.5925925925925926,6.642857142857144,0.4482758620689657,0.0,-0.5168539325842697,0.0,-0.0568181818181818,0.0650406504065039,-0.5920000000000005,0.2162162162162164,-0.2191780821917807,0.8125,0.0632183908045981,0.0274725274725274,0.3062200956937798,-0.72479278722912,0.6889669190756865,2
0.3918454319992521,2.529947026436148,-0.217703349282297,-0.2449438202247194,0.75,-0.4285714285714285,0.2857142857142857,0.7142857142857143,0.5,0.0,0.2488055861815512,-0.7026929982046679,0.5,0.0,-0.4669926650366746,-0.3789731051344743,-1.0,-0.2857142857142857,1.5714285714285714,-0.25,-0.5,-1.433962264150943,0.0,-1.0,-0.5,-0.36,0.2592592592592592,0.0,0.9425287356321838,0.6470588235294118,-0.0898876404494382,0.0,0.1818181818181817,-0.0487804878048781,-0.6000000000000002,0.5135135135135134,-0.452054794520548,-0.6875,0.1724137931034483,0.0439560439560438,0.2966507177033494,-0.72479278722912,0.6889669190756865,0
2.523766368303516,0.0787206805285768,0.717703349282296,1.0426966292134834,0.25,0.4285714285714285,0.8571428571428571,1.5714285714285714,0.5,0.0,-0.2579933847850054,-0.4617594254937163,0.5,0.5,-0.4889975550122256,0.6674816625916852,-0.4285714285714285,0.5714285714285714,0.4285714285714285,-1.0,0.0,-0.6290566037735847,1.1933404940923735,-0.5,0.5,-0.44,0.0,3.2857142857142856,-0.7356321839080457,0.0,-0.595505617977528,0.0,0.3295454545454546,0.4065040650406503,-0.4080000000000003,0.8513513513513512,0.3424657534246575,-0.4791666666666667,0.3620689655172416,-0.0824175824175828,0.2057416267942582,-0.72479278722912,0.6889669190756865,2
2.5163809533030617,0.307193340264987,-2.2607655502392343,-0.8786516853932597,-0.5,-0.5714285714285714,0.1428571428571428,0.5714285714285714,0.0,-0.5,-0.4762954796030869,-0.769479353680431,-2.5,-1.5,-0.6014669926650359,-0.689486552567236,0.4285714285714285,-0.7142857142857143,0.8571428571428571,0.625,0.0,-0.251698113207547,-0.8138202649480843,-1.5,-0.5,0.24,0.3703703703703703,4.428571428571429,-0.5517241379310343,0.0,0.4044943820224715,0.0,0.1363636363636364,0.284552845528455,-0.144,0.4054054054054054,-0.397260273972603,-0.1875,0.2413793103448277,0.8956043956043955,0.722488038277512,-0.5712682150947924,0.8207634412072763,2
1.5679703719220344,-0.1367199606958108,-0.0861244019138767,0.3056179775280885,-0.625,0.4285714285714285,0.5714285714285714,-0.5714285714285714,0.5,0.5,-0.8030135979419329,0.5385996409335728,0.0,0.5,-0.6454767726161378,-0.3349633251833746,-0.1428571428571428,-0.1428571428571428,0.0,-0.5,0.0,-0.1886792452830187,0.3157894736842103,-1.5,-0.5,-0.3,-0.0185185185185185,0.0,3.931034482758621,0.3529411764705882,0.8651685393258424,0.0,0.659090909090909,0.2276422764227638,0.688,3.4594594594594597,-0.465753424657534,-0.3125,1.367816091954023,0.9999999999999998,0.3875598086124399,-0.5712682150947924,0.8207634412072763,2
0.0780955779745163,-0.2863960626268585,1.196172248803827,0.7348314606741582,0.0,0.8571428571428571,-0.4285714285714285,-0.7142857142857143,2.5,0.5,0.3403160602719589,0.8161579892280071,2.5,0.5,1.0880195599022018,1.4889975550122223,1.0,0.5714285714285714,0.2857142857142857,-0.625,1.0,0.251698113207547,0.7672753311851056,1.5,1.5,-0.56,-0.5370370370370371,0.0,0.8045977011494252,0.0,0.4269662921348314,0.0,0.5681818181818183,-0.0975609756097558,-0.6400000000000002,-0.1081081081081084,-0.6164383561643835,0.0,0.2758620689655175,0.1868131868131863,0.291866028708134,-0.5712682150947924,0.8207634412072763,2
1.5074044985778172,2.671258139839539,-0.217703349282297,-0.2853932584269681,0.375,-0.4285714285714285,-0.5714285714285714,-0.1428571428571428,0.5,0.5,0.6670341786108048,-0.3166965888689408,0.0,0.5,1.1100244498777505,-1.533007334963322,0.1428571428571428,-0.5714285714285714,-0.2857142857142857,0.25,0.0,0.188679245283019,-0.5370569280343717,1.5,-0.5,-0.28,-0.4814814814814814,0.0,1.1839080459770115,0.9411764705882354,0.0,0.0,0.4886363636363635,0.0813008130081299,1.208,0.4324324324324325,-0.1917808219178084,0.2291666666666666,0.5977011494252877,0.8241758241758238,-0.5645933014354066,-0.5712682150947924,0.8207634412072763,2
0.5186651713604367,3.348774720065276,0.6100478468899517,0.5932584269662915,-0.25,0.1428571428571428,-0.5714285714285714,-0.1428571428571428,-0.5,0.0,0.2995222344726204,0.0854578096947937,0.0,0.5,0.4449877750611258,-0.6674816625916873,-0.2857142857142857,-0.4285714285714285,-0.5714285714285714,0.375,-0.5,0.1256603773584905,-0.4883637665592553,0.5,-1.5,-0.58,-0.6481481481481481,0.0714285714285714,0.057471264367816,0.0,-0.2359550561797753,0.0,-0.1249999999999999,-0.0975609756097564,1.0399999999999998,-0.1621621621621623,-0.643835616438356,0.1041666666666666,0.3505747126436787,0.7417582417582413,-0.6698564593301435,-0.2012985200886611,0.9795299412524944,1
2.9389326869080565,0.5243722920796533,0.2607655502392343,0.3280898876404496,0.0,0.2857142857142857,-1.0,-0.5714285714285714,1.0,0.0,0.9819919147372288,0.472531418312388,1.5,0.5,0.2004889975550119,0.6674816625916852,0.4285714285714285,-0.2857142857142857,-0.8571428571428571,0.5,0.0,0.8384905660377354,-0.4475474400286429,0.0,0.5,-0.24,-0.5555555555555556,0.0,-0.3333333333333331,0.1764705882352941,0.5393258426966292,3.0000000000000004,-0.3409090909090909,1.951219512195121,0.3839999999999998,-0.3648648648648647,0.3424657534246577,0.3541666666666667,0.793103448275862,-0.7142857142857147,0.0909090909090908,-0.2012985200886611,0.9795299412524944,1
0.2851948764927667,-0.0703963466643185,0.3253588516746392,0.3685393258426964,0.0,0.5714285714285714,0.8571428571428571,-0.4285714285714285,0.5,1.0,-0.4083057699375229,0.489766606822262,0.5,1.5,0.0220048899755509,0.1540342298288499,-0.5714285714285714,-0.4285714285714285,-0.2857142857142857,0.25,0.0,-0.3773584905660375,-0.4260651629072681,0.0,0.0,-0.38,-0.2962962962962963,0.0714285714285714,-0.7471264367816091,0.0,0.7752808988764042,0.1428571428571428,0.5340909090909092,0.9918699186991866,0.6239999999999999,1.108108108108108,-0.4246575342465755,-0.0833333333333333,0.8390804597701151,-0.0219780219780222,-0.0143540669856457,0.20129852008866,0.9795299412524944,0
-0.2712598803862642,0.3481005413500289,-1.2607655502392343,0.4898876404494388,-1.0,0.2857142857142857,0.1428571428571428,0.4285714285714285,-0.5,1.0,-1.117971334068357,-0.1382405745062836,-1.5,1.0,0.7555012224938883,1.2004889975550093,0.7142857142857143,0.7142857142857143,-0.8571428571428571,-0.5,0.0,0.943396226415094,0.7006802721088433,0.0,0.5,0.06,-0.6666666666666666,11.214285714285715,0.7931034482758622,0.0588235294117647,0.5056179775280898,11.214285714285715,0.7954545454545456,-0.4634146341463414,-0.6080000000000002,-0.3918918918918919,-0.4383561643835615,0.7916666666666666,0.2528735632183911,0.4010989010989009,0.4066985645933014,0.20129852008866,0.9795299412524944,0
0.365448392676541,1.5809228986731232,0.5215311004784686,0.9191011235955064,0.25,1.0,-0.1428571428571428,0.2857142857142857,0.0,2.0,0.2660786475560456,0.2394973070017952,0.5,1.5,-0.0440097799510997,-0.0220048899755509,0.0,-0.7142857142857143,0.0,0.375,0.5,-0.0898113207547169,-0.7160759040458288,-0.5,0.0,-0.48,-0.3703703703703703,0.0,0.2758620689655174,0.0,2.0224719101123587,0.0,-0.1818181818181817,-0.0813008130081302,-0.3440000000000001,0.1621621621621623,1.9589041095890405,-0.1041666666666666,0.4942528735632185,0.3736263736263734,0.8133971291866028,0.3943558551133185,0.9189578116202306,1
2.6710124084410984,2.580222439680879,0.7392344497607636,1.4089887640449452,0.25,1.7142857142857142,0.0,-1.1428571428571428,0.5,0.5,0.1716280779125324,1.3644524236983844,1.0,1.0,-0.7334963325183373,0.7995110024449863,1.4285714285714286,0.2857142857142857,0.5714285714285714,0.625,0.5,0.2694339622641509,-0.1851056211958468,-1.5,0.5,-0.54,-0.5,0.0,-0.7471264367816091,3.5294117647058822,0.7303370786516852,0.0,-0.284090909090909,0.7235772357723578,0.8320000000000003,0.1351351351351351,0.5068493150684933,-0.0208333333333333,0.9712643678160924,0.2857142857142855,-0.0287081339712919,0.3943558551133185,0.9189578116202306,1
2.4179831686409767,0.0867710526744501,-0.1076555023923443,0.9393258426966288,-1.0,0.1428571428571428,-0.1428571428571428,-0.2857142857142857,0.0,1.0,-0.9867695700110252,0.1795332136445244,0.5,1.5,-0.1344743276283612,1.2885085574572108,-0.1428571428571428,0.0,0.2857142857142857,-0.5,2.5,-0.3430188679245281,0.3977801646974578,-0.5,2.5,-0.42,-0.6111111111111112,0.5,-0.2413793103448275,0.0,1.2584269662921344,0.0,0.7954545454545456,0.0406504065040651,-0.0800000000000004,0.8243243243243245,-0.1506849315068495,0.2291666666666666,-0.4252873563218388,-0.5879120879120883,0.2057416267942582,0.5712682150947923,0.8207634412072763,0
-0.1031410117749566,-0.034546635067937,0.653110047846889,-0.5303370786516876,0.5,-0.4285714285714285,1.4285714285714286,0.4285714285714285,1.0,0.0,-0.3303932377802278,-0.598563734290844,1.5,-0.5,0.0,-0.1564792176039118,-0.1428571428571428,0.8571428571428571,0.4285714285714285,0.125,0.5,-0.4101886792452829,0.3086287146437523,0.0,0.5,0.1,-0.4259259259259259,0.0,0.1839080459770116,2.4705882352941178,-0.8089887640449438,2.9285714285714284,0.2727272727272727,-0.186991869918699,-0.0160000000000002,-0.2972972972972974,0.5342465753424658,0.5625,-0.4367816091954022,-0.0714285714285716,0.2344497607655501,0.5712682150947923,0.8207634412072763,1
3.1230515998589485,0.1938141372171175,0.2177033492822949,0.2449438202247194,-0.625,0.1428571428571428,1.0,-1.1428571428571428,0.5,1.0,-0.946710768099963,1.0258527827648114,0.5,1.5,-0.2004889975550119,0.689486552567236,-0.1428571428571428,-0.2857142857142857,-0.2857142857142857,-0.625,-0.5,0.0,0.3580379520229143,0.5,0.0,-0.24,-0.6296296296296297,0.0714285714285714,1.3333333333333333,0.0588235294117647,-0.3146067415730337,1.2142857142857144,0.5681818181818183,0.8861788617886177,-0.3680000000000003,0.5135135135135134,0.2876712328767125,0.4375,-0.0172413793103446,-0.7692307692307696,0.3732057416267941,0.9377521321470804,0.3473052528448203,2
2.6594555818494605,0.2174591340275558,1.196172248803827,0.6943820224719094,1.25,0.4285714285714285,0.1428571428571428,-0.1428571428571428,0.5,0.5,0.5060639470782802,0.2341113105924597,1.0,1.0,0.4205378973105129,0.5990220048899748,1.5714285714285714,0.2857142857142857,-0.2857142857142857,-0.25,0.0,0.7547169811320751,0.3254564983888291,0.5,0.5,-0.54,-0.5370370370370371,0.0,-0.2873563218390804,0.0,-0.5056179775280898,0.0,-0.1704545454545454,-0.3089430894308943,-0.5280000000000004,-0.2702702702702702,-0.3698630136986302,0.0208333333333333,0.1494252873563219,0.1978021978021975,0.2153110047846889,0.9377521321470804,0.3473052528448203,2
0.0608701482282586,-0.0850741714647636,0.3038277511961716,-1.1842696629213505,-0.75,-1.0,0.8571428571428571,0.0,2.0,-0.5,-1.0305034913634692,-1.0258527827648116,0.5,-1.5,0.5550122249388764,0.3985330073349611,1.0,0.0,-0.4285714285714285,0.625,0.5,0.6792452830188679,-0.3315431435732187,0.5,0.5,0.06,-0.4444444444444444,0.2142857142857143,0.3103448275862068,1.9411764705882353,-0.0224719101123596,0.7142857142857143,-0.4431818181818182,0.3658536585365853,-0.44,0.5135135135135134,-0.2191780821917807,0.5416666666666666,0.4367816091954028,0.0164835164835163,0.2870813397129186,0.9884683243281114,0.1514277775045767,0
0.2386542590894223,0.3227891888325298,0.4354066985645919,0.6134831460674158,0.125,0.7142857142857143,0.8571428571428571,1.2857142857142858,0.0,1.0,-0.3303932377802278,-0.2563734290843807,0.5,1.5,0.5990220048899761,-0.1564792176039118,0.2857142857142857,-0.2857142857142857,0.1428571428571428,0.25,-0.5,0.0,-0.3254564983888291,0.5,-0.5,0.1,-0.6111111111111112,0.0714285714285714,-0.4137931034482757,0.0,0.0786516853932583,0.1428571428571428,-0.8749999999999999,0.1788617886178862,-0.5760000000000001,0.1756756756756755,0.4246575342465752,0.7708333333333334,0.3620689655172416,0.0714285714285712,0.4976076555023922,0.9884683243281114,0.1514277775045767,2
0.2605153820820309,-0.0811322879396277,1.0430622009569372,-0.2651685393258438,-0.125,-0.1428571428571428,-0.1428571428571428,-0.2857142857142857,0.5,1.5,0.0286659316427784,0.0,1.0,0.5,0.9779951100244512,0.3985330073349611,-0.2857142857142857,1.4285714285714286,0.8571428571428571,-0.25,1.0,-0.6792452830188678,0.7160759040458285,0.5,0.5,-0.58,-0.5370370370370371,0.1428571428571428,0.3563218390804599,1.1176470588235294,1.1797752808988762,1.3571428571428572,0.0909090909090907,-0.0406504065040651,-0.6480000000000004,-0.0675675675675673,0.6027397260273974,-0.0208333333333333,-0.2873563218390805,0.17032967032967,-0.1244019138755981,0.8978045395707416,-0.4403941515576344,1
0.1873843651367279,0.0867710526744501,0.7822966507177029,0.4292134831460676,0.875,1.0,-0.1428571428571428,-0.4285714285714285,2.5,1.5,0.5446527012127894,0.6463195691202875,0.5,0.5,0.9779951100244512,0.5770171149144239,0.2857142857142857,0.1428571428571428,-0.5714285714285714,0.125,2.0,0.4966037735849057,0.0,1.0,0.5,-0.38,-0.6111111111111112,5.714285714285714,-0.275862068965517,0.1764705882352941,0.0224719101123594,6.214285714285714,0.3749999999999998,-0.1463414634146344,-0.4560000000000004,0.3648648648648645,-0.356164383561644,0.2708333333333333,0.017241379310345,0.1593406593406588,-0.0526315789473681,0.7907757369376989,-0.6121059825476626,1
0.1971492874939331,-0.0277447208667589,0.0430622009569372,0.8179775280898884,-0.25,-0.2857142857142857,1.2857142857142858,0.8571428571428571,-0.5,0.5,-0.7243660418963614,-0.6463195691202873,-0.5,0.5,0.1540342298288502,0.955990220048898,0.0,0.1428571428571428,1.4285714285714286,-0.5,0.5,-0.6694339622641508,0.4711779448621555,-0.5,1.0,-0.48,-0.6111111111111112,0.0,-0.5057471264367814,0.4705882352941177,-0.5730337078651686,0.2857142857142857,-0.2954545454545454,-0.1463414634146342,-0.5120000000000001,-0.1621621621621623,-0.4383561643835615,0.1666666666666666,0.3045977011494256,0.2362637362637361,0.2200956937799043,0.299363122973358,-0.9541392564000488,1
0.3413943764797202,-0.0921978608427102,1.1100478468899506,0.9797752808988776,1.0,0.0,-0.1428571428571428,-0.2857142857142857,0.0,0.5,0.5883866225652334,0.0944344703770197,0.5,1.0,0.9339853300733516,0.8655256723716369,1.5714285714285714,1.0,-0.1428571428571428,-0.25,2.5,0.6694339622641508,0.5968492660221981,0.5,0.5,-0.58,-0.4444444444444444,1.2142857142857144,-0.275862068965517,2.705882352941176,-1.0786516853932584,0.2142857142857143,-0.4545454545454545,-0.3252032520325207,-0.4720000000000002,-0.162162162162162,-0.0136986301369863,-0.125,0.3965517241379314,0.6318681318681315,0.2727272727272728,0.1011683219874327,-0.994869323391895,1
-0.2712598803862642,0.0560888505899838,-2.15311004784689,-2.4719101123595553,-1.0,-0.8571428571428571,1.2857142857142858,0.1428571428571428,-0.5,-0.5,-1.4042631385520028,-0.8976660682226213,-2.0,-3.0,1.2665036674816628,-0.3569682151589233,0.2857142857142857,-0.8571428571428571,-1.1428571428571428,-0.375,0.0,1.1320754716981132,-0.4131757966344432,2.0,0.0,3.4,0.5925925925925926,0.0,0.6551724137931033,0.8823529411764706,-0.7191011235955055,0.0,0.659090909090909,-0.4634146341463414,-0.4000000000000006,-0.3918918918918919,0.8904109589041093,2.8541666666666665,0.5459770114942529,0.6813186813186809,0.3540669856459332,0.9377521321470804,0.3473052528448203,2
-0.2712598803862642,-0.5296415658997008,-0.5000000000000011,0.0,0.5,0.0,-0.2857142857142857,-0.8571428571428571,-0.5,0.0,0.4913634693127528,0.5985637342908438,-0.5,0.5,-1.5354523227383874,0.2885085574572108,0.0,-0.7142857142857143,0.5714285714285714,0.0,-0.5,-0.3773584905660375,-0.5266738274257071,-2.0,0.0,0.12,0.3333333333333333,0.5714285714285715,0.7701149425287355,2.3529411764705883,0.3033707865168538,0.5714285714285715,0.7727272727272726,-0.4634146341463414,-0.5120000000000002,-0.3918918918918919,-0.219178082191781,-0.2708333333333333,-0.5517241379310344,-0.3681318681318685,-0.4449760765550239,0.9377521321470804,0.3473052528448203,1
-0.2103551567181552,-0.346775405636491,1.9999999999999976,0.3887640449438208,2.125,2.4285714285714284,-0.8571428571428571,-1.1428571428571428,2.0,0.5,1.3101800808526278,1.436265709156194,2.5,0.5,-0.9339853300733492,0.1540342298288499,-0.2857142857142857,0.2857142857142857,-0.5714285714285714,-0.625,0.5,0.1256603773584905,0.6595059076262084,-1.0,1.0,0.32,-0.074074074074074,0.0,-0.8390804597701147,0.0,0.2471910112359549,0.0,-0.5454545454545453,-0.3983739837398372,-0.4480000000000002,-0.0675675675675675,0.232876712328767,0.3958333333333333,-0.0632183908045973,0.0769230769230764,0.2870813397129186,0.9377521321470804,0.3473052528448203,2
-0.2712598803862642,0.1961125955841691,0.0645933014354048,-2.06292134831461,0.625,-0.5714285714285714,0.1428571428571428,0.1428571428571428,0.0,0.0,0.2723263506063949,-0.598563734290844,0.0,-2.5,-2.222493887530563,-0.6014669926650368,-1.0,-0.8571428571428571,0.1428571428571428,0.5,-0.5,-1.132075471698113,-0.8950948800572859,-2.0,-0.5,1.5,3.1296296296296298,0.0,0.0919540229885058,5.0588235294117645,-0.9550561797752808,0.0,0.1022727272727273,-0.4634146341463414,0.296,-0.3918918918918919,0.506849315068493,-1.9791666666666667,0.7241379310344833,0.8516483516483517,0.0861244019138754,0.9377521321470804,0.3473052528448203,1
-0.2712598803862642,0.0207503218397793,1.196172248803827,0.0,0.125,0.2857142857142857,-0.8571428571428571,0.7142857142857143,1.5,-0.5,0.8507901506798972,-0.2563734290843807,2.0,0.0,-1.6234718826405867,-1.3569682151589233,-0.8571428571428571,-1.4285714285714286,0.1428571428571428,0.5,-0.5,-0.943396226415094,-1.5664160401002505,-2.0,-1.0,2.1,2.5,0.0,-0.5747126436781609,0.5294117647058824,-0.5617977528089886,0.0,-0.5568181818181818,-0.4634146341463414,-0.1600000000000001,-0.3918918918918919,-0.73972602739726,-0.6458333333333334,0.0689655172413794,0.2252747252747249,-0.186602870813397,0.9377521321470804,0.3473052528448203,0
-0.1470501140082089,-0.4208198644191105,0.4569377990430616,0.8584269662921352,1.25,0.5714285714285714,0.2857142857142857,-0.5714285714285714,-0.5,0.5,0.4332965821389195,0.5985637342908438,-1.0,0.5,-0.5574572127139361,1.2004889975550093,-0.4285714285714285,1.1428571428571428,0.4285714285714285,-0.25,0.0,-0.6290566037735847,0.639455782312925,1.0,0.5,-0.4,-0.6296296296296297,0.0714285714285714,-0.3103448275862068,0.2941176470588235,0.3595505617977526,0.7857142857142858,-0.5,-0.1707317073170732,-0.3840000000000001,-0.1486486486486486,0.315068493150685,0.2708333333333333,-0.1264367816091951,0.2362637362637361,0.0526315789473684,0.9377521321470804,0.3473052528448203,0
-0.2712598803862642,0.281245524205544,0.2177033492822949,1.7775280898876418,0.375,2.0,-0.4285714285714285,-1.4285714285714286,0.0,3.5,0.5446527012127894,1.651705565529623,0.5,4.0,-1.779951100244499,-0.8459657701711479,-1.1428571428571428,-0.4285714285714285,0.2857142857142857,0.0,0.0,-1.38377358490566,-0.2824919441460795,-2.0,-0.5,-0.26,1.6111111111111112,1.7857142857142858,-0.3333333333333331,0.0,1.1910112359550558,1.7857142857142858,-0.318181818181818,-0.4634146341463414,1.232,-0.3918918918918919,1.10958904109589,-2.1041666666666665,-0.4712643678160917,-0.2912087912087914,0.9521531100478468,0.9377521321470804,0.3473052528448203,1
-0.2712598803862642,-0.3904162037417775,0.0430622009569372,-0.7752808988764069,0.75,-0.8571428571428571,-0.1428571428571428,0.7142857142857143,0.5,-0.5,0.4972436604189639,-1.0771992818671454,0.0,-0.5,0.2004889975550119,-0.7775061124694376,-0.1428571428571428,-0.5714285714285714,0.7142857142857143,-0.125,-0.5,-0.5283018867924527,-0.3157894736842104,0.0,-0.5,0.48,0.8888888888888888,1.0714285714285714,-1.2528735632183905,0.4117647058823529,-0.2471910112359551,1.0714285714285714,-1.2272727272727273,-0.4634146341463414,-0.7440000000000003,-0.3918918918918919,0.452054794520548,-0.5208333333333334,-0.0057471264367812,0.1538461538461537,0.1004784688995215,0.9377521321470804,0.3473052528448203,2
-0.2712598803862642,0.0243813708440603,0.2822966507177019,-1.2449438202247214,0.0,-0.1428571428571428,0.8571428571428571,0.4285714285714285,0.0,0.0,-0.4083057699375229,-0.3903052064631958,0.0,-1.0,-0.2885085574572115,-0.4229828850855739,-0.4285714285714285,-0.8571428571428571,0.7142857142857143,-0.125,-0.5,-0.7384905660377356,-0.5968492660221983,-0.5,-0.5,1.58,0.6481481481481481,0.0,0.5977011494252872,0.0,-0.2921348314606742,0.0,0.6022727272727271,-0.4634146341463414,0.9199999999999998,-0.3918918918918919,0.3013698630136985,0.8958333333333334,-0.8390804597701147,-0.642857142857143,0.4593301435406698,0.9377521321470804,0.3473052528448203,2
-0.1248496105175108,-0.1557359208975935,0.0,-1.000000000000002,0.0,-0.1428571428571428,1.0,0.7142857142857143,0.5,-0.5,-0.4615950018375594,-0.502692998204668,0.0,-1.5,-0.0904645476772614,0.3765281173594123,-0.1428571428571428,-0.8571428571428571,1.0,0.625,2.0,-0.6290566037735847,-0.9377013963480128,-0.5,0.5,-0.1,-0.037037037037037,0.0,0.471264367816092,0.0,-0.6179775280898875,5.714285714285714,-0.4204545454545453,0.2032520325203251,0.1119999999999999,0.6756756756756757,-0.5342465753424658,-0.0833333333333333,0.4137931034482761,0.1043956043956039,-0.0622009569377989,0.9884683243281114,0.1514277775045767,2
-0.2632328788035148,-0.136416460584384,-0.4784688995215314,-0.9191011235955084,0.0,0.1428571428571428,1.2857142857142858,2.0,-0.5,-0.5,-0.5578831312017638,-0.6980251346499103,-0.5,-1.5,-0.4889975550122256,1.0440097799510974,-0.2857142857142857,0.5714285714285714,0.1428571428571428,-0.75,0.0,-0.3773584905660375,0.8950948800572859,-0.5,0.5,0.7,0.7222222222222222,0.0714285714285714,-0.5517241379310343,0.0,1.2022471910112356,3.2142857142857144,-0.6818181818181818,-0.3170731707317072,-0.4880000000000001,-0.2162162162162161,1.561643835616438,-0.1041666666666666,0.3160919540229885,0.549450549450549,0.5311004784688995,0.9884683243281114,0.1514277775045767,1
-0.2712598803862642,0.0553776273378939,-1.588516746411484,-0.1640449438202258,-0.625,-1.0,1.5714285714285714,2.2857142857142856,0.0,0.0,-1.0889378904814404,-1.436265709156194,-2.0,-0.5,-1.0464547677261615,-0.689486552567236,-0.4285714285714285,-0.7142857142857143,-0.1428571428571428,0.25,-0.5,-0.3328301886792452,-0.6595059076262082,-1.0,-1.0,1.88,0.7592592592592593,0.0,0.2758620689655174,0.0,-0.3483146067415731,0.0,0.2840909090909093,-0.4634146341463414,-0.0640000000000002,-0.3918918918918919,-0.013698630136986,1.0833333333333333,0.6034482758620691,0.7362637362637359,0.2009569377990431,0.9884683243281114,0.1514277775045767,0
-0.2712598803862642,0.2984187521817945,-0.4354066985645941,0.2449438202247194,-0.625,0.8571428571428571,0.7142857142857143,0.1428571428571428,-0.5,-0.5,-0.8555678059536933,0.2563734290843807,-0.5,0.0,-1.4449877750611255,-0.3105134474327617,-1.1428571428571428,-1.1428571428571428,0.5714285714285714,0.375,0.0,-1.443018867924528,-1.158252774794128,-1.5,0.0,1.82,2.2962962962962963,0.5714285714285715,1.4827586206896552,0.0,0.8876404494382019,0.5714285714285715,1.4772727272727273,-0.4634146341463414,2.12,-0.3918918918918919,-0.0821917808219175,-0.7083333333333334,-1.0,-0.7967032967032971,1.0430622009569377,0.9884683243281114,0.1514277775045767,1
-0.2573152276793208,-0.4414371981674054,-1.1315789473684223,0.5101123595505612,-0.5,0.5714285714285714,0.4285714285714285,-0.2857142857142857,0.0,1.0,-0.6192576258728408,0.3903052064631958,0.0,1.0,-1.4229828850855748,-0.4229828850855739,-0.1428571428571428,-0.1428571428571428,-0.2857142857142857,-0.375,-0.5,0.0,0.1990691013247403,-1.0,-0.5,0.4,0.7962962962962963,0.1428571428571428,-0.908045977011494,0.0,-0.7640449438202246,0.2857142857142857,-0.6477272727272726,-0.3821138211382114,-0.3519999999999999,-0.108108108108108,-0.6301369863013697,-0.5,0.1494252873563219,0.3571428571428567,0.5215311004784691,0.9884683243281114,0.1514277775045767,0
-0.1964249946628249,-0.3001419989100248,1.0430622009569372,-0.7550561797752826,1.5,-0.4285714285714285,-1.0,-0.5714285714285714,-0.5,-0.5,1.3454612274898936,0.0,0.0,-0.5,0.5990220048899761,-0.6674816625916873,0.1428571428571428,-0.2857142857142857,-0.1428571428571428,0.0,-0.5,0.0898113207547171,-0.1790189760114571,0.5,-1.5,-0.34,-0.0185185185185185,1.8571428571428577,-0.689655172413793,0.0,-0.3483146067415731,11.571428571428571,-0.5454545454545453,-0.1626016260162602,-0.376,-0.2432432432432431,-0.493150684931507,-0.3541666666666667,0.2413793103448277,0.5934065934065933,0.1244019138755981,0.9884683243281114,0.1514277775045767,0
-0.2712598803862642,-0.2904843108127061,-0.7822966507177029,-0.3056179775280905,-0.375,0.5714285714285714,0.8571428571428571,-1.1428571428571428,-0.5,0.0,-0.6806321205439175,1.161579892280072,-0.5,0.0,-0.4009779951100239,0.0,0.0,0.1428571428571428,0.2857142857142857,0.75,0.0,-0.2460377358490564,-0.3086287146437522,-1.0,-0.5,2.34,0.0555555555555555,0.0,-0.1379310344827585,0.0,-0.6404494382022472,0.0,-0.1249999999999999,-0.4634146341463414,-0.3360000000000003,-0.3918918918918919,-0.1506849315068492,2.3541666666666665,-0.0574712643678161,0.1043956043956039,0.3588516746411483,0.9884683243281114,0.1514277775045767,2
-0.2712598803862642,-0.1765930898430808,-1.217703349282297,-0.5101123595505632,0.0,0.5714285714285714,0.0,0.8571428571428571,0.0,0.0,0.019478133039324,-0.1737881508078994,-0.5,-1.0,-1.5354523227383874,-3.312958435207819,-0.8571428571428571,-1.4285714285714286,2.4285714285714284,1.625,-0.5,-1.4150943396226412,-1.6469745793054062,-2.5,-4.0,1.28,3.2222222222222223,0.0,-0.1609195402298848,1.2352941176470589,-0.797752808988764,0.0,-0.1477272727272726,-0.4634146341463414,-0.4240000000000002,-0.3918918918918919,0.0136986301369864,-2.3125,0.0459770114942531,0.203296703296703,-0.0191387559808611,0.9987165071710528,-0.0506491688387126,1
-0.2712598803862642,-0.2589950911935538,0.1315789473684203,0.0606741573033691,0.125,0.0,0.1428571428571428,1.4285714285714286,-0.5,0.0,0.0117603822124222,-0.6369838420107721,-1.0,-0.5,1.3325183374083134,0.7334963325183357,0.8571428571428571,0.5714285714285714,-0.8571428571428571,-0.75,0.5,0.9883018867924528,0.8950948800572859,-0.5,0.0,-0.56,-0.6666666666666666,0.7857142857142858,0.6551724137931033,4.705882352941177,0.0561797752808988,0.7857142857142858,0.659090909090909,-0.4634146341463414,0.3519999999999999,-0.3918918918918919,-0.0547945205479454,0.1458333333333333,-0.6206896551724137,-0.4340659340659344,0.3014354066985644,0.9987165071710528,-0.0506491688387126,2
-0.2712598803862642,-0.1380293105936521,-0.3038277511961737,-2.2674157303370825,0.625,-1.0,-0.1428571428571428,1.5714285714285714,0.0,-0.5,0.4465270121278943,-1.3644524236983844,0.0,-4.0,-1.2444987775061118,-0.8239608801955992,-1.0,-0.4285714285714285,-0.5714285714285714,0.375,-0.5,-0.7547169811320753,-0.4883637665592553,-0.5,-1.0,1.32,2.259259259259259,0.0,-0.5172413793103448,0.1764705882352941,0.595505617977528,0.0,-0.5,-0.4634146341463414,-0.1040000000000002,-0.3918918918918919,0.6027397260273974,-1.1875,-0.6666666666666666,-0.4780219780219784,-0.0095693779904307,0.9987165071710528,-0.0506491688387126,1
-0.2315023070329199,-0.1689267495144382,-0.129186602870814,0.0606741573033691,0.75,-0.1428571428571428,0.1428571428571428,1.0,0.5,0.0,0.3256155825064314,-0.598563734290844,0.0,0.0,0.6650366748166269,-1.6234718826405854,0.7142857142857143,-0.4285714285714285,-0.7142857142857143,1.5,0.5,0.8086792452830188,-0.8660938059434299,0.5,-1.5,0.86,0.037037037037037,0.0,0.0114942528735633,0.0,0.0224719101123594,1.8571428571428577,0.1704545454545456,-0.2845528455284553,-0.5280000000000001,-0.2162162162162161,-0.602739726027397,0.8333333333333334,-0.0804597701149424,0.115384615384615,0.1961722488038278,0.9987165071710528,-0.0506491688387126,1
-0.2712598803862642,-0.0208038620833348,0.0215311004784675,-1.0426966292134854,0.0,-0.7142857142857143,0.8571428571428571,0.7142857142857143,-0.5,-0.5,-0.4083057699375229,-0.9403949730700182,0.0,-0.5,0.1760391198044012,-1.0220048899755487,-0.4285714285714285,0.4285714285714285,0.0,1.0,1.0,-0.4192452830188677,-0.271392767633369,0.5,-0.5,0.76,0.4444444444444444,2.0714285714285716,-0.0459770114942527,1.1764705882352942,-0.7865168539325841,2.0714285714285716,-0.0340909090909089,-0.4634146341463414,-2.842170943040401e-16,-0.3918918918918919,0.136986301369863,0.2708333333333333,-0.7011494252873561,-0.5109890109890113,0.0239234449760765,0.9987165071710528,-0.0506491688387126,2
-0.233106100597229,0.1283578296955982,-0.2392344497607667,-0.0808988764044955,0.625,-0.1428571428571428,0.2857142857142857,0.4285714285714285,-0.5,0.5,0.1944138184490998,-0.3903052064631958,-0.5,0.0,-0.2885085574572115,-1.0220048899755487,0.8571428571428571,-0.2857142857142857,0.0,0.5,-0.5,0.3494339622641509,-0.4475474400286429,-0.5,-1.0,-0.36,0.6851851851851852,0.0,-1.0114942528735629,3.2941176470588234,1.7865168539325835,0.0,-0.6136363636363636,-0.1707317073170734,0.2080000000000001,0.0540540540540538,2.191780821917808,-1.1666666666666667,-0.4540229885057469,-0.0769230769230772,-0.8421052631578947,0.9987165071710528,-0.0506491688387126,1
-0.2712598803862642,0.0550311128716579,-1.0430622009569372,1.3078651685393272,0.0,0.2857142857142857,-0.4285714285714285,-1.0,0.0,2.5,0.3403160602719589,0.8976660682226213,-0.5,3.0,0.1540342298288502,-1.1784841075794603,-0.5714285714285714,-0.5714285714285714,-0.8571428571428571,0.75,0.0,0.171698113207547,-0.7457930540637305,0.0,-1.5,1.9,0.1666666666666666,0.0714285714285714,-0.4252873563218389,1.5882352941176472,-0.6067415730337078,0.0714285714285714,-0.409090909090909,-0.4634146341463414,0.0879999999999997,-0.3918918918918919,-0.5342465753424658,1.7708333333333333,0.0862068965517241,0.2417582417582413,0.7320574162679424,0.9987165071710528,-0.0506491688387126,2
-0.2712598803862642,-0.0702740932937246,1.153110047846888,-0.3887640449438208,0.125,-0.7142857142857143,-1.0,-0.4285714285714285,1.5,0.0,1.0345461227489896,-0.414362657091562,2.0,0.0,0.1540342298288502,-2.1784841075794583,0.8571428571428571,-0.7142857142857143,0.0,0.125,0.0,0.3494339622641509,-0.5968492660221983,0.0,-2.5,0.74,1.2962962962962965,0.4285714285714286,-0.5402298850574712,0.1176470588235294,-0.5168539325842697,0.4285714285714286,-0.5227272727272726,-0.4634146341463414,-0.5760000000000003,-0.3918918918918919,-0.726027397260274,-0.7083333333333334,0.3045977011494251,0.4505494505494499,0.4401913875598087,0.9680771188662044,-0.2506525322587204,1
-0.2712598803862642,-0.1277287521184006,-2.2607655502392343,-0.6134831460674178,-1.0,-0.7142857142857143,0.2857142857142857,0.5714285714285714,-0.5,-0.5,-1.1705255420801173,-0.8976660682226213,-2.0,-0.5,-2.1124694376528126,-2.623471882640583,-1.0,-1.0,1.1428571428571428,0.125,-0.5,-1.372075471698113,-0.8950948800572859,-2.0,-3.0,3.48,3.0555555555555554,0.0,-0.8850574712643676,4.11764705882353,-0.5505617977528089,0.0,-0.8636363636363635,-0.4634146341463414,0.0079999999999998,-0.3918918918918919,-0.3561643835616437,0.1666666666666666,-0.2298850574712644,-0.0604395604395609,0.4210526315789472,0.9680771188662044,-0.2506525322587204,1
-0.2712598803862642,0.0155996534974251,-0.3684210526315786,-0.449438202247192,-0.5,-0.7142857142857143,0.8571428571428571,-0.1428571428571428,-0.5,-0.5,-0.7872105843439909,-0.598563734290844,-0.5,-0.5,1.3105134474327649,0.0660146699266505,0.2857142857142857,0.1428571428571428,-1.0,0.625,-0.5,0.943396226415094,-0.2556390977443609,2.0,0.0,0.8,1.851851851851852,0.1428571428571428,0.6551724137931033,0.5294117647058824,-0.49438202247191,0.1428571428571428,0.659090909090909,-0.4634146341463414,0.3839999999999998,-0.3918918918918919,0.6164383561643832,-1.2708333333333333,0.5229885057471265,0.659340659340659,-0.1339712918660285,0.9680771188662044,-0.2506525322587204,1
-0.2712598803862642,-0.4916721484820764,-0.6315789473684214,1.0426966292134834,-0.5,1.2857142857142858,0.5714285714285714,-0.2857142857142857,1.5,0.0,-0.6806321205439175,0.6412926391382405,1.0,0.5,0.7555012224938883,0.7555012224938866,1.2857142857142858,0.8571428571428571,-0.8571428571428571,0.375,1.0,1.1007547169811316,0.1732903687790905,1.0,1.0,-0.58,-0.5185185185185185,0.0,-0.3333333333333331,0.1176470588235294,0.3820224719101121,0.0,-0.318181818181818,-0.4634146341463414,-0.0880000000000001,-0.3918918918918919,0.1232876712328765,-0.0416666666666666,0.1206896551724138,0.2747252747252743,0.0334928229665073,0.9680771188662044,-0.2506525322587204,1
-0.2712598803862642,-0.0263002460024138,0.1100478468899506,-0.7752808988764069,-0.25,-0.4285714285714285,0.8571428571428571,-0.1428571428571428,0.0,-0.5,-0.5825064314590223,-0.3166965888689408,0.0,-0.5,0.3105134474327624,1.9999999999999956,0.5714285714285714,1.8571428571428572,-0.5714285714285714,-1.25,3.5,0.6290566037735846,1.646974579305406,0.5,4.0,1.06,-0.3333333333333333,0.5,-0.0114942528735631,6.294117647058823,0.4157303370786515,0.5,0.0,-0.4634146341463414,0.0719999999999997,-0.3918918918918919,-0.2191780821917807,1.4583333333333333,-0.0057471264367812,0.1538461538461537,-0.3875598086124402,0.9680771188662044,-0.2506525322587204,1
-0.1560378178493762,-0.4614713316339962,-1.0,0.0808988764044935,-0.375,0.4285714285714285,-0.4285714285714285,-0.7142857142857143,-0.5,0.5,0.0543917677324514,0.6614003590664275,-1.0,1.0,1.200488997555014,-0.0660146699266505,0.7142857142857143,-0.1428571428571428,-1.2857142857142858,0.875,-0.5,1.4430188679245275,-0.5116362334407447,1.5,-0.5,0.02,0.1481481481481481,1.5714285714285716,0.8275862068965515,0.0,-0.7640449438202246,0.1428571428571428,-0.3409090909090909,0.357723577235772,-0.2080000000000003,0.9999999999999998,-0.2602739726027397,-0.1666666666666666,-0.5172413793103446,0.2197802197802194,0.0526315789473684,0.9680771188662044,-0.2506525322587204,1
-0.2712598803862642,-0.0558999596936075,-1.8277511961722488,-0.8382022471910129,-1.125,-0.2857142857142857,0.4285714285714285,0.0,-0.5,0.0,-1.4156560088202863,-0.2833034111310594,-2.0,-0.5,0.1320293398533014,-0.7775061124694376,1.0,-1.0,-0.2857142857142857,0.625,-0.5,0.580377358490566,-1.074113856068743,0.0,-0.5,1.84,0.3518518518518518,10.071428571428571,-0.1609195402298848,0.0,-1.1348314606741572,10.071428571428571,-0.1477272727272726,-0.4634146341463414,0.2799999999999999,-0.3918918918918919,0.4246575342465755,1.5,0.770114942528736,0.8956043956043955,0.1339712918660285,0.9680771188662044,-0.2506525322587204,1
-0.2329027765583721,-0.3274200137368403,0.3038277511961716,-0.0606741573033711,-0.375,-0.5714285714285714,1.0,-0.2857142857142857,1.0,-0.5,-0.729511209114296,-0.3590664272890484,-0.5,0.0,-0.4229828850855748,0.0660146699266505,0.7142857142857143,-0.1428571428571428,-0.4285714285714285,-0.75,0.0,0.5743396226415093,0.5968492660221981,-0.5,0.5,-0.22,0.0185185185185185,0.7142857142857143,0.9425287356321838,0.5294117647058824,1.561797752808988,1.3571428571428572,1.4318181818181817,-0.2439024390243903,-0.7120000000000001,0.1891891891891892,-0.547945205479452,-0.2708333333333333,-0.3390804597701145,-0.0164835164835167,-0.1674641148325358,0.9680771188662044,-0.2506525322587204,1
-0.2712598803862642,0.056741733302676,-0.8038277511961727,0.4089887640449432,-0.5,0.2857142857142857,0.2857142857142857,0.7142857142857143,-0.5,0.0,-0.5516354281514148,-0.2563734290843807,-1.0,0.5,0.0880195599022017,-1.0220048899755487,0.1428571428571428,-0.2857142857142857,0.8571428571428571,0.625,-0.5,-0.4041509433962262,-0.5012531328320802,0.0,-1.5,0.1,-0.1851851851851851,5.0,0.5862068965517242,0.0588235294117647,0.842696629213483,5.0,0.5909090909090909,-0.4634146341463414,-0.2320000000000002,-0.3918918918918919,-0.410958904109589,0.2916666666666667,-0.4080459770114941,-0.2307692307692311,0.1291866028708135,0.8978045395707416,-0.4403941515576344,2
-0.2712598803862642,-0.2122912588705326,-1.4784688995215314,-0.449438202247192,-0.25,0.0,-0.1428571428571428,-0.4285714285714285,0.5,-0.5,-0.0679897096655639,0.1996409335727109,-1.0,-0.5,-0.7114914425427864,-0.2665036674816621,-0.2857142857142857,0.4285714285714285,0.7142857142857143,-1.0,0.0,-0.6290566037735847,1.158252774794128,-0.5,0.0,0.96,2.074074074074074,0.0,-0.1149425287356321,0.0,-0.7078651685393258,0.0,-0.1022727272727273,-0.4634146341463414,0.3519999999999999,-0.3918918918918919,-0.041095890410959,-1.3541666666666667,0.6551724137931039,0.7857142857142856,-0.004784688995215,0.8978045395707416,-0.4403941515576344,1
-0.2712598803862642,0.8412469867293565,-1.6746411483253587,-1.3078651685393292,-0.875,-1.2857142857142858,0.2857142857142857,0.5714285714285714,-0.5,-0.5,-0.9867695700110252,-1.5709156193895872,-2.0,-1.0,0.3765281173594131,-1.2885085574572108,0.1428571428571428,-0.2857142857142857,0.7142857142857143,0.375,0.0,-0.3494339622641509,-0.389187253848908,0.0,-1.0,2.8,1.3703703703703705,5.642857142857143,-0.7701149425287355,0.2352941176470588,0.3370786516853932,5.642857142857143,-0.7499999999999999,-0.4634146341463414,0.2719999999999999,-0.3918918918918919,0.589041095890411,1.3541666666666667,-0.0919540229885054,0.0714285714285712,-0.5789473684210527,0.8978045395707416,-0.4403941515576344,0
-0.2712598803862642,-0.4863416111052145,-0.4784688995215314,-0.0606741573033711,-0.125,0.2857142857142857,0.4285714285714285,0.8571428571428571,-0.5,0.0,-0.3076074972436602,-0.3095152603231598,-1.0,-0.5,-1.0684596577017127,0.6210268948655235,-0.4285714285714285,0.4285714285714285,0.2857142857142857,-0.25,1.0,-0.5660377358490566,0.389187253848908,0.0,1.0,0.16,0.2777777777777778,0.0,-0.4482758620689653,0.0,0.0898876404494382,0.0,-0.4318181818181816,-0.4634146341463414,-0.6800000000000003,-0.3918918918918919,-0.095890410958904,-0.1666666666666666,0.0919540229885058,0.2472527472527468,0.2775119617224879,0.8978045395707416,-0.4403941515576344,0
-0.2712598803862642,0.1771186310178939,-1.1100478468899528,-0.6943820224719114,-0.5,-0.5714285714285714,0.0,0.2857142857142857,-0.5,-0.5,-0.3921352443954427,-0.6614003590664272,-1.0,-1.0,-0.3569682151589241,0.3325183374083127,-0.5714285714285714,0.7142857142857143,0.5714285714285714,0.125,-0.5,-0.8086792452830186,0.2556390977443609,-0.5,0.0,0.92,1.5925925925925926,0.0,-0.1149425287356321,0.6470588235294118,0.3370786516853932,0.0,-0.1022727272727273,-0.4634146341463414,0.3679999999999997,-0.3918918918918919,-0.191780821917808,-0.8541666666666666,-0.1954022988505746,-0.0274725274725278,-0.722488038277512,0.8978045395707416,-0.4403941515576344,1
-0.2696754524466723,0.2579824050128658,-1.500000000000001,-0.3460674157303373,-1.125,-1.0,0.7142857142857143,0.4285714285714285,-0.5,0.0,-1.4733553840499816,-1.161579892280072,-1.5,0.0,-1.5354523227383874,-0.1124694376528121,-0.5714285714285714,-1.1428571428571428,1.4285714285714286,2.0,0.0,-1.0483018867924525,-1.4321518080916575,-2.0,-0.5,2.58,1.648148148148148,0.0,0.1609195402298852,0.0,0.9438202247191008,0.0,-0.1818181818181817,-0.3333333333333335,-0.5200000000000001,0.0270270270270271,0.643835616438356,0.8125,0.8735632183908049,1.0054945054945057,0.698564593301435,0.8978045395707416,-0.4403941515576344,0
-0.2547510196256857,0.0513031509138089,-0.2392344497607667,0.3280898876404496,-0.25,1.1428571428571428,1.0,-0.1428571428571428,0.5,0.0,-0.6332230797500917,0.5131059245960504,0.0,0.5,-0.4009779951100239,-0.9339853300733494,0.1428571428571428,0.0,1.1428571428571428,1.75,-0.5,-0.5030188679245281,-0.6960257787325456,-0.5,-1.5,0.2,0.5555555555555556,4.571428571428572,2.3563218390804597,0.0,-0.2247191011235954,9.428571428571429,1.556818181818182,-0.3983739837398375,0.928,0.5405405405405408,1.36986301369863,-0.4375,-0.7643678160919539,-0.5274725274725279,0.5263157894736842,0.8978045395707416,-0.4403941515576344,1
-0.2712598803862642,-0.0917529899163371,0.4569377990430616,0.1033707865168526,0.75,0.4285714285714285,-0.5714285714285714,-0.8571428571428571,0.0,0.0,0.810731348768835,0.7978456014362656,-0.5,0.0,1.1540342298288524,-0.7555012224938866,1.8571428571428572,-0.5714285714285714,-1.1428571428571428,-0.5,-0.5,1.4513207547169809,0.0,0.0,-0.5,-0.5,-0.4074074074074074,0.0,0.8850574712643676,0.0,0.0,0.0,0.8863636363636361,-0.4634146341463414,-0.5920000000000003,-0.3918918918918919,0.287671232876712,-0.0833333333333333,0.7241379310344829,0.8516483516483513,0.6746411483253588,0.8978045395707416,-0.4403941515576344,1
-0.2701272244682421,-0.3908585473738344,-1.588516746411484,-3.105617977528095,-0.875,-1.2857142857142858,2.5714285714285716,1.8571428571428572,-0.5,-0.5,-1.4461595001837555,-1.651705565529623,-2.5,-4.0,-0.2224938875305629,-2.4009779951100207,0.8571428571428571,-1.1428571428571428,-0.2857142857142857,1.375,-0.5,0.5283018867924527,-1.3605442176870746,0.0,-4.0,3.58,1.1296296296296295,0.0,-0.8505747126436779,0.0,-0.0898876404494382,0.0,-0.7499999999999999,-0.024390243902439,-0.0400000000000001,-0.2972972972972974,0.0684931506849315,2.4375,0.385057471264368,0.2307692307692305,0.0047846889952153,0.7907757369376989,-0.6121059825476626,2
-0.2712598803862642,-0.2987877488599401,0.564593301435406,-1.5528089887640486,0.5,-0.2857142857142857,-0.5714285714285714,1.7142857142857142,0.0,0.5,0.7195883866225655,-0.8685816876122083,0.5,-1.5,0.1540342298288502,-1.1784841075794603,-0.5714285714285714,-0.5714285714285714,-0.8571428571428571,0.75,0.0,0.171698113207547,-0.7457930540637305,0.0,-1.5,0.14,0.1666666666666666,0.0,-0.5402298850574712,0.0,-0.3258426966292134,0.0,-0.5227272727272726,-0.4634146341463414,0.0960000000000001,-0.3918918918918919,-0.4931506849315067,-0.0625,0.0,0.1593406593406588,0.6650717703349285,0.7907757369376989,-0.6121059825476626,1
-0.1844638948880566,-0.1627493438102189,1.2177033492822948,0.6134831460674158,0.625,0.7142857142857143,-0.7142857142857143,-0.8571428571428571,1.5,0.5,0.8945240720323413,0.8976660682226213,-0.5,0.0,-0.5330073349633254,0.9119804400977986,0.5714285714285714,1.4285714285714286,-0.5714285714285714,-0.125,0.5,0.6290566037735846,0.6351593268886501,-1.0,0.5,-0.62,-0.4444444444444444,0.0,-0.1724137931034482,0.0588235294117647,-0.7191011235955055,0.5,0.8181818181818182,-0.0406504065040651,-0.3520000000000005,0.7702702702702704,1.0821917808219177,-0.1666666666666666,0.574712643678161,0.5109890109890108,0.3492822966507175,0.7907757369376989,-0.6121059825476626,1
-0.2340920992280536,-0.5620004310138312,-0.129186602870814,0.0606741573033691,0.75,-0.1428571428571428,0.1428571428571428,1.0,0.5,0.0,0.3256155825064314,-0.598563734290844,0.0,0.0,-0.977995110024449,1.4889975550122223,0.1428571428571428,0.1428571428571428,-0.5714285714285714,-0.875,2.5,0.4192452830188677,0.8950948800572859,-0.5,3.0,0.86,1.6666666666666667,5.428571428571429,1.310344827586207,2.411764705882353,0.8988764044943818,12.642857142857142,0.7272727272727273,-0.3252032520325204,-0.6880000000000005,0.2972972972972974,-0.506849315068493,-1.0,-0.4770114942528734,-0.2032967032967036,-0.2200956937799043,0.7907757369376989,-0.6121059825476626,1
-0.2712598803862642,-0.3968230888970148,-1.3038277511961716,-0.8179775280898904,-1.0,-0.2857142857142857,-0.4285714285714285,0.4285714285714285,-0.5,-0.5,-0.8030135979419329,-0.4897666068222622,-0.5,-1.0,-1.1564792176039125,-0.4889975550122245,0.1428571428571428,0.4285714285714285,-0.1428571428571428,0.75,0.0,0.0898113207547171,-0.1732903687790905,-0.5,-1.0,2.54,1.0925925925925926,3.0000000000000004,0.3563218390804599,0.1176470588235294,-0.6853932584269663,3.0000000000000004,0.3636363636363637,-0.4634146341463414,-0.5200000000000004,-0.3918918918918919,0.493150684931507,1.3958333333333333,-0.2011494252873563,-0.0329670329670334,-0.110047846889952,0.7907757369376989,-0.6121059825476626,0
-0.2575970992112058,-0.4831160452027476,0.0861244019138745,-1.000000000000002,-0.5,0.5714285714285714,0.1428571428571428,1.1428571428571428,0.5,1.0,-0.4762954796030869,-0.2721723518850987,0.5,-0.5,0.5110024449877766,0.2224938875305624,-0.4285714285714285,1.1428571428571428,-1.1428571428571428,-0.375,1.0,0.7547169811320751,0.7293233082706765,0.5,0.5,0.58,-0.2592592592592592,0.0,-0.6091954022988504,0.0588235294117647,0.3483146067415727,0.0,-0.4659090909090908,-0.1626016260162599,-0.2400000000000001,-0.2432432432432433,0.2602739726027395,0.875,0.0517241379310348,0.0054945054945051,0.507177033492823,0.7907757369376989,-0.6121059825476626,1
-0.2712598803862642,-0.0172416979089705,-0.3684210526315786,-1.000000000000002,0.625,-0.1428571428571428,0.1428571428571428,0.5714285714285714,0.0,-0.5,0.2723263506063949,-0.4488330341113106,-0.5,-1.0,1.0660146699266508,0.1100244498777502,0.1428571428571428,-0.2857142857142857,0.1428571428571428,1.0,-0.5,-0.0818867924528301,-0.639455782312925,1.0,-0.5,0.84,-0.5370370370370371,4.642857142857143,0.057471264367816,0.0,1.2921348314606738,4.642857142857143,0.0681818181818181,-0.4634146341463414,1.048,-0.3918918918918919,0.767123287671233,1.4583333333333333,-1.3103448275862069,-1.0934065934065935,0.1435406698564593,0.7907757369376989,-0.6121059825476626,2
-0.2712598803862642,-0.5335430404312231,-1.4784688995215314,-0.449438202247192,-0.25,0.0,-0.1428571428571428,-0.4285714285714285,0.5,-0.5,-0.0679897096655639,0.1996409335727109,-1.0,-0.5,-0.4009779951100239,0.0,0.0,0.1428571428571428,0.2857142857142857,0.75,0.0,-0.2460377358490564,-0.3086287146437522,-1.0,-0.5,0.96,0.0555555555555555,0.0,-0.8045977011494252,0.0,0.6292134831460671,0.0,-0.7840909090909091,-0.4634146341463414,-0.488,-0.3918918918918919,0.9863013698630136,0.9166666666666666,-0.1724137931034483,-0.0054945054945059,-0.0287081339712919,0.7907757369376989,-0.6121059825476626,2
-0.2712598803862642,0.622877390866368,-0.4354066985645941,0.2449438202247194,-0.625,0.8571428571428571,0.7142857142857143,0.1428571428571428,-0.5,-0.5,-0.8555678059536933,0.2563734290843807,-0.5,0.0,-1.5354523227383874,-0.1124694376528121,-0.5714285714285714,-1.1428571428571428,1.4285714285714286,2.0,0.0,-1.0483018867924525,-1.4321518080916575,-2.0,-0.5,1.82,1.648148148148148,5.642857142857143,1.862068965517241,0.0588235294117647,-0.6741573033707864,5.642857142857143,1.8522727272727268,-0.4634146341463414,0.3039999999999998,-0.3918918918918919,2.2739726027397253,0.0208333333333333,-0.908045977011494,-0.7087912087912092,0.0334928229665073,0.7907757369376989,-0.6121059825476626,2
-0.2712598803862642,-0.3480687729739599,-1.1100478468899528,-0.6943820224719114,-0.5,-0.5714285714285714,0.0,0.2857142857142857,-0.5,-0.5,-0.3921352443954427,-0.6614003590664272,-1.0,-1.0,-1.4449877750611255,-0.3105134474327617,-1.1428571428571428,-1.1428571428571428,0.5714285714285714,0.375,0.0,-1.443018867924528,-1.158252774794128,-1.5,0.0,0.92,2.2962962962962963,0.0,-0.2183908045977009,0.9411764705882354,0.2134831460674155,0.0,-0.2045454545454544,-0.4634146341463414,0.6479999999999999,-0.3918918918918919,-0.219178082191781,-1.6458333333333333,-0.64367816091954,-0.4560439560439563,0.4593301435406698,0.7907757369376989,-0.6121059825476626,1
-0.2075614668367437,0.1009538415740844,0.4999999999999989,-0.674157303370789,0.0,-0.1428571428571428,0.0,0.0,0.0,-0.5,0.019478133039324,-0.1795332136445242,0.5,-1.5,0.5550122249388764,0.1784841075794606,1.0,0.2857142857142857,-0.7142857142857143,-0.75,0.0,0.902264150943396,0.7955603293949156,-0.5,0.0,0.08,-0.5555555555555556,0.0,0.0229885057471265,4.058823529411765,0.7640449438202246,0.0,-0.3977272727272727,-0.1788617886178861,-0.0800000000000003,0.1216216216216216,0.6849315068493153,0.6875,-0.4425287356321837,-0.4560439560439563,0.1913875598086124,0.7907757369376989,-0.6121059825476626,2
-0.2712598803862642,-0.2930912328890426,-0.7822966507177029,-0.3056179775280905,-0.375,0.5714285714285714,0.8571428571428571,-1.1428571428571428,-0.5,0.0,-0.6806321205439175,1.161579892280072,-0.5,0.0,-1.0684596577017127,0.6210268948655235,-0.4285714285714285,0.4285714285714285,0.2857142857142857,-0.25,1.0,-0.5660377358490566,0.389187253848908,0.0,1.0,2.34,0.2777777777777778,0.0,-0.4252873563218389,0.0,-0.0898876404494382,0.0,-0.409090909090909,-0.4634146341463414,0.024,-0.3918918918918919,-0.3424657534246575,2.1041666666666665,-0.9310344827586208,-0.7307692307692313,-0.15311004784689,0.7907757369376989,-0.6121059825476626,2
-0.2422618688992531,0.4760398630297485,-0.5645933014354081,0.898876404494382,-0.375,0.7142857142857143,0.2857142857142857,-0.8571428571428571,-0.5,0.0,-0.4355016538037484,0.8976660682226213,-0.5,0.5,-0.1564792176039122,0.4229828850855739,-0.1428571428571428,1.0,0.8571428571428571,-0.125,0.0,-0.5803773584905658,0.5116362334407447,0.0,0.5,0.88,0.0925925925925925,0.2857142857142857,0.7471264367816091,1.5882352941176472,1.7752808988764042,0.3571428571428571,-0.1022727272727273,0.0081300813008126,0.752,0.6216216216216215,1.5616438356164386,0.7916666666666666,0.4942528735632185,0.3131868131868129,-0.3779904306220096,0.7907757369376989,-0.6121059825476626,1
-0.0031106627046247,-0.4627872947825688,-0.1746411483253597,0.2853932584269661,-0.25,-0.7142857142857143,1.1428571428571428,0.7142857142857143,2.0,2.0,-0.6806321205439175,-0.9403949730700182,-0.5,0.5,-0.7334963325183373,0.5110024449877733,-0.4285714285714285,0.1428571428571428,0.1428571428571428,0.625,0.0,-0.4966037735849055,-0.2556390977443609,-1.0,0.5,0.06,0.0,0.0,0.3563218390804599,0.0,-0.2022471910112359,0.0,0.0227272727272728,0.1300813008130081,-0.3520000000000002,0.0135135135135134,-0.506849315068493,0.0416666666666666,-0.6666666666666664,-0.8791208791208796,-0.4928229665071768,0.7907757369376989,-0.6121059825476626,0
-0.2712598803862642,-0.4753261678063993,0.9569377990430604,0.0404494382022467,0.0,-0.1428571428571428,0.2857142857142857,1.1428571428571428,0.5,-0.5,-0.14773980154355,-0.6412926391382405,1.0,-0.5,-0.1564792176039122,-0.0220048899755509,0.8571428571428571,-0.2857142857142857,0.1428571428571428,0.375,0.5,0.2694339622641509,-0.389187253848908,-0.5,0.0,-0.48,-0.4259259259259259,0.2857142857142857,1.2758620689655171,0.0,-0.8314606741573032,0.2857142857142857,1.2727272727272727,-0.4634146341463414,-0.1840000000000002,-0.3918918918918919,1.7671232876712326,-0.0416666666666666,-0.028735632183908,0.1318681318681314,-0.2535885167464115,0.6513724827222223,-0.758758122692791,1
-0.2712598803862642,-0.2431647319630184,-1.3038277511961716,-0.8179775280898904,-1.0,-0.2857142857142857,-0.4285714285714285,0.4285714285714285,-0.5,-0.5,-0.8030135979419329,-0.4897666068222622,-0.5,-1.0,-1.5354523227383874,-3.312958435207819,-0.8571428571428571,-1.4285714285714286,2.4285714285714284,1.625,-0.5,-1.4150943396226412,-1.6469745793054062,-2.5,-4.0,2.54,3.2222222222222223,0.0,-0.4137931034482757,0.1764705882352941,-0.7415730337078652,0.0,-0.3977272727272727,-0.4634146341463414,-0.4640000000000002,-0.3918918918918919,-0.3561643835616437,-1.0,-0.4999999999999998,-0.3186813186813189,-0.3253588516746409,0.6513724827222223,-0.758758122692791,1
-0.2712598803862642,-0.1807729010873599,-1.217703349282297,-0.5101123595505632,0.0,0.5714285714285714,0.0,0.8571428571428571,0.0,0.0,0.019478133039324,-0.1737881508078994,-0.5,-1.0,-0.2224938875305629,-2.4009779951100207,0.8571428571428571,-1.1428571428571428,-0.2857142857142857,1.375,-0.5,0.5283018867924527,-1.3605442176870746,0.0,-4.0,1.28,1.1296296296296295,0.0,0.1034482758620692,0.0,0.1011235955056178,0.0,0.1136363636363638,-0.4634146341463414,0.1919999999999999,-0.3918918918918919,-0.7397260273972605,0.0416666666666666,-0.8620689655172414,-0.6648351648351654,0.0047846889952153,0.6513724827222223,-0.758758122692791,1
-0.2712598803862642,-0.1390545580647079,0.4138755980861243,0.1438202247191014,-0.5,1.2857142857142858,-1.0,-0.4285714285714285,0.0,1.0,0.6670341786108048,0.7314183123877918,0.5,0.5,0.1100244498777505,-1.0684596577017105,0.1428571428571428,-0.8571428571428571,0.7142857142857143,0.625,-0.5,-0.3494339622641509,-0.9377013963480128,0.0,-0.5,-0.18,0.6111111111111112,0.0,0.7816091954022988,8.470588235294118,3.3146067415730327,0.0,0.7840909090909091,-0.4634146341463414,-0.1280000000000002,-0.3918918918918919,2.3698630136986294,-0.8958333333333334,-0.2356321839080456,-0.065934065934066,-0.4593301435406698,0.6513724827222223,-0.758758122692791,1
-0.2712598803862642,-0.5890893532193204,-1.0430622009569372,1.3078651685393272,0.0,0.2857142857142857,-0.4285714285714285,-1.0,0.0,2.5,0.3403160602719589,0.8976660682226213,-0.5,3.0,-0.0440097799510997,0.132029339853299,1.0,-0.2857142857142857,0.0,0.875,0.0,0.4041509433962262,-0.5968492660221983,0.0,0.0,1.9,0.7037037037037037,0.0,0.2298850574712643,0.0,0.3258426966292132,0.0,0.2386363636363635,-0.4634146341463414,-0.3840000000000002,-0.3918918918918919,-0.6164383561643835,1.1666666666666667,-0.8735632183908044,-0.6758241758241761,-0.6555023923444975,0.6513724827222223,-0.758758122692791,2
-0.2389283311167393,-0.2564146819203068,-0.6076555023923453,0.7775280898876417,0.375,1.5714285714285714,-0.4285714285714285,-0.1428571428571428,0.5,0.5,0.5446527012127894,0.6369838420107721,-1.0,0.5,0.2224938875305629,0.132029339853299,0.2857142857142857,-0.1428571428571428,0.0,1.25,0.0,0.0818867924528303,-0.6351593268886501,-1.0,-0.5,-0.38,-0.6111111111111112,0.0,-0.8390804597701147,0.0,2.4269662921348307,0.0,-0.2727272727272727,0.2032520325203251,-0.4800000000000003,0.2567567567567566,2.561643835616438,0.2708333333333333,-0.0574712643678161,-0.3461538461538466,-0.0526315789473684,0.6513724827222223,-0.758758122692791,0
-0.2712598803862642,-0.2987877488599401,0.0645933014354048,-1.1438202247191034,-0.625,-0.4285714285714285,-0.7142857142857143,0.8571428571428571,-0.5,0.0,0.0992282249173099,-0.747935368043088,0.0,-1.5,0.6650366748166269,-1.6234718826405854,0.7142857142857143,-0.4285714285714285,-0.7142857142857143,1.5,0.5,0.8086792452830188,-0.8660938059434299,0.5,-1.5,0.28,0.037037037037037,0.0,0.4367816091954023,0.0,-0.842696629213483,0.0,0.4431818181818182,-0.4634146341463414,-0.3120000000000002,-0.3918918918918919,0.780821917808219,0.2291666666666666,-0.1609195402298849,0.0054945054945051,-0.2583732057416267,0.6513724827222223,-0.758758122692791,1
-0.2712598803862642,0.3753655960644147,-0.3684210526315786,-0.449438202247192,-0.5,-0.7142857142857143,0.8571428571428571,-0.1428571428571428,-0.5,-0.5,-0.7872105843439909,-0.598563734290844,-0.5,-0.5,-1.6234718826405867,-1.3569682151589233,-0.8571428571428571,-1.4285714285714286,0.1428571428571428,0.5,-0.5,-0.943396226415094,-1.5664160401002505,-2.0,-1.0,0.8,2.5,1.7142857142857144,-0.379310344827586,0.2352941176470588,-1.044943820224719,1.7142857142857144,-0.3636363636363635,-0.4634146341463414,-0.4320000000000002,-0.3918918918918919,0.0547945205479452,-2.0,-0.4827586206896551,-0.3021978021978026,-0.2631578947368421,0.485301962531081,-0.8743466161445821,1
-0.2712598803862642,-0.2755230698862797,0.1100478468899506,-0.7752808988764069,-0.25,-0.4285714285714285,0.8571428571428571,-0.1428571428571428,0.0,-0.5,-0.5825064314590223,-0.3166965888689408,0.0,-0.5,-1.779951100244499,-0.8459657701711479,-1.1428571428571428,-0.4285714285714285,0.2857142857142857,0.0,0.0,-1.38377358490566,-0.2824919441460795,-2.0,-0.5,1.06,1.6111111111111112,0.0,-0.0459770114942527,0.3529411764705882,-0.5168539325842697,0.0,-0.0340909090909089,-0.4634146341463414,0.3999999999999999,-0.3918918918918919,-0.191780821917808,-0.7291666666666666,-0.632183908045977,-0.4450549450549455,0.3205741626794259,0.485301962531081,-0.8743466161445821,1
-0.2607113630151635,-0.5286389096302849,1.088516746411483,-0.1213483146067423,0.5,0.0,-1.1428571428571428,1.0,1.0,-0.5,1.3373759647188532,-0.5131059245960504,1.5,-0.5,2.1320293398533017,0.4889975550122245,2.5714285714285716,2.2857142857142856,-1.0,-1.0,0.5,1.4150943396226412,1.4321518080916575,2.5,0.5,0.26,0.2037037037037037,0.0,-0.0344827586206895,0.0,0.1123595505617977,0.0,-0.2499999999999999,-0.3414634146341463,-0.648,-0.1216216216216216,-0.2876712328767122,0.0208333333333333,-0.4655172413793103,-0.2362637362637367,-0.2057416267942582,0.485301962531081,-0.8743466161445821,2
-0.2712598803862642,-0.2658899642446777,-1.588516746411484,0.2044943820224706,-0.125,-0.5714285714285714,0.7142857142857143,0.0,0.0,-0.5,-0.4355016538037484,-0.5281867145421903,-2.0,0.0,0.3985330073349641,0.0,-0.2857142857142857,-0.7142857142857143,0.8571428571428571,-0.25,-0.5,-0.6792452830188678,-0.3580379520229143,-0.5,0.0,0.46,-0.2962962962962963,12.785714285714285,0.9655172413793104,0.0,0.7528089887640447,12.785714285714285,0.965909090909091,-0.4634146341463414,-0.1600000000000001,-0.3918918918918919,-0.5342465753424656,0.7916666666666666,-0.8505747126436781,-0.6538461538461542,-0.1961722488038278,0.485301962531081,-0.8743466161445821,0
-0.2712598803862642,-0.4509798155657238,0.653110047846889,0.6337078651685403,1.0,1.0,-0.7142857142857143,0.4285714285714285,0.5,1.0,1.00404263138552,0.1737881508078994,1.0,1.0,0.5550122249388764,0.9999999999999978,1.5714285714285714,0.4285714285714285,0.1428571428571428,-0.5,0.5,0.5147169811320752,0.5968492660221981,-1.0,0.5,-0.46,-0.4629629629629629,0.0,0.5632183908045979,0.0,0.0,0.0,0.5681818181818183,-0.4634146341463414,-0.184,-0.3918918918918919,-0.095890410958904,0.0208333333333333,0.2011494252873563,0.3516483516483512,-0.0622009569377989,0.485301962531081,-0.8743466161445821,1
-0.2712598803862642,0.5964938061922944,0.0645933014354048,-2.06292134831461,0.625,-0.5714285714285714,0.1428571428571428,0.1428571428571428,0.0,0.0,0.2723263506063949,-0.598563734290844,0.0,-2.5,-2.1124694376528126,-2.623471882640583,-1.0,-1.0,1.1428571428571428,0.125,-0.5,-1.372075471698113,-0.8950948800572859,-2.0,-3.0,1.5,3.0555555555555554,0.0714285714285714,-0.7931034482758618,0.0,0.7865168539325841,0.0714285714285714,-0.7727272727272726,-0.4634146341463414,-0.3440000000000001,-0.3918918918918919,1.1643835616438356,-1.8958333333333333,-0.1034482758620688,0.0604395604395601,0.3157894736842105,0.485301962531081,-0.8743466161445821,2
-0.2712598803862642,0.251625976781317,1.196172248803827,0.0,0.125,0.2857142857142857,-0.8571428571428571,0.7142857142857143,1.5,-0.5,0.8507901506798972,-0.2563734290843807,2.0,0.0,0.3765281173594131,-1.2885085574572108,0.1428571428571428,-0.2857142857142857,0.7142857142857143,0.375,0.0,-0.3494339622641509,-0.389187253848908,0.0,-1.0,2.1,1.3703703703703705,0.0,-0.1494252873563217,0.5294117647058824,0.0,0.0,-0.1363636363636362,-0.4634146341463414,1.192,-0.3918918918918919,-0.5616438356164383,0.625,-0.6091954022988503,-0.4230769230769232,-1.559808612440191,0.485301962531081,-0.8743466161445821,0
-0.2712598803862642,-0.3042447827392501,1.153110047846888,-0.3887640449438208,0.125,-0.7142857142857143,-1.0,-0.4285714285714285,1.5,0.0,1.0345461227489896,-0.414362657091562,2.0,0.0,-2.222493887530563,-0.6014669926650368,-1.0,-0.8571428571428571,0.1428571428571428,0.5,-0.5,-1.132075471698113,-0.8950948800572859,-2.0,-0.5,0.74,3.1296296296296298,0.0,-0.7701149425287355,0.0,-0.6741573033707864,0.0,-0.7499999999999999,-0.4634146341463414,-0.6160000000000004,-0.3918918918918919,-0.643835616438356,-2.7708333333333335,-0.3563218390804595,-0.1813186813186815,-0.0574162679425838,0.485301962531081,-0.8743466161445821,1
-0.2712598803862642,-0.1757522068175296,0.2177033492822949,1.7775280898876418,0.375,2.0,-0.4285714285714285,-1.4285714285714286,0.0,3.5,0.5446527012127894,1.651705565529623,0.5,4.0,0.1320293398533014,-0.7775061124694376,1.0,-1.0,-0.2857142857142857,0.625,-0.5,0.580377358490566,-1.074113856068743,0.0,-0.5,-0.26,0.3518518518518518,0.1428571428571428,1.3448275862068964,0.0,-0.4831460674157303,0.1428571428571428,1.3409090909090906,-0.4634146341463414,-0.0960000000000001,-0.3918918918918919,1.424657534246575,-0.6875,-0.4770114942528734,-0.296703296703297,-0.4114832535885168,0.485301962531081,-0.8743466161445821,1
-0.2712598803862642,-0.4863416111052145,-1.1315789473684223,0.5101123595505612,-0.5,0.5714285714285714,0.4285714285714285,-0.2857142857142857,0.0,1.0,-0.6192576258728408,0.3903052064631958,0.0,1.0,-0.4009779951100239,0.0,0.0,0.1428571428571428,0.2857142857142857,0.75,0.0,-0.2460377358490564,-0.3086287146437522,-1.0,-0.5,0.4,0.0555555555555555,0.0,0.6091954022988506,0.0,0.96629213483146,0.0,0.6136363636363636,-0.4634146341463414,-0.4800000000000001,-0.3918918918918919,-0.2876712328767125,0.3333333333333333,-0.5344827586206895,-0.3516483516483519,-0.1244019138755981,0.299363122973358,-0.9541392564000488,0
0.0608701482282586,-0.4163470811950069,-0.1746411483253597,0.2853932584269661,-0.25,-0.7142857142857143,1.1428571428571428,0.7142857142857143,2.0,2.0,-0.6806321205439175,-0.9403949730700182,-0.5,0.5,0.0880195599022017,-1.0220048899755487,0.1428571428571428,-0.2857142857142857,0.8571428571428571,0.625,-0.5,-0.4041509433962262,-0.5012531328320802,0.0,-1.5,0.06,-0.1851851851851851,0.0,0.0114942528735633,0.8235294117647058,-0.2696629213483146,0.0,-0.5,0.4308943089430894,-0.4240000000000004,0.2297297297297298,-0.4520547945205477,0.25,-0.1206896551724134,-0.5604395604395608,-0.1770334928229666,0.299363122973358,-0.9541392564000488,1
-0.2712598803862642,-0.2122912588705326,-0.7822966507177029,-0.3056179775280905,-0.375,0.5714285714285714,0.8571428571428571,-1.1428571428571428,-0.5,0.0,-0.6806321205439175,1.161579892280072,-0.5,0.0,-1.4229828850855748,-0.4229828850855739,-0.1428571428571428,-0.1428571428571428,-0.2857142857142857,-0.375,-0.5,0.0,0.1990691013247403,-1.0,-0.5,2.34,0.7962962962962963,0.0,0.0229885057471265,0.0,-0.9662921348314606,0.0,0.0340909090909091,-0.4634146341463414,0.1759999999999996,-0.3918918918918919,0.4383561643835615,1.5208333333333333,-0.8045977011494252,-0.6098901098901102,0.0430622009569377,0.299363122973358,-0.9541392564000488,2
-0.2712598803862642,0.1771186310178939,-0.4354066985645941,0.2449438202247194,-0.625,0.8571428571428571,0.7142857142857143,0.1428571428571428,-0.5,-0.5,-0.8555678059536933,0.2563734290843807,-0.5,0.0,-1.0464547677261615,-0.689486552567236,-0.4285714285714285,-0.7142857142857143,-0.1428571428571428,0.25,-0.5,-0.3328301886792452,-0.6595059076262082,-1.0,-1.0,1.82,0.7592592592592593,3.2142857142857144,1.6781609195402298,0.0,0.0561797752808988,3.2142857142857144,1.6704545454545454,-0.4634146341463414,0.4159999999999998,-0.3918918918918919,1.1643835616438356,1.0208333333333333,-1.3448275862068966,-1.1263736263736268,-0.2631578947368421,0.299363122973358,-0.9541392564000488,0
-0.2075614668367437,-0.3163384640212835,0.4999999999999989,-0.674157303370789,0.0,-0.1428571428571428,0.0,0.0,0.0,-0.5,0.019478133039324,-0.1795332136445242,0.5,-1.5,1.1540342298288524,-0.7555012224938866,1.8571428571428572,-0.5714285714285714,-1.1428571428571428,-0.5,-0.5,1.4513207547169809,0.0,0.0,-0.5,0.08,-0.4074074074074074,0.0,-0.0229885057471263,0.0,-0.8202247191011235,0.0,-0.3863636363636363,-0.1707317073170732,-0.2560000000000003,0.0540540540540541,-0.2465753424657535,0.5208333333333334,-0.4712643678160917,-0.3461538461538466,0.0622009569377989,0.299363122973358,-0.9541392564000488,2
-0.2534819054976208,-0.1246735037833229,-0.5645933014354081,0.898876404494382,-0.375,0.7142857142857143,0.2857142857142857,-0.8571428571428571,-0.5,0.0,-0.4355016538037484,0.8976660682226213,-0.5,0.5,-0.4009779951100239,-0.9339853300733494,0.1428571428571428,0.0,1.1428571428571428,1.75,-0.5,-0.5030188679245281,-0.6960257787325456,-0.5,-1.5,0.88,0.5555555555555556,0.0,1.0344827586206895,0.0,-0.5056179775280898,0.0,1.0568181818181817,-0.089430894308943,0.0479999999999998,-0.3648648648648649,1.10958904109589,0.2708333333333333,0.5172413793103449,0.4010989010989009,0.0622009569377989,0.299363122973358,-0.9541392564000488,1
-0.2712598803862642,0.2562259724259447,-1.588516746411484,-0.1640449438202258,-0.625,-1.0,1.5714285714285714,2.2857142857142856,0.0,0.0,-1.0889378904814404,-1.436265709156194,-2.0,-0.5,-1.4449877750611255,-0.3105134474327617,-1.1428571428571428,-1.1428571428571428,0.5714285714285714,0.375,0.0,-1.443018867924528,-1.158252774794128,-1.5,0.0,1.88,2.2962962962962963,0.0714285714285714,0.1954022988505746,5.294117647058823,2.4494382022471903,0.0714285714285714,0.2045454545454544,-0.4634146341463414,-0.056,-0.3918918918918919,2.0136986301369864,-0.6458333333333334,-0.3505747126436778,-0.1758241758241759,0.2822966507177036,0.299363122973358,-0.9541392564000488,0
-0.1749357312445461,-0.1548459369442128,1.2177033492822948,0.6134831460674158,0.625,0.7142857142857143,-0.7142857142857143,-0.8571428571428571,1.5,0.5,0.8945240720323413,0.8976660682226213,-0.5,0.0,0.2224938875305629,0.132029339853299,0.2857142857142857,-0.1428571428571428,0.0,1.25,0.0,0.0818867924528303,-0.6351593268886501,-1.0,-0.5,-0.62,-0.6111111111111112,4.0,0.4482758620689657,3.0,0.640449438202247,10.714285714285715,1.5227272727272727,0.154471544715447,-0.4080000000000003,0.8783783783783781,0.273972602739726,0.0208333333333333,-0.3793103448275861,-0.6208791208791211,-0.4114832535885168,0.1011683219874327,-0.994869323391895,2
-0.2315023070329199,0.1187269052542933,-0.129186602870814,0.0606741573033691,0.75,-0.1428571428571428,0.1428571428571428,1.0,0.5,0.0,0.3256155825064314,-0.598563734290844,0.0,0.0,0.1540342298288502,-1.1784841075794603,-0.5714285714285714,-0.5714285714285714,-0.8571428571428571,0.75,0.0,0.171698113207547,-0.7457930540637305,0.0,-1.5,0.86,0.1666666666666666,0.0,1.057471264367816,0.0588235294117647,-0.393258426966292,0.0,0.5,-0.2195121951219512,-0.032,0.27027027027027,0.3013698630136985,0.6875,-0.6494252873563218,-0.5274725274725278,0.0478468899521531,0.1011683219874327,-0.994869323391895,1
-0.2712598803862642,-0.2266611710840774,-1.0430622009569372,1.3078651685393272,0.0,0.2857142857142857,-0.4285714285714285,-1.0,0.0,2.5,0.3403160602719589,0.8976660682226213,-0.5,3.0,0.6650366748166269,-1.6234718826405854,0.7142857142857143,-0.4285714285714285,-0.7142857142857143,1.5,0.5,0.8086792452830188,-0.8660938059434299,0.5,-1.5,1.9,0.037037037037037,0.0,0.5517241379310345,0.0,-0.6404494382022472,0.0,0.5568181818181818,-0.4634146341463414,-0.2320000000000002,-0.3918918918918919,0.6712328767123288,1.9166666666666667,-0.6609195402298851,-0.472527472527473,-0.3205741626794259,0.1011683219874327,-0.994869323391895,0
-0.2712598803862642,-0.3968230888970148,-1.217703349282297,-0.5101123595505632,0.0,0.5714285714285714,0.0,0.8571428571428571,0.0,0.0,0.019478133039324,-0.1737881508078994,-0.5,-1.0,-1.2444987775061118,-0.8239608801955992,-1.0,-0.4285714285714285,-0.5714285714285714,0.375,-0.5,-0.7547169811320753,-0.4883637665592553,-0.5,-1.0,1.28,2.259259259259259,0.0,-0.1034482758620687,0.0,-0.8089887640449438,0.0,-0.0909090909090907,-0.4634146341463414,-0.3040000000000001,-0.3918918918918919,0.0958904109589042,-1.2291666666666667,-1.0229885057471264,-0.818681318681319,-0.4258373205741625,0.1011683219874327,-0.994869323391895,0
-0.2712598803862642,-0.0208038620833348,0.0861244019138745,-1.000000000000002,-0.5,0.5714285714285714,0.1428571428571428,1.1428571428571428,0.5,1.0,-0.4762954796030869,-0.2721723518850987,0.5,-0.5,0.1100244498777505,-1.0684596577017105,0.1428571428571428,-0.8571428571428571,0.7142857142857143,0.625,-0.5,-0.3494339622641509,-0.9377013963480128,0.0,-0.5,0.58,0.6111111111111112,0.0,-1.0114942528735629,0.0,-0.5393258426966292,0.0,-0.9886363636363634,-0.4634146341463414,0.3119999999999999,-0.3918918918918919,-0.1917808219178082,-0.1041666666666666,-0.46551724137931,-0.2857142857142858,-0.9138755980861244,0.1011683219874327,-0.994869323391895,1
-0.2712598803862642,-0.3904411918237307,-0.3038277511961737,-2.2674157303370825,0.625,-1.0,-0.1428571428571428,1.5714285714285714,0.0,-0.5,0.4465270121278943,-1.3644524236983844,0.0,-4.0,-1.5354523227383874,-3.312958435207819,-0.8571428571428571,-1.4285714285714286,2.4285714285714284,1.625,-0.5,-1.4150943396226412,-1.6469745793054062,-2.5,-4.0,1.32,3.2222222222222223,0.0,-0.1839080459770114,0.7058823529411765,-0.0674157303370787,0.0,-0.1704545454545454,-0.4634146341463414,-0.2080000000000003,-0.3918918918918919,-0.6027397260273972,-2.2708333333333335,-0.3045977011494251,-0.1318681318681321,-0.4688995215311003,0.1011683219874327,-0.994869323391895,1
-0.2712598803862642,0.1184522030139692,-0.3684210526315786,-1.000000000000002,0.625,-0.1428571428571428,0.1428571428571428,0.5714285714285714,0.0,-0.5,0.2723263506063949,-0.4488330341113106,-0.5,-1.0,-0.1564792176039122,-0.0220048899755509,0.8571428571428571,-0.2857142857142857,0.1428571428571428,0.375,0.5,0.2694339622641509,-0.389187253848908,-0.5,0.0,0.84,-0.4259259259259259,2.0,0.2413793103448277,0.0,-0.6516853932584269,2.0,0.2500000000000001,-0.4634146341463414,0.568,-0.3918918918918919,0.315068493150685,1.3333333333333333,-1.6839080459770115,-1.450549450549451,-0.4545454545454545,0.1011683219874327,-0.994869323391895,2
-0.2712598803862642,-0.3668975571505916,-0.6315789473684214,1.0426966292134834,-0.5,1.2857142857142858,0.5714285714285714,-0.2857142857142857,1.5,0.0,-0.6806321205439175,0.6412926391382405,1.0,0.5,0.5550122249388764,0.9999999999999978,1.5714285714285714,0.4285714285714285,0.1428571428571428,-0.5,0.5,0.5147169811320752,0.5968492660221981,-1.0,0.5,-0.58,-0.4629629629629629,0.0,-0.6781609195402296,0.0,-0.797752808988764,0.0,-0.659090909090909,-0.4634146341463414,-0.24,-0.3918918918918919,-0.602739726027397,-0.1041666666666666,-0.0977011494252871,0.0659340659340657,-0.277511961722488,-0.101168321987432,-0.9948693233918952,1
-0.2712598803862642,-0.0702740932937246,0.0645933014354048,-2.06292134831461,0.625,-0.5714285714285714,0.1428571428571428,0.1428571428571428,0.0,0.0,0.2723263506063949,-0.598563734290844,0.0,-2.5,1.2665036674816628,-0.3569682151589233,0.2857142857142857,-0.8571428571428571,-1.1428571428571428,-0.375,0.0,1.1320754716981132,-0.4131757966344432,2.0,0.0,1.5,0.5925925925925926,0.0,-0.586206896551724,0.0,-0.9101123595505616,0.0,-0.5681818181818181,-0.4634146341463414,-0.5920000000000003,-0.3918918918918919,-0.3561643835616438,0.875,-0.2413793103448273,-0.0714285714285716,0.0526315789473684,-0.101168321987432,-0.9948693233918952,1
-0.2712598803862642,-0.1277287521184006,-2.15311004784689,-2.4719101123595553,-1.0,-0.8571428571428571,1.2857142857142858,0.1428571428571428,-0.5,-0.5,-1.4042631385520028,-0.8976660682226213,-2.0,-3.0,-2.222493887530563,-0.6014669926650368,-1.0,-0.8571428571428571,0.1428571428571428,0.5,-0.5,-1.132075471698113,-0.8950948800572859,-2.0,-0.5,3.4,3.1296296296296298,0.7857142857142858,0.2528735632183907,0.0,-0.7865168539325841,0.7857142857142858,0.2613636363636362,-0.4634146341463414,0.1279999999999998,-0.3918918918918919,0.4931506849315065,0.0,0.0517241379310348,0.2087912087912086,-0.3732057416267942,-0.101168321987432,-0.9948693233918952,1
-0.2712598803862642,0.0155996534974251,1.196172248803827,0.0,0.125,0.2857142857142857,-0.8571428571428571,0.7142857142857143,1.5,-0.5,0.8507901506798972,-0.2563734290843807,2.0,0.0,-0.2885085574572115,-0.4229828850855739,-0.4285714285714285,-0.8571428571428571,0.7142857142857143,-0.125,-0.5,-0.7384905660377356,-0.5968492660221983,-0.5,-0.5,2.1,0.6481481481481481,0.0,-0.057471264367816,0.1176470588235294,-0.4269662921348314,0.0,-0.0454545454545454,-0.4634146341463414,-0.3600000000000004,-0.3918918918918919,-0.315068493150685,1.4375,-0.7126436781609193,-0.5219780219780222,-0.2009569377990431,-0.101168321987432,-0.9948693233918952,2
-0.2712598803862642,-0.5296415658997008,-1.588516746411484,0.2044943820224706,-0.125,-0.5714285714285714,0.7142857142857143,0.0,0.0,-0.5,-0.4355016538037484,-0.5281867145421903,-2.0,0.0,-0.4229828850855748,0.0660146699266505,0.7142857142857143,-0.1428571428571428,-0.4285714285714285,-0.75,0.0,0.5743396226415093,0.5968492660221981,-0.5,0.5,0.46,0.0185185185185185,0.3571428571428571,0.2413793103448277,0.1764705882352941,0.1123595505617977,0.3571428571428571,0.2500000000000001,-0.4634146341463414,-0.6400000000000003,-0.3918918918918919,-0.6164383561643835,0.4375,-0.82183908045977,-0.6263736263736267,-0.4593301435406698,-0.101168321987432,-0.9948693233918952,2
-0.2712598803862642,-0.0558999596936075,0.0430622009569372,-0.7752808988764069,0.75,-0.8571428571428571,-0.1428571428571428,0.7142857142857143,0.5,-0.5,0.4972436604189639,-1.0771992818671454,0.0,-0.5,-1.779951100244499,-0.8459657701711479,-1.1428571428571428,-0.4285714285714285,0.2857142857142857,0.0,0.0,-1.38377358490566,-0.2824919441460795,-2.0,-0.5,0.48,1.6111111111111112,0.2857142857142857,-1.4022988505747125,0.0588235294117647,-0.1460674157303371,0.2857142857142857,-1.3749999999999998,-0.4634146341463414,0.896,-0.3918918918918919,0.7534246575342465,-1.3333333333333333,-0.7471264367816093,-0.5549450549450554,0.5215311004784691,-0.101168321987432,-0.9948693233918952,0
-0.2712598803862642,-0.0263002460024138,0.2177033492822949,1.7775280898876418,0.375,2.0,-0.4285714285714285,-1.4285714285714286,0.0,3.5,0.5446527012127894,1.651705565529623,0.5,4.0,0.2004889975550119,-0.7775061124694376,-0.1428571428571428,-0.5714285714285714,0.7142857142857143,-0.125,-0.5,-0.5283018867924527,-0.3157894736842104,0.0,-0.5,-0.26,0.8888888888888888,0.1428571428571428,-0.7471264367816091,0.0,-0.3595505617977528,0.1428571428571428,-0.7272727272727273,-0.4634146341463414,0.5999999999999998,-0.3918918918918919,-0.2876712328767122,-1.2916666666666667,-1.4770114942528734,-1.252747252747253,-0.2631578947368421,-0.101168321987432,-0.9948693233918952,1
-0.2712598803862642,0.8412469867293565,0.2822966507177019,-1.2449438202247214,0.0,-0.1428571428571428,0.8571428571428571,0.4285714285714285,0.0,0.0,-0.4083057699375229,-0.3903052064631958,0.0,-1.0,-1.6234718826405867,-1.3569682151589233,-0.8571428571428571,-1.4285714285714286,0.1428571428571428,0.5,-0.5,-0.943396226415094,-1.5664160401002505,-2.0,-1.0,1.58,2.5,8.785714285714286,0.8045977011494252,1.1176470588235294,-1.1123595505617976,8.785714285714286,0.8068181818181818,-0.4634146341463414,1.072,-0.3918918918918919,1.5479452054794516,-1.1875,-2.1551724137931036,-1.9010989010989017,-0.5454545454545455,-0.101168321987432,-0.9948693233918952,1
-0.1704121397548454,-0.178368272670325,-1.0,0.0808988764044935,-0.375,0.4285714285714285,-0.4285714285714285,-0.7142857142857143,-0.5,0.5,0.0543917677324514,0.6614003590664275,-1.0,1.0,2.1320293398533017,0.4889975550122245,2.5714285714285716,2.2857142857142856,-1.0,-1.0,0.5,1.4150943396226412,1.4321518080916575,2.5,0.5,0.02,0.2037037037037037,0.0,-0.5172413793103448,0.0,-0.595505617977528,0.0,-0.6704545454545454,-0.1951219512195121,-0.4800000000000005,-0.1891891891891892,-0.643835616438356,-0.2291666666666666,-0.4425287356321837,-0.4450549450549455,-0.2488038277511961,-0.101168321987432,-0.9948693233918952,1
-0.2701272244682421,-0.2442358833401681,-1.588516746411484,-3.105617977528095,-0.875,-1.2857142857142858,2.5714285714285716,1.8571428571428572,-0.5,-0.5,-1.4461595001837555,-1.651705565529623,-2.5,-4.0,-1.2444987775061118,-0.8239608801955992,-1.0,-0.4285714285714285,-0.5714285714285714,0.375,-0.5,-0.7547169811320753,-0.4883637665592553,-0.5,-1.0,3.58,2.259259259259259,0.0,-0.528735632183908,2.5294117647058822,-0.2696629213483146,0.0,-0.318181818181818,0.195121951219512,0.6639999999999998,-0.162162162162162,-0.6712328767123288,1.1666666666666667,-0.8448275862068964,-1.0934065934065935,-1.4401913875598085,0.1011683219874327,-0.994869323391895,2
-0.2712598803862642,-0.2266611710840774,0.564593301435406,-1.5528089887640486,0.5,-0.2857142857142857,-0.5714285714285714,1.7142857142857142,0.0,0.5,0.7195883866225655,-0.8685816876122083,0.5,-1.5,-0.977995110024449,1.4889975550122223,0.1428571428571428,0.1428571428571428,-0.5714285714285714,-0.875,2.5,0.4192452830188677,0.8950948800572859,-0.5,3.0,0.14,1.6666666666666667,0.0,-0.379310344827586,0.0,0.1797752808988761,0.0,-0.3636363636363635,-0.4634146341463414,-0.2080000000000002,-0.3918918918918919,-0.0684931506849317,-1.75,-1.367816091954023,-1.1483516483516487,-1.1148325358851674,0.1011683219874327,-0.994869323391895,1
-0.2712598803862642,0.251625976781317,0.2822966507177019,-1.2449438202247214,0.0,-0.1428571428571428,0.8571428571428571,0.4285714285714285,0.0,0.0,-0.4083057699375229,-0.3903052064631958,0.0,-1.0,1.3105134474327649,0.0660146699266505,0.2857142857142857,0.1428571428571428,-1.0,0.625,-0.5,0.943396226415094,-0.2556390977443609,2.0,0.0,1.58,1.851851851851852,0.0,-0.1034482758620687,0.0,-0.98876404494382,0.0,-0.0909090909090907,-0.4634146341463414,1.6,-0.3918918918918919,0.315068493150685,-0.4583333333333333,-3.1724137931034484,-2.873626373626374,-1.076555023923445,0.1011683219874327,-0.994869323391895,0
-0.2712598803862642,-0.1367521204556792,-0.6076555023923453,0.7775280898876417,0.375,1.5714285714285714,-0.4285714285714285,-0.1428571428571428,0.5,0.5,0.5446527012127894,0.6369838420107721,-1.0,0.5,1.3325183374083134,0.7334963325183357,0.8571428571428571,0.5714285714285714,-0.8571428571428571,-0.75,0.5,0.9883018867924528,0.8950948800572859,-0.5,0.0,-0.38,-0.6666666666666666,0.0,-0.7471264367816091,0.7647058823529412,-0.5617977528089886,0.0,-0.7272727272727273,-0.4634146341463414,0.0559999999999999,-0.3918918918918919,-0.5342465753424656,0.3333333333333333,-1.3735632183908046,-1.1538461538461542,-0.5023923444976076,0.1011683219874327,-0.994869323391895,1
-0.2712598803862642,-0.0172416979089705,0.9569377990430604,0.0404494382022467,0.0,-0.1428571428571428,0.2857142857142857,1.1428571428571428,0.5,-0.5,-0.14773980154355,-0.6412926391382405,1.0,-0.5,-0.2885085574572115,-1.0220048899755487,0.8571428571428571,-0.2857142857142857,0.0,0.5,-0.5,0.3494339622641509,-0.4475474400286429,-0.5,-1.0,-0.48,0.6851851851851852,0.0,-0.689655172413793,1.1176470588235294,-0.2022471910112359,0.0,-0.6704545454545454,-0.4634146341463414,0.4319999999999999,-0.3918918918918919,-0.1643835616438355,-1.2916666666666667,-1.097701149425287,-0.8901098901098903,-1.5119617224880382,0.1011683219874327,-0.994869323391895,1
-0.2712598803862642,-0.4698044707261734,0.4138755980861243,0.1438202247191014,-0.5,1.2857142857142858,-1.0,-0.4285714285714285,0.0,1.0,0.6670341786108048,0.7314183123877918,0.5,0.5,0.1760391198044012,-1.0220048899755487,-0.4285714285714285,0.4285714285714285,0.0,1.0,1.0,-0.4192452830188677,-0.271392767633369,0.5,-0.5,-0.18,0.4444444444444444,0.0,-0.8160919540229884,0.0,-0.7078651685393258,0.0,-0.7954545454545454,-0.4634146341463414,-0.7520000000000004,-0.3918918918918919,-0.6301369863013697,-0.7083333333333334,-1.488505747126437,-1.263736263736264,-1.0813397129186602,0.1011683219874327,-0.994869323391895,0
-0.2712598803862642,0.0777880951255479,0.0645933014354048,-1.1438202247191034,-0.625,-0.4285714285714285,-0.7142857142857143,0.8571428571428571,-0.5,0.0,0.0992282249173099,-0.747935368043088,0.0,-1.5,-0.0440097799510997,0.132029339853299,1.0,-0.2857142857142857,0.0,0.875,0.0,0.4041509433962262,-0.5968492660221983,0.0,0.0,0.28,0.7037037037037037,0.0,0.5517241379310345,0.0,1.235955056179775,0.0,0.5568181818181818,-0.4634146341463414,0.1919999999999999,-0.3918918918918919,0.1095890410958905,-0.5208333333333334,-0.7643678160919539,-0.5714285714285717,-1.0909090909090908,0.1011683219874327,-0.994869323391895,1
-0.2712598803862642,0.3753655960644147,-1.6746411483253587,-1.3078651685393292,-0.875,-1.2857142857142858,0.2857142857142857,0.5714285714285714,-0.5,-0.5,-0.9867695700110252,-1.5709156193895872,-2.0,-1.0,-0.2885085574572115,-0.4229828850855739,-0.4285714285714285,-0.8571428571428571,0.7142857142857143,-0.125,-0.5,-0.7384905660377356,-0.5968492660221983,-0.5,-0.5,2.8,0.6481481481481481,1.0,-1.0459770114942526,14.294117647058824,-0.2921348314606742,1.0,-1.0227272727272727,-0.4634146341463414,-0.3360000000000002,-0.3918918918918919,0.1506849315068492,2.1666666666666665,-1.1609195402298849,-0.9505494505494508,-1.095693779904306,0.1011683219874327,-0.994869323391895,0
-0.2712598803862642,-0.1807729010873599,-0.3038277511961737,-2.2674157303370825,0.625,-1.0,-0.1428571428571428,1.5714285714285714,0.0,-0.5,0.4465270121278943,-1.3644524236983844,0.0,-4.0,-1.1564792176039125,-0.4889975550122245,0.1428571428571428,0.4285714285714285,-0.1428571428571428,0.75,0.0,0.0898113207547171,-0.1732903687790905,-0.5,-1.0,1.32,1.0925925925925926,0.0,-0.2643678160919538,2.1764705882352944,-0.0786516853932585,0.0,-0.2499999999999999,-0.4634146341463414,-0.0880000000000002,-0.3918918918918919,-0.5205479452054795,0.125,-1.6436781609195403,-1.4120879120879124,-1.6555023923444976,0.1011683219874327,-0.994869323391895,2
-0.2712598803862642,-0.1757522068175296,0.0430622009569372,-0.7752808988764069,0.75,-0.8571428571428571,-0.1428571428571428,0.7142857142857143,0.5,-0.5,0.4972436604189639,-1.0771992818671454,0.0,-0.5,0.3105134474327624,1.9999999999999956,0.5714285714285714,1.8571428571428572,-0.5714285714285714,-1.25,3.5,0.6290566037735846,1.646974579305406,0.5,4.0,0.48,-0.3333333333333333,0.0714285714285714,0.0344827586206897,0.0,0.191011235955056,0.0714285714285714,0.0454545454545454,-0.4634146341463414,-0.4800000000000002,-0.3918918918918919,-0.547945205479452,0.8541666666666666,-1.442528735632184,-1.21978021978022,-1.0526315789473684,-0.101168321987432,-0.9948693233918952,0
-0.2712598803862642,-0.3042447827392501,-2.2607655502392343,-0.6134831460674178,-1.0,-0.7142857142857143,0.2857142857142857,0.5714285714285714,-0.5,-0.5,-1.1705255420801173,-0.8976660682226213,-2.0,-0.5,1.2665036674816628,-0.3569682151589233,0.2857142857142857,-0.8571428571428571,-1.1428571428571428,-0.375,0.0,1.1320754716981132,-0.4131757966344432,2.0,0.0,3.48,0.5925925925925926,0.0,-1.0229885057471262,0.0,-0.842696629213483,0.0,-1.0,-0.4634146341463414,-0.5840000000000004,-0.3918918918918919,-0.5479452054794519,2.9375,-1.5229885057471264,-1.296703296703297,-1.181818181818182,-0.101168321987432,-0.9948693233918952,2
-0.2571216983213727,-0.5076463006863503,0.653110047846889,0.6337078651685403,1.0,1.0,-0.7142857142857143,0.4285714285714285,0.5,1.0,1.00404263138552,0.1737881508078994,1.0,1.0,-0.5574572127139361,1.2004889975550093,-0.4285714285714285,1.1428571428571428,0.4285714285714285,-0.25,0.0,-0.6290566037735847,0.639455782312925,1.0,0.5,-0.46,-0.6296296296296297,0.0,-0.5747126436781609,0.0,-0.4831460674157303,0.0,-0.4431818181818182,-0.2764227642276422,-0.3920000000000003,-0.2567567567567568,-0.726027397260274,0.2083333333333333,-1.6954022988505746,-1.5879120879120885,-1.0382775119617222,-0.101168321987432,-0.9948693233918952,1
-0.2607113630151635,-0.3429066043980969,1.088516746411483,-0.1213483146067423,0.5,0.0,-1.1428571428571428,1.0,1.0,-0.5,1.3373759647188532,-0.5131059245960504,1.5,-0.5,-0.9339853300733492,0.1540342298288499,-0.2857142857142857,0.2857142857142857,-0.5714285714285714,-0.625,0.5,0.1256603773584905,0.6595059076262084,-1.0,1.0,0.26,-0.074074074074074,0.0,-0.5402298850574712,0.0,0.1235955056179772,0.0,-0.4545454545454545,-0.4065040650406504,0.4479999999999999,-0.3108108108108109,-0.0273972602739727,0.3333333333333333,-1.528735632183908,-1.340659340659341,-1.880382775119617,-0.101168321987432,-0.9948693233918952,1
-0.2712598803862642,-0.2755230698862797,-1.8277511961722488,-0.8382022471910129,-1.125,-0.2857142857142857,0.4285714285714285,0.0,-0.5,0.0,-1.4156560088202863,-0.2833034111310594,-2.0,-0.5,0.2004889975550119,-0.7775061124694376,-0.1428571428571428,-0.5714285714285714,0.7142857142857143,-0.125,-0.5,-0.5283018867924527,-0.3157894736842104,0.0,-0.5,1.84,0.8888888888888888,0.5714285714285715,-0.0229885057471263,0.0,-0.0786516853932585,0.5714285714285715,-0.0113636363636363,-0.4634146341463414,0.968,-0.3918918918918919,-0.6986301369863013,0.8958333333333334,-0.5517241379310344,-0.3681318681318685,-1.3779904306220094,-0.101168321987432,-0.9948693233918952,0
-0.2712598803862642,0.5964938061922944,-2.15311004784689,-2.4719101123595553,-1.0,-0.8571428571428571,1.2857142857142858,0.1428571428571428,-0.5,-0.5,-1.4042631385520028,-0.8976660682226213,-2.0,-3.0,0.1540342298288502,-2.1784841075794583,0.8571428571428571,-0.7142857142857143,0.0,0.125,0.0,0.3494339622641509,-0.5968492660221983,0.0,-2.5,3.4,1.2962962962962965,2.285714285714286,1.0804597701149423,2.9411764705882355,-0.8764044943820224,2.285714285714286,1.0795454545454546,-0.4634146341463414,0.472,-0.3918918918918919,1.589041095890411,2.0625,-0.2931034482758617,-0.120879120879121,-0.8660287081339713,-0.101168321987432,-0.9948693233918952,2
-0.2712598803862642,-0.2944220667017649,-0.5000000000000011,0.0,0.5,0.0,-0.2857142857142857,-0.8571428571428571,-0.5,0.0,0.4913634693127528,0.5985637342908438,-0.5,0.5,0.3985330073349641,0.0,-0.2857142857142857,-0.7142857142857143,0.8571428571428571,-0.25,-0.5,-0.6792452830188678,-0.3580379520229143,-0.5,0.0,0.12,-0.2962962962962963,0.0714285714285714,-0.0344827586206895,0.0,1.1235955056179772,0.0714285714285714,-0.0227272727272726,-0.4634146341463414,-0.0880000000000001,-0.3918918918918919,0.6712328767123288,0.4375,-0.7356321839080459,-0.5439560439560442,-0.8995215311004784,-0.101168321987432,-0.9948693233918952,2
-0.2712598803862642,0.622877390866368,-1.588516746411484,-0.1640449438202258,-0.625,-1.0,1.5714285714285714,2.2857142857142856,0.0,0.0,-1.0889378904814404,-1.436265709156194,-2.0,-0.5,-0.3569682151589241,0.3325183374083127,-0.5714285714285714,0.7142857142857143,0.5714285714285714,0.125,-0.5,-0.8086792452830186,0.2556390977443609,-0.5,0.0,1.88,1.5925925925925926,0.0,0.2988505747126438,0.4117647058823529,0.9325842696629212,0.0,0.3068181818181819,-0.4634146341463414,-0.3200000000000002,-0.3918918918918919,0.041095890410959,0.1458333333333333,-1.040229885057471,-0.8351648351648353,-0.8516746411483253,-0.2993631229733582,-0.9541392564000488,1
-0.2696754524466723,-0.3468359934907287,-1.500000000000001,-0.3460674157303373,-1.125,-1.0,0.7142857142857143,0.4285714285714285,-0.5,0.0,-1.4733553840499816,-1.161579892280072,-1.5,0.0,-1.0464547677261615,-0.689486552567236,-0.4285714285714285,-0.7142857142857143,-0.1428571428571428,0.25,-0.5,-0.3328301886792452,-0.6595059076262082,-1.0,-1.0,2.58,0.7592592592592593,7.7857142857142865,2.0344827586206895,0.0,0.4606741573033704,5.571428571428572,1.5795454545454544,-0.4146341463414633,1.504,0.1351351351351349,0.5616438356164385,1.8125,-0.2298850574712644,-0.0274725274725274,-1.4306220095693778,-0.2993631229733582,-0.9541392564000488,2
-0.2573152276793208,-0.3088594935625188,-1.1315789473684223,0.5101123595505612,-0.5,0.5714285714285714,0.4285714285714285,-0.2857142857142857,0.0,1.0,-0.6192576258728408,0.3903052064631958,0.0,1.0,-0.7114914425427864,-0.2665036674816621,-0.2857142857142857,0.4285714285714285,0.7142857142857143,-1.0,0.0,-0.6290566037735847,1.158252774794128,-0.5,0.0,0.4,2.074074074074074,0.2142857142857143,0.5632183908045979,0.0,-0.4157303370786517,0.3571428571428571,0.1136363636363638,-0.4227642276422764,-0.1120000000000001,0.1486486486486486,-0.1369863013698627,-1.9375,-1.913793103448276,-1.6868131868131873,-1.866028708133971,-0.2993631229733582,-0.9541392564000488,1
-0.2712598803862642,-0.5335430404312231,-0.4784688995215314,-0.0606741573033711,-0.125,0.2857142857142857,0.4285714285714285,0.8571428571428571,-0.5,0.0,-0.3076074972436602,-0.3095152603231598,-1.0,-0.5,-1.4229828850855748,-0.4229828850855739,-0.1428571428571428,-0.1428571428571428,-0.2857142857142857,-0.375,-0.5,0.0,0.1990691013247403,-1.0,-0.5,0.16,0.7962962962962963,0.0,1.0804597701149423,0.9411764705882354,-0.2696629213483146,0.0,1.0795454545454546,-0.4634146341463414,0.3519999999999999,-0.3918918918918919,0.8493150684931507,-0.75,-1.7241379310344829,-1.4890109890109895,-0.617224880382775,-0.2993631229733582,-0.9541392564000488,1
-0.1536256305737202,-0.1416909763912061,1.0430622009569372,-0.7550561797752826,1.5,-0.4285714285714285,-1.0,-0.5714285714285714,-0.5,-0.5,1.3454612274898936,0.0,0.0,-0.5,0.5550122249388764,0.1784841075794606,1.0,0.2857142857142857,-0.7142857142857143,-0.75,0.0,0.902264150943396,0.7955603293949156,-0.5,0.0,-0.34,-0.5555555555555556,0.0,-0.0459770114942527,1.411764705882353,1.3707865168539322,0.0,-0.3409090909090909,-0.0406504065040649,0.4480000000000002,-0.0270270270270269,1.3561643835616437,0.25,-1.2298850574712643,-0.7307692307692311,-0.1483253588516743,-0.2993631229733582,-0.9541392564000488,0
-0.2500291487026901,0.0150684771029444,-0.4784688995215314,-0.9191011235955084,0.0,0.1428571428571428,1.2857142857142858,2.0,-0.5,-0.5,-0.5578831312017638,-0.6980251346499103,-0.5,-1.5,-0.1564792176039122,0.4229828850855739,-0.1428571428571428,1.0,0.8571428571428571,-0.125,0.0,-0.5803773584905658,0.5116362334407447,0.0,0.5,0.7,0.0925925925925925,1.0,-0.1494252873563217,0.0,-0.3707865168539326,1.9285714285714288,1.5795454545454544,-0.2601626016260162,-0.4960000000000003,1.6486486486486485,1.5753424657534243,0.6041666666666666,-1.0632183908045976,-0.8406593406593409,-0.9282296650717702,-0.2993631229733582,-0.9541392564000488,2
-0.2145928362646595,0.1136834330270841,0.0,-1.000000000000002,0.0,-0.1428571428571428,1.0,0.7142857142857143,0.5,-0.5,-0.4615950018375594,-0.502692998204668,0.0,-1.5,-0.7334963325183373,0.5110024449877733,-0.4285714285714285,0.1428571428571428,0.1428571428571428,0.625,0.0,-0.4966037735849055,-0.2556390977443609,-1.0,0.5,-0.1,0.0,0.7857142857142858,-0.8045977011494252,0.0,-0.2022471910112359,0.2857142857142857,-1.1818181818181817,0.0,-0.0080000000000001,0.0810810810810809,0.452054794520548,-0.125,-2.0977011494252875,-1.5329670329670333,-1.1435406698564592,-0.2993631229733582,-0.9541392564000488,2
-0.2712598803862642,-0.2041927736172047,0.564593301435406,-1.5528089887640486,0.5,-0.2857142857142857,-0.5714285714285714,1.7142857142857142,0.0,0.5,0.7195883866225655,-0.8685816876122083,0.5,-1.5,-0.0440097799510997,0.132029339853299,1.0,-0.2857142857142857,0.0,0.875,0.0,0.4041509433962262,-0.5968492660221983,0.0,0.0,0.14,0.7037037037037037,0.0,-0.586206896551724,0.0,1.078651685393258,0.0,-0.5681818181818181,-0.4634146341463414,-0.4160000000000002,-0.3918918918918919,1.2739726027397258,-0.6666666666666666,-1.8620689655172415,-1.6208791208791211,-1.3062200956937795,-0.4853019625310808,-0.8743466161445822,1
-0.2712598803862642,-0.1380293105936521,-1.3038277511961716,-0.8179775280898904,-1.0,-0.2857142857142857,-0.4285714285714285,0.4285714285714285,-0.5,-0.5,-0.8030135979419329,-0.4897666068222622,-0.5,-1.0,-0.2224938875305629,-2.4009779951100207,0.8571428571428571,-1.1428571428571428,-0.2857142857142857,1.375,-0.5,0.5283018867924527,-1.3605442176870746,0.0,-4.0,2.54,1.1296296296296295,0.0,-0.8505747126436779,0.0,0.7528089887640447,0.0,-0.8295454545454544,-0.4634146341463414,-0.5520000000000002,-0.3918918918918919,1.191780821917808,1.3541666666666667,-1.9942528735632183,-1.7472527472527477,-1.3827751196172249,-0.4853019625310808,-0.8743466161445822,0
-0.2712598803862642,0.0550311128716579,0.0645933014354048,-1.1438202247191034,-0.625,-0.4285714285714285,-0.7142857142857143,0.8571428571428571,-0.5,0.0,0.0992282249173099,-0.747935368043088,0.0,-1.5,-0.977995110024449,1.4889975550122223,0.1428571428571428,0.1428571428571428,-0.5714285714285714,-0.875,2.5,0.4192452830188677,0.8950948800572859,-0.5,3.0,0.28,1.6666666666666667,10.214285714285715,0.3103448275862068,0.0,1.5280898876404487,10.214285714285715,0.318181818181818,-0.4634146341463414,0.4159999999999997,-0.3918918918918919,0.7534246575342465,-1.6041666666666667,-0.7241379310344827,-0.5329670329670333,-1.1913875598086123,-0.4853019625310808,-0.8743466161445822,2
-0.2712598803862642,-0.1390545580647079,0.0215311004784675,-1.0426966292134854,0.0,-0.7142857142857143,0.8571428571428571,0.7142857142857143,-0.5,-0.5,-0.4083057699375229,-0.9403949730700182,0.0,-0.5,0.5110024449877766,0.2224938875305624,-0.4285714285714285,1.1428571428571428,-1.1428571428571428,-0.375,1.0,0.7547169811320751,0.7293233082706765,0.5,0.5,0.76,-0.2592592592592592,0.0,0.3103448275862068,0.0588235294117647,-0.393258426966292,0.0,0.318181818181818,-0.4634146341463414,0.472,-0.3918918918918919,0.0821917808219175,1.0625,-1.1839080459770115,-0.972527472527473,-1.6076555023923444,-0.4853019625310808,-0.8743466161445822,2
-0.2550506835745021,-0.4691603769428994,-0.2392344497607667,-0.0808988764044955,0.625,-0.1428571428571428,0.2857142857142857,0.4285714285714285,-0.5,0.5,0.1944138184490998,-0.3903052064631958,-0.5,0.0,1.0660146699266508,0.1100244498777502,0.1428571428571428,-0.2857142857142857,0.1428571428571428,1.0,-0.5,-0.0818867924528301,-0.639455782312925,1.0,-0.5,-0.36,-0.5370370370370371,0.0,-0.6551724137931033,0.0,0.5730337078651682,0.0,-1.102272727272727,-0.4065040650406504,-0.2240000000000001,0.162162162162162,1.3013698630136985,0.2083333333333333,-2.1436781609195403,-1.884615384615385,-1.311004784688995,-0.4853019625310808,-0.8743466161445822,1
-0.2701272244682421,-0.177874127482448,-1.588516746411484,-3.105617977528095,-0.875,-1.2857142857142858,2.5714285714285716,1.8571428571428572,-0.5,-0.5,-1.4461595001837555,-1.651705565529623,-2.5,-4.0,-1.1564792176039125,-0.4889975550122245,0.1428571428571428,0.4285714285714285,-0.1428571428571428,0.75,0.0,0.0898113207547171,-0.1732903687790905,-0.5,-1.0,3.58,1.0925925925925926,6.714285714285715,0.0919540229885058,1.411764705882353,0.0786516853932583,6.571428571428571,0.5681818181818183,0.292682926829268,0.3599999999999997,0.1621621621621623,-0.191780821917808,2.4791666666666665,-1.2988505747126438,-1.593406593406594,-1.6363636363636362,-0.4853019625310808,-0.8743466161445822,2
-0.2712598803862642,-0.2382612414153297,0.1315789473684203,0.0606741573033691,0.125,0.0,0.1428571428571428,1.4285714285714286,-0.5,0.0,0.0117603822124222,-0.6369838420107721,-1.0,-0.5,-0.5330073349633254,0.9119804400977986,0.5714285714285714,1.4285714285714286,-0.5714285714285714,-0.125,0.5,0.6290566037735846,0.6351593268886501,-1.0,0.5,-0.56,-0.4444444444444444,0.0,0.9195402298850572,0.2941176470588235,-0.0898876404494382,0.0,0.9204545454545452,-0.4634146341463414,-0.0960000000000002,-0.3918918918918919,0.4383561643835615,-0.1041666666666666,-1.2586206896551724,-1.0439560439560445,-1.3301435406698563,-0.4853019625310808,-0.8743466161445822,1
-0.2712598803862642,0.1961125955841691,-2.2607655502392343,-0.6134831460674178,-1.0,-0.7142857142857143,0.2857142857142857,0.5714285714285714,-0.5,-0.5,-1.1705255420801173,-0.8976660682226213,-2.0,-0.5,0.1540342298288502,-2.1784841075794583,0.8571428571428571,-0.7142857142857143,0.0,0.125,0.0,0.3494339622641509,-0.5968492660221983,0.0,-2.5,3.48,1.2962962962962965,2.357142857142857,-1.0459770114942526,0.0,-0.943820224719101,2.357142857142857,-1.0227272727272727,-0.4634146341463414,-0.3120000000000002,-0.3918918918918919,-0.643835616438356,2.1458333333333335,-1.9770114942528736,-1.7307692307692313,-1.2248803827751196,-0.651372482722222,-0.7587581226927911,0
-0.2712598803862642,0.0560888505899838,1.153110047846888,-0.3887640449438208,0.125,-0.7142857142857143,-1.0,-0.4285714285714285,1.5,0.0,1.0345461227489896,-0.414362657091562,2.0,0.0,-2.1124694376528126,-2.623471882640583,-1.0,-1.0,1.1428571428571428,0.125,-0.5,-1.372075471698113,-0.8950948800572859,-2.0,-3.0,0.74,3.0555555555555554,1.0,-1.1034482758620687,1.0588235294117647,1.1011235955056178,1.0,-1.0795454545454544,-0.4634146341463414,0.9920000000000004,-0.3918918918918919,1.917808219178082,-2.6875,-1.7816091954022988,-1.5439560439560442,-0.2822966507177032,-0.651372482722222,-0.7587581226927911,1
-0.2712598803862642,0.0243813708440603,-0.3684210526315786,-0.449438202247192,-0.5,-0.7142857142857143,0.8571428571428571,-0.1428571428571428,-0.5,-0.5,-0.7872105843439909,-0.598563734290844,-0.5,-0.5,0.3765281173594131,-1.2885085574572108,0.1428571428571428,-0.2857142857142857,0.7142857142857143,0.375,0.0,-0.3494339622641509,-0.389187253848908,0.0,-1.0,0.8,1.3703703703703705,0.0,-0.9195402298850572,0.0,-0.2471910112359551,0.0,-0.8977272727272726,-0.4634146341463414,1.368,-0.3918918918918919,0.0547945205479451,-0.7291666666666666,-1.482758620689655,-1.2582417582417589,-2.392344497607655,-0.651372482722222,-0.7587581226927911,1
-0.2712598803862642,0.0207503218397793,-1.6746411483253587,-1.3078651685393292,-0.875,-1.2857142857142858,0.2857142857142857,0.5714285714285714,-0.5,-0.5,-0.9867695700110252,-1.5709156193895872,-2.0,-1.0,1.3105134474327649,0.0660146699266505,0.2857142857142857,0.1428571428571428,-1.0,0.625,-0.5,0.943396226415094,-0.2556390977443609,2.0,0.0,2.8,1.851851851851852,0.7142857142857143,-1.2413793103448274,0.0,0.1123595505617977,0.7142857142857143,-1.2159090909090908,-0.4634146341463414,-0.1120000000000001,-0.3918918918918919,0.8767123287671232,0.8125,-1.557471264367816,-1.3296703296703298,-1.5693779904306218,-0.651372482722222,-0.7587581226927911,0
-0.1615069870712989,-0.5619604416861379,0.4569377990430616,0.8584269662921352,1.25,0.5714285714285714,0.2857142857142857,-0.5714285714285714,-0.5,0.5,0.4332965821389195,0.5985637342908438,-1.0,0.5,0.7555012224938883,0.7555012224938866,1.2857142857142858,0.8571428571428571,-0.8571428571428571,0.375,1.0,1.1007547169811316,0.1732903687790905,1.0,1.0,-0.4,-0.5185185185185185,0.9285714285714288,1.2643678160919538,0.0588235294117647,1.696629213483145,0.5,1.5,-0.2845528455284554,-0.6720000000000003,-0.1081081081081079,-0.4657534246575345,0.1458333333333333,-1.7011494252873562,-1.5879120879120885,-1.220095693779904,-0.651372482722222,-0.7587581226927911,0
-0.2712598803862642,0.281245524205544,-1.8277511961722488,-0.8382022471910129,-1.125,-0.2857142857142857,0.4285714285714285,0.0,-0.5,0.0,-1.4156560088202863,-0.2833034111310594,-2.0,-0.5,0.3105134474327624,1.9999999999999956,0.5714285714285714,1.8571428571428572,-0.5714285714285714,-1.25,3.5,0.6290566037735846,1.646974579305406,0.5,4.0,1.84,-0.3333333333333333,0.0,-0.5977011494252872,0.0,-0.3370786516853932,0.0,-0.5795454545454545,-0.4634146341463414,2.096,-0.3918918918918919,-0.4383561643835615,2.2708333333333335,-0.0804597701149424,0.082417582417582,-1.6602870813397128,-0.651372482722222,-0.7587581226927911,2
-0.2329027765583721,-0.3048974623664947,0.3038277511961716,-0.0606741573033711,-0.375,-0.5714285714285714,1.0,-0.2857142857142857,1.0,-0.5,-0.729511209114296,-0.3590664272890484,-0.5,0.0,-1.5354523227383874,0.2885085574572108,0.0,-0.7142857142857143,0.5714285714285714,0.0,-0.5,-0.3773584905660375,-0.5266738274257071,-2.0,0.0,-0.22,0.3333333333333333,0.0,2.5172413793103448,0.0588235294117647,1.8202247191011232,0.0714285714285714,1.7727272727272725,-0.4227642276422764,-0.1840000000000003,0.4729729729729732,-0.643835616438356,-0.625,-1.5919540229885056,-1.3461538461538467,-0.8277511961722488,-0.651372482722222,-0.7587581226927911,0
-0.2712598803862642,-0.5306900908569142,1.9999999999999976,0.3887640449438208,2.125,2.4285714285714284,-0.8571428571428571,-1.1428571428571428,2.0,0.5,1.3101800808526278,1.436265709156194,2.5,0.5,1.200488997555014,-0.0660146699266505,0.7142857142857143,-0.1428571428571428,-1.2857142857142858,0.875,-0.5,1.4430188679245275,-0.5116362334407447,1.5,-0.5,0.32,0.1481481481481481,0.6428571428571429,0.7356321839080461,1.5882352941176472,-0.1348314606741573,0.6428571428571429,0.7386363636363638,-0.4634146341463414,-0.4880000000000002,-0.3918918918918919,0.2739726027397262,0.1458333333333333,-2.1264367816091956,-1.873626373626374,-1.4545454545454544,-0.651372482722222,-0.7587581226927911,1
-0.2712598803862642,-0.3904162037417775,0.1100478468899506,-0.7752808988764069,-0.25,-0.4285714285714285,0.8571428571428571,-0.1428571428571428,0.0,-0.5,-0.5825064314590223,-0.3166965888689408,0.0,-0.5,0.1320293398533014,-0.7775061124694376,1.0,-1.0,-0.2857142857142857,0.625,-0.5,0.580377358490566,-1.074113856068743,0.0,-0.5,1.06,0.3518518518518518,6.642857142857144,-0.5057471264367814,0.5882352941176471,-0.0112359550561799,6.642857142857144,-0.4886363636363635,-0.4634146341463414,-0.2080000000000002,-0.3918918918918919,-0.1506849315068495,0.6875,-1.7241379310344829,-1.4890109890109893,-1.4497607655502391,-0.651372482722222,-0.7587581226927911,0
-0.2712598803862642,-0.2675334208605068,-0.8038277511961727,0.4089887640449432,-0.5,0.2857142857142857,0.2857142857142857,0.7142857142857143,-0.5,0.0,-0.5516354281514148,-0.2563734290843807,-1.0,0.5,-0.0904645476772614,0.3765281173594123,-0.1428571428571428,-0.8571428571428571,1.0,0.625,2.0,-0.6290566037735847,-0.9377013963480128,-0.5,0.5,0.1,-0.037037037037037,0.0,-0.8160919540229884,0.0588235294117647,0.0112359550561797,0.0,-0.7954545454545454,-0.4634146341463414,-0.3440000000000002,-0.3918918918918919,0.2465753424657535,0.125,-2.21264367816092,-1.9560439560439569,-1.9760765550239232,-0.7907757369376986,-0.6121059825476627,1
-0.2712598803862642,-0.4457358271727478,-1.4784688995215314,-0.449438202247192,-0.25,0.0,-0.1428571428571428,-0.4285714285714285,0.5,-0.5,-0.0679897096655639,0.1996409335727109,-1.0,-0.5,-1.0684596577017127,0.6210268948655235,-0.4285714285714285,0.4285714285714285,0.2857142857142857,-0.25,1.0,-0.5660377358490566,0.389187253848908,0.0,1.0,0.96,0.2777777777777778,48.285714285714285,1.1494252873563218,1.352941176470588,0.6741573033707864,48.285714285714285,1.1477272727272725,-0.4634146341463414,1.44,-0.3918918918918919,-0.219178082191781,0.6666666666666666,-0.6954022988505747,-0.5054945054945059,-1.7799043062200957,-0.7907757369376986,-0.6121059825476627,2
-0.1942697294650285,0.0883910503265204,0.4569377990430616,0.1033707865168526,0.75,0.4285714285714285,-0.5714285714285714,-0.8571428571428571,0.0,0.0,0.810731348768835,0.7978456014362656,-0.5,0.0,0.5990220048899761,-0.6674816625916873,0.1428571428571428,-0.2857142857142857,-0.1428571428571428,0.0,-0.5,0.0898113207547171,-0.1790189760114571,0.5,-1.5,-0.5,-0.0185185185185185,1.0714285714285714,1.137931034482759,0.0,0.7303370786516852,11.357142857142858,-0.1363636363636362,0.097560975609756,0.8160000000000001,1.1216216216216215,0.3287671232876712,-0.5208333333333334,-0.9770114942528736,-0.395604395604396,-1.6411483253588517,-0.7907757369376986,-0.6121059825476627,0
-0.2696754524466723,0.2980361969973929,-1.500000000000001,-0.3460674157303373,-1.125,-1.0,0.7142857142857143,0.4285714285714285,-0.5,0.0,-1.4733553840499816,-1.161579892280072,-1.5,0.0,-0.3569682151589241,0.3325183374083127,-0.5714285714285714,0.7142857142857143,0.5714285714285714,0.125,-0.5,-0.8086792452830186,0.2556390977443609,-0.5,0.0,2.58,1.5925925925925926,1.4285714285714286,2.5057471264367814,0.0,0.235955056179775,1.3571428571428572,2.1704545454545454,-0.4146341463414636,1.576,-0.0135135135135139,1.5479452054794525,0.875,0.1896551724137929,0.3076923076923074,-1.124401913875598,-0.7907757369376986,-0.6121059825476627,0
-0.2547510196256857,0.521010598074083,-0.2392344497607667,0.3280898876404496,-0.25,1.1428571428571428,1.0,-0.1428571428571428,0.5,0.0,-0.6332230797500917,0.5131059245960504,0.0,0.5,-0.4889975550122256,1.0440097799510974,-0.2857142857142857,0.5714285714285714,0.1428571428571428,-0.75,0.0,-0.3773584905660375,0.8950948800572859,-0.5,0.5,0.2,0.7222222222222222,2.285714285714286,2.2068965517241375,0.0,-0.393258426966292,1.4285714285714286,1.3522727272727273,-0.3821138211382113,0.976,0.6081081081081079,1.328767123287671,-0.625,-1.5344827586206895,-1.252747252747253,-0.0861244019138754,-0.7907757369376986,-0.6121059825476627,1
-0.2712598803862642,0.0553776273378939,-1.1100478468899528,-0.6943820224719114,-0.5,-0.5714285714285714,0.0,0.2857142857142857,-0.5,-0.5,-0.3921352443954427,-0.6614003590664272,-1.0,-1.0,-1.5354523227383874,-0.1124694376528121,-0.5714285714285714,-1.1428571428571428,1.4285714285714286,2.0,0.0,-1.0483018867924525,-1.4321518080916575,-2.0,-0.5,0.92,1.648148148148148,7.285714285714286,1.4367816091954022,0.0,1.1910112359550558,7.285714285714286,1.4318181818181817,-0.4634146341463414,-0.0880000000000002,-0.3918918918918919,-0.506849315068493,-0.9166666666666666,-1.4310344827586208,-1.2087912087912092,-0.6363636363636364,-0.7907757369376986,-0.6121059825476627,1
-0.2712598803862642,-0.2904843108127061,-0.4784688995215314,-0.0606741573033711,-0.125,0.2857142857142857,0.4285714285714285,0.8571428571428571,-0.5,0.0,-0.3076074972436602,-0.3095152603231598,-1.0,-0.5,-0.7114914425427864,-0.2665036674816621,-0.2857142857142857,0.4285714285714285,0.7142857142857143,-1.0,0.0,-0.6290566037735847,1.158252774794128,-0.5,0.0,0.16,2.074074074074074,8.0,2.4482758620689653,0.0,0.0674157303370784,8.0,2.4318181818181817,-0.4634146341463414,-0.2560000000000003,-0.3918918918918919,2.0684931506849313,-2.1875,-1.8103448275862069,-1.5714285714285718,-1.6937799043062198,-0.7907757369376986,-0.6121059825476627,1
-0.0602277965530223,1.2496982851031373,0.3708133971291849,-0.449438202247192,1.375,-0.4285714285714285,-0.5714285714285714,0.1428571428571428,0.5,-0.5,0.9819919147372288,-0.4725314183123878,0.5,-0.5,-1.0684596577017127,-2.068459657701708,-0.2857142857142857,0.2857142857142857,1.8571428571428572,1.875,-0.5,-0.943396226415094,-0.5968492660221983,-1.5,-3.5,0.52,1.537037037037037,0.0,1.0804597701149423,0.0,1.2696629213483144,0.0,-0.0113636363636363,0.3333333333333332,3.4240000000000004,0.9054054054054056,0.8356164383561645,-1.2083333333333333,0.1839080459770116,-0.2032967032967036,-2.2344497607655502,0.9987165071710528,-0.0506491688387126,1
1.3722852169794395,-0.4877630552799764,-2.2607655502392343,-1.0629213483146098,-0.625,-0.2857142857142857,0.5714285714285714,1.8571428571428572,-0.5,-0.5,-0.8030135979419329,-0.8976660682226213,-2.0,-1.5,0.3985330073349641,-0.1784841075794627,-0.1428571428571428,0.5714285714285714,-0.8571428571428571,0.0,0.0,0.5392452830188679,0.275331185105621,1.0,-0.5,1.76,0.4074074074074074,0.0,-0.379310344827586,0.0,-0.2134831460674157,0.0,-0.1931818181818181,2.6260162601626007,-0.3680000000000003,-0.1891891891891892,-0.7534246575342465,1.3541666666666667,0.0057471264367816,-1.9230769230769236,-0.0095693779904307,0.485301962531081,-0.8743466161445821,2
0.2503594231949146,-0.4484187544992066,-1.064593301435407,0.1438202247191014,-0.375,0.4285714285714285,-0.1428571428571428,0.4285714285714285,-0.5,1.5,-0.1760382212421901,-0.066427289048474,-1.0,1.5,-0.4009779951100239,-0.3105134474327617,0.4285714285714285,0.2857142857142857,-0.4285714285714285,-0.25,0.0,0.4490566037735847,0.3254564983888291,-0.5,0.0,2.12,1.0185185185185186,0.0,0.5977011494252872,0.0,1.5955056179775275,0.0,0.1818181818181817,0.260162601626016,-0.3600000000000003,0.1081081081081079,1.0,1.0416666666666667,-0.1896551724137929,-0.5109890109890113,0.2344497607655501,0.299363122973358,-0.9541392564000488,2
-0.2365269083474481,0.7359995035731809,0.4354066985645919,-0.2044943820224726,-0.25,-0.1428571428571428,-0.2857142857142857,0.2857142857142857,0.5,0.0,0.0400588019110621,-0.326391382405745,1.0,0.0,0.1100244498777505,-1.11246943765281,-0.2857142857142857,0.4285714285714285,0.2857142857142857,0.25,0.0,-0.4490566037735847,0.066237021124239,0.5,-1.5,0.72,1.0555555555555556,0.0,0.5172413793103448,0.0,-0.5505617977528089,0.0,-0.0113636363636363,-0.1626016260162599,0.5440000000000002,0.2432432432432431,-0.1232876712328767,-0.4583333333333333,0.1379310344827589,0.4945054945054945,1.0478468899521534,0.299363122973358,-0.9541392564000488,0
2.6425630484833453,-0.0111388161850228,0.4999999999999989,-0.449438202247192,0.5,0.4285714285714285,-1.0,-0.4285714285714285,1.0,-0.5,1.156927600147005,0.4272890484739677,1.5,-0.5,-1.0,-0.0220048899755509,0.0,0.1428571428571428,0.5714285714285714,-1.0,-0.5,-0.3773584905660375,1.074113856068743,-1.0,0.0,-0.08,0.8518518518518519,0.0,0.482758620689655,0.2352941176470588,0.9213483146067412,0.0,0.5795454545454545,0.6829268292682924,1.368,-0.2837837837837837,-0.3013698630136985,-1.0625,0.2241379310344831,1.1483516483516478,-0.971291866028708,0.1011683219874327,-0.994869323391895,1
0.2347036137724601,-0.0567289336327213,-1.217703349282297,-0.3258426966292149,-1.0,-1.0,0.7142857142857143,0.1428571428571428,-0.5,-0.5,-1.292907019478133,-1.0771992818671454,-1.5,0.0,1.0660146699266508,0.7555012224938866,0.7142857142857143,-0.4285714285714285,-0.1428571428571428,0.25,0.0,0.3773584905660375,-0.4260651629072681,1.0,0.5,1.26,0.6666666666666666,0.0,0.6666666666666666,0.0,0.4719101123595504,0.0,0.1590909090909091,1.8211382113821133,1.6960000000000002,0.2162162162162161,-0.3424657534246575,0.5416666666666666,0.4137931034482761,-0.9890109890109896,-1.009569377990431,0.1011683219874327,-0.994869323391895,0
0.9929703661974022,-0.176607574420224,-1.5430622009569384,-1.1842696629213505,-0.75,-0.5714285714285714,0.4285714285714285,0.2857142857142857,-0.5,0.5,-0.8846012495406099,-0.6614003590664272,-1.0,-0.5,-1.7555012224938882,-2.356968215158921,-1.0,-1.1428571428571428,0.0,0.875,-0.5,-1.0781132075471695,-1.278553526673827,-1.5,-2.5,1.34,2.0,3.785714285714286,0.8045977011494252,0.0,-0.3483146067415731,0.0,-0.3749999999999998,0.9999999999999996,0.0880000000000001,1.0135135135135132,-0.6986301369863015,-0.875,0.3103448275862072,-0.5329670329670333,-0.1339712918660289,-0.101168321987432,-0.9948693233918952,1
0.3834046333450128,1.320551490718394,-0.8038277511961727,-0.898876404494384,-0.125,-0.2857142857142857,1.1428571428571428,-0.4285714285714285,-0.5,0.0,-0.5931642778390297,0.0,-0.5,-0.5,-1.2665036674816628,-0.5330073349633242,-1.0,-0.7142857142857143,0.2857142857142857,0.375,-0.5,-1.1792452830188676,-0.7160759040458288,-1.5,-0.5,1.48,1.8148148148148149,1.7142857142857144,-0.96551724137931,0.0,0.2584269662921348,0.0,0.1704545454545456,2.4715447154471533,-0.184,0.9324324324324323,-0.6164383561643835,-0.5208333333333334,0.218390804597701,-1.615384615384616,0.6794258373205743,-0.101168321987432,-0.9948693233918952,1
1.430605370423138,1.0534047550567986,1.0430622009569372,0.2853932584269661,0.875,0.5714285714285714,0.0,-0.7142857142857143,0.0,0.0,0.4571848585079017,0.7181328545780968,0.5,0.5,0.7995110024449881,-0.5110024449877755,0.4285714285714285,-0.4285714285714285,-1.1428571428571428,-0.375,0.5,1.1792452830188676,0.0,1.5,0.5,0.0,1.0,0.0,0.057471264367816,0.0,-0.0561797752808988,0.0,0.4659090909090908,4.243902439024389,3.608,0.081081081081081,-0.1506849315068495,-1.1458333333333333,0.4195402298850577,-2.6208791208791213,-2.1483253588516744,-0.101168321987432,-0.9948693233918952,1
0.0331846172840232,-0.2235615125809254,0.935406698564593,1.348314606741574,0.25,1.1428571428571428,-0.7142857142857143,-1.1428571428571428,0.5,2.0,0.7486218302094818,1.282226211849192,1.0,2.5,0.9339853300733516,-0.0440097799510996,0.1428571428571428,0.2857142857142857,-1.1428571428571428,-0.625,1.0,1.078113207547169,0.6595059076262084,1.5,0.5,-0.2,0.4814814814814814,0.8571428571428572,0.0804597701149424,0.1764705882352941,0.7303370786516852,0.0,0.1704545454545456,1.6991869918699185,0.568,-0.2972972972972969,-0.041095890410959,-0.7708333333333334,0.218390804597701,-1.0934065934065935,-0.4976076555023922,-0.101168321987432,-0.9948693233918952,0
0.2796392001279849,1.2259268068136615,-0.9569377990430628,-1.0202247191011264,-1.0,-0.7142857142857143,0.7142857142857143,-0.2857142857142857,-0.5,-0.5,-1.292907019478133,-0.5131059245960504,-1.0,-1.0,-2.268948655256725,-2.244498777506109,-0.7142857142857143,-0.7142857142857143,0.1428571428571428,0.375,-0.5,-0.7769811320754716,-0.7160759040458288,-3.0,-2.0,1.66,1.537037037037037,4.428571428571429,0.3103448275862068,0.0,0.3033707865168538,0.0,0.3068181818181819,1.2764227642276418,3.368,-0.3783783783783787,-0.726027397260274,-0.0208333333333333,0.2816091954022992,-0.7472527472527476,-2.119617224880382,-0.2993631229733582,-0.9541392564000488,1
-0.0801875310427817,-0.5268123716787261,0.5215311004784686,1.287640449438203,0.5,0.5714285714285714,-1.0,-0.7142857142857143,0.5,1.5,1.156927600147005,0.7181328545780968,1.0,2.0,1.7114914425427885,0.3765281173594123,0.2857142857142857,-0.2857142857142857,-0.8571428571428571,-0.75,0.5,0.7769811320754714,0.5116362334407447,3.0,1.0,0.52,0.4074074074074074,0.0,2.5057471264367814,0.0,3.5842696629213475,0.0,1.7613636363636365,0.6585365853658538,-0.5760000000000003,0.4729729729729727,1.5205479452054795,0.0625,0.5114942528735635,-0.1098901098901102,0.5071770334928226,-0.2993631229733582,-0.9541392564000488,2
-0.163216249638473,-0.1798286896814749,-0.6961722488038284,-0.674157303370789,-0.625,0.5714285714285714,0.0,-1.0,-0.5,0.0,-0.5273796398382946,0.9974865350089768,-0.5,-0.5,-1.7555012224938882,-0.8899755501222476,-0.7142857142857143,-0.5714285714285714,0.8571428571428571,1.25,0.5,-1.0290566037735849,-0.8950948800572859,-2.0,-0.5,0.94,1.9259259259259256,0.0,0.4137931034482759,0.0,-0.1910112359550562,0.0,1.7613636363636365,-0.2845528455284554,0.6400000000000003,1.2027027027027026,1.5753424657534243,-1.2083333333333333,0.5114942528735635,0.571428571428571,-0.2966507177033494,-0.2993631229733582,-0.9541392564000488,1
1.689991048790008,0.0240070594147903,0.3708133971291849,0.4089887640449432,-0.125,1.5714285714285714,-0.5714285714285714,-0.5714285714285714,0.0,1.0,0.3914002205071666,0.8976660682226213,0.5,0.5,1.466992665036677,-0.1564792176039118,1.0,-1.0,-0.8571428571428571,0.375,0.5,1.0290566037735849,-0.994629430719656,2.0,0.5,-0.3,0.4259259259259259,0.0,0.2988505747126438,0.0,0.0898876404494382,0.0,0.4431818181818182,2.3739837398373975,1.5360000000000005,-0.2297297297297298,-0.356164383561644,-0.8125,0.4080459770114943,-1.3681318681318686,-0.9186602870813396,-0.2993631229733582,-0.9541392564000488,1
0.9182351788085856,1.024692318635107,-0.8038277511961727,0.0202247191011223,-0.625,-0.2857142857142857,-0.4285714285714285,0.2857142857142857,0.0,0.0,-0.2094818081587649,-0.4272890484739677,0.0,0.5,-0.9119804400978004,0.7775061124694354,-0.8571428571428571,0.2857142857142857,0.8571428571428571,-1.0,1.0,-1.1679245283018864,1.1188686000716077,-1.0,1.5,1.24,1.0,0.0714285714285714,-0.689655172413793,0.0,0.9325842696629212,0.0,1.602272727272727,1.3902439024390243,1.8,2.310810810810811,0.013698630136986,0.1458333333333333,-0.3390804597701148,1.0879120879120874,-1.6985645933014353,-0.7907757369376986,-0.6121059825476627,2
0.0447169289350616,-0.489497145029843,-0.6746411483253587,0.8786516853932597,0.375,0.4285714285714285,-0.5714285714285714,-0.8571428571428571,-0.5,0.5,0.6670341786108048,0.7978456014362656,0.0,1.0,1.0660146699266508,-0.6454767726161363,1.5714285714285714,-0.7142857142857143,-0.5714285714285714,-0.125,-0.5,0.943396226415094,-0.4475474400286429,1.0,-0.5,-0.2,0.7777777777777778,0.0,-0.1954022988505746,0.0,1.7865168539325835,0.0,2.3749999999999996,2.3170731707317067,-0.3840000000000001,2.6486486486486487,-0.095890410958904,-1.1041666666666667,-0.0574712643678161,-1.774725274725275,0.3301435406698567,-0.7907757369376986,-0.6121059825476627,1
0.2286371342052267,0.8334706574528687,0.0,0.898876404494382,-0.25,0.7142857142857143,-0.5714285714285714,-0.1428571428571428,-0.5,0.5,0.2995222344726204,0.3590664272890484,0.0,1.0,0.3325183374083134,-1.5110024449877733,-0.2857142857142857,-0.8571428571428571,-0.4285714285714285,0.25,-0.5,0.0,-0.7955603293949157,1.0,-1.0,0.82,1.148148148148148,0.0,0.4252873563218389,2.705882352941176,0.6853932584269659,0.0,2.215909090909091,1.455284552845528,-0.4480000000000002,1.72972972972973,1.0547945205479454,-0.4583333333333333,-0.028735632183908,-1.1648351648351651,0.1913875598086124,-0.7907757369376986,-0.6121059825476627,0
-0.2712598803862642,0.1590988155850307,-0.3253588516746413,0.4089887640449432,-0.5,-0.1428571428571428,-0.5714285714285714,-0.4285714285714285,0.0,0.5,0.0735023888276369,0.1055655296229802,0.0,1.0,0.3105134474327624,-0.7555012224938866,1.5714285714285714,-0.1428571428571428,-0.5714285714285714,0.875,-0.5,0.943396226415094,-0.5116362334407447,1.0,-0.5,0.72,1.2777777777777777,0.0,1.6206896551724137,3.8823529411764706,-0.4831460674157303,0.0,1.6136363636363635,-0.4634146341463414,2.120000000000001,-0.3918918918918919,1.7534246575342465,-0.7083333333333334,0.028735632183908,0.1868131868131863,-1.583732057416268,-0.8978045395707417,-0.4403941515576342,1
1.6684416867302738,-0.3428603583424198,-0.1746411483253597,0.348314606741572,0.375,0.0,-0.2857142857142857,-0.7142857142857143,0.5,0.0,0.4332965821389195,0.4488330341113106,0.5,0.5,-0.5330073349633254,0.5990220048899748,0.1428571428571428,0.5714285714285714,0.0,-1.0,0.5,0.0,1.1933404940923735,-1.0,1.0,-0.3,0.3888888888888889,0.0,2.942528735632183,0.0,0.1011235955056178,0.0,0.4886363636363635,0.9268292682926828,-0.4960000000000001,2.5,-0.315068493150685,-0.7708333333333334,-0.6321839080459769,-1.3846153846153848,-0.54066985645933,-0.8978045395707417,-0.4403941515576342,1
2.6425630484833453,0.0240070594147903,-0.0430622009569394,0.4696629213483144,0.25,0.7142857142857143,0.1428571428571428,-1.1428571428571428,1.0,1.0,0.0852627710400587,1.196768402154399,0.5,1.5,-0.4009779951100239,1.4449877750611226,-0.2857142857142857,0.8571428571428571,0.4285714285714285,-0.75,1.5,-0.5147169811320754,0.9763694951664876,-0.5,2.0,-0.08,0.4259259259259259,0.1428571428571428,-0.0344827586206895,0.1764705882352941,0.0337078651685393,0.0,0.5340909090909092,0.8536585365853653,1.6720000000000002,0.2702702702702702,-0.178082191780822,-0.5833333333333334,-0.3045977011494251,0.7582417582417581,-1.5933014354066983,-0.8978045395707417,-0.4403941515576342,0
1.4045457939282686,-0.4781088861958962,0.8492822966507163,0.9797752808988776,0.75,1.1428571428571428,-0.8571428571428571,-0.1428571428571428,0.5,0.0,1.069459757442117,0.5131059245960504,1.0,0.5,0.4889975550122256,-0.4229828850855739,0.8571428571428571,0.2857142857142857,-1.1428571428571428,-0.375,-0.5,1.2909433962264143,0.4260651629072681,0.5,-0.5,0.0,1.0185185185185186,0.0,0.4137931034482759,0.0,0.4606741573033704,0.0,0.4659090909090908,2.4715447154471533,-0.3600000000000003,-0.337837837837838,-0.726027397260274,-1.1666666666666667,-0.0517241379310344,-1.873626373626374,-0.1674641148325358,-0.968077118866204,-0.2506525322587213,1
-0.1961454340701576,-0.2257694094130923,0.4138755980861243,1.4921348314606755,0.0,0.2857142857142857,0.1428571428571428,-0.8571428571428571,0.5,2.5,-0.0679897096655639,0.7393177737881508,1.0,3.0,0.3985330073349641,0.9119804400977986,-0.5714285714285714,0.0,0.4285714285714285,-1.0,1.0,-0.7547169811320753,1.0229144289294665,0.0,1.5,0.54,0.4814814814814814,0.0,0.3678160919540229,0.2941176470588235,-0.6179775280898875,0.0,0.7045454545454546,0.1544715447154471,1.0399999999999998,2.4004822154057435e-16,0.821917808219178,0.0,0.0632183908045981,-0.0879120879120883,-0.909090909090909,-0.968077118866204,-0.2506525322587213,1
1.1983325279158603,-0.2538680573313237,0.0,-0.9191011235955084,0.125,-0.8571428571428571,0.1428571428571428,0.8571428571428571,0.5,-0.5,0.0117603822124222,-1.1113105924596052,0.5,-1.0,0.7775061124694392,-0.6234718826405855,0.2857142857142857,0.4285714285714285,-0.7142857142857143,-0.625,-0.5,0.6290566037735846,0.7160759040458285,1.0,0.0,1.18,-0.2777777777777778,0.0,-0.1839080459770114,0.0,-0.0112359550561799,0.0,-0.1477272727272726,2.747967479674796,1.656,-0.3648648648648647,-0.5616438356164385,1.5208333333333333,0.1034482758620692,-1.9120879120879124,-1.2440191387559807,-0.9884683243281114,0.1514277775045766,2
1.00424954589456,1.610134542451454,0.1100478468899506,0.224719101123595,0.875,-0.2857142857142857,0.1428571428571428,-0.4285714285714285,2.0,0.5,0.3755972069092247,0.0,1.0,1.0,0.1320293398533014,-0.1124694376528121,-0.7142857142857143,0.4285714285714285,0.5714285714285714,-0.375,0.5,-0.943396226415094,0.488363766559255,0.5,0.5,1.34,-0.3703703703703703,0.0,-0.1149425287356321,0.0,3.3370786516853923,0.0,0.1477272727272726,-0.2113821138211384,1.336,-0.0945945945945947,3.1643835616438354,1.7916666666666667,-0.0517241379310344,-0.0604395604395609,-1.1818181818181817,-0.9884683243281114,0.1514277775045766,2
1.430605370423138,-0.5268123716787261,0.0430622009569372,0.7977528089887641,0.0,1.0,0.7142857142857143,-1.0,0.5,0.5,-0.3506063947078279,1.1113105924596052,0.5,1.0,0.1540342298288502,0.4889975550122245,-0.2857142857142857,0.0,0.1428571428571428,0.0,0.5,-0.3773584905660375,0.0,0.5,1.0,0.0,0.4074074074074074,0.0,1.057471264367816,0.0,0.6179775280898875,0.0,-0.2727272727272727,3.4308943089430883,-0.6240000000000004,1.189189189189189,0.356164383561644,-0.4791666666666667,0.2873563218390805,-2.1978021978021984,0.2727272727272728,-0.9377521321470804,0.3473052528448203,2
-0.2365269083474481,2.6900012920896192,-0.4138755980861243,-0.3056179775280905,0.5,-0.4285714285714285,0.1428571428571428,-0.7142857142857143,1.0,0.0,0.2146269753766997,0.1382405745062836,0.5,0.0,0.5770171149144251,0.0220048899755487,0.4285714285714285,0.2857142857142857,-0.7142857142857143,0.0,1.0,0.6950943396226414,0.1493018259935551,1.0,0.5,0.72,-0.1666666666666666,0.0,-0.2873563218390804,0.0,0.0561797752808988,0.0,0.4886363636363635,-0.089430894308943,0.4560000000000004,0.5135135135135134,-0.26027397260274,0.9166666666666666,0.0229885057471267,0.4340659340659336,0.8995215311004786,-0.9377521321470804,0.3473052528448203,1
0.0594718942176019,1.610550322337247,0.8277511961722487,0.6337078651685403,0.625,0.2857142857142857,-1.2857142857142858,-0.7142857142857143,1.0,0.5,1.553472987872106,0.5985637342908438,1.5,1.0,0.9559902200489002,0.1100244498777502,0.1428571428571428,-0.8571428571428571,0.0,0.5,0.0,0.0,-0.8950948800572859,0.5,0.5,-0.2,-0.3703703703703703,6.714285714285715,0.8620689655172413,0.0,3.752808988764045,0.0,1.0795454545454546,1.528455284552845,1.976,-0.1351351351351349,2.547945205479452,0.1875,0.3678160919540233,-0.8351648351648355,-1.215311004784689,-0.5712682150947924,0.8207634412072763,2
-0.2712598803862642,-0.5268123716787261,0.0861244019138745,-0.3887640449438208,-0.625,0.7142857142857143,0.8571428571428571,0.0,0.0,1.0,-0.9033443586916572,0.2761220825852782,0.5,0.5,0.3105134474327624,0.132029339853299,0.1428571428571428,-0.4285714285714285,-0.1428571428571428,0.125,0.0,0.0898113207547171,-0.3580379520229143,0.5,0.5,0.72,0.4074074074074074,0.0,1.3563218390804597,0.4117647058823529,1.7303370786516847,0.0,1.3522727272727273,-0.4634146341463414,-0.6080000000000002,-0.3918918918918919,-0.2465753424657535,0.2708333333333333,0.5402298850574716,0.6758241758241756,0.4736842105263156,-0.3943558551133187,0.9189578116202306,2
1.715738564542192,-0.5268123716787261,0.6100478468899517,0.7977528089887641,-0.5,0.1428571428571428,-0.1428571428571428,0.0,1.0,0.0,-0.2976846747519293,0.0,1.5,0.5,1.1100244498777505,0.2885085574572108,-0.5714285714285714,0.0,-0.5714285714285714,-0.125,0.0,-0.1452830188679244,0.0852130325814537,2.0,0.5,-0.3,0.4074074074074074,0.5,3.482758620689655,0.0,-0.1348314606741573,0.0,-0.1704545454545454,2.398373983739836,-0.4400000000000003,3.918918918918919,-0.684931506849315,-0.7916666666666666,0.2298850574712644,-1.5549450549450552,0.3349282296650717,0.20129852008866,0.9795299412524944,2
-0.2034012350862078,-0.2116646935043345,0.6746411483253587,1.3078651685393272,1.625,0.8571428571428571,-0.2857142857142857,-1.1428571428571428,0.0,-0.5,0.8507901506798972,1.2283662477558348,0.0,0.0,-0.4229828850855748,0.8655256723716369,0.0,1.1428571428571428,0.1428571428571428,-0.625,0.5,-0.171698113207547,0.9308986752595774,0.0,1.0,-0.5,-0.4259259259259259,0.0,0.5517241379310345,1.7647058823529411,0.1573033707865166,0.6428571428571429,0.3068181818181819,0.0406504065040647,0.2079999999999997,-0.0945945945945947,-0.602739726027397,-0.0625,-0.586206896551724,-0.0604395604395609,0.2440191387559809,0.8486442574947509,0.5289640103269624,1
0.0443607823333716,-0.1733168666711014,1.2392344497607646,0.6539325842696626,0.125,0.0,-0.1428571428571428,-0.7142857142857143,2.0,2.0,0.1944138184490998,0.4488330341113106,2.0,2.5,-0.5574572127139361,1.0660146699266484,0.7142857142857143,-0.1428571428571428,0.0,-0.625,1.5,0.2901886792452828,0.4475474400286429,-0.5,2.0,-0.56,-0.5185185185185185,0.0714285714285714,0.8390804597701149,10.705882352941176,0.8089887640449436,13.142857142857142,1.6363636363636362,-0.2032520325203253,-0.4400000000000003,0.554054054054054,0.2054794520547945,-0.0208333333333333,-0.793103448275862,-0.5219780219780223,-0.3157894736842105,0.9377521321470804,0.3473052528448203,2
0.072242299188806,-0.2542716413068049,-0.8038277511961727,-0.4696629213483164,0.625,0.0,0.0,0.1428571428571428,0.0,1.0,0.3561190738699007,-0.163375224416517,-1.0,0.0,-0.3569682151589241,1.3325183374083105,-0.2857142857142857,0.1428571428571428,1.7142857142857142,-0.25,2.0,-0.912830188679245,0.2556390977443609,-1.0,2.0,-0.36,-0.6111111111111112,7.857142857142858,-0.8735632183908044,0.0,-0.5617977528089886,0.0,0.0113636363636363,-0.3577235772357723,-0.7440000000000002,0.635135135135135,-0.082191780821918,0.2916666666666667,-0.7298850574712642,-0.5000000000000004,-0.4449760765550237,0.9680771188662044,-0.2506525322587204,0
-0.2034012350862078,-0.1616883308746396,0.0,0.6337078651685403,-0.125,2.0,0.8571428571428571,-0.4285714285714285,1.0,0.0,-0.4920984932010289,0.8976660682226213,1.0,0.0,0.2665036674816627,-0.5794621026894858,1.8571428571428572,0.5714285714285714,-0.4285714285714285,0.0,0.5,0.912830188679245,0.275331185105621,1.0,-0.5,-0.5,-0.5185185185185185,0.0,0.3103448275862068,0.5882352941176471,0.7415730337078648,0.0,-0.2272727272727272,-0.1300813008130081,-0.6400000000000002,0.2567567567567566,0.4520547945205477,0.0416666666666666,-0.5229885057471264,-0.1153846153846158,-0.2966507177033494,0.9680771188662044,-0.2506525322587204,1
0.9145044147040036,0.3174314500136819,0.3038277511961716,-0.0606741573033711,-0.25,0.1428571428571428,0.5714285714285714,0.1428571428571428,0.0,-0.5,-0.4674751929437706,-0.0779174147217235,0.5,0.0,0.7334963325183373,-0.4449877750611248,-0.8571428571428571,-0.1428571428571428,-0.1428571428571428,0.0,-0.5,-0.8086792452830186,-0.0852130325814535,1.0,-0.5,0.3,0.2407407407407407,0.7142857142857143,-0.7931034482758618,0.0,0.8876404494382019,0.0,-0.7272727272727273,-0.3333333333333332,0.1039999999999997,-0.337837837837838,1.232876712328767,0.0208333333333333,0.4137931034482761,0.6208791208791208,-0.0574162679425838,0.1011683219874327,-0.994869323391895,0
0.0952929749755076,2.605734277140131,-0.3923444976076568,-0.4089887640449452,0.375,-0.4285714285714285,-0.1428571428571428,0.1428571428571428,-0.5,0.5,0.3314957736126426,-0.4725314183123878,-0.5,0.5,0.3765281173594131,1.0880195599021971,-0.1428571428571428,-0.7142857142857143,-0.2857142857142857,-0.5,1.5,0.0,-0.1378446115288219,1.0,2.0,0.04,0.4074074074074074,0.0,0.2758620689655174,0.0,1.3483146067415728,0.0,-0.4659090909090908,-0.2926829268292682,1.336,0.5000000000000001,1.4794520547945205,-0.4375,0.3678160919540233,0.5384615384615383,1.712918660287081,-0.101168321987432,-0.9948693233918952,0
0.302348093828267,0.442291045407571,-1.5215311004784686,-1.224719101123597,-0.875,-0.7142857142857143,1.1428571428571428,1.2857142857142858,-0.5,0.5,-1.237412715913267,-1.0771992818671454,-1.5,-1.0,0.4669926650366746,0.7114914425427848,0.4285714285714285,-1.0,-0.2857142857142857,-0.125,0.5,0.3430188679245281,-0.7672753311851055,0.0,1.0,0.9,0.2407407407407407,0.0,-0.2873563218390804,0.0,0.9550561797752808,0.0,-0.4886363636363635,0.983739837398374,0.072,-0.1351351351351353,1.0273972602739725,0.6458333333333334,0.3448275862068966,-0.4890109890109893,-0.0956937799043062,-0.4853019625310808,-0.8743466161445822,2
0.7946509953647536,2.7039635474418744,0.3038277511961716,-0.0808988764044955,-0.75,0.2857142857142857,0.4285714285714285,0.1428571428571428,0.5,1.5,-0.8846012495406099,0.0,1.0,-0.5,-0.7555012224938883,0.3545232273838614,-0.2857142857142857,-0.2857142857142857,0.1428571428571428,-0.25,1.0,-0.3773584905660375,0.0,0.0,1.0,-0.42,0.4074074074074074,3.642857142857143,0.7126436781609193,0.0,3.5842696629213475,0.0,0.4545454545454547,0.2032520325203248,2.4800000000000004,-0.0810810810810815,3.095890410958904,-0.9166666666666666,-0.1551724137931036,-0.4395604395604399,1.961722488038277,-0.651372482722222,-0.7587581226927911,1
-0.2712598803862642,0.8760033302559314,-0.1961722488038294,-0.6539325842696646,-0.625,0.5714285714285714,1.7142857142857142,0.1428571428571428,0.0,0.0,-1.117971334068357,0.1382405745062836,-0.5,-1.0,-1.4889975550122256,-0.6014669926650368,-0.4285714285714285,0.1428571428571428,0.2857142857142857,1.25,-0.5,-0.5660377358490566,-0.4883637665592553,-1.0,-1.0,-0.16,1.7222222222222223,0.0,0.4367816091954023,0.0,0.3595505617977526,0.0,0.4431818181818182,-0.4634146341463414,1.72,-0.3918918918918919,-0.684931506849315,-2.125,1.2471264367816095,1.3516483516483513,-0.3301435406698563,-0.8978045395707417,-0.4403941515576342,1
-0.0562124094918726,0.3527179279121436,0.0861244019138745,0.6539325842696626,0.25,1.1428571428571428,-0.7142857142857143,-1.0,-0.5,1.0,0.7486218302094818,1.1425493716337525,0.0,1.5,0.3985330073349641,0.4449877750611227,1.0,0.2857142857142857,-0.5714285714285714,-0.25,-0.5,0.7860377358490566,0.3254564983888291,1.0,0.0,-0.54,0.2407407407407407,0.0,0.5517241379310345,0.0,0.5393258426966292,0.0,-0.3522727272727272,-0.2845528455284554,-0.4000000000000003,0.6891891891891891,0.356164383561644,-0.8541666666666666,-0.0804597701149424,0.0934065934065927,-0.1674641148325358,-0.968077118866204,-0.2506525322587213,1
0.7589407736294804,0.3123083520553214,0.1100478468899506,-0.0808988764044955,0.125,1.2857142857142858,0.1428571428571428,-0.8571428571428571,1.0,0.5,0.0117603822124222,1.0473967684021543,1.0,0.5,-1.1124694376528124,-0.6014669926650368,-0.7142857142857143,-0.5714285714285714,-1.2857142857142858,-0.75,-0.5,0.8086792452830188,0.2982456140350878,0.0,0.0,0.18,0.9629629629629628,0.0,-0.4137931034482757,4.764705882352941,-0.3820224719101123,0.0,0.3749999999999998,0.0813008130081302,0.4640000000000001,0.5270270270270269,0.1369863013698627,-0.9166666666666666,1.1494252873563224,0.89010989010989,0.3397129186602871,-0.968077118866204,-0.2506525322587213,2
0.2796907934815452,0.5656763826101014,-1.15311004784689,-1.4292134831460697,-0.5,-0.8571428571428571,1.0,1.0,0.0,-0.5,-0.8335170893054022,-1.1425493716337525,-1.0,-1.5,-0.1564792176039122,0.0,-0.7142857142857143,-0.2857142857142857,0.2857142857142857,0.25,-0.5,-0.8384905660377356,-0.3254564983888291,0.0,0.0,0.9,0.1851851851851851,0.0,-0.3563218390804596,0.2352941176470588,-0.6853932584269663,0.1428571428571428,0.1477272727272726,0.471544715447154,0.08,0.1891891891891889,0.232876712328767,0.7083333333333334,-0.1379310344827585,-0.6043956043956046,0.54066985645933,-0.968077118866204,-0.2506525322587213,2
0.8119018256892379,0.066217385713492,0.717703349282296,0.2853932584269661,0.875,-0.7142857142857143,-0.4285714285714285,0.2857142857142857,0.0,0.5,0.7405365674384418,-0.7978456014362658,0.5,1.0,-0.7555012224938883,-0.9339853300733494,0.0,0.1428571428571428,-0.5714285714285714,-0.375,0.5,0.3328301886792449,0.3580379520229143,0.0,0.0,-0.42,-0.0555555555555555,3.2857142857142856,0.5402298850574712,0.0,0.4831460674157303,2.7142857142857144,0.7159090909090907,1.6178861788617882,-0.3760000000000003,-0.1891891891891892,-0.5068493150684935,-0.3958333333333333,0.7126436781609199,-0.5659340659340661,0.4880382775119618,-0.9987165071710528,-0.0506491688387135,1
2.8190932109459292,-0.3764148615320361,-0.3684210526315786,-0.7752808988764069,-0.5,-0.2857142857142857,1.1428571428571428,0.1428571428571428,-0.5,0.5,-0.8765159867695698,-0.3590664272890484,-0.5,0.0,-0.5574572127139361,-1.0904645476772612,-0.4285714285714285,0.2857142857142857,-0.1428571428571428,-0.75,-0.5,-0.3328301886792452,0.7955603293949156,0.0,-1.0,0.54,-0.6481481481481481,0.0,0.9540229885057472,1.5294117647058825,0.8539325842696625,0.0,-0.0113636363636363,1.8861788617886173,-0.3360000000000003,0.7567567567567567,0.328767123287671,1.2708333333333333,0.1149425287356322,1.857142857142857,-0.0430622009569377,-0.9987165071710528,-0.0506491688387135,2
0.27186178680797,0.7240329366026571,0.653110047846889,-0.6337078651685403,0.5,0.4285714285714285,-0.1428571428571428,0.8571428571428571,0.5,0.5,0.3914002205071666,-0.2394973070017952,0.5,-1.5,0.2885085574572136,0.0660146699266505,0.2857142857142857,-0.4285714285714285,0.8571428571428571,0.25,-0.5,-0.3252830188679244,-0.4260651629072681,0.0,0.0,0.5,0.925925925925926,0.0,0.0114942528735633,0.0,0.6292134831460671,0.0,1.2159090909090908,-0.073170731707317,0.0959999999999999,1.027027027027027,-0.0821917808219175,-0.5416666666666666,1.120689655172414,0.9670329670329668,0.535885167464115,-0.9884683243281114,0.1514277775045766,0
0.8632144000426069,1.1234252121652175,-0.9784688995215324,-0.3685393258426984,-0.5,-1.1428571428571428,-0.2857142857142857,1.0,-0.5,-0.5,-0.1903711870635794,-1.436265709156194,-1.0,0.0,-0.8899755501222495,-0.4229828850855739,0.0,0.1428571428571428,0.0,-0.875,-0.5,-0.0898113207547169,0.8950948800572859,-0.5,-1.0,-0.02,0.3148148148148148,1.2857142857142858,-0.275862068965517,0.0,0.3370786516853932,0.0,0.2954545454545454,0.3089430894308944,2.232,0.27027027027027,-0.6712328767123285,-0.3958333333333333,1.316091954022989,0.8956043956043955,-0.5789473684210527,-0.9884683243281114,0.1514277775045766,1
0.6370845891906189,0.8774727815546584,-0.6746411483253587,0.0606741573033691,-0.875,-0.8571428571428571,1.0,-0.7142857142857143,0.5,0.5,-1.2054391767732449,-0.3590664272890484,0.0,1.0,-1.022004889975551,-0.2665036674816621,0.5714285714285714,-0.8571428571428571,-0.7142857142857143,0.25,0.0,0.7547169811320751,-0.7955603293949157,-1.0,-0.5,0.22,1.7592592592592593,0.8571428571428572,-0.3908045977011492,0.0,0.7528089887640447,0.0,0.6250000000000001,1.0650406504065038,-0.3200000000000003,0.7972972972972973,-0.5616438356164385,-1.7708333333333333,1.3333333333333337,0.4010989010989009,1.0574162679425836,-0.9377521321470804,0.3473052528448203,1
-0.2712598803862642,0.5554876890310059,0.717703349282296,-0.1842696629213502,0.625,-0.5714285714285714,0.0,1.5714285714285714,0.0,0.0,0.3561190738699007,-1.0258527827648116,0.5,-0.5,-0.6014669926650359,0.1784841075794606,-0.2857142857142857,0.1428571428571428,0.1428571428571428,0.0,1.0,-0.3773584905660375,0.0776942355889726,-1.0,1.0,-0.16,0.074074074074074,0.0,0.9080459770114944,0.0,-0.2359550561797753,0.0,0.9090909090909092,-0.4634146341463414,0.472,-0.3918918918918919,0.6027397260273974,-0.2708333333333333,1.5517241379310347,1.6428571428571423,0.6698564593301435,-0.848644257494751,0.5289640103269624,1
0.5619907284569127,0.8121058562258975,1.0215311004784675,-0.6134831460674178,0.0,-0.4285714285714285,0.4285714285714285,-0.4285714285714285,0.0,0.0,-0.2212421903711869,-0.1195691202872531,0.5,-0.5,-0.4449877750611237,-1.400977995110023,0.7142857142857143,0.0,-0.7142857142857143,0.125,0.0,0.8086792452830188,-0.0776942355889724,0.0,-1.0,-0.12,0.8148148148148148,1.2142857142857144,-0.4712643678160919,9.058823529411764,-0.2584269662921348,0.0,0.0909090909090907,-0.048780487804878,-0.5120000000000006,0.2567567567567566,-0.356164383561644,-1.0625,0.8908045977011495,0.7307692307692306,0.8612440191387559,-0.848644257494751,0.5289640103269624,1
0.5443448041986801,0.8760033302559314,0.2607655502392343,-1.1033707865168567,0.125,-0.7142857142857143,-0.2857142857142857,-1.2857142857142858,0.5,0.0,0.2995222344726204,0.7694793536804311,1.0,0.0,-0.2004889975550119,-1.5110024449877733,0.0,-0.5714285714285714,0.7142857142857143,0.25,0.5,-0.4354716981132074,-0.5370569280343717,-0.5,-1.0,1.14,1.7222222222222223,10.571428571428571,-0.8390804597701147,0.4705882352941177,-0.0561797752808988,0.0,0.9090909090909092,1.48780487804878,2.1040000000000005,1.6621621621621625,0.3835616438356165,-0.7708333333333334,1.5517241379310347,0.3241758241758237,-0.3062200956937798,-0.848644257494751,0.5289640103269624,0
1.0217646935135,0.1448795189514427,0.653110047846889,-0.1842696629213502,1.5,-0.1428571428571428,-1.0,-1.1428571428571428,0.5,-0.5,1.3454612274898936,0.8976660682226213,1.0,-0.5,0.821515892420539,-1.1784841075794603,0.2857142857142857,-0.7142857142857143,-1.0,-0.875,-0.5,0.943396226415094,0.3580379520229143,1.0,-1.0,-0.28,-0.1481481481481481,0.0,0.2413793103448277,0.0,0.2022471910112359,0.0,0.3409090909090911,0.585365853658536,0.1599999999999997,-0.2837837837837837,-0.6164383561643835,-0.1458333333333333,1.5402298850574712,0.9230769230769228,0.8468899521531101,-0.72479278722912,0.6889669190756865,2
0.27186178680797,0.6697873176350103,-0.9569377990430628,0.6134831460674158,-0.25,0.7142857142857143,-0.2857142857142857,-0.2857142857142857,0.0,0.5,0.0400588019110621,0.4488330341113106,0.0,0.5,0.0880195599022017,0.1784841075794606,1.0,0.5714285714285714,-0.8571428571428571,-0.75,-0.5,1.0290566037735849,0.8950948800572859,1.5,0.0,0.5,0.2962962962962963,0.0,-0.1379310344827585,0.4117647058823529,-0.2359550561797753,0.0,1.4204545454545456,0.0162601626016263,-0.2240000000000001,1.445945945945946,1.219178082191781,0.1666666666666666,1.3103448275862073,1.0879120879120874,1.0861244019138756,-0.5712682150947924,0.8207634412072763,0
0.8440597690049007,-0.0628080495265119,0.2822966507177019,-0.224719101123597,0.125,-0.7142857142857143,-0.1428571428571428,0.2857142857142857,1.0,-0.5,0.1944138184490998,-0.7978456014362658,1.0,0.0,0.2444987775061138,-0.5794621026894858,1.1428571428571428,-0.5714285714285714,-1.0,-0.125,0.0,1.200754716981132,-0.3157894736842104,1.0,0.0,0.3,-0.6481481481481481,0.9285714285714288,-0.1494252873563217,1.823529411764706,0.1123595505617977,0.0,-0.3522727272727272,-0.1788617886178862,0.904,-0.1351351351351351,-0.1643835616438355,1.0208333333333333,0.5517241379310346,0.5824175824175821,-0.4210526315789473,-0.5712682150947924,0.8207634412072763,2
0.6151724864922556,0.6736501661849448,0.3708133971291849,-0.6943820224719114,0.375,-0.7142857142857143,-1.0,0.5714285714285714,0.0,0.5,1.1209114296214628,-0.8976660682226213,0.5,0.0,-0.1564792176039122,-0.9339853300733494,-0.1428571428571428,-0.5714285714285714,-1.4285714285714286,-0.375,-0.5,1.5094339622641506,-0.1192266380236304,0.5,-1.0,-0.52,-0.1111111111111111,0.0,-0.0459770114942527,2.7647058823529416,-0.5168539325842697,0.0,0.3522727272727272,1.2032520325203249,0.0079999999999995,0.0675675675675673,0.273972602739726,-0.4375,1.373563218390805,0.346153846153846,0.799043062200957,-0.5712682150947924,0.8207634412072763,1
0.4729757153759011,0.5563223232903793,0.3038277511961716,0.1640449438202238,-0.375,2.5714285714285716,0.1428571428571428,0.1428571428571428,0.0,0.5,-0.3579566335905916,0.7181328545780968,0.5,0.0,-2.422982885085575,0.3765281173594123,-0.4285714285714285,0.8571428571428571,1.0,-0.5,1.0,-0.8301886792452827,0.7457930540637308,-2.5,1.0,-0.24,0.2407407407407407,3.0714285714285716,0.896551724137931,0.0588235294117647,0.640449438202247,1.7142857142857144,0.931818181818182,1.284552845528455,0.5200000000000001,-0.3513513513513512,-0.4383561643835615,-0.5416666666666666,0.7183908045977012,-0.3351648351648355,-0.0526315789473684,-0.3943558551133187,0.9189578116202306,0
0.6370845891906189,0.6140603527550887,0.5430622009569362,-0.6337078651685403,0.375,-0.8571428571428571,0.1428571428571428,0.8571428571428571,0.5,0.5,0.1525174568173469,-1.1113105924596052,1.0,0.0,-0.8899755501222495,-0.2224938875305624,-0.5714285714285714,0.5714285714285714,-0.2857142857142857,-0.75,0.0,-0.3773584905660375,0.8950948800572859,0.0,0.0,0.22,0.5185185185185185,1.6428571428571428,-0.3563218390804596,0.4705882352941177,-0.0449438202247191,0.0,1.0113636363636362,0.6991869918699183,0.1759999999999996,1.2162162162162162,0.4931506849315067,-0.375,1.3620689655172415,0.6758241758241756,0.6889952153110049,-0.3943558551133187,0.9189578116202306,0
1.1785847046022928,0.3323046463604848,0.0861244019138745,-0.7348314606741582,-0.125,-0.5714285714285714,0.1428571428571428,0.5714285714285714,0.0,0.5,-0.1554575523704518,-0.769479353680431,0.5,0.0,0.2004889975550119,1.110024449877748,0.0,0.0,-0.5714285714285714,0.25,0.0,0.3328301886792449,-0.1493018259935553,0.5,0.5,1.44,-0.2037037037037037,0.4285714285714286,0.4597701149425287,2.2941176470588234,-0.7191011235955055,0.0,0.7045454545454546,1.1707317073170729,-0.5520000000000003,-0.1081081081081079,0.9452054794520548,1.7083333333333333,0.9425287356321844,-0.0439560439560441,0.7751196172248804,-0.2012985200886611,0.9795299412524944,1
-0.2712598803862642,0.3123083520553214,0.1961722488038273,0.674157303370787,-0.375,0.8571428571428571,0.2857142857142857,-0.1428571428571428,0.5,0.0,-0.4355016538037484,0.4143626570915618,1.0,0.5,-1.0904645476772614,0.3325183374083127,-0.2857142857142857,0.1428571428571428,0.1428571428571428,-0.375,0.5,-0.3773584905660375,0.3580379520229143,0.0,1.0,-0.16,0.9629629629629628,0.0,0.4597701149425287,1.7647058823529411,-0.6516853932584269,0.0,0.4659090909090908,-0.4634146341463414,0.688,-0.3918918918918919,0.5753424657534245,-1.2708333333333333,1.2183908045977014,1.324175824175824,0.2631578947368421,-0.2012985200886611,0.9795299412524944,1
1.0417829163945744,0.5554876890310059,-0.4784688995215314,-0.2651685393258438,0.125,0.0,-0.2857142857142857,0.7142857142857143,0.0,-0.5,0.2995222344726204,-0.414362657091562,0.0,-0.5,-0.8239608801955988,-0.6234718826405855,0.2857142857142857,-0.4285714285714285,-0.4285714285714285,0.125,-0.5,0.3773584905660375,-0.3580379520229143,-1.0,-1.0,1.96,0.074074074074074,0.0,0.1379310344827585,0.0,-0.4269662921348314,0.0,0.4659090909090908,2.0243902439024386,-0.3920000000000002,-0.0135135135135134,0.3013698630136985,1.9375,1.2183908045977014,-0.3571428571428575,0.909090909090909,-0.2012985200886611,0.9795299412524944,2
0.6458141140633299,0.8354658283242259,-0.5645933014354081,-1.000000000000002,0.0,0.4285714285714285,0.0,0.0,-0.5,-0.5,0.019478133039324,0.149730700179533,-0.5,-0.5,-0.6454767726161378,-0.4669926650366736,-0.4285714285714285,0.5714285714285714,-0.1428571428571428,-0.625,0.5,-0.3328301886792452,0.7672753311851056,-0.5,0.0,2.2,0.8148148148148148,0.0,0.3103448275862068,12.23529411764706,0.438202247191011,0.0,0.4659090909090908,0.6585365853658532,-0.0080000000000004,-0.2162162162162161,-0.7534246575342465,1.3541666666666667,1.2183908045977014,0.5659340659340658,0.755980861244019,-0.2012985200886611,0.9795299412524944,2
0.7287401196137359,0.1448795189514427,-0.8708133971291881,-1.0202247191011264,0.0,-1.0,0.0,1.7142857142857142,0.5,-0.5,0.019478133039324,-1.3809694793536806,-0.5,-1.0,-0.4009779951100239,0.7995110024449863,-0.2857142857142857,0.1428571428571428,-0.1428571428571428,-0.875,0.5,-0.2098113207547168,0.8950948800572859,0.5,1.0,1.6,-0.1481481481481481,0.0,0.9540229885057472,0.0,-0.1573033707865168,0.0,0.4886363636363635,1.0325203252032524,0.2,0.1621621621621623,-2.4333655334250005e-16,1.8125,1.3620689655172415,0.4505494505494503,0.6746411483253588,0.20129852008866,0.9795299412524944,2
1.218628840002892,0.6736501661849448,-0.7392344497607657,-0.9191011235955084,-0.625,-1.0,1.0,0.4285714285714285,-0.5,-0.5,-0.946710768099963,-1.161579892280072,-0.5,-0.5,-0.8899755501222495,-0.1784841075794627,-0.2857142857142857,-0.2857142857142857,0.2857142857142857,-1.25,0.0,-0.4490566037735847,1.4321518080916575,-0.5,0.5,1.78,-0.1111111111111111,0.0,1.0919540229885056,0.3529411764705882,-0.8089887640449438,0.0,0.4886363636363635,3.0813008130081294,-0.0639999999999997,0.3243243243243243,0.7945205479452052,1.9583333333333333,1.3620689655172415,-0.9340659340659344,0.8325358851674639,0.20129852008866,0.9795299412524944,2
1.2601227608363137,0.3925700124460595,0.6100478468899517,-0.5932584269662935,0.75,-1.2857142857142858,-0.5714285714285714,-0.2857142857142857,0.0,-0.5,0.810731348768835,-1.436265709156194,0.5,-0.5,0.6210268948655271,0.4449877750611227,0.4285714285714285,0.4285714285714285,-0.4285714285714285,-1.0,0.0,0.4490566037735847,1.158252774794128,0.5,0.5,0.44,-0.5740740740740741,0.0,1.735632183908046,0.0,-0.0561797752808988,0.0,0.4886363636363635,2.447154471544715,0.7360000000000001,1.0810810810810814,-0.123287671232877,1.0833333333333333,1.3620689655172415,-0.5054945054945059,0.3540669856459332,0.20129852008866,0.9795299412524944,2
0.5999444721325377,0.8533187561674093,-0.6315789473684214,-1.757303370786519,-0.125,-0.8571428571428571,0.1428571428571428,0.1428571428571428,1.0,-0.5,-0.1554575523704518,-0.8976660682226213,0.5,-1.0,-0.80195599022005,0.7334963325183357,0.0,1.7142857142857142,-0.4285714285714285,-1.0,0.5,0.2098113207547168,1.3770139634801288,-0.5,1.0,1.54,-0.3518518518518518,0.3571428571428571,-0.7126436781609193,0.0,-0.0337078651685393,0.0,0.4886363636363635,1.4146341463414636,0.0880000000000001,1.0135135135135132,-0.1506849315068495,1.9791666666666667,1.3620689655172415,0.1923076923076919,0.7416267942583731,0.20129852008866,0.9795299412524944,2
0.7372716710672286,0.4174007239457429,0.2607655502392343,-0.898876404494384,0.25,-0.1428571428571428,-0.1428571428571428,-0.7142857142857143,-0.5,0.5,0.2660786475560456,0.3590664272890484,0.0,0.0,-0.4009779951100239,0.6210268948655235,-0.2857142857142857,0.4285714285714285,0.0,0.0,0.5,-0.2977358490566038,0.2148227712137488,0.0,1.0,1.22,0.1111111111111111,0.4285714285714286,-0.1954022988505746,0.9411764705882354,-0.4606741573033708,0.0,1.1477272727272725,0.1219512195121949,0.1519999999999996,1.189189189189189,1.1643835616438356,1.125,1.2471264367816095,0.978021978021978,0.6076555023923446,0.3943558551133185,0.9189578116202306,0
1.0455501295888427,0.609495449434995,-0.4569377990430637,-0.7348314606741582,-0.25,0.1428571428571428,0.4285714285714285,0.4285714285714285,-0.5,-0.5,-0.4020580668871736,-0.2154398563734291,0.0,-1.0,0.3545232273838644,-0.9119804400977986,0.1428571428571428,-0.7142857142857143,-0.4285714285714285,-0.25,0.5,0.2977358490566036,-0.3580379520229143,0.0,0.0,2.0,0.5185185185185185,3.1428571428571432,-0.0689655172413792,0.1176470588235294,0.4943820224719098,0.0,0.8636363636363635,0.0569105691056905,0.0,0.7027027027027025,-0.3424657534246575,1.4791666666666667,1.3045977011494256,1.1428571428571428,0.7464114832535882,0.3943558551133185,0.9189578116202306,2
0.9199676769504674,0.6686273769035244,-0.346889952153111,-0.5932584269662935,-1.0,-0.2857142857142857,-0.5714285714285714,-0.2857142857142857,-0.5,0.0,-0.6806321205439175,-0.1055655296229802,0.0,0.0,-0.5794621026894871,0.0660146699266505,-0.1428571428571428,0.8571428571428571,-0.5714285714285714,-0.75,1.5,0.2358490566037735,0.9763694951664876,0.0,1.5,1.1,0.2962962962962963,0.0,0.4367816091954023,0.4705882352941177,-0.5505617977528089,0.0,1.1477272727272725,1.0243902439024388,-0.4320000000000002,0.4459459459459458,1.2739726027397258,0.7916666666666666,1.2471264367816095,0.346153846153846,1.1483253588516744,0.3943558551133185,0.9189578116202306,2
0.9767747882534642,0.0035316323342453,-0.4569377990430637,-1.449438202247194,-0.625,-0.7142857142857143,-1.0,0.8571428571428571,-0.5,0.0,0.5446527012127894,-0.9791741472172352,0.0,-1.5,-0.9559902200489002,-0.9119804400977986,-0.4285714285714285,-0.2857142857142857,-0.2857142857142857,-0.375,0.0,-0.2358490566037735,0.1052631578947367,0.0,0.0,1.62,0.3703703703703703,0.0,0.5632183908045979,0.0,0.2921348314606738,0.0,0.8636363636363635,0.6341463414634144,-0.3280000000000004,-0.0405405405405408,-0.095890410958904,1.25,1.3045977011494256,0.6648351648351646,0.9425837320574164,0.3943558551133185,0.9189578116202306,0
0.6151724864922556,0.4980882027907574,-0.129186602870814,0.4898876404494388,0.0,0.4285714285714285,-1.1428571428571428,-0.4285714285714285,0.0,0.0,1.2043366409408305,0.4272890484739677,0.5,0.5,-0.4009779951100239,0.3325183374083127,-0.5714285714285714,0.2857142857142857,-0.2857142857142857,-0.25,-0.5,-0.3773584905660375,0.3254564983888291,0.0,0.0,-0.52,1.037037037037037,0.0,0.5632183908045979,6.0,-0.5168539325842697,0.0,0.0340909090909091,0.9837398373983736,0.1999999999999994,0.2432432432432433,-0.1095890410958902,-1.7291666666666667,1.1954022988505746,0.3241758241758237,0.7846889952153109,0.8486442574947509,0.5289640103269624,0
0.5443448041986801,0.8533187561674093,-1.0215311004784695,-1.0831460674157325,0.75,-0.2857142857142857,-0.4285714285714285,0.1428571428571428,-0.5,0.0,0.6975376699742745,-0.3590664272890484,-1.0,0.0,1.0880195599022018,-0.8239608801955992,0.7142857142857143,-0.1428571428571428,0.1428571428571428,-0.375,-0.5,0.2098113207547168,0.1990691013247403,1.5,-0.5,1.14,-0.3518518518518518,0.3571428571428571,-0.3908045977011492,0.0,0.4606741573033704,0.0,0.0340909090909091,0.9756097560975606,0.1839999999999995,0.0945945945945944,-0.2054794520547947,1.5625,1.1954022988505746,0.3296703296703293,0.7081339712918658,0.8486442574947509,0.5289640103269624,2
0.1418467531354482,0.1097067381666197,-1.0,0.3280898876404496,0.125,0.5714285714285714,-0.8571428571428571,-0.7142857142857143,-0.5,0.5,0.8507901506798972,0.7181328545780968,-1.0,1.0,-1.022004889975551,-0.0440097799510996,1.2857142857142858,-0.1428571428571428,-0.2857142857142857,-0.625,2.0,0.6739622641509432,0.4475474400286429,-1.5,0.5,-0.6,0.2222222222222222,0.0,-0.2873563218390804,0.0,-0.1460674157303371,0.0,-0.2272727272727272,0.3170731707317072,-0.3360000000000003,-0.3378378378378378,-0.6301369863013697,-0.8958333333333334,-1.1436781609195403,-1.461538461538462,-0.5454545454545455,0.9377521321470804,0.3473052528448203,1
-0.2712598803862642,1.1234252121652175,0.2822966507177019,0.1842696629213482,-0.5,-0.2857142857142857,1.0,0.1428571428571428,0.5,0.5,-0.8335170893054022,-0.3590664272890484,1.0,1.0,-0.6454767726161378,0.689486552567236,-1.1428571428571428,0.8571428571428571,0.0,-0.625,0.0,-1.3064150943396224,0.8560687432867882,-0.5,0.5,-0.16,0.3148148148148148,0.0,0.8850574712643676,0.0,0.4044943820224715,0.0,0.8863636363636361,-0.4634146341463414,2.312,-0.3918918918918919,-0.2054794520547945,-0.5416666666666666,1.3793103448275863,1.4780219780219777,-0.5741626794258372,0.9377521321470804,0.3473052528448203,2
0.5619907284569127,0.3926967625698319,-1.3708133971291872,0.1033707865168526,-0.375,0.0,-0.4285714285714285,-0.5714285714285714,-0.5,0.0,0.0543917677324514,0.3166965888689406,-1.0,0.5,0.2004889975550119,-0.4229828850855739,-0.1428571428571428,-0.4285714285714285,-0.7142857142857143,0.0,-0.5,0.3773584905660375,-0.2824919441460795,0.0,0.0,-0.12,0.1111111111111111,1.2142857142857144,-0.9195402298850572,0.7058823529411765,-0.4269662921348314,0.0,0.9204545454545452,0.0325203252032517,-0.0559999999999999,1.7702702702702702,0.8493150684931505,-0.2708333333333333,1.0344827586206895,0.8131868131868131,0.5550239234449758,0.9377521321470804,0.3473052528448203,1
1.1785847046022928,0.5726323216359785,0.0215311004784675,0.0808988764044935,-0.5,0.0,-0.2857142857142857,0.0,0.5,0.0,-0.1903711870635794,-0.0854578096947935,1.0,0.5,0.6210268948655271,-0.8459657701711479,-0.5714285714285714,0.1428571428571428,0.1428571428571428,-0.375,-0.5,-0.6290566037735847,0.3580379520229143,2.0,-1.0,1.44,0.074074074074074,0.0,-0.8505747126436779,0.0,0.1235955056179772,0.0,1.1590909090909092,1.130081300813008,-0.456,1.9729729729729728,0.4657534246575345,1.3958333333333333,1.0574712643678166,0.0934065934065931,0.8516746411483251,0.9884683243281114,0.1514277775045767,0
0.3965956031463428,0.8354658283242259,1.3277511961722477,-0.449438202247192,0.625,-0.2857142857142857,-0.7142857142857143,-0.1428571428571428,1.0,0.0,0.8945240720323413,-0.1996409335727109,1.5,0.5,0.7775061124694392,-0.6674816625916873,0.4285714285714285,-0.5714285714285714,-0.5714285714285714,-0.125,-0.5,0.5660377358490566,-0.3157894736842104,1.0,-0.5,-0.06,0.8148148148148148,0.0,0.1609195402298852,6.294117647058823,0.3483146067415727,0.0,0.6136363636363636,-0.2113821138211384,0.1919999999999999,0.1351351351351349,-0.465753424657534,-1.0,1.2873563218390809,1.56043956043956,0.8181818181818181,0.9884683243281114,0.1514277775045767,1
-0.0418230371342176,0.442291045407571,0.1746411483253576,0.5101123595505612,-0.875,1.8571428571428572,0.2857142857142857,-1.0,0.5,1.5,-0.9867695700110252,1.2635547576301618,1.0,0.5,1.044009779951102,-0.1344743276283631,-0.1428571428571428,-1.2857142857142858,1.1428571428571428,0.0,2.0,-0.6739622641509432,-1.2395273899033297,1.5,0.5,-0.54,0.2407407407407407,0.0,-0.2988505747126436,0.0,0.3258426966292132,1.2142857142857144,0.7727272727272726,0.3821138211382111,-0.3840000000000002,0.8648648648648646,-0.2465753424657535,-0.8541666666666666,-0.0747126436781607,-0.0439560439560441,-0.1722488038277512,0.9884683243281114,0.1514277775045767,1
0.8598055917957925,0.7041505768619373,0.4569377990430616,-0.6134831460674178,0.125,-0.1428571428571428,0.0,-0.5714285714285714,0.0,0.0,0.0992282249173099,0.2244165170556553,0.5,0.0,0.1320293398533014,-0.9119804400977986,0.4285714285714285,-0.4285714285714285,-0.1428571428571428,0.25,-0.5,0.2460377358490566,-0.4260651629072681,1.5,-0.5,0.42,-0.1111111111111111,1.6428571428571428,0.2298850574712643,2.1176470588235294,-0.2247191011235954,0.0,1.1363636363636365,0.0243902439024392,0.1679999999999998,0.6756756756756759,0.863013698630137,0.5416666666666666,1.3218390804597702,1.104395604395604,0.6602870813397127,0.9987165071710528,-0.0506491688387126,2
0.8106287900141564,-0.0111431049081004,0.653110047846889,0.2449438202247194,0.75,0.1428571428571428,-0.5714285714285714,-0.4285714285714285,0.5,-0.5,0.810731348768835,0.2833034111310591,1.0,0.0,0.0220048899755509,-0.977995110024449,0.0,-0.5714285714285714,0.0,-0.25,0.0,-0.0898113207547169,-0.2237737200143214,0.0,0.0,0.66,0.3703703703703703,4.571428571428572,1.1264367816091954,0.0,-0.0561797752808988,0.0,1.1818181818181817,0.5203252032520321,-0.4800000000000001,-0.3243243243243243,0.7123287671232875,0.25,1.385057471264368,0.8186813186813182,1.4736842105263157,0.9987165071710528,-0.0506491688387126,0
1.0217646935135,0.4980882027907574,-0.0861244019138767,0.9191011235955064,-0.75,0.7142857142857143,-0.5714285714285714,0.1428571428571428,0.0,1.0,-0.2352076442484378,0.1996409335727109,0.5,1.5,-1.2444987775061118,-0.4229828850855739,-0.5714285714285714,-0.7142857142857143,0.8571428571428571,-0.25,-0.5,-0.902264150943396,-0.3580379520229143,1.5,0.0,-0.28,1.037037037037037,0.0,0.2528735632183907,3.0,-0.3707865168539326,0.0,0.7613636363636365,0.6829268292682926,0.2080000000000001,0.2027027027027029,0.589041095890411,-1.4791666666666667,1.413793103448276,0.8021978021978019,0.8277511961722486,0.8978045395707416,-0.4403941515576344,1
0.5657046027655382,1.1234252121652175,-0.129186602870814,-1.287640449438205,0.5,-0.2857142857142857,0.1428571428571428,-0.5714285714285714,1.0,-0.5,0.2146269753766997,0.1195691202872531,0.5,-1.0,0.5330073349633254,-0.6674816625916873,0.4285714285714285,-1.2857142857142858,0.2857142857142857,0.0,-0.5,0.0,-1.2395273899033297,0.5,-0.5,-0.12,0.3148148148148148,4.642857142857143,-0.6781609195402296,0.0,-0.2808988764044943,0.0,0.7613636363636365,0.6341463414634141,1.84,1.2972972972972971,0.4794520547945205,-0.5,1.413793103448276,0.7692307692307693,-0.2631578947368421,0.8978045395707416,-0.4403941515576344,1
0.8901297838851132,0.1778594317678328,-0.6076555023923453,0.0404494382022467,-0.5,0.4285714285714285,0.2857142857142857,-0.1428571428571428,0.0,1.5,-0.5516354281514148,0.2341113105924597,0.5,1.5,0.6430317848410758,1.4229828850855717,-0.2857142857142857,0.7142857142857143,0.0,-0.75,1.0,-0.2977358490566038,0.9377013963480128,1.5,1.5,-0.02,-0.1481481481481481,4.285714285714286,-0.482758620689655,0.0,0.7752808988764042,0.0,0.7840909090909091,0.4146341463414633,0.24,1.0945945945945943,-0.726027397260274,0.125,1.3793103448275863,0.8846153846153844,0.6650717703349281,0.7907757369376989,-0.6121059825476626,0
1.1378767646858106,-0.0287991476222087,0.0645933014354048,0.0202247191011223,0.625,-0.4285714285714285,0.4285714285714285,-0.4285714285714285,2.5,0.5,0.1220139654538772,-0.1195691202872531,1.0,1.0,0.0880195599022017,0.0,0.1428571428571428,-0.1428571428571428,1.0,0.0,-0.5,-0.4554716981132073,-0.0852130325814535,0.5,0.0,1.44,0.3703703703703703,0.0,-0.0344827586206895,0.0,-0.0337078651685393,0.0,0.4659090909090908,1.9105691056910563,-0.04,0.1891891891891889,-0.178082191780822,1.0625,1.5287356321839087,0.0164835164835163,0.956937799043062,0.7907757369376989,-0.6121059825476626,2
0.3965956031463428,0.336513194612244,0.1315789473684203,0.5101123595505612,0.625,-0.2857142857142857,0.2857142857142857,0.0,2.0,1.0,0.1944138184490998,-0.2833034111310594,0.5,1.5,-0.4229828850855748,-0.0660146699266505,0.1428571428571428,0.5714285714285714,-0.8571428571428571,0.0,1.0,0.7075471698113206,0.275331185105621,0.5,0.5,-0.06,-0.2037037037037037,0.0,1.5172413793103443,3.411764705882353,-0.5168539325842697,0.0,0.7840909090909091,-0.0975609756097558,-0.0480000000000001,0.4729729729729727,0.7945205479452055,0.1458333333333333,1.166666666666667,1.027472527472527,0.6602870813397127,0.299363122973358,-0.9541392564000488,1
1.0217646935135,-0.0287991476222087,-0.15311004784689,-0.0808988764044955,0.125,-0.7142857142857143,-0.1428571428571428,-0.7142857142857143,0.0,0.0,0.1944138184490998,-0.163375224416517,0.5,0.5,0.9095354523227386,0.0660146699266505,0.8571428571428571,0.0,-0.7142857142857143,0.875,2.5,0.8577358490566034,-0.4321518080916575,1.5,0.5,-0.28,0.3703703703703703,0.0,0.2758620689655174,0.0,0.0449438202247189,0.0,0.7840909090909091,0.4715447154471543,-0.3520000000000002,0.2027027027027024,0.1095890410958905,-0.7291666666666666,1.166666666666667,1.0164835164835162,0.9760765550239232,0.299363122973358,-0.9541392564000488,1
0.2433311758050175,0.336513194612244,-0.935406698564593,0.7550561797752806,-0.25,0.8571428571428571,0.0,-0.7142857142857143,-0.5,1.0,-0.1646453509739064,0.8161579892280071,-0.5,1.5,-1.0684596577017127,-0.4449877750611248,0.0,0.0,-0.4285714285714285,-0.75,0.5,0.2098113207547168,0.6713211600429645,-0.5,0.5,0.5,-0.2037037037037037,0.0,0.3333333333333335,0.0588235294117647,-0.5056179775280898,0.0,0.4318181818181816,1.1951219512195126,0.8400000000000006,-0.2837837837837842,0.3561643835616435,0.7291666666666666,1.896551724137932,0.8516483516483513,0.7368421052631577,-0.2993631229733582,-0.9541392564000488,2
1.0217646935135,0.1448795189514427,0.0861244019138745,-0.1438202247191014,-0.125,0.2857142857142857,-0.1428571428571428,-0.2857142857142857,0.0,0.0,0.0286659316427784,0.2563734290843807,0.5,0.5,-0.5574572127139361,0.2004889975550115,-0.2857142857142857,0.7142857142857143,-0.1428571428571428,0.125,2.0,-0.2098113207547168,0.2556390977443609,0.5,0.5,-0.28,-0.1481481481481481,0.0,1.6666666666666663,0.0,0.9101123595505614,0.0,0.8409090909090908,0.4390243902439024,0.0080000000000001,0.5810810810810809,-0.63013698630137,-0.1458333333333333,1.3620689655172415,0.8516483516483517,0.7894736842105262,-0.651372482722222,-0.7587581226927911,2
-0.2712598803862642,-0.0580172089184917,-0.5861244019138756,1.0831460674157305,-1.0,1.5714285714285714,1.7142857142857142,-1.2857142857142858,0.0,1.0,-1.464535097390665,1.4829443447037705,-0.5,1.5,1.2224938875305629,1.2885085574572108,0.7142857142857143,1.1428571428571428,-0.8571428571428571,-0.125,0.5,0.943396226415094,0.5556749015395631,1.0,1.0,0.86,0.0185185185185185,5.357142857142858,0.9540229885057472,2.6470588235294117,1.1123595505617974,5.357142857142858,0.9545454545454544,-0.4634146341463414,-0.7040000000000003,-0.3918918918918919,-0.5205479452054795,0.8541666666666666,-0.2758620689655171,-0.1043956043956047,-0.1196172248803827,0.5712682150947923,0.8207634412072763,2
-0.2712598803862642,-0.1357707790882399,1.653110047846889,-1.224719101123597,1.125,-0.2857142857142857,-1.1428571428571428,-0.1428571428571428,2.0,0.0,1.4355016538037488,-0.1996409335727109,2.5,-1.5,0.3985330073349641,0.1784841075794606,0.4285714285714285,0.5714285714285714,0.0,-0.375,1.0,0.1573584905660375,0.5449337629788756,0.0,0.5,0.06,0.0555555555555555,0.0,0.896551724137931,0.5882352941176471,-0.4831460674157303,0.0,0.8977272727272727,-0.4634146341463414,-0.4400000000000003,-0.3918918918918919,0.8904109589041095,-0.0208333333333333,-0.2816091954022988,-0.1098901098901102,0.110047846889952,0.5712682150947923,0.8207634412072763,1
-0.1560378178493762,-0.2591807862975979,-0.7392344497607657,0.224719101123595,0.0,-0.7142857142857143,0.4285714285714285,1.2857142857142858,0.5,0.5,-0.2212421903711869,-1.0771992818671454,0.0,0.5,2.4669926650366767,1.1564792176039096,3.7142857142857144,1.4285714285714286,-1.1428571428571428,0.375,0.0,1.5966037735849057,0.3580379520229143,2.5,0.5,0.02,-0.4259259259259259,0.0,0.3103448275862068,0.0,-0.9662921348314606,0.0,-1.0795454545454544,0.6097560975609752,-0.5680000000000003,1.27027027027027,-0.6027397260273971,0.4791666666666667,-0.5517241379310343,0.3571428571428567,-0.2966507177033492,0.5712682150947923,0.8207634412072763,1
-0.2712598803862642,0.0790134882632406,0.0215311004784675,-2.431460674157308,-1.0,-1.0,0.5714285714285714,0.7142857142857143,0.0,-0.5,-1.2568908489525907,-1.2283662477558348,0.5,-3.0,-0.0684596577017105,-1.1564792176039096,0.1428571428571428,-0.2857142857142857,-1.1428571428571428,1.0,-0.5,1.078113207547169,-0.639455782312925,0.0,-1.0,1.06,0.3333333333333333,0.2857142857142857,-0.2068965517241378,0.0588235294117647,1.2584269662921344,0.2857142857142857,-0.1931818181818181,-0.4634146341463414,-0.0480000000000002,-0.3918918918918919,1.0410958904109588,0.7083333333333334,0.1839080459770116,0.3351648351648348,-0.1578947368421051,0.5712682150947923,0.8207634412072763,0
-0.1453242994455504,-0.2273151349257152,1.6100478468899515,2.022471910112361,1.25,3.0,-0.4285714285714285,0.1428571428571428,2.5,1.5,0.8507901506798972,0.7931777378815081,2.5,2.0,1.5770171149144272,2.8435207823960815,0.7142857142857143,2.0,-0.7142857142857143,-1.25,3.0,0.8086792452830188,1.65234514858575,2.5,3.5,-0.4,-0.6666666666666666,2.428571428571429,0.4252873563218389,0.0,0.1685393258426966,0.0714285714285714,-0.6022727272727271,-0.2113821138211384,0.1359999999999999,0.8378378378378375,0.2054794520547945,0.3125,-0.2241379310344827,-0.0604395604395609,0.5023923444976076,0.5712682150947923,0.8207634412072763,0
0.0911146283621754,-0.3556775518991493,-0.5645933014354081,-1.5932584269662955,-0.5,-1.1428571428571428,1.0,0.8571428571428571,0.0,0.0,-0.8335170893054022,-1.4172351885098744,-0.5,-0.5,-1.3129584352078243,-0.4229828850855739,0.2857142857142857,-1.0,0.0,1.5,0.0,0.0818867924528303,-1.2599355531686356,-2.0,-0.5,2.54,0.7592592592592593,0.0,0.3563218390804599,0.0,0.5056179775280898,0.0,-0.8522727272727272,0.3658536585365851,-0.5680000000000002,1.0540540540540542,0.9178082191780822,1.7708333333333333,0.1436781609195402,0.8571428571428569,0.1196172248803827,0.5712682150947923,0.8207634412072763,0
-0.1806068848340613,-0.1375614911341136,0.4999999999999989,0.44943820224719,0.375,0.2857142857142857,-1.1428571428571428,-0.7142857142857143,0.5,-0.5,1.3101800808526278,0.5985637342908438,1.0,0.0,-1.0684596577017127,0.4889975550122245,-0.7142857142857143,1.5714285714285714,0.5714285714285714,-0.875,0.0,-0.943396226415094,1.2395273899033294,-1.0,0.5,-0.1,0.037037037037037,0.0,0.2643678160919541,0.0,-0.2359550561797753,0.0,-0.1704545454545454,0.6097560975609752,0.0799999999999995,0.1351351351351351,-0.6986301369863013,-0.1666666666666666,0.3735632183908046,1.2417582417582416,-0.0765550239234447,0.5712682150947923,0.8207634412072763,2
-0.2712598803862642,-0.2833552934942954,-1.0430622009569372,0.6337078651685403,-0.125,1.8571428571428572,1.2857142857142858,-0.4285714285714285,0.5,0.0,-0.6383682469680263,0.8685816876122083,-0.5,0.5,0.8655256723716388,1.132029339853299,1.7142857142857142,0.4285714285714285,-1.1428571428571428,-0.5,0.0,1.433962264150943,0.5968492660221981,0.5,0.5,0.48,0.1666666666666666,1.142857142857143,-0.7586206896551723,0.0,0.0674157303370784,1.142857142857143,-0.7386363636363635,-0.4634146341463414,1.0799999999999998,-0.3918918918918919,0.2465753424657532,0.2916666666666667,-0.3908045977011493,-0.2142857142857146,0.9282296650717702,0.5712682150947923,0.8207634412072763,0
-0.2712598803862642,0.0207503218397793,0.1100478468899506,-0.224719101123597,-0.125,-0.2857142857142857,1.0,1.7142857142857142,0.0,-0.5,-0.544285189268651,-0.8685816876122083,0.5,-0.5,-1.5354523227383874,-0.8239608801955992,-1.1428571428571428,-1.1428571428571428,0.4285714285714285,0.75,0.5,-1.4150943396226412,-1.2531328320802002,-1.0,0.0,2.1,2.5,4.285714285714286,0.1264367816091955,0.0,-0.4382022471910112,4.285714285714286,0.1363636363636364,-0.4634146341463414,0.0079999999999998,-0.3918918918918919,-0.0821917808219177,-0.6458333333333334,-0.1781609195402295,-0.0109890109890111,-0.0813397129186604,0.5712682150947923,0.8207634412072763,0
-0.2712598803862642,0.2984187521817945,-0.6076555023923453,-1.449438202247194,-0.375,-1.1428571428571428,1.1428571428571428,0.8571428571428571,-0.5,-0.5,-0.7747151782432928,-1.4172351885098744,-1.5,-2.0,-0.4889975550122256,-2.1564792176039096,-0.7142857142857143,-1.4285714285714286,0.1428571428571428,1.75,-0.5,-0.7769811320754716,-1.65234514858575,-0.5,-3.5,1.82,2.2962962962962963,3.5714285714285716,1.6321839080459768,0.0,0.1011235955056178,3.5714285714285716,1.6249999999999998,-0.4634146341463414,1.7520000000000002,-0.3918918918918919,1.054794520547945,-0.7083333333333334,-0.9482758620689654,-0.7472527472527476,0.8660287081339713,0.5712682150947923,0.8207634412072763,1
-0.2712598803862642,-0.3064520452261257,1.7392344497607637,0.1033707865168526,0.875,0.0,-0.1428571428571428,-0.7142857142857143,2.0,-0.5,0.5446527012127894,0.4488330341113106,2.5,0.0,0.3594132029339861,0.2885085574572108,1.2857142857142858,1.0,-0.1428571428571428,-0.25,0.5,0.5856603773584904,0.5968492660221981,0.5,0.5,-0.46,-0.0185185185185185,1.6428571428571428,0.7241379310344828,2.1176470588235294,0.3370786516853932,1.6428571428571428,0.7272727272727273,-0.4634146341463414,-0.2720000000000002,-0.3918918918918919,-0.315068493150685,-0.4791666666666667,-0.1896551724137929,-0.0219780219780222,-0.1435406698564593,0.72479278722912,0.6889669190756866,1
-0.2712598803862642,0.0987105408452594,-2.15311004784689,-0.8584269662921372,-0.625,0.0,0.7142857142857143,-0.1428571428571428,-0.5,-0.5,-0.8555678059536933,0.0,-2.5,-1.0,-1.8899755501222495,-0.7995110024449863,-0.4285714285714285,-0.7142857142857143,1.4285714285714286,-0.125,-0.5,-0.943396226415094,-0.4475474400286429,-2.5,0.0,0.4,0.6111111111111112,36.714285714285715,-0.4022988505747126,0.7058823529411765,1.0898876404494378,36.714285714285715,-0.3863636363636363,-0.4634146341463414,0.1439999999999999,-0.3918918918918919,1.0684931506849316,-0.2916666666666667,0.0114942528735633,0.17032967032967,-0.4162679425837322,0.72479278722912,0.6889669190756866,0
-0.2712598803862642,0.2437534729199065,-1.803827751196173,-0.6134831460674178,-1.25,-0.5714285714285714,2.857142857142857,0.8571428571428571,-0.5,0.0,-1.7868430723998527,-0.858527827648115,-3.0,-0.5,-0.6894865525672376,0.6430317848410745,-0.7142857142857143,1.1428571428571428,1.5714285714285714,-0.375,1.0,-1.1879245283018864,0.7293233082706765,-1.0,1.0,2.34,1.3703703703703705,0.0,0.0344827586206897,0.0,0.9999999999999996,0.0,0.0454545454545454,-0.4634146341463414,0.1279999999999998,-0.3918918918918919,0.4383561643835615,0.875,-0.3735632183908044,-0.197802197802198,-0.7272727272727272,0.72479278722912,0.6889669190756866,2
-0.2547510196256857,0.521010598074083,0.4569377990430616,-0.1213483146067423,1.375,-0.2857142857142857,-0.7142857142857143,-0.2857142857142857,1.0,0.5,1.0889378904814406,-0.1055655296229802,1.0,0.5,-0.1344743276283612,0.0660146699266505,-0.1428571428571428,-0.2857142857142857,0.5714285714285714,0.875,0.0,-0.471698113207547,-0.5968492660221983,-0.5,-0.5,0.2,0.7222222222222222,0.5714285714285715,2.436781609195402,0.0,0.3595505617977526,2.142857142857143,1.840909090909091,-0.3902439024390245,2.7360000000000007,0.2972972972972969,1.0,-0.625,-0.7471264367816091,-0.5054945054945059,1.6220095693779906,0.72479278722912,0.6889669190756866,0
-0.2712598803862642,-0.5306900908569142,0.6746411483253587,-0.7146067415730358,0.625,-0.5714285714285714,-1.0,1.1428571428571428,0.5,0.0,1.189268651231165,-0.9335727109515262,1.0,-1.0,0.0440097799510997,0.2665036674816621,0.5714285714285714,1.7142857142857142,-1.1428571428571428,-0.875,0.5,1.2207547169811317,1.2599355531686356,-0.5,0.5,0.26,0.2037037037037037,0.0,-0.3218390804597699,0.4117647058823529,0.393258426966292,0.0,-0.3068181818181817,-0.4634146341463414,-0.5760000000000003,-0.3918918918918919,0.1232876712328767,0.0208333333333333,-0.0747126436781607,0.0879120879120876,0.2009569377990431,0.72479278722912,0.6889669190756866,2
-0.2142141897676401,-0.4515381714751296,1.8277511961722464,1.0831460674157305,1.0,0.2857142857142857,0.1428571428571428,0.7142857142857143,4.0,1.0,0.4219037118706358,-0.2563734290843807,4.0,1.5,1.2444987775061138,-0.4889975550122245,1.7142857142857142,0.7142857142857143,-1.4285714285714286,0.125,-0.5,1.7226415094339618,0.2556390977443609,1.5,-1.5,-0.34,0.4444444444444444,0.0,-0.0344827586206895,0.0,-0.8764044943820224,0.0,-0.7613636363636362,-0.2520325203252032,0.0639999999999999,0.4864864864864864,-0.6301369863013697,-0.875,0.3218390804597702,0.5219780219780216,-0.110047846889952,0.72479278722912,0.6889669190756866,0
-0.2712598803862642,-0.2344524041687221,-0.3253588516746413,1.5528089887640466,0.125,1.0,-0.7142857142857143,-1.2857142857142858,0.5,1.5,0.6887173833149578,1.4172351885098746,0.5,2.0,-0.2665036674816627,0.2885085574572108,1.0,0.7142857142857143,-0.1428571428571428,-0.75,0.5,0.4890566037735849,0.9377013963480128,-0.5,0.5,-0.26,-0.2592592592592592,2.2142857142857144,0.3333333333333335,0.0,-0.2471910112359551,2.2142857142857144,0.3409090909090911,-0.4634146341463414,-0.2320000000000002,-0.3918918918918919,-0.0684931506849312,0.0,-0.4022988505747125,-0.2252747252747255,0.1339712918660285,0.72479278722912,0.6889669190756866,2
-0.2712598803862642,-0.1896273378793248,-0.935406698564593,-0.7842696629213498,0.125,-0.1428571428571428,3.0,1.2857142857142858,-0.5,0.0,-0.8798235942668134,-0.681149012567325,-2.0,-0.5,-1.2665036674816628,0.1784841075794606,-0.2857142857142857,0.8571428571428571,-0.2857142857142857,-1.0,0.5,-0.110943396226415,1.2531328320802002,-1.0,0.0,1.28,0.5555555555555556,0.0,-0.2643678160919538,0.0,-0.1460674157303371,0.0,-0.2499999999999999,-0.4634146341463414,0.2079999999999998,-0.3918918918918919,-0.6027397260273972,0.6875,-0.247126436781609,-0.0769230769230772,0.5263157894736842,0.72479278722912,0.6889669190756866,2
-0.2712598803862642,-0.1257351614888879,-2.0215311004784695,-3.0022471910112407,-1.0,-1.0,3.7142857142857144,2.0,0.0,-0.5,-1.6229327453142226,-1.4107719928186715,-2.5,-3.0,-1.6234718826405867,-1.26650366748166,-1.1428571428571428,-0.4285714285714285,1.2857142857142858,1.0,0.0,-1.54377358490566,-0.7293233082706765,-2.5,-1.0,3.4,3.2222222222222223,0.2857142857142857,1.310344827586207,0.0,-0.6516853932584269,0.2857142857142857,1.306818181818182,-0.4634146341463414,-0.2160000000000002,-0.3918918918918919,1.589041095890411,-0.1041666666666666,0.4655172413793104,0.604395604395604,0.1961722488038274,0.8486442574947509,0.5289640103269624,1
-0.2712598803862642,0.3745926523641532,-0.9784688995215324,-0.674157303370789,-1.0,0.0,0.8571428571428571,1.1428571428571428,-0.5,-0.5,-1.3252480705622929,-0.5572710951526033,-1.0,-1.0,-0.1344743276283612,-0.5110024449877755,-0.5714285714285714,-0.4285714285714285,0.0,0.5,0.5,-0.5550943396226414,-0.5449337629788756,-1.0,-0.5,1.88,1.1296296296296295,0.0,0.4942528735632184,0.1176470588235294,0.1685393258426966,0.0,0.5,-0.4634146341463414,0.6720000000000003,-0.3918918918918919,-0.3835616438356165,0.6666666666666666,0.7068965517241382,0.835164835164835,-0.15311004784689,0.8486442574947509,0.5289640103269624,2
-0.2712598803862642,0.0606881818337548,-1.3492822966507174,-1.1842696629213505,-0.25,-0.4285714285714285,1.1428571428571428,-0.2857142857142857,-0.5,-0.5,-0.6806321205439175,-0.2244165170556553,-2.5,-1.5,0.3765281173594131,0.0,0.5714285714285714,0.7142857142857143,1.4285714285714286,-0.25,1.0,-0.3773584905660375,0.5012531328320802,-0.5,0.5,1.9,0.6481481481481481,5.500000000000001,1.114942528735632,0.0,-0.696629213483146,5.500000000000001,1.1136363636363635,-0.4634146341463414,0.8879999999999999,-0.3918918918918919,1.410958904109589,1.2291666666666667,-0.454022988505747,-0.2747252747252751,0.7607655502392343,0.8486442574947509,0.5289640103269624,2
-0.2712598803862642,-0.180673741370161,0.935406698564593,0.5932584269662915,0.875,0.0,-0.2857142857142857,-0.1428571428571428,1.0,0.5,0.6387357589121648,0.0,1.5,1.0,0.8875305623471897,0.2665036674816621,-0.1428571428571428,0.8571428571428571,-0.4285714285714285,-1.125,0.5,0.110943396226415,1.4131757966344431,1.0,0.5,0.1,-0.6296296296296297,0.2142857142857143,0.3678160919540229,0.7647058823529412,0.1123595505617977,0.2142857142857143,0.3749999999999998,-0.4634146341463414,-0.4480000000000002,-0.3918918918918919,-0.4657534246575345,0.7916666666666666,-0.4770114942528734,-0.296703296703297,-0.0574162679425838,0.8486442574947509,0.5289640103269624,2
-0.2712598803862642,-0.2035525873916922,-2.088516746411483,-0.6943820224719114,-0.375,-0.1428571428571428,1.0,-0.4285714285714285,0.0,0.0,-0.729511209114296,0.1055655296229802,-2.5,-0.5,-2.3349633251833755,-1.4229828850855717,-0.5714285714285714,-0.5714285714285714,0.7142857142857143,1.375,-0.5,-0.8577358490566036,-0.9258861439312566,-3.5,-1.0,1.84,0.7962962962962963,0.0,-0.4942528735632182,0.0,-0.5505617977528089,0.0,-0.4772727272727271,-0.4634146341463414,0.6399999999999996,-0.3918918918918919,-0.684931506849315,1.0,1.5172413793103443,1.609890109890109,0.54066985645933,0.8486442574947509,0.5289640103269624,2
-0.2034012350862078,-0.0416555780766397,1.1315789473684204,2.7573033707865213,0.0,2.857142857142857,-0.5714285714285714,-1.4285714285714286,0.5,2.5,0.4726203601617054,1.67935368043088,1.0,3.0,0.8435207823960879,-0.6234718826405855,1.2857142857142858,-0.8571428571428571,-0.7142857142857143,-0.625,0.0,0.981132075471698,-0.1629072681704259,1.0,0.0,-0.5,-0.4444444444444444,0.0,-0.0459770114942527,0.0,-0.7752808988764044,0.0,-0.4204545454545453,0.300813008130081,-0.6880000000000002,0.0675675675675675,-0.3424657534246575,-0.0416666666666666,0.1494252873563223,0.8186813186813182,0.2153110047846889,0.8486442574947509,0.5289640103269624,1
-0.2712598803862642,-0.397932026731491,-0.4784688995215314,1.858426966292137,-1.0,2.142857142857143,0.1428571428571428,-1.1428571428571428,0.0,2.5,-1.117971334068357,1.4107719928186715,0.0,3.0,1.466992665036677,1.0220048899755487,1.0,-0.1428571428571428,-0.4285714285714285,-0.375,1.5,0.6792452830188679,0.1990691013247403,2.5,1.5,-0.22,-0.5370370370370371,0.5,1.0804597701149423,2.588235294117647,0.235955056179775,0.5,1.0795454545454546,-0.4634146341463414,-0.6880000000000002,-0.3918918918918919,0.2328767123287675,0.3541666666666667,-0.4022988505747125,-0.2252747252747255,-0.2153110047846889,0.8486442574947509,0.5289640103269624,2
-0.2712598803862642,-0.0702740932937246,0.4138755980861243,-0.5101123595505632,0.5,-0.7142857142857143,-0.1428571428571428,0.7142857142857143,0.0,0.0,0.3914002205071666,-0.9403949730700182,0.5,-0.5,-3.5134474327628387,-0.9119804400977986,0.1428571428571428,-0.5714285714285714,1.1428571428571428,0.375,-0.5,-0.5030188679245281,-0.5968492660221983,-4.0,-0.5,0.74,1.2962962962962965,0.0,-0.8850574712643676,0.0,-0.4831460674157303,0.0,-0.8636363636363635,-0.4634146341463414,0.1919999999999997,-0.3918918918918919,-0.273972602739726,-0.7083333333333334,0.1034482758620692,0.258241758241758,0.8086124401913874,0.8486442574947509,0.5289640103269624,1
-0.2712598803862642,-0.0840471286617376,0.3492822966507173,-0.3258426966292149,0.75,-0.5714285714285714,-0.4285714285714285,0.1428571428571428,0.5,-0.5,0.6975376699742745,-0.598563734290844,0.5,0.0,0.6650366748166269,1.4889975550122223,0.1428571428571428,0.7142857142857143,0.1428571428571428,-0.625,3.0,-0.0818867924528301,0.8138202649480841,2.0,3.5,0.84,-0.6111111111111112,0.0,0.3908045977011496,0.0588235294117647,0.2247191011235954,0.0,0.3977272727272729,-0.4634146341463414,0.2079999999999998,-0.3918918918918919,-0.5753424657534245,1.5416666666666667,-1.339080459770115,-1.1208791208791211,-0.3827751196172248,0.8486442574947509,0.5289640103269624,2
-0.2712598803862642,0.1877317223349905,0.4354066985645919,1.3685393258426986,-0.125,0.7142857142857143,0.0,-0.7142857142857143,0.0,2.0,-0.0679897096655639,0.7694793536804311,0.0,2.5,0.3545232273838644,-0.689486552567236,0.2857142857142857,0.0,-0.4285714285714285,0.25,0.5,0.3773584905660375,-0.1493018259935553,0.5,0.0,-0.62,-0.074074074074074,0.0,1.172413793103448,0.0,-0.5280898876404494,0.0,1.1704545454545452,-0.4634146341463414,0.0159999999999998,-0.3918918918918919,1.2739726027397258,-0.5833333333333334,0.6954022988505748,0.8241758241758238,0.2296650717703347,0.9377521321470804,0.3473052528448203,1
-0.2712598803862642,-0.2896067921517232,-0.6746411483253587,0.2853932584269661,-0.25,0.4285714285714285,-0.2857142857142857,0.0,0.0,0.5,0.0400588019110621,0.149730700179533,-1.0,0.0,0.0,0.5770171149144239,0.0,0.4285714285714285,0.4285714285714285,-1.125,0.5,-0.3143396226415093,1.342642320085929,-0.5,1.0,0.16,-0.1851851851851851,0.0,-0.6781609195402296,0.0,-0.0561797752808988,0.0,-0.659090909090909,-0.4634146341463414,-0.7360000000000002,-0.3918918918918919,0.0,0.3541666666666667,0.2643678160919541,0.4120879120879117,0.3205741626794259,0.9377521321470804,0.3473052528448203,0
-0.2712598803862642,-0.3047789796852279,-0.2607655502392343,-0.9797752808988776,-0.75,0.0,0.1428571428571428,1.1428571428571428,-0.5,0.5,-0.7570746049246598,-0.5572710951526033,0.0,-0.5,-0.1564792176039122,-0.5110024449877755,-0.8571428571428571,-0.5714285714285714,0.2857142857142857,0.75,0.0,-0.9988679245283016,-0.7457930540637305,0.0,-0.5,0.48,2.259259259259259,1.4285714285714286,-0.4597701149425287,0.0,-0.2584269662921348,1.4285714285714286,-0.4431818181818182,-0.4634146341463414,-0.0960000000000002,-0.3918918918918919,-0.506849315068493,-2.0625,-0.0632183908045973,0.0989010989010987,0.4976076555023922,0.9377521321470804,0.3473052528448203,1
-0.2696754524466723,0.0725688625865249,-0.4354066985645941,-0.5303370786516876,-0.5,-0.7142857142857143,-0.2857142857142857,0.1428571428571428,0.5,0.0,-0.1903711870635794,-0.739317773788151,-0.5,-0.5,0.2885085574572136,0.1784841075794606,0.4285714285714285,-0.1428571428571428,-0.5714285714285714,0.75,0.0,0.5660377358490566,-0.464017185821697,0.0,0.5,2.58,1.851851851851852,0.0,0.5517241379310345,0.7058823529411765,0.0786516853932583,0.0,0.3522727272727272,-0.3414634146341463,1.096,-0.1486486486486486,-0.452054794520548,0.5833333333333334,0.8678160919540235,0.9835164835164832,-0.2727272727272726,0.9377521321470804,0.3473052528448203,0
-0.2712598803862642,-0.1769383717536657,0.3038277511961716,-1.0629213483146098,0.375,-0.7142857142857143,0.0,0.5714285714285714,0.0,-0.5,0.2381477398015438,-0.8976660682226213,0.5,-1.0,0.0,1.7555012224938844,-0.2857142857142857,1.2857142857142858,-0.2857142857142857,-1.125,2.0,-0.110943396226415,1.4647332617257427,1.0,2.5,0.14,-0.037037037037037,0.0,-0.379310344827586,0.0,0.1235955056179772,0.0,-0.3636363636363635,-0.4634146341463414,-0.2800000000000003,-0.3918918918918919,-0.1369863013698632,0.1666666666666666,0.2816091954022992,0.4285714285714284,0.0622009569377989,0.9377521321470804,0.3473052528448203,2
-0.2543594785345484,-0.4193093194481781,-1.2392344497607668,2.186516853932587,-0.375,3.7142857142857144,0.2857142857142857,-1.1428571428571428,0.0,2.5,-0.4355016538037484,1.5192100538599644,-0.5,2.5,0.4205378973105129,1.7114914425427847,0.0,1.4285714285714286,-0.1428571428571428,-0.5,2.5,0.0,0.8950948800572859,0.0,2.5,-0.36,-0.4629629629629629,2.285714285714286,-0.6781609195402296,0.0588235294117647,0.5280898876404493,0.5,-0.6363636363636362,-0.2601626016260163,-0.5920000000000003,-0.3648648648648649,0.684931506849315,0.125,-0.3735632183908044,-0.3351648351648355,-0.2966507177033492,0.9377521321470804,0.3473052528448203,0
-0.2712598803862642,-0.0465687867433213,-0.129186602870814,-0.1438202247191014,0.0,0.1428571428571428,-0.1428571428571428,-1.1428571428571428,0.0,0.0,0.1157662624035284,1.0258527827648114,0.0,0.0,-0.8239608801955988,-0.5330073349633242,-0.4285714285714285,-1.1428571428571428,-1.2857142857142858,1.375,0.0,1.0483018867924527,-1.3605442176870746,-0.5,-0.5,0.46,0.7037037037037037,0.3571428571428571,0.2873563218390804,0.8235294117647058,0.7977528089887637,0.3571428571428571,0.2954545454545454,-0.4634146341463414,-0.6160000000000003,-0.3918918918918919,-0.1095890410958905,-0.3333333333333333,-0.4827586206896551,-0.3021978021978026,-0.3444976076555023,0.9377521321470804,0.3473052528448203,2
-0.2712598803862642,0.0130780038614039,-0.1961722488038294,-1.4921348314606775,-0.5,-1.1428571428571428,0.4285714285714285,0.4285714285714285,-0.5,-0.5,-0.6192576258728408,-1.346499102333932,0.0,-1.0,-0.4449877750611237,-0.5550122249388751,-0.2857142857142857,-0.4285714285714285,-0.5714285714285714,0.875,-0.5,0.1256603773584905,-0.6885069817400644,0.5,-1.5,2.8,1.5925925925925926,0.6428571428571429,-0.3908045977011492,3.058823529411765,1.910112359550561,0.6428571428571429,-0.3749999999999998,-0.4634146341463414,0.8079999999999999,-0.3918918918918919,2.0547945205479445,1.1041666666666667,-0.0459770114942527,0.115384615384615,-0.8612440191387559,0.9377521321470804,0.3473052528448203,2
-0.2712598803862642,0.006777682853363,0.3038277511961716,1.0426966292134834,-1.125,0.7142857142857143,-0.4285714285714285,-0.8571428571428571,0.0,0.5,-1.0889378904814404,0.8976660682226213,0.5,1.0,-0.2224938875305629,0.0880195599021993,-0.1428571428571428,-1.1428571428571428,0.0,0.375,0.0,-0.1886792452830187,-1.158252774794128,0.0,0.5,0.12,0.8888888888888888,0.8571428571428572,-0.3448275862068965,0.0,-0.797752808988764,0.8571428571428572,-0.3295454545454546,-0.4634146341463414,0.4159999999999997,-0.3918918918918919,-0.2054794520547945,-0.8958333333333334,-0.6321839080459769,-0.4450549450549453,0.3301435406698563,0.9377521321470804,0.3473052528448203,1
-0.2712598803862642,-0.4541080536662977,-0.217703349282297,-1.287640449438205,0.25,0.2857142857142857,-0.8571428571428571,0.0,0.0,-0.5,0.9048144064682104,0.0779174147217237,0.0,-2.0,0.5110024449877766,0.843520782396086,0.1428571428571428,1.5714285714285714,-0.8571428571428571,-1.0,0.5,0.7075471698113206,1.3605442176870746,0.0,0.5,0.92,0.1666666666666666,0.0,-0.6666666666666664,0.0,-0.2808988764044943,0.0,-0.6477272727272726,-0.4634146341463414,0.0480000000000001,-0.3918918918918919,-0.2876712328767122,0.75,0.1379310344827589,0.291208791208791,0.7511961722488039,0.9377521321470804,0.3473052528448203,2
-0.2539203323607074,0.0318889158912979,-0.346889952153111,-0.2044943820224726,-0.75,-0.1428571428571428,-0.1428571428571428,0.5714285714285714,0.0,-0.5,-0.5931642778390297,-0.4488330341113106,0.0,-0.5,-1.2665036674816628,0.7555012224938866,-1.0,0.7142857142857143,1.1428571428571428,-1.0,0.5,-1.372075471698113,1.22484783387039,-1.0,1.0,0.88,0.1481481481481481,0.0,0.5632183908045979,3.058823529411765,0.6179775280898875,0.0,0.2727272727272727,-0.0325203252032517,0.8559999999999992,-0.0405405405405404,-0.3013698630136985,0.7291666666666666,0.9770114942528736,1.3846153846153844,-0.0382775119617223,0.9884683243281114,0.1514277775045767,0
-0.031938470358701,0.4317773815603938,0.1746411483253576,-0.7146067415730358,-0.375,-0.7142857142857143,0.8571428571428571,1.5714285714285714,0.5,0.0,-0.6806321205439175,-1.1303411131059249,1.0,-1.0,-0.6894865525672376,-0.8899755501222476,-1.1428571428571428,0.1428571428571428,-0.1428571428571428,2.5,-0.5,-1.2577358490566035,-0.7909058360186177,-1.0,-2.0,1.58,1.0925925925925926,0.5,1.2183908045977012,10.235294117647058,0.0561797752808988,1.0714285714285714,-0.409090909090909,0.1219512195121949,-0.4400000000000003,1.5405405405405406,-0.1643835616438355,0.3958333333333333,-0.454022988505747,-0.6703296703296707,-0.4545454545454545,0.9884683243281114,0.1514277775045767,2
-0.2712598803862642,-0.2495044881556868,0.999999999999998,1.6337078651685402,0.375,1.1428571428571428,-1.1428571428571428,-0.2857142857142857,0.0,2.0,1.3101800808526278,0.5985637342908438,0.5,2.5,0.4449877750611258,1.9339853300733452,1.1428571428571428,1.1428571428571428,-0.4285714285714285,0.0,4.0,0.7256603773584904,0.4772645900465447,0.0,4.0,-0.46,-0.4074074074074074,0.3571428571428571,0.689655172413793,0.0,-0.2359550561797753,0.3571428571428571,0.6931818181818181,-0.4634146341463414,0.712,-0.3918918918918919,0.3424657534246575,-0.0416666666666666,-0.5402298850574713,-0.3571428571428575,0.583732057416268,0.9884683243281114,0.1514277775045767,2
-0.2712598803862642,-0.1820398439276157,0.3708133971291849,-1.2449438202247214,-0.125,-0.2857142857142857,-1.1428571428571428,-0.2857142857142857,0.5,-0.5,1.156927600147005,-0.1055655296229802,1.0,-1.0,-0.4009779951100239,-1.7775061124694354,0.8571428571428571,-1.4285714285714286,-0.4285714285714285,2.375,-0.5,0.6290566037735846,-1.6745435016111705,-1.0,-3.0,0.7,2.074074074074074,0.0,-0.7241379310344825,0.2941176470588235,-0.0112359550561799,0.0,-0.7045454545454544,-0.4634146341463414,1.16,-0.3918918918918919,0.1095890410958902,-1.625,0.6494252873563218,0.7802197802197797,-0.4928229665071768,0.9884683243281114,0.1514277775045767,2
-0.2712598803862642,-0.2881078758072887,-0.6961722488038284,-1.8179775280898904,-0.625,-0.4285714285714285,1.0,1.4285714285714286,0.0,0.0,-0.946710768099963,-0.8976660682226213,0.0,-2.5,-0.977995110024449,-0.2665036674816621,-1.0,0.1428571428571428,0.8571428571428571,-0.75,0.5,-1.3207547169811316,0.7372001432151806,-0.5,0.5,0.76,-0.3333333333333333,3.3571428571428577,1.160919540229885,1.1764705882352942,0.9325842696629212,3.3571428571428577,1.1590909090909092,-0.4634146341463414,-0.1200000000000001,-0.3918918918918919,-0.5205479452054795,1.1458333333333333,-0.3965517241379307,-0.2197802197802199,-0.5980861244019138,0.9884683243281114,0.1514277775045767,2
-0.2575970992112058,-0.3543923769399205,-0.4138755980861243,1.0629213483146078,-0.375,1.7142857142857142,1.1428571428571428,-1.4285714285714286,0.0,1.0,-0.7747151782432928,1.6391382405745063,0.0,1.5,-1.1124694376528124,0.3374083129584344,-1.1428571428571428,1.1428571428571428,0.4285714285714285,-0.125,1.0,-1.4150943396226412,0.5556749015395631,-0.5,0.5,0.58,-0.0185185185185185,0.2857142857142857,-0.5517241379310343,0.0,-0.3707865168539326,0.0,-0.1249999999999999,-0.3821138211382114,0.2399999999999998,0.0945945945945944,-0.4794520547945205,0.6041666666666666,0.1724137931034483,0.2692307692307688,-0.3397129186602871,0.9884683243281114,0.1514277775045767,2
-0.2133575895582133,-0.3467076824159509,0.2392344497607646,-0.3258426966292149,0.75,1.0,-1.0,-0.1428571428571428,0.5,-0.5,1.2183020948180816,0.465350089766607,0.5,-0.5,0.0220048899755509,-2.134474327628358,1.0,-0.7142857142857143,-0.7142857142857143,0.5,-0.5,0.902264150943396,-0.7672753311851055,0.0,-2.5,-0.18,0.2777777777777778,3.2857142857142856,0.2068965517241379,0.0,-0.8539325842696629,15.000000000000002,-0.9431818181818182,-0.3333333333333332,0.2159999999999999,0.9864864864864864,-0.6301369863013698,-0.5208333333333334,-0.2816091954022988,-0.1318681318681321,0.5023923444976076,0.9884683243281114,0.1514277775045767,2
-0.2194407512202758,-0.18226027631955,0.564593301435406,-0.0404494382022487,1.0,0.5714285714285714,-1.0,-1.1428571428571428,1.0,-0.5,1.268283719220875,1.161579892280072,1.0,-0.5,-0.4449877750611237,0.5330073349633242,-0.1428571428571428,1.5714285714285714,-0.8571428571428571,-0.75,1.0,0.5392452830188679,1.1271034729681344,0.0,1.0,0.32,0.0925925925925925,0.2142857142857143,-0.8505747126436779,7.529411764705883,1.842696629213483,0.8571428571428572,-0.3409090909090909,-0.4146341463414634,-0.7200000000000002,0.1891891891891889,1.9315068493150684,0.2083333333333333,-0.425287356321839,-0.2142857142857146,-0.2631578947368421,0.9884683243281114,0.1514277775045767,2
-0.2712598803862642,-0.0727599792192386,0.4569377990430616,0.2651685393258418,-0.25,0.5714285714285714,-1.0,1.4285714285714286,0.0,-0.5,0.8507901506798972,-0.3590664272890484,0.5,-0.5,0.1320293398533014,0.4889975550122245,-0.4285714285714285,0.5714285714285714,-0.7142857142857143,-0.25,0.0,0.1452830188679244,0.4475474400286429,0.5,0.5,0.8,0.5925925925925926,1.5000000000000002,0.0919540229885058,0.0,-0.943820224719101,1.5000000000000002,0.1022727272727273,-0.4634146341463414,-0.5840000000000002,-0.3918918918918919,0.4931506849315067,0.1458333333333333,0.574712643678161,0.7087912087912084,0.6028708133971289,0.9987165071710528,-0.0506491688387126,0
-0.2712598803862642,-0.3103652227628425,0.3253588516746392,0.7348314606741582,-0.5,-0.1428571428571428,-0.4285714285714285,-0.4285714285714285,0.0,0.5,-0.0679897096655639,0.1055655296229802,0.5,1.0,-1.200488997555012,0.821515892420535,-1.0,1.1428571428571428,2.0,-0.625,1.0,-1.482641509433962,0.9308986752595774,-1.5,1.0,-0.58,-0.4444444444444444,0.0,-0.586206896551724,0.0,-0.9213483146067416,0.0,-0.5681818181818181,-0.4634146341463414,-0.6800000000000003,-0.3918918918918919,-0.3424657534246575,-0.125,-0.0747126436781607,0.0879120879120876,0.0047846889952153,0.9987165071710528,-0.0506491688387126,1
-0.2712598803862642,-0.252494399975343,-0.0215311004784697,-0.2044943820224726,0.75,-0.5714285714285714,-1.1428571428571428,0.0,0.5,-0.5,1.3825799338478504,-0.5281867145421903,0.5,-1.0,0.1540342298288502,-2.356968215158921,-0.5714285714285714,-0.7142857142857143,-0.4285714285714285,0.625,-0.5,-0.2694339622641509,-0.8138202649480843,1.0,-3.5,1.32,0.7962962962962963,0.0,-0.3333333333333331,0.0,-0.5056179775280898,0.0,-0.318181818181818,-0.4634146341463414,1.136,-0.3918918918918919,-0.547945205479452,0.4583333333333333,-0.4022988505747125,-0.2252747252747255,0.9521531100478468,0.9987165071710528,-0.0506491688387126,2
-0.2712598803862642,0.2232277668592996,-0.7177033492822981,0.8786516853932597,-0.5,1.1428571428571428,-0.4285714285714285,-0.4285714285714285,-0.5,1.0,-0.0679897096655639,0.6904847396768404,-0.5,1.5,1.2665036674816628,1.2224938875305602,2.142857142857143,0.0,-1.1428571428571428,-0.625,0.5,1.482641509433962,0.5266738274257071,1.5,1.0,0.1,-0.5555555555555556,2.142857142857143,0.4942528735632184,0.0,0.5505617977528087,2.142857142857143,0.5,-0.4634146341463414,1.096,-0.3918918918918919,-0.6575342465753425,0.7083333333333334,-0.46551724137931,-0.2857142857142858,0.875598086124402,0.9987165071710528,-0.0506491688387126,2
-0.2676165646828799,-0.4919239741541622,-1.0430622009569372,-1.573033707865171,-0.75,-1.1428571428571428,0.2857142857142857,1.2857142857142858,-0.5,-0.5,-0.8246968026460859,-1.4689407540394976,-0.5,-2.5,-1.579462102689487,-1.378973105134472,-1.2857142857142858,-1.2857142857142858,1.5714285714285714,1.25,-0.5,-1.7226415094339618,-1.4786967418546364,-1.5,-1.5,3.58,3.1296296296296298,0.0,-0.2298850574712643,0.0,-1.1685393258426964,0.0,0.1704545454545456,0.0243902439024387,0.1119999999999997,0.0675675675675678,0.8493150684931507,0.1875,0.2643678160919541,0.082417582417582,-0.186602870813397,0.9987165071710528,-0.0506491688387126,2
-0.2712598803862642,-0.1773501373992571,-0.9569377990430628,-1.961797752808992,-0.375,-0.2857142857142857,-0.5714285714285714,0.8571428571428571,-0.5,0.0,0.1944138184490998,-0.6463195691202873,-1.0,-2.5,-0.7775061124694371,-0.9339853300733494,-1.1428571428571428,-1.1428571428571428,0.8571428571428571,0.625,-0.5,-1.4894339622641506,-1.22484783387039,-0.5,-1.0,1.84,1.648148148148148,0.0,-0.275862068965517,0.0,1.5505617977528088,0.0,-0.2613636363636362,-0.4634146341463414,0.4639999999999998,-0.3918918918918919,1.4794520547945205,0.0416666666666666,1.4597701149425293,1.5549450549450547,0.5980861244019138,0.9987165071710528,-0.0506491688387126,2
-0.2712598803862642,0.0994757369256885,-1.3708133971291872,-3.310112359550568,-0.625,0.1428571428571428,-0.4285714285714285,1.1428571428571428,0.0,0.0,-0.2094818081587649,-0.4786355475763015,-0.5,-4.0,-1.134474327628361,-1.3129584352078216,-1.0,-0.2857142857142857,-0.2857142857142857,0.875,-0.5,-0.943396226415094,-0.5968492660221983,-0.5,-2.5,1.5,1.6666666666666667,0.0,1.229885057471264,3.2941176470588234,0.842696629213483,0.0,1.227272727272727,-0.4634146341463414,1.36,-0.3918918918918919,-0.3287671232876715,-0.3333333333333333,0.7241379310344833,0.8516483516483517,-0.5502392344497608,0.9987165071710528,-0.0506491688387126,1
-0.2712598803862642,-0.0172416979089705,0.588516746411482,1.2674157303370803,-0.125,1.0,-0.2857142857142857,-0.4285714285714285,0.5,2.5,0.1363469312752665,0.6463195691202875,1.0,2.5,-1.1124694376528124,0.4229828850855739,-1.1428571428571428,0.8571428571428571,0.1428571428571428,-0.5,0.5,-1.3475471698113204,0.7457930540637308,-0.5,0.5,-0.48,0.6851851851851852,0.0714285714285714,0.3103448275862068,2.882352941176471,0.2134831460674155,0.0714285714285714,0.318181818181818,-0.4634146341463414,0.776,-0.3918918918918919,-0.6575342465753425,-1.2916666666666667,-0.2586206896551724,-0.0879120879120883,-1.0191387559808611,0.9987165071710528,-0.0506491688387126,1
-0.2712598803862642,-0.3448345476132183,-0.8708133971291881,-0.449438202247192,-0.375,-1.0,0.0,0.0,-0.5,0.0,-0.2723263506063945,-1.0258527827648116,-1.0,0.0,0.3545232273838644,0.6430317848410745,0.2857142857142857,0.0,-1.2857142857142858,0.125,1.5,1.3475471698113204,-0.0776942355889724,0.5,2.0,-0.22,-0.6111111111111112,3.0714285714285716,1.7241379310344829,0.0,0.1573033707865166,3.0714285714285716,1.7159090909090908,-0.4634146341463414,-0.4240000000000001,-0.3918918918918919,1.095890410958904,0.4375,-0.2356321839080456,-0.065934065934066,0.1578947368421051,0.9987165071710528,-0.0506491688387126,0
-0.2712598803862642,0.0993025667187082,0.564593301435406,0.0606741573033691,-0.25,-0.5714285714285714,1.5714285714285714,-0.4285714285714285,0.0,0.5,-0.8030135979419329,-0.2563734290843807,0.5,1.0,-0.0684596577017105,-0.7995110024449863,0.2857142857142857,-1.2857142857142858,-0.2857142857142857,0.75,0.0,0.2694339622641509,-1.413175796634443,0.5,-0.5,0.96,1.648148148148148,0.0,-0.8850574712643676,0.0,1.3146067415730334,0.0,-0.8636363636363635,-0.4634146341463414,-0.4000000000000002,-0.3918918918918919,1.917808219178082,-0.875,-0.4195402298850573,-0.2417582417582421,-0.1052631578947369,0.8978045395707416,-0.4403941515576344,1
-0.2712598803862642,0.1501795526658732,-0.5000000000000011,-0.0202247191011243,1.25,1.0,-0.1428571428571428,-1.2857142857142858,-0.5,0.5,0.6670341786108048,1.4172351885098746,-0.5,0.5,-0.3129584352078244,-0.9119804400977986,-0.1428571428571428,-0.4285714285714285,0.1428571428571428,-0.625,-0.5,-0.2694339622641509,0.2556390977443609,-0.5,-1.0,1.32,1.6111111111111112,0.0,0.3103448275862068,0.0,-0.0898876404494382,0.0,0.318181818181818,-0.4634146341463414,1.872,-0.3918918918918919,-0.2876712328767125,-0.4583333333333333,-1.1321839080459768,-0.9230769230769234,0.7846889952153109,0.8978045395707416,-0.4403941515576344,1
-0.2712598803862642,-0.2752718748332391,-1.782296650717703,0.2449438202247194,-0.875,0.2857142857142857,1.7142857142857142,-0.4285714285714285,-0.5,0.5,-1.3403160602719586,0.3590664272890484,-2.0,0.5,0.1760391198044012,0.3985330073349611,0.2857142857142857,-0.1428571428571428,1.0,-0.125,0.0,-0.3773584905660375,0.0,0.0,0.0,0.02,-0.4629629629629629,0.0,-0.7701149425287355,0.5882352941176471,0.6516853932584269,0.0,-0.7499999999999999,-0.4634146341463414,0.1679999999999998,-0.3918918918918919,0.9726027397260276,0.5208333333333334,-0.408045977011494,-0.2307692307692309,-0.7799043062200954,0.8978045395707416,-0.4403941515576344,2
-0.2712598803862642,-0.1277287521184006,0.15311004784689,-1.5325842696629244,0.125,-1.2857142857142858,-0.7142857142857143,1.5714285714285714,0.5,-0.5,0.6887173833149578,-1.6391382405745063,1.0,-1.5,0.5330073349633254,-1.9999999999999976,0.2857142857142857,-1.1428571428571428,-0.8571428571428571,3.125,0.0,0.7769811320754714,-1.5148585750089507,0.5,-2.5,3.48,3.0555555555555554,9.500000000000002,-0.4482758620689653,0.0,0.1235955056179772,9.500000000000002,-0.4318181818181816,-0.4634146341463414,0.4879999999999997,-0.3918918918918919,-0.0547945205479454,0.1666666666666666,-0.8160919540229883,-0.6208791208791211,0.220095693779904,0.8978045395707416,-0.4403941515576344,2
-0.2712598803862642,-0.1057453430549028,0.3923444976076546,-0.4898876404494388,0.0,-0.2857142857142857,-0.5714285714285714,-0.5714285714285714,0.0,1.0,0.4726203601617054,0.1195691202872531,0.5,0.5,-0.1564792176039122,0.2665036674816621,-0.1428571428571428,0.2857142857142857,-0.1428571428571428,-0.5,-0.5,-0.0992452830188678,0.5370569280343717,0.0,0.0,1.82,1.851851851851852,1.0714285714285714,1.1839080459770115,0.3529411764705882,0.3146067415730337,1.0714285714285714,1.1818181818181817,-0.4634146341463414,-0.2480000000000001,-0.3918918918918919,0.2602739726027395,-0.2083333333333333,-1.3448275862068966,-1.1263736263736268,-0.6602870813397129,0.8978045395707416,-0.4403941515576344,0
-0.2712598803862642,-0.2382870724134385,-1.0430622009569372,-0.1842696629213502,-0.625,-0.4285714285714285,0.1428571428571428,0.2857142857142857,-0.5,-0.5,-0.6085997794928334,-0.5385996409335728,-0.5,0.0,-0.3349633251833732,-0.3789731051344743,0.0,-0.5714285714285714,-0.2857142857142857,-0.375,0.5,0.0992452830188678,-0.1192266380236304,0.0,-0.5,2.8,2.2962962962962963,0.0,-0.5057471264367814,0.0588235294117647,0.3258426966292132,0.0,-0.4886363636363635,-0.4634146341463414,0.7599999999999998,-0.3918918918918919,0.2602739726027395,0.3125,-0.7298850574712642,-0.5384615384615388,0.4545454545454545,0.8978045395707416,-0.4403941515576344,0
-0.2712598803862642,-0.290039727631526,1.0669856459330134,0.4089887640449432,1.375,0.0,-0.8571428571428571,-0.1428571428571428,1.5,0.0,1.2043366409408305,0.0,2.0,0.0,0.3765281173594131,-1.2004889975550117,1.1428571428571428,-0.4285714285714285,0.1428571428571428,0.125,0.0,0.3773584905660375,-0.3580379520229143,0.0,-0.5,-0.62,-0.4259259259259259,0.0,1.137931034482759,5.235294117647059,-0.1910112359550562,0.0,1.1363636363636365,-0.4634146341463414,0.6719999999999999,-0.3918918918918919,0.8219178082191783,-0.1875,-0.0747126436781607,0.0879120879120876,-0.8038277511961722,0.8978045395707416,-0.4403941515576344,1
-0.2712598803862642,-0.0664049637008982,-0.6315789473684214,-1.1235955056179792,-0.625,-1.0,0.0,-0.2857142857142857,-0.5,-0.5,-0.5273796398382946,-0.8976660682226213,-1.0,-0.5,0.0880195599022017,-0.4889975550122245,0.7142857142857143,-1.2857142857142858,-0.4285714285714285,-0.25,0.0,0.5743396226415093,-1.1392767633369136,0.5,0.0,1.9,0.5925925925925926,2.857142857142857,0.0689655172413794,0.0,-0.8876404494382021,2.857142857142857,0.0795454545454546,-0.4634146341463414,0.3519999999999996,-0.3918918918918919,0.3972602739726028,1.2916666666666667,-1.0632183908045976,-0.8571428571428574,-0.0669856459330146,0.7907757369376989,-0.6121059825476626,0
-0.2712598803862642,-0.2058458946121217,-0.0861244019138767,0.3056179775280885,-0.125,-0.4285714285714285,0.0,-0.5714285714285714,1.5,0.0,-0.0679897096655639,0.0,1.0,0.5,0.8875305623471897,1.244498777506109,1.5714285714285714,2.0,-0.5714285714285714,-1.0,1.5,0.943396226415094,1.4067311134980307,1.0,1.5,-0.58,-0.5555555555555556,0.4285714285714286,0.3103448275862068,0.0,0.7640449438202246,0.4285714285714286,0.318181818181818,-0.4634146341463414,0.848,-0.3918918918918919,-0.1780821917808215,0.0,-0.9195402298850572,-0.7197802197802201,0.3492822966507175,0.7907757369376989,-0.6121059825476626,0
-0.2547510196256857,-0.1413302876795209,0.4999999999999989,-0.1438202247191014,0.5,-0.7142857142857143,0.2857142857142857,0.8571428571428571,2.0,0.5,0.1363469312752665,-0.9791741472172352,1.0,0.5,0.8435207823960879,-0.1564792176039118,-0.1428571428571428,-1.0,-0.4285714285714285,0.625,0.0,0.110943396226415,-1.074113856068743,1.0,0.0,0.2,0.1481481481481481,0.0,0.0114942528735633,2.7647058823529416,0.6292134831460671,0.2857142857142857,-0.3068181818181817,-0.3008130081300812,-0.4160000000000003,0.0,0.4109589041095887,0.0208333333333333,-1.2241379310344829,-0.9340659340659344,-0.6602870813397129,0.7907757369376989,-0.6121059825476626,1
-0.2712598803862642,-0.5296415658997008,0.0861244019138745,-0.2449438202247194,-0.375,-0.1428571428571428,-0.1428571428571428,-0.1428571428571428,0.5,-0.5,-0.1760382212421901,-0.0944344703770197,-1.0,-0.5,0.0440097799510997,0.3765281173594123,-0.4285714285714285,-1.2857142857142858,-1.2857142857142858,-0.5,0.0,1.0483018867924527,-0.994629430719656,0.5,0.5,0.46,0.0185185185185185,0.0,0.4367816091954023,0.0,0.0561797752808988,0.0,0.4431818181818182,-0.4634146341463414,-0.6720000000000003,-0.3918918918918919,-0.315068493150685,0.4375,-1.0172413793103448,-0.8131868131868134,-0.6411483253588516,0.7907757369376989,-0.6121059825476626,0
-0.2712598803862642,-0.1904105735697927,-0.8038277511961727,-1.1842696629213505,-0.125,-1.0,0.0,2.0,0.5,0.0,-0.0679897096655639,-1.4107719928186715,-1.0,-1.5,-0.7334963325183373,-0.6674816625916873,-0.4285714285714285,-0.5714285714285714,1.4285714285714286,-0.5,-0.5,-0.943396226415094,0.0,-1.0,-0.5,-0.38,0.0,12.92857142857143,0.7241379310344828,0.0,-0.0898876404494382,12.92857142857143,0.7272727272727273,-0.4634146341463414,-0.4400000000000002,-0.3918918918918919,0.2054794520547945,-0.4166666666666667,-1.0172413793103448,-0.8131868131868134,-0.923444976076555,0.7907757369376989,-0.6121059825476626,1
-0.2712598803862642,-0.1144079269999923,0.0215311004784675,-0.0808988764044955,-0.625,-0.2857142857142857,-0.1428571428571428,-0.2857142857142857,1.0,1.0,-0.4355016538037484,-0.1055655296229802,0.5,1.0,0.3325183374083134,-0.0220048899755509,0.5714285714285714,-0.1428571428571428,-0.5714285714285714,0.375,-0.5,0.6290566037735846,-0.2982456140350876,0.0,-0.5,0.06,-0.1851851851851851,0.0,-0.0919540229885056,0.0,-0.7191011235955055,0.0,-0.0795454545454544,-0.4634146341463414,0.4399999999999999,-0.3918918918918919,0.0,0.25,-1.057471264367816,-0.8516483516483521,-0.0095693779904307,0.7907757369376989,-0.6121059825476626,0
-0.2575970992112058,-0.2430388142129419,0.3708133971291849,-0.9595505617977552,1.0,-0.8571428571428571,0.1428571428571428,0.1428571428571428,1.5,0.0,0.4219037118706358,-0.8976660682226213,-0.5,-0.5,-0.2665036674816627,1.0880195599021971,-0.2857142857142857,0.4285714285714285,0.4285714285714285,-1.125,0.0,-0.5147169811320754,1.342642320085929,-0.5,0.5,0.58,-0.5185185185185185,0.0714285714285714,-0.6436781609195401,3.5882352941176467,0.595505617977528,0.0714285714285714,-0.6704545454545454,-0.3170731707317071,0.1119999999999999,-0.3378378378378378,0.808219178082192,1.1666666666666667,-0.4827586206896551,-0.4010989010989015,-0.8086124401913874,0.7907757369376989,-0.6121059825476626,0
-0.2712598803862642,-0.4305837975960155,-0.5645933014354081,-0.6134831460674178,-0.375,-0.2857142857142857,0.7142857142857143,0.0,0.0,0.0,-0.6273428886438808,-0.2833034111310594,-0.5,-0.5,0.4889975550122256,-0.2004889975550115,0.2857142857142857,-0.8571428571428571,-1.1428571428571428,0.0,-0.5,1.1320754716981132,-0.6713211600429645,0.5,0.0,0.92,0.3518518518518518,0.0,-0.9425287356321838,28.0,-0.6741573033707864,0.0,-0.9204545454545452,-0.4634146341463414,0.1759999999999999,-0.3918918918918919,-0.4383561643835615,0.5416666666666666,-0.5977011494252873,-0.4120879120879125,-0.9425837320574164,0.7907757369376989,-0.6121059825476626,2
-0.2712598803862642,-0.3077414905752735,-0.1961722488038294,0.3887640449438208,0.0,0.1428571428571428,-0.2857142857142857,-0.8571428571428571,0.5,-0.5,0.2219772142594634,0.6732495511669659,0.5,0.0,-0.5330073349633254,-0.1784841075794627,-1.0,-1.0,0.1428571428571428,0.25,0.0,-1.132075471698113,-0.9477264590046542,-0.5,0.0,0.28,2.259259259259259,0.0,-0.1034482758620687,0.0,-0.6292134831460674,0.0,-0.0909090909090907,-0.4634146341463414,-0.1440000000000002,-0.3918918918918919,-0.1232876712328765,-2.2708333333333335,0.235632183908046,0.3846153846153842,-0.0574162679425838,0.7907757369376989,-0.6121059825476626,1
-0.2712598803862642,-0.052164591681044,-0.217703349282297,0.7348314606741582,-0.75,0.2857142857142857,0.8571428571428571,-0.4285714285714285,0.0,2.0,-1.0305034913634692,0.3590664272890484,-0.5,2.0,-1.0684596577017127,-0.2004889975550115,-0.4285714285714285,-0.1428571428571428,-0.4285714285714285,0.75,1.0,-0.1256603773584905,-0.464017185821697,-0.5,0.5,-0.26,0.2777777777777778,3.5000000000000004,0.0,0.0,-0.5280898876404494,3.5000000000000004,0.0113636363636363,-0.4634146341463414,0.496,-0.3918918918918919,-0.1232876712328767,-0.6041666666666666,-1.189655172413793,-0.9780219780219784,-0.0861244019138754,0.7907757369376989,-0.6121059825476626,1
-0.2712598803862642,-0.5245240876362619,0.1746411483253576,-0.5101123595505632,0.625,-0.4285714285714285,-0.7142857142857143,0.4285714285714285,0.5,-0.5,0.8945240720323413,-0.598563734290844,0.5,0.0,-0.0684596577017105,-1.0684596577017105,-0.2857142857142857,-0.2857142857142857,-0.2857142857142857,-0.625,0.5,-0.110943396226415,0.3580379520229143,1.0,-0.5,0.16,0.037037037037037,0.0,-0.482758620689655,1.1176470588235294,-0.0224719101123596,0.0,-0.4659090909090908,-0.4634146341463414,-0.2400000000000003,-0.3918918918918919,-0.1917808219178082,0.1041666666666666,-0.5632183908045976,-0.3791208791208794,-0.4832535885167464,0.7907757369376989,-0.6121059825476626,2
0.2882490273864619,0.0,-0.15311004784689,-1.287640449438205,-0.125,-0.5714285714285714,-0.5714285714285714,-0.5714285714285714,0.5,0.0,0.3914002205071666,-0.1382405745062836,1.0,-0.5,0.3545232273838644,-0.288508557457213,-0.5714285714285714,-0.2857142857142857,-1.2857142857142858,-1.125,0.0,0.943396226415094,1.1392767633369136,0.5,0.0,1.5,0.6481481481481481,0.0,-1.0114942528735629,0.0,-0.5056179775280898,1.5000000000000002,-0.1022727272727273,0.2845528455284552,0.064,0.662162162162162,-0.2876712328767125,0.8125,-1.057471264367816,-0.3461538461538464,-0.2344497607655501,0.7907757369376989,-0.6121059825476626,0
-0.2712598803862642,-0.0235950402054251,0.0430622009569372,-1.4089887640449472,-0.375,-0.7142857142857143,-0.4285714285714285,1.0,0.5,0.0,0.0543917677324514,-1.014721723518851,0.5,-2.0,0.2665036674816627,-0.8239608801955992,0.0,-0.4285714285714285,-0.7142857142857143,-0.125,-0.5,0.471698113207547,-0.1990691013247403,0.0,-1.0,0.84,-0.2962962962962963,11.928571428571429,2.494252873563218,0.2941176470588235,0.4943820224719098,11.928571428571429,2.477272727272726,-0.4634146341463414,-0.4080000000000002,-0.3918918918918919,1.602739726027397,1.1875,-1.339080459770115,-1.1208791208791211,-0.7511961722488038,0.7907757369376989,-0.6121059825476626,2
-0.2422618688992531,0.102419719165994,0.4138755980861243,-0.0808988764044955,0.125,0.8571428571428571,0.7142857142857143,-1.0,1.0,0.0,-0.2723263506063945,1.0771992818671456,-1.0,0.0,-0.7114914425427864,0.6430317848410745,1.0,1.1428571428571428,-0.8571428571428571,-1.0,1.0,1.0290566037735849,1.3018259935553167,-0.5,1.0,0.88,0.2037037037037037,0.0,0.3563218390804599,0.0,-0.6292134831460674,0.0,0.056818181818182,-0.0162601626016263,1.888,-0.0270270270270271,0.0547945205479454,0.6666666666666666,0.6609195402298851,0.5769230769230765,-0.9186602870813396,0.7907757369376989,-0.6121059825476626,2
-0.2712598803862642,-0.0684365289046236,0.2822966507177019,-0.8382022471910129,-0.125,-0.4285714285714285,-0.1428571428571428,-1.2857142857142858,0.0,-0.5,0.0286659316427784,0.9974865350089768,0.5,-0.5,-1.0464547677261615,-0.9119804400977986,-0.1428571428571428,-1.2857142857142858,-0.4285714285714285,-0.5,-0.5,0.110943396226415,-0.994629430719656,-1.0,-0.5,0.86,0.8888888888888888,6.571428571428571,0.5402298850574712,0.0,-0.7528089887640449,6.571428571428571,0.5454545454545453,-0.4634146341463414,0.0,-0.3918918918918919,0.7945205479452052,-0.125,-1.0804597701149423,-0.873626373626374,-0.2918660287081338,0.7907757369376989,-0.6121059825476626,1
-0.2712598803862642,-0.5223197293025016,-0.3253588516746413,0.2449438202247194,-0.625,0.2857142857142857,0.0,-1.2857142857142858,-0.5,0.0,-0.5273796398382946,1.282226211849192,0.0,0.5,1.044009779951102,0.6674816625916852,1.1428571428571428,-0.1428571428571428,-0.8571428571428571,-0.375,0.5,1.0664150943396222,0.1990691013247403,2.0,1.0,-0.56,-0.5370370370370371,0.0714285714285714,0.4252873563218389,1.5294117647058825,0.2696629213483144,0.0714285714285714,0.4318181818181816,-0.4634146341463414,-0.6560000000000004,-0.3918918918918919,-0.589041095890411,0.0,-1.1034482758620687,-0.8956043956043959,-0.7799043062200957,0.7907757369376989,-0.6121059825476626,1
-0.2712598803862642,-0.5639693233947756,-0.3253588516746413,-0.449438202247192,-0.75,0.8571428571428571,-0.2857142857142857,-0.4285714285714285,0.0,-0.5,-0.4920984932010289,0.5985637342908438,0.5,-1.0,-0.4669926650366746,0.0660146699266505,-1.1428571428571428,0.1428571428571428,-0.7142857142857143,-0.125,0.5,-0.943396226415094,0.1629072681704259,-0.5,0.5,2.34,1.0925925925925926,3.1428571428571432,-0.6321839080459769,4.235294117647059,-0.595505617977528,3.1428571428571432,-0.6136363636363636,-0.4634146341463414,-0.7680000000000003,-0.3918918918918919,-0.7123287671232875,1.1875,-0.8045977011494253,-0.6098901098901104,-0.5502392344497608,0.7907757369376989,-0.6121059825476626,0
-0.2712598803862642,-0.1390545580647079,0.0645933014354048,-1.6943820224719135,0.0,-0.2857142857142857,1.2857142857142858,0.1428571428571428,2.0,0.0,-0.5578831312017638,-0.3590664272890484,0.5,-2.0,-0.5574572127139361,0.3105134474327617,1.0,0.8571428571428571,-0.1428571428571428,-1.0,0.5,0.4890566037735849,1.2531328320802002,-0.5,0.5,0.76,-0.2592592592592592,0.4285714285714286,-0.0114942528735631,4.11764705882353,0.8651685393258424,0.4285714285714286,0.0,-0.4634146341463414,-0.6960000000000003,-0.3918918918918919,0.3287671232876712,1.0625,-1.0172413793103448,-0.8131868131868134,-0.7703349282296651,0.7907757369376989,-0.6121059825476626,2
-0.031938470358701,0.6762238890947184,-0.9138755980861254,0.1640449438202238,-0.125,-0.2857142857142857,0.2857142857142857,0.7142857142857143,0.0,0.5,-0.2352076442484378,-0.598563734290844,-0.5,1.0,-0.6234718826405868,0.4449877750611227,-0.2857142857142857,-0.1428571428571428,-0.8571428571428571,-1.125,0.5,0.4354716981132072,1.1933404940923735,-0.5,1.0,1.58,0.5555555555555556,0.2142857142857143,0.0229885057471265,0.0,-0.7865168539325841,0.0,-1.0,-0.0650406504065041,1.056,0.8378378378378379,-0.4794520547945203,1.0,-1.517241379310345,-1.1318681318681325,-0.0239234449760765,0.7907757369376989,-0.6121059825476626,0
-0.201031100571799,-0.2015571373830658,0.3492822966507173,-1.1033707865168567,0.125,-1.1428571428571428,-0.8571428571428571,0.4285714285714285,0.5,-0.5,0.8507901506798972,-1.346499102333932,0.5,-0.5,0.8435207823960879,0.4229828850855739,0.5714285714285714,1.0,-0.4285714285714285,-0.375,0.0,0.5147169811320752,0.6885069817400644,0.5,0.0,0.08,-0.4074074074074074,3.2142857142857144,-0.1609195402298848,12.588235294117649,0.1460674157303371,0.0,-0.2499999999999999,-0.3089430894308944,0.208,-0.2702702702702702,-0.2465753424657532,0.5208333333333334,-1.0747126436781609,-0.9725274725274728,-0.1626794258373204,0.7907757369376989,-0.6121059825476626,0
-0.1537909663503328,-0.4875907294269377,0.0,0.0808988764044935,0.625,0.2857142857142857,-0.4285714285714285,1.0,0.5,0.0,0.6512311650128629,-0.3590664272890484,0.5,0.0,-0.5794621026894871,0.3545232273838614,-0.8571428571428571,1.0,0.0,0.125,0.0,-0.8803773584905659,0.3580379520229143,-0.5,0.0,-0.4,-0.4259259259259259,0.0,0.3908045977011496,0.0588235294117647,-0.8764044943820224,0.0714285714285714,0.0909090909090907,-0.1869918699186992,-0.1920000000000002,-0.0270270270270266,0.3972602739726025,0.0416666666666666,-1.1436781609195403,-1.1208791208791211,-1.1770334928229664,0.485301962531081,-0.8743466161445821,0
-0.2712598803862642,0.1877317223349905,-0.6531100478468911,-1.674157303370789,-0.5,-0.8571428571428571,0.8571428571428571,1.5714285714285714,0.0,-0.5,-0.7872105843439909,-1.243087971274686,-0.5,-2.0,0.5770171149144251,1.1564792176039096,0.1428571428571428,1.5714285714285714,-1.0,-0.875,1.5,0.8803773584905656,1.2395273899033294,0.5,2.0,0.02,-0.6666666666666666,0.2142857142857143,0.689655172413793,0.0,0.3483146067415727,0.2142857142857143,0.6931818181818181,-0.4634146341463414,-0.1040000000000002,-0.3918918918918919,-0.36986301369863,0.75,-0.3620689655172412,-0.1868131868131871,-0.1291866028708135,0.485301962531081,-0.8743466161445821,1
-0.2712598803862642,-0.4938622192191635,-0.1961722488038294,0.1438202247191014,0.5,0.2857142857142857,0.0,-0.8571428571428571,-0.5,0.5,0.2995222344726204,0.7393177737881508,-0.5,1.0,-1.6234718826405867,-0.9999999999999978,-0.7142857142857143,-0.8571428571428571,0.1428571428571428,0.125,-0.5,-0.7769811320754716,-0.7372001432151808,-1.0,-0.5,3.48,3.2222222222222223,0.0714285714285714,-1.1379310344827582,0.0588235294117647,-0.696629213483146,0.0714285714285714,-1.1136363636363635,-0.4634146341463414,-0.5440000000000002,-0.3918918918918919,-0.2328767123287671,-0.0208333333333333,-1.4022988505747127,-1.1813186813186818,-0.9521531100478468,0.485301962531081,-0.8743466161445821,0
-0.2712598803862642,0.0718930226717732,-0.064593301435407,-0.224719101123597,0.0,-0.1428571428571428,-0.8571428571428571,-0.1428571428571428,0.0,0.0,0.7894156560088202,-0.0944344703770197,0.0,0.0,0.1320293398533014,-0.3569682151589233,-0.2857142857142857,-0.1428571428571428,-0.4285714285714285,-0.25,0.0,0.0,0.0941639813820264,0.0,0.0,2.1,2.2962962962962963,2.6428571428571432,-0.4942528735632182,0.0588235294117647,3.741573033707864,2.6428571428571432,-0.4772727272727271,-0.4634146341463414,0.9439999999999996,-0.3918918918918919,4.410958904109589,-0.4166666666666667,-1.1839080459770113,-0.9725274725274728,0.186602870813397,0.485301962531081,-0.8743466161445821,2
0.3439141919988888,-0.2393032958991515,-0.9569377990430628,-0.1438202247191014,-0.5,0.2857142857142857,-0.5714285714285714,-0.2857142857142857,-0.5,0.0,0.0735023888276369,0.2563734290843807,-1.0,0.5,-0.9119804400978004,-0.3349633251833746,0.1428571428571428,-0.2857142857142857,-0.1428571428571428,0.125,-0.5,0.0898113207547171,-0.2556390977443609,-1.0,-0.5,1.88,1.6111111111111112,0.0,0.5747126436781609,0.0,-0.4382022471910112,20.285714285714285,0.1477272727272726,0.08130081300813,0.6159999999999998,0.1216216216216216,-0.0684931506849317,0.125,-0.5919540229885056,-0.0384615384615386,0.4832535885167461,0.485301962531081,-0.8743466161445821,0
-0.2712598803862642,0.0130780038614039,-0.4354066985645941,0.3685393258426964,-0.875,0.1428571428571428,0.1428571428571428,-0.7142857142857143,0.0,0.0,-0.9253950753399484,0.5281867145421903,0.0,0.5,-0.4229828850855748,-0.9999999999999978,-0.2857142857142857,-0.7142857142857143,-0.4285714285714285,0.0,-0.5,0.0,-0.5266738274257071,0.0,-0.5,1.82,2.5,0.0,0.2528735632183907,0.2941176470588235,-0.4382022471910112,0.0,0.2613636363636362,-0.4634146341463414,-0.2480000000000001,-0.3918918918918919,0.0684931506849312,-0.9375,-1.5689655172413792,-1.340659340659341,-0.8468899521531099,0.485301962531081,-0.8743466161445821,1
-0.2712598803862642,-0.252494399975343,-0.4138755980861243,0.5303370786516856,-0.625,-0.1428571428571428,-0.4285714285714285,1.4285714285714286,0.5,0.0,-0.2094818081587649,-0.7181328545780971,1.0,0.5,0.9339853300733516,-0.4449877750611248,0.0,1.4285714285714286,0.0,-0.25,-0.5,-0.0898113207547169,0.7160759040458285,1.0,-0.5,0.96,1.1296296296296295,21.357142857142858,0.1034482758620692,0.6470588235294118,0.2921348314606738,21.357142857142858,0.1136363636363638,-0.4634146341463414,0.3279999999999999,-0.3918918918918919,-0.5068493150684935,-0.2916666666666667,-0.5804597701149424,-0.395604395604396,-1.0191387559808611,0.485301962531081,-0.8743466161445821,2
-0.2712598803862642,0.2083951631007269,-0.8923444976076557,-0.5101123595505632,-0.75,-1.1428571428571428,-0.4285714285714285,-0.7142857142857143,0.5,-0.5,-0.3741271591326716,-0.8976660682226213,0.0,-0.5,0.3325183374083134,-0.8679706601466989,-0.5714285714285714,-0.1428571428571428,0.1428571428571428,0.125,0.0,-0.6290566037735847,-0.1629072681704259,0.0,-0.5,1.28,1.3703703703703705,8.428571428571429,1.0229885057471266,0.0,-0.3146067415730337,8.428571428571429,1.022727272727273,-0.4634146341463414,-0.2560000000000001,-0.3918918918918919,0.8356164383561645,-0.2291666666666666,-0.9482758620689654,-0.7472527472527476,-0.9760765550239232,0.299363122973358,-0.9541392564000488,1
-0.2712598803862642,0.006777682853363,-0.8468899521531099,-1.0426966292134854,-0.25,-0.1428571428571428,0.2857142857142857,-0.4285714285714285,-0.5,0.0,-0.3303932377802278,0.1055655296229802,-1.0,-1.0,0.0660146699266507,0.0220048899755487,-0.5714285714285714,-0.5714285714285714,-0.4285714285714285,-1.125,0.0,-0.2694339622641509,0.9946294307196564,0.0,0.5,1.06,0.0185185185185185,0.0,-0.7816091954022987,0.0,0.9775280898876402,0.0,-0.7613636363636362,-0.4634146341463414,-0.2480000000000002,-0.3918918918918919,1.3835616438356162,1.0625,-0.7413793103448275,-0.5494505494505498,-0.5885167464114832,0.299363122973358,-0.9541392564000488,2
-0.2712598803862642,0.2232277668592996,0.4138755980861243,0.7348314606741582,-0.25,1.5714285714285714,-0.2857142857142857,-0.5714285714285714,-0.5,0.5,0.0400588019110621,0.8976660682226213,0.0,1.0,-0.6454767726161378,-0.7555012224938866,0.2857142857142857,-0.5714285714285714,0.0,1.25,-0.5,0.0818867924528303,-0.8950948800572859,-0.5,-1.0,-0.5,0.0,0.0,1.0804597701149423,0.0,0.7303370786516852,0.0,1.0795454545454546,-0.4634146341463414,0.8239999999999998,-0.3918918918918919,-0.36986301369863,-0.5416666666666666,-0.2701149425287354,-0.0989010989010991,-1.0574162679425836,0.299363122973358,-0.9541392564000488,1
-0.1850891814761173,-0.3848227194532573,-0.0861244019138767,0.224719101123595,0.0,0.5714285714285714,0.1428571428571428,-0.5714285714285714,0.0,-0.5,-0.0679897096655639,0.5985637342908438,0.0,0.0,-0.3129584352078244,0.2444987775061111,-0.2857142857142857,0.7142857142857143,-1.1428571428571428,-0.75,0.5,0.8577358490566034,0.9377013963480128,-0.5,0.5,-0.1,0.0555555555555555,0.0,0.6091954022988506,0.0,0.2471910112359549,0.0714285714285714,1.034090909090909,0.1544715447154471,0.328,0.1081081081081079,0.1643835616438355,-0.1875,0.0459770114942531,0.115384615384615,-0.4976076555023922,0.299363122973358,-0.9541392564000488,0
-0.2712598803862642,-0.0465687867433213,0.7607655502392333,0.2651685393258418,0.125,0.0,-0.1428571428571428,-0.2857142857142857,0.5,0.0,0.1944138184490998,0.0944344703770197,1.0,0.5,-0.0440097799510997,0.1540342298288499,-0.2857142857142857,-0.4285714285714285,-0.7142857142857143,-0.25,0.5,0.2694339622641509,-0.1052631578947367,0.0,-1.0,0.86,0.3333333333333333,0.0,0.5517241379310345,1.1176470588235294,1.5280898876404487,0.0,0.5568181818181818,-0.4634146341463414,-0.024,-0.3918918918918919,0.465753424657534,0.5,-1.367816091954023,-1.1483516483516487,-0.5454545454545453,0.299363122973358,-0.9541392564000488,1
-0.2712598803862642,-0.2881078758072887,1.8923444976076536,-0.2044943820224726,1.125,-0.7142857142857143,0.0,0.7142857142857143,1.5,0.0,0.5446527012127894,-0.9403949730700182,2.0,-0.5,-0.8239608801955988,0.132029339853299,-1.1428571428571428,0.0,0.2857142857142857,1.0,2.0,-1.38377358490566,-0.4772645900465447,-0.5,0.5,-0.26,0.6111111111111112,0.0,0.1724137931034482,0.8823529411764706,0.8651685393258424,0.0,0.1818181818181817,-0.4634146341463414,0.1119999999999999,-0.3918918918918919,0.1095890410958905,-0.9791666666666666,-1.5344827586206895,-1.307692307692308,-0.6028708133971292,0.299363122973358,-0.9541392564000488,1
-0.1524225778955063,-0.3839570426120269,0.2822966507177019,0.6943820224719094,0.375,0.5714285714285714,-1.1428571428571428,-0.4285714285714285,-0.5,0.0,1.3101800808526278,0.489766606822262,0.0,0.5,0.1320293398533014,-0.288508557457213,0.4285714285714285,-0.4285714285714285,-1.0,0.375,-0.5,0.9988679245283018,-0.4883637665592553,0.0,-0.5,-0.34,-0.5185185185185185,5.428571428571429,1.3333333333333333,0.0,0.9550561797752808,0.0,-0.8295454545454544,0.7967479674796746,-0.3040000000000002,2.175675675675676,1.4383561643835614,0.2083333333333333,-1.3103448275862069,-0.2417582417582421,-0.7703349282296651,0.299363122973358,-0.9541392564000488,0
-0.2607113630151635,0.0492661850605706,-0.3684210526315786,0.6943820224719094,-0.5,-0.1428571428571428,-0.1428571428571428,-0.4285714285714285,-0.5,1.5,-0.2976846747519293,0.1055655296229802,-0.5,1.0,-1.022004889975551,0.4889975550122245,0.0,0.1428571428571428,-0.2857142857142857,0.5,1.0,0.0992452830188678,-0.1990691013247403,-0.5,-1.0,0.26,0.7222222222222222,15.357142857142858,1.4367816091954022,0.0,0.7752808988764042,18.071428571428573,1.022727272727273,-0.3414634146341463,1.5759999999999994,0.0945945945945942,-0.4931506849315065,-0.5625,-1.4252873563218391,-1.1208791208791211,0.3636363636363633,0.299363122973358,-0.9541392564000488,2
-0.2712598803862642,0.0994757369256885,-0.7822966507177029,-0.5932584269662935,-0.25,-0.5714285714285714,0.2857142857142857,-0.1428571428571428,1.0,-0.5,-0.3303932377802278,-0.4488330341113106,0.0,-1.0,-0.8459657701711497,-0.0904645476772612,0.0,-0.1428571428571428,0.2857142857142857,-0.625,0.5,-0.2460377358490564,0.4475474400286429,0.0,1.0,1.9,1.2962962962962965,0.0,0.9540229885057472,0.0,-0.9999999999999998,0.0,0.9545454545454544,-0.4634146341463414,0.656,-0.3918918918918919,1.589041095890411,0.5,-1.2126436781609196,-1.0000000000000004,-0.0095693779904307,0.299363122973358,-0.9541392564000488,0
-0.2712598803862642,-0.0727599792192386,-0.9784688995215324,0.0,0.125,0.7142857142857143,-0.1428571428571428,-0.4285714285714285,1.0,0.5,0.1944138184490998,0.5464991023339318,0.0,0.5,0.0660146699266507,0.3325183374083127,0.4285714285714285,-0.7142857142857143,-0.1428571428571428,-1.125,0.0,0.2460377358490566,0.8950948800572859,0.0,0.5,0.74,0.6481481481481481,0.0,-0.4482758620689653,0.0,-0.9101123595505616,0.0,-0.4318181818181816,-0.4634146341463414,-0.3120000000000003,-0.3918918918918919,-0.1917808219178081,0.0208333333333333,-0.3735632183908044,-0.197802197802198,0.110047846889952,0.299363122973358,-0.9541392564000488,0
-0.2712598803862642,-0.3103652227628425,0.1315789473684203,-0.7550561797752826,0.0,0.0,0.2857142857142857,-0.1428571428571428,0.5,0.5,-0.14773980154355,0.0,0.5,-1.0,0.3325183374083134,-0.0220048899755509,-0.2857142857142857,-0.1428571428571428,-0.2857142857142857,-0.125,1.5,-0.110943396226415,0.0,0.0,1.0,-0.38,-0.6296296296296297,0.1428571428571428,0.2988505747126438,1.2352941176470589,0.6067415730337076,0.1428571428571428,0.3068181818181819,-0.4634146341463414,-0.3760000000000001,-0.3918918918918919,-0.356164383561644,0.2916666666666667,-1.0747126436781609,-0.8681318681318684,-0.7799043062200957,0.299363122973358,-0.9541392564000488,2
-0.2712598803862642,-0.3448345476132183,-0.3038277511961737,-0.3056179775280905,-0.375,-0.5714285714285714,0.1428571428571428,-0.1428571428571428,0.5,-0.5,-0.3579566335905916,-0.4488330341113106,0.5,0.0,0.6650366748166269,0.2444987775061111,0.8571428571428571,-0.1428571428571428,-0.8571428571428571,-0.625,-0.5,0.9883018867924528,0.4475474400286429,1.5,0.0,-0.56,-0.2962962962962963,1.7857142857142858,0.8620689655172413,0.0,2.8426966292134828,1.7857142857142858,0.8636363636363635,-0.4634146341463414,-0.4480000000000002,-0.3918918918918919,1.6986301369863015,-0.2708333333333333,-0.942528735632184,-0.7417582417582422,-0.8564593301435405,0.299363122973358,-0.9541392564000488,2
-0.2547510196256857,-0.2210303296195837,0.2822966507177019,0.4696629213483144,-0.25,0.7142857142857143,-0.4285714285714285,0.1428571428571428,0.0,2.0,0.1617052554208013,0.1996409335727109,0.5,1.0,-0.0904645476772614,-0.7334963325183357,-0.1428571428571428,0.8571428571428571,-0.1428571428571428,-0.75,0.0,-0.0992452830188678,0.9763694951664876,0.5,-0.5,0.2,0.2037037037037037,6.214285714285714,1.5402298850574714,20.411764705882355,1.7415730337078648,1.8571428571428577,0.7386363636363638,-0.1951219512195121,-0.4880000000000001,0.554054054054054,0.506849315068493,-0.0416666666666666,-1.1666666666666663,-0.8516483516483521,-1.0191387559808611,0.299363122973358,-0.9541392564000488,1
-0.197031589073533,-0.3848260555566259,-0.0861244019138767,0.3280898876404496,-1.125,0.2857142857142857,0.5714285714285714,-1.0,-0.5,0.5,-1.4461595001837555,0.8976660682226213,0.0,0.5,-0.0904645476772614,0.4449877750611227,-0.8571428571428571,1.1428571428571428,0.2857142857142857,0.0,1.5,-0.9988679245283016,0.4772645900465447,0.0,-0.5,0.08,0.4444444444444444,14.85714285714286,1.8850574712643675,0.2941176470588235,-0.0224719101123596,23.214285714285715,1.25,-0.3170731707317074,0.0159999999999996,0.3513513513513512,0.7534246575342467,-0.4375,-1.189655172413793,-1.0000000000000004,-0.8421052631578947,0.299363122973358,-0.9541392564000488,1
-0.2712598803862642,-0.0172416979089705,-1.15311004784689,0.0404494382022467,-0.75,-0.2857142857142857,0.8571428571428571,-0.5714285714285714,-0.5,0.5,-1.0305034913634692,0.1195691202872531,-1.5,0.5,-0.4669926650366746,1.0220048899755487,0.1428571428571428,1.0,-0.4285714285714285,-0.75,2.0,0.2977358490566036,1.011815252416756,-0.5,2.0,0.84,-0.5370370370370371,17.714285714285715,2.436781609195402,0.0,0.2022471910112359,17.714285714285715,2.420454545454545,-0.4634146341463414,-0.3760000000000002,-0.3918918918918919,1.890410958904109,1.4583333333333333,-1.2413793103448276,-1.0274725274725278,-0.909090909090909,0.299363122973358,-0.9541392564000488,2
-0.2573152276793208,-0.3824539348643918,-1.2392344497607668,-1.0629213483146098,-0.125,-0.4285714285714285,1.4285714285714286,-0.4285714285714285,-0.5,0.0,-0.6806321205439175,-0.1195691202872531,-2.0,-0.5,0.6430317848410758,-0.5794621026894858,0.4285714285714285,0.8571428571428571,-1.2857142857142858,-0.125,0.5,1.38377358490566,0.4640171858216972,0.5,-0.5,0.4,-0.2592592592592592,0.0,-0.1379310344827585,9.941176470588236,2.0224719101123587,0.0,0.2500000000000001,-0.3577235772357722,-0.1760000000000001,0.0540540540540541,1.438356164383561,0.6875,-0.8908045977011495,-0.6208791208791211,-0.9760765550239232,0.299363122973358,-0.9541392564000488,2
-0.2712598803862642,-0.1820398439276157,-0.8038277511961727,-0.3056179775280905,-0.5,-0.7142857142857143,-0.7142857142857143,-0.4285714285714285,0.5,0.0,0.2381477398015438,-0.414362657091562,0.0,0.5,0.2224938875305629,-0.6454767726161363,0.2857142857142857,-0.4285714285714285,-0.7142857142857143,-0.75,-0.5,0.6290566037735846,0.413175796634443,0.0,-0.5,2.34,0.5555555555555556,7.714285714285715,1.586206896551724,2.882352941176471,-0.3595505617977528,7.714285714285715,1.5795454545454544,-0.4634146341463414,-0.024,-0.3918918918918919,1.561643835616438,1.7916666666666667,-0.9942528735632185,-0.7912087912087915,-0.2344497607655501,0.299363122973358,-0.9541392564000488,0
-0.2712598803862642,-0.1769383717536657,0.0,0.0202247191011223,0.0,-0.5714285714285714,0.1428571428571428,-0.2857142857142857,0.0,1.0,-0.0679897096655639,-0.3590664272890484,0.0,0.5,-0.2004889975550119,-0.0904645476772612,-1.0,-0.4285714285714285,-0.4285714285714285,-0.25,1.0,-0.8577358490566036,-0.1052631578947367,0.5,1.0,0.06,0.037037037037037,0.0714285714285714,-0.2413793103448275,5.705882352941177,1.1573033707865166,0.0714285714285714,-0.2272727272727272,-0.4634146341463414,0.0639999999999997,-0.3918918918918919,0.9589041095890412,0.0,-0.5804597701149424,-0.395604395604396,-0.8612440191387559,0.299363122973358,-0.9541392564000488,0
-0.2346825984540947,-0.2561838079127559,0.0861244019138745,0.0,0.75,0.8571428571428571,0.2857142857142857,-0.5714285714285714,1.0,0.5,0.2488055861815512,0.7026929982046679,0.0,0.5,-0.0440097799510997,-0.6014669926650368,-1.2857142857142858,-0.5714285714285714,0.7142857142857143,0.625,0.0,-1.664905660377358,-0.7006802721088433,0.5,-0.5,-0.4,-0.074074074074074,0.2142857142857143,-0.4597701149425287,0.5294117647058824,-0.3707865168539326,1.0,0.0227272727272728,-0.3252032520325204,0.4239999999999998,0.1621621621621623,-0.3013698630136985,-0.3541666666666667,-0.793103448275862,-0.6923076923076926,-1.2535885167464114,0.299363122973358,-0.9541392564000488,1
-0.2543594785345484,-0.2765570008545684,-0.3038277511961737,-0.6134831460674178,0.125,-0.8571428571428571,1.0,0.0,1.0,-0.5,-0.384785005512679,-0.8377019748653503,0.0,-0.5,0.4449877750611258,0.5550122249388729,0.8571428571428571,0.0,-1.4285714285714286,-0.875,0.0,1.6649056603773582,0.8353025420694591,-0.5,0.5,-0.36,-0.6666666666666666,0.0,-1.1379310344827582,1.6470588235294117,-0.9775280898876404,0.0,-0.5,0.1300813008130082,-0.3280000000000002,0.3378378378378377,-0.1917808219178082,0.3541666666666667,-0.9655172413793104,-1.1648351648351651,-0.6985645933014354,0.299363122973358,-0.9541392564000488,0
0.4204304568920277,-0.4808330702083297,-0.1746411483253597,-0.898876404494384,-0.5,-0.4285714285714285,-0.1428571428571428,-0.7142857142857143,-0.5,-0.5,-0.2976846747519293,0.1382405745062836,0.0,-1.0,-0.4889975550122256,-0.3569682151589233,0.2857142857142857,-0.7142857142857143,0.2857142857142857,-0.5,0.5,-0.0754716981132076,-0.1378446115288219,-0.5,1.0,1.88,0.7962962962962963,0.0,-0.5517241379310343,0.0,-1.1235955056179772,0.0,-0.7613636363636362,-0.1382113821138212,-0.0960000000000001,-0.1216216216216216,-0.3287671232876711,1.0416666666666667,-1.3563218390804597,-0.917582417582418,-0.5789473684210527,0.299363122973358,-0.9541392564000488,0
-0.2712598803862642,0.1501795526658732,0.0861244019138745,-0.9191011235955084,-0.25,0.1428571428571428,-0.4285714285714285,-0.1428571428571428,-0.5,-0.5,0.1617052554208013,0.0854578096947937,0.0,-1.0,-0.6234718826405868,0.9119804400977986,0.4285714285714285,-0.1428571428571428,0.1428571428571428,0.0,0.5,0.0754716981132076,-0.0852130325814535,0.5,1.0,1.84,1.1296296296296295,1.3571428571428572,-1.0919540229885056,0.0,0.0112359550561797,1.3571428571428572,-1.068181818181818,-0.4634146341463414,0.2239999999999998,-0.3918918918918919,0.5753424657534245,0.625,-0.1896551724137929,-0.0219780219780222,-0.6315789473684209,0.299363122973358,-0.9541392564000488,1
-0.2701272244682421,-0.1246276940696588,0.7392344497607636,-1.573033707865171,0.625,-0.7142857142857143,-0.8571428571428571,0.1428571428571428,-0.5,-0.5,1.0345461227489896,-0.739317773788151,0.0,-1.0,0.4889975550122256,0.5110024449877733,0.0,0.1428571428571428,0.5714285714285714,-0.75,0.0,-0.3773584905660375,0.7372001432151806,0.5,0.5,3.58,3.0555555555555554,1.5000000000000002,-1.1379310344827582,4.470588235294118,-0.842696629213483,1.3571428571428572,-0.8409090909090908,0.121951219512195,0.2399999999999997,-0.0675675675675676,-0.73972602739726,0.2708333333333333,-0.8908045977011493,-1.0879120879120885,0.0095693779904307,0.299363122973358,-0.9541392564000488,0
-0.2712598803862642,-0.1057453430549028,-0.2607655502392343,-0.0606741573033711,0.625,0.1428571428571428,0.2857142857142857,-1.0,-0.5,0.0,0.1944138184490998,0.83770197486535,-0.5,0.0,0.6650366748166269,-0.3789731051344743,0.8571428571428571,-1.0,-0.8571428571428571,0.0,0.0,0.9883018867924528,-0.8353025420694592,1.0,0.0,2.1,1.5925925925925926,0.0714285714285714,-0.2183908045977009,3.235294117647059,2.9213483146067403,0.0714285714285714,-0.2045454545454544,-0.4634146341463414,-0.4240000000000002,-0.3918918918918919,3.082191780821917,0.375,-1.8103448275862069,-1.5714285714285718,-1.15311004784689,0.299363122973358,-0.9541392564000488,0
-0.2712598803862642,-0.1904105735697927,-1.2607655502392343,-0.674157303370789,-0.5,0.2857142857142857,0.8571428571428571,0.0,-0.5,0.0,-0.7872105843439909,0.0779174147217237,-1.5,-0.5,-1.1784841075794632,0.2004889975550115,-0.4285714285714285,0.0,-1.0,0.125,0.5,0.5147169811320752,-0.0776942355889724,-0.5,0.5,0.1,-0.4444444444444444,0.5714285714285715,-0.2528735632183907,0.0,-0.9999999999999998,0.5714285714285715,-0.2386363636363635,-0.4634146341463414,-0.7360000000000003,-0.3918918918918919,0.1506849315068492,0.5833333333333334,-1.4999999999999998,-1.2747252747252749,-1.0813397129186602,0.299363122973358,-0.9541392564000488,1
-0.2691650097622802,-0.240043169660156,0.4784688995215292,0.0404494382022467,0.125,-0.2857142857142857,0.8571428571428571,-0.4285714285714285,0.0,-0.5,-0.3303932377802278,0.0,0.5,0.0,-1.0464547677261615,-0.4449877750611248,-0.7142857142857143,-0.4285714285714285,0.7142857142857143,-0.375,-0.5,-0.9883018867924528,0.0,-1.0,0.0,2.58,2.5,0.0,-0.2183908045977009,0.0,-1.247191011235955,0.0,-0.3749999999999998,-0.3495934959349595,0.8079999999999999,-0.1891891891891892,0.2876712328767123,-0.1458333333333333,-0.1034482758620688,0.1263736263736262,-0.909090909090909,0.299363122973358,-0.9541392564000488,1
-0.2712598803862642,-0.2058458946121217,1.435406698564592,0.3887640449438208,0.625,-0.1428571428571428,-0.4285714285714285,-0.4285714285714285,1.0,-0.5,0.6512311650128629,0.1055655296229802,1.5,0.0,0.1320293398533014,0.3105134474327617,-0.8571428571428571,-0.4285714285714285,-0.5714285714285714,-0.25,-0.5,-0.5147169811320754,-0.1052631578947367,0.5,0.0,-0.5,-0.6296296296296297,2.285714285714286,0.1954022988505746,0.8823529411764706,0.7865168539325841,2.285714285714286,0.2045454545454544,-0.4634146341463414,-0.2160000000000004,-0.3918918918918919,-0.013698630136986,0.1666666666666666,-0.2528735632183907,-0.0824175824175828,-0.4210526315789472,0.299363122973358,-0.9541392564000488,2
-0.2712598803862642,-0.5639693233947756,0.1315789473684203,-0.8382022471910129,-0.375,-0.7142857142857143,0.0,-0.5714285714285714,0.5,0.5,-0.2723263506063945,-0.2991023339317774,1.0,0.0,0.2004889975550119,-0.7555012224938866,-0.4285714285714285,-0.5714285714285714,-0.2857142857142857,-0.75,0.5,-0.2358490566037735,0.2982456140350878,0.0,0.0,1.28,2.074074074074074,0.2142857142857143,-0.1264367816091953,0.0588235294117647,0.0786516853932583,0.2142857142857143,-0.1136363636363636,-0.4634146341463414,-0.4400000000000002,-0.3918918918918919,-0.4931506849315067,-1.0208333333333333,-1.9942528735632183,-1.7472527472527477,-1.3157894736842104,0.1011683219874327,-0.994869323391895,1
-0.2712598803862642,-0.5245240876362619,0.0,-0.224719101123597,0.5,-0.7142857142857143,0.2857142857142857,-0.2857142857142857,0.5,-0.5,0.1363469312752665,-0.5131059245960504,0.5,0.0,0.0,0.1540342298288499,-0.2857142857142857,0.4285714285714285,-0.1428571428571428,0.75,0.5,-0.2098113207547168,-0.1732903687790905,-0.5,0.0,0.14,0.0555555555555555,0.0,-0.2873563218390804,0.0,-0.595505617977528,0.0,-0.2727272727272727,-0.4634146341463414,-0.5280000000000001,-0.3918918918918919,-0.3835616438356165,0.0625,-1.2701149425287357,-1.0549450549450554,-0.909090909090909,0.1011683219874327,-0.994869323391895,0
-0.2607113630151635,-0.1541110502226828,-0.3253588516746413,-0.2449438202247194,-0.75,0.2857142857142857,0.0,1.8571428571428572,0.5,0.5,-0.6806321205439175,-0.598563734290844,0.5,-0.5,0.0,0.977995110024447,0.0,-1.0,-0.4285714285714285,0.5,0.0,0.2098113207547168,-1.036519871106337,0.5,0.5,0.26,0.0925925925925925,0.7857142857142858,0.5977011494252872,4.176470588235294,2.6404494382022463,1.0,0.9545454545454544,-0.3658536585365854,-0.6080000000000003,0.0270270270270271,1.342465753424657,0.1458333333333333,-1.3563218390804594,-1.15934065934066,-0.8851674641148325,0.1011683219874327,-0.994869323391895,1
-0.1850891814761173,-0.1249644793830375,-0.0430622009569394,-0.0808988764044955,0.75,0.1428571428571428,0.5714285714285714,0.0,0.5,0.0,0.1098860712973173,0.0,0.0,0.0,-0.1564792176039122,0.0660146699266505,-0.1428571428571428,0.0,-0.8571428571428571,0.0,0.0,0.5392452830188679,0.0,0.0,0.0,-0.1,-0.037037037037037,0.0,-0.8045977011494252,0.4705882352941177,0.0224719101123594,0.0,-0.1704545454545454,0.3577235772357722,0.984,0.3378378378378378,-0.4931506849315067,-0.0833333333333333,-0.867816091954023,-1.2252747252747256,-1.650717703349282,0.1011683219874327,-0.994869323391895,1
-0.2712598803862642,-0.5296415658997008,0.2392344497607646,-0.0202247191011243,-0.125,-0.5714285714285714,-0.8571428571428571,-0.4285714285714285,0.0,-0.5,0.7195883866225655,-0.2563734290843807,0.5,0.0,-1.022004889975551,-0.0660146699266505,-0.1428571428571428,-0.4285714285714285,-0.7142857142857143,-0.625,-0.5,0.3773584905660375,0.2556390977443609,-0.5,0.0,0.12,0.3333333333333333,4.928571428571429,2.3563218390804597,2.9411764705882355,1.887640449438202,4.928571428571429,2.340909090909091,-0.4634146341463414,-0.6960000000000003,-0.3918918918918919,-0.2602739726027395,-0.2708333333333333,-1.0517241379310345,-0.8461538461538465,-0.7990430622009568,0.1011683219874327,-0.994869323391895,1
-0.1878262047033481,-0.2929451780196416,0.0430622009569372,0.2651685393258418,-0.375,0.5714285714285714,0.5714285714285714,-1.2857142857142858,0.0,-0.5,-0.5692760014700476,1.346499102333932,0.0,0.0,1.200488997555014,-0.0220048899755509,1.0,-1.2857142857142858,-1.0,0.375,-0.5,1.1679245283018864,-1.342642320085929,1.5,0.0,-0.34,-0.0185185185185185,3.0000000000000004,-0.2413793103448275,0.1176470588235294,-0.4157303370786517,0.0,-0.8636363636363635,0.3089430894308941,-0.4560000000000002,0.3648648648648647,-0.1917808219178082,-0.3541666666666667,-0.9540229885057468,-0.2307692307692309,-0.8612440191387559,0.1011683219874327,-0.994869323391895,1
-0.2712598803862642,-0.052164591681044,-0.5000000000000011,-1.1640449438202278,-0.375,0.0,-0.1428571428571428,1.2857142857142858,-0.5,-0.5,-0.1760382212421901,-0.598563734290844,-0.5,-2.0,0.5770171149144251,1.9999999999999956,0.1428571428571428,1.2857142857142858,-0.7142857142857143,-0.125,1.5,0.5550943396226414,0.5968492660221981,0.5,2.0,0.4,-0.3333333333333333,0.0,-0.8160919540229884,6.294117647058823,0.5280898876404493,0.0,-0.7954545454545454,-0.4634146341463414,-0.4640000000000002,-0.3918918918918919,0.8767123287671232,0.7708333333333334,-1.218390804597701,-1.0054945054945057,-0.923444976076555,0.1011683219874327,-0.994869323391895,1
-0.2712598803862642,-0.1390545580647079,0.15311004784689,0.5101123595505612,-0.25,0.4285714285714285,-0.2857142857142857,-1.2857142857142858,0.0,0.0,0.0400588019110621,1.316696588868941,0.5,0.5,-0.8679706601466985,-0.3349633251833746,0.0,-0.7142857142857143,-0.8571428571428571,0.0,-0.5,0.6290566037735846,-0.5266738274257071,-0.5,-0.5,-0.18,0.6111111111111112,0.0,1.1264367816091954,10.764705882352942,1.4606741573033704,0.0,1.125,-0.4634146341463414,-0.4880000000000004,-0.3918918918918919,-0.3013698630136985,-0.8958333333333334,-1.4540229885057472,-1.230769230769231,-0.8947368421052632,0.1011683219874327,-0.994869323391895,1
-0.2712598803862642,-0.4305837975960155,0.8277511961722487,0.123595505617977,0.25,-0.1428571428571428,-0.5714285714285714,-0.2857142857142857,1.5,0.0,0.6089672914369719,0.0,2.0,0.5,-0.1784841075794609,-0.1564792176039118,-1.0,-0.2857142857142857,0.1428571428571428,-0.25,-0.5,-1.132075471698113,0.0,0.0,-0.5,0.48,0.7592592592592593,0.0,-0.7011494252873562,0.0,-1.235955056179775,0.0,-0.6818181818181818,-0.4634146341463414,-0.6480000000000002,-0.3918918918918919,-0.0958904109589041,-0.375,-1.4252873563218391,-1.2032967032967037,-1.0909090909090906,0.1011683219874327,-0.994869323391895,1
-0.2712598803862642,0.5130561222683914,-0.1076555023923443,0.123595505617977,-0.25,0.2857142857142857,-0.4285714285714285,-0.7142857142857143,-0.5,-0.5,0.1617052554208013,0.5985637342908438,0.0,0.0,-0.6454767726161378,0.3105134474327617,0.0,-0.7142857142857143,-0.4285714285714285,0.125,-0.5,0.2098113207547168,-0.5968492660221983,-1.0,0.0,0.7,1.3703703703703705,0.0,-0.9770114942528736,1.8823529411764708,-0.5168539325842697,0.0,-0.9545454545454544,-0.4634146341463414,2.3760000000000003,-0.3918918918918919,-0.2054794520547946,-0.8333333333333334,-0.718390804597701,-0.5274725274725278,-2.358851674641148,0.1011683219874327,-0.994869323391895,1
-0.2506185083084498,0.1412970908270631,-0.6961722488038284,-0.1640449438202258,0.5,-0.1428571428571428,-0.8571428571428571,-0.1428571428571428,-0.5,0.5,0.99595736861448,-0.0944344703770197,-0.5,0.5,0.8435207823960879,-1.0440097799510997,2.0,-0.1428571428571428,0.1428571428571428,-0.25,0.0,0.6290566037735846,0.0941639813820264,0.5,-0.5,0.32,0.7222222222222222,0.0,-0.3563218390804596,3.4705882352941178,0.9213483146067412,0.0,-0.6136363636363636,-0.2845528455284554,0.496,-0.0675675675675675,1.136986301369863,-0.5,-1.517241379310345,-1.1703296703296706,-0.3588516746411483,0.1011683219874327,-0.994869323391895,1
-0.2712598803862642,-0.0235950402054251,0.3253588516746392,0.5303370786516856,-0.25,0.8571428571428571,0.5714285714285714,-0.8571428571428571,0.0,1.0,-0.4674751929437706,0.9403949730700182,0.5,1.5,0.2004889975550119,-0.7334963325183357,0.2857142857142857,-1.0,0.5714285714285714,-0.375,0.0,-0.2098113207547168,-0.5968492660221983,-0.5,-0.5,-0.22,0.6851851851851852,0.7857142857142858,1.804597701149425,0.4117647058823529,0.2921348314606738,0.7857142857142858,1.7954545454545452,-0.4634146341463414,0.6960000000000001,-0.3918918918918919,1.0273972602739725,-1.0208333333333333,-0.9310344827586206,-0.7307692307692311,-1.5311004784688993,0.1011683219874327,-0.994869323391895,1
-0.2712598803862642,-0.0684365289046236,-0.8253588516746424,-0.7955056179775294,-0.875,-0.1428571428571428,0.0,0.1428571428571428,-0.5,-0.5,-0.8555678059536933,-0.2563734290843807,-0.5,-1.0,0.3105134474327624,0.843520782396086,-0.5714285714285714,0.1428571428571428,-0.2857142857142857,-0.25,0.5,-0.3773584905660375,0.2556390977443609,0.5,1.0,1.06,0.7037037037037037,0.0,-1.0804597701149423,0.0,0.4943820224719098,0.0,-1.056818181818182,-0.4634146341463414,-0.1920000000000002,-0.3918918918918919,1.150684931506849,0.2916666666666667,-1.3735632183908046,-1.1538461538461542,-1.311004784688995,0.1011683219874327,-0.994869323391895,2
-0.2712598803862642,-0.0664049637008982,0.1961722488038273,-0.4089887640449452,-0.5,-0.1428571428571428,0.0,-0.5714285714285714,0.0,0.0,-0.3921352443954427,0.2244165170556553,0.5,0.0,-0.3789731051344751,-0.7334963325183357,-0.1428571428571428,-0.2857142857142857,-0.7142857142857143,0.125,1.0,0.3773584905660375,-0.2556390977443609,0.0,0.0,0.74,1.6666666666666667,0.0,-1.1609195402298849,0.0,0.3483146067415727,0.0,-1.1363636363636362,-0.4634146341463414,0.2559999999999997,-0.3918918918918919,1.0684931506849311,-1.125,-1.218390804597701,-1.0054945054945057,-1.5071770334928227,0.1011683219874327,-0.994869323391895,1
-0.265162032982539,-0.5159434047974646,-0.0215311004784697,-0.5101123595505632,-0.375,0.1428571428571428,-0.8571428571428571,-0.4285714285714285,0.5,0.0,0.5446527012127894,0.2833034111310591,0.5,-0.5,-0.7334963325183373,-0.2444987775061133,0.5714285714285714,-0.4285714285714285,-0.2857142857142857,0.0,0.5,0.4101886792452829,-0.2824919441460795,-0.5,0.5,-0.48,-0.6111111111111112,6.000000000000001,2.494252873563218,8.764705882352942,2.359550561797752,8.428571428571429,2.227272727272727,-0.4471544715447155,-0.4480000000000001,-0.0945945945945952,-0.5342465753424664,0.1666666666666666,-0.718390804597701,-0.5384615384615388,-0.6698564593301435,0.1011683219874327,-0.994869323391895,1
-0.2712598803862642,-0.2276083685381475,-0.0215311004784697,0.0404494382022467,0.375,0.4285714285714285,-0.2857142857142857,-1.0,0.0,-0.5,0.4332965821389195,0.9504488330341117,0.0,0.0,-1.601466992665038,-0.1124694376528121,-0.8571428571428571,-1.0,0.8571428571428571,0.25,-0.5,-1.1679245283018864,-0.9477264590046542,-1.5,0.0,-0.46,0.4444444444444444,7.571428571428572,2.2528735632183903,0.0,-0.943820224719101,7.571428571428572,2.238636363636363,-0.4634146341463414,-0.1760000000000001,-0.3918918918918919,3.068493150684931,-1.0,-0.7471264367816091,-0.5549450549450552,-0.8564593301435405,0.1011683219874327,-0.994869323391895,1
-0.2712598803862642,-0.5643636886126051,-0.9784688995215324,-0.1325842696629219,-0.125,-0.4285714285714285,-0.4285714285714285,-0.2857142857142857,-0.5,0.0,0.2561558250643145,-0.2244165170556553,-0.5,0.0,-0.3129584352078244,-0.8679706601466989,-0.5714285714285714,-0.1428571428571428,-0.2857142857142857,0.25,0.5,-0.3773584905660375,-0.2334407447189401,0.0,0.0,0.8,1.2962962962962965,0.0,-0.9195402298850572,0.0,-1.146067415730337,0.0,-0.8977272727272726,-0.4634146341463414,-0.5280000000000002,-0.3918918918918919,-0.4657534246575341,-0.6458333333333334,-1.2586206896551724,-1.0439560439560445,-1.0717703349282297,0.1011683219874327,-0.994869323391895,2
-0.2712598803862642,-0.180673741370161,0.6315789473684192,0.0404494382022467,0.25,-0.8571428571428571,0.8571428571428571,-0.5714285714285714,0.0,0.5,-0.2579933847850054,-0.4897666068222622,0.5,0.5,0.1540342298288502,-1.2224938875305602,0.1428571428571428,-0.5714285714285714,-0.7142857142857143,0.625,-0.5,0.5550943396226414,-0.7006802721088433,0.5,-1.5,-0.58,0.0,0.0,0.0229885057471265,1.7058823529411764,0.7303370786516852,0.0,0.0340909090909091,-0.4634146341463414,-0.2640000000000002,-0.3918918918918919,0.1232876712328767,-0.625,-0.9137931034482758,-0.7142857142857147,-0.9425837320574162,-0.2993631229733582,-0.9541392564000488,1
-0.2075323968719142,0.0023156862016546,-0.6531100478468911,-1.1640449438202278,-0.625,-0.4285714285714285,0.1428571428571428,-1.0,0.0,0.0,-0.6085997794928334,0.489766606822262,-0.5,-0.5,0.0440097799510997,1.533007334963322,0.8571428571428571,0.7142857142857143,0.2857142857142857,-0.5,1.0,0.1950943396226413,0.7006802721088433,-0.5,1.5,-0.38,-0.5555555555555556,4.642857142857143,-0.7931034482758618,0.0,-0.3258426966292134,27.785714285714285,2.2727272727272725,0.3008130081300811,-0.2960000000000002,3.2297297297297294,2.356164383561644,0.2083333333333333,-0.6609195402298849,-0.9890109890109896,-0.1196172248803827,-0.2993631229733582,-0.9541392564000488,2
-0.2712598803862642,-0.1277287521184006,-0.1746411483253597,0.3685393258426964,-0.5,0.0,-0.7142857142857143,0.5714285714285714,-0.5,0.0,0.2381477398015438,-0.3590664272890484,0.0,0.5,-0.3129584352078244,-0.1344743276283631,-0.8571428571428571,0.5714285714285714,0.7142857142857143,-0.125,-0.5,-1.132075471698113,0.3580379520229143,0.0,-0.5,3.4,3.1296296296296298,0.0,-0.0114942528735631,0.5294117647058824,-0.8876404494382021,0.0,0.0,-0.4634146341463414,0.7039999999999998,-0.3918918918918919,0.3013698630136985,0.0,-0.1839080459770112,-0.0164835164835167,-0.9138755980861244,-0.2993631229733582,-0.9541392564000488,0
-0.2712598803862642,0.0207503218397793,-1.6315789473684217,-1.0426966292134854,-1.0,-0.7142857142857143,0.2857142857142857,0.7142857142857143,0.0,-0.5,-1.1705255420801173,-0.9403949730700182,-1.0,-1.0,0.0880195599022017,-0.2004889975550115,-0.1428571428571428,0.7142857142857143,0.0,0.125,-0.5,-0.1886792452830187,0.2556390977443609,0.0,-0.5,2.8,1.851851851851852,0.0,-1.1839080459770113,2.1764705882352944,0.640449438202247,0.0,-1.159090909090909,-0.4634146341463414,-0.0240000000000003,-0.3918918918918919,1.452054794520548,0.8125,-0.9310344827586206,-0.7307692307692311,-1.1004784688995215,-0.2993631229733582,-0.9541392564000488,2
-0.1749357312445461,0.0184915812337854,0.1746411483253576,0.3280898876404496,0.75,0.8571428571428571,-0.4285714285714285,-1.4285714285714286,0.0,-0.5,0.6975376699742745,1.5842010771992825,0.0,-0.5,0.7555012224938883,0.1540342298288499,1.2857142857142858,0.8571428571428571,-0.8571428571428571,0.125,1.0,1.1007547169811316,0.3086287146437523,1.0,0.0,-0.62,-0.4629629629629629,0.0,-0.8850574712643676,1.5882352941176472,0.4157303370786515,0.0,-0.6477272727272726,0.7154471544715442,0.6799999999999998,-0.1351351351351351,0.5616438356164383,-0.1458333333333333,-0.1264367816091955,-0.7582417582417585,-0.8516746411483253,-0.2993631229733582,-0.9541392564000488,1
-0.2691650097622802,0.2977907864808594,0.0,0.44943820224719,0.125,0.2857142857142857,-1.0,0.7142857142857143,1.0,0.0,1.0345461227489896,-0.2563734290843807,1.0,0.5,-0.4009779951100239,0.6430317848410745,0.1428571428571428,0.7142857142857143,-0.2857142857142857,-0.75,0.5,0.188679245283019,0.9377013963480128,0.0,1.0,2.58,1.5925925925925926,5.357142857142858,0.8850574712643676,0.0,0.1460674157303371,5.500000000000001,0.8181818181818182,-0.4552845528455286,1.584,-0.3108108108108111,0.0273972602739725,0.875,-0.0057471264367812,0.1593406593406588,-1.2918660287081338,-0.2993631229733582,-0.9541392564000488,0
-0.2712598803862642,-0.2035525873916922,-0.0430622009569394,-0.5303370786516876,-0.375,0.2857142857142857,-0.4285714285714285,0.2857142857142857,-0.5,0.0,0.0543917677324514,-0.0718132854578097,0.0,-0.5,-0.2885085574572115,0.1540342298288499,0.2857142857142857,-0.2857142857142857,-0.1428571428571428,-0.5,-0.5,0.171698113207547,0.2237737200143214,0.5,0.0,0.96,1.6111111111111112,0.1428571428571428,-0.1034482758620687,0.0588235294117647,-0.797752808988764,0.1428571428571428,-0.0909090909090907,-0.4634146341463414,-0.4640000000000002,-0.3918918918918919,0.082191780821918,-0.8333333333333334,-0.5517241379310343,-0.3681318681318683,-0.1291866028708135,-0.2993631229733582,-0.9541392564000488,1
-0.2712598803862642,0.3745926523641532,-1.064593301435407,-0.6539325842696646,-0.125,0.4285714285714285,0.2857142857142857,0.1428571428571428,0.0,0.5,-0.2352076442484378,0.0718132854578097,-0.5,0.5,-0.4229828850855748,-0.1124694376528121,-0.4285714285714285,-0.5714285714285714,-0.4285714285714285,-0.25,-0.5,-0.1256603773584905,-0.2237737200143214,0.0,0.0,1.32,1.648148148148148,0.0,0.3448275862068965,5.8235294117647065,1.1460674157303368,0.0,0.3522727272727272,-0.4634146341463414,-0.5920000000000003,-0.3918918918918919,0.2465753424657535,-0.5,-1.189655172413793,-0.9780219780219784,-0.7368421052631577,-0.2993631229733582,-0.9541392564000488,0
-0.2712598803862642,-0.2256785079454915,0.1100478468899506,0.0,0.5,0.7142857142857143,0.0,0.1428571428571428,0.0,0.5,0.2995222344726204,0.1996409335727109,0.0,0.5,-0.0904645476772614,0.0220048899755487,0.7142857142857143,0.8571428571428571,0.4285714285714285,0.375,0.5,0.0649056603773584,0.1732903687790905,0.5,0.0,0.14,-0.1851851851851851,0.0,-0.1954022988505746,0.0,-0.5842696629213483,0.0,-0.1818181818181817,-0.4634146341463414,-0.5040000000000002,-0.3918918918918919,-0.2876712328767122,0.3333333333333333,-1.3333333333333333,-1.1153846153846156,-1.0909090909090906,-0.4853019625310808,-0.8743466161445822,1
-0.2712598803862642,-0.2833552934942954,0.7607655502392333,0.3280898876404496,-0.25,0.2857142857142857,-1.0,-1.1428571428571428,0.5,-0.5,0.8507901506798972,1.0771992818671456,1.0,0.0,0.0660146699266507,0.9119804400977986,0.4285714285714285,0.2857142857142857,-0.8571428571428571,-0.625,1.5,0.8384905660377354,0.6595059076262084,0.5,2.0,0.28,0.3518518518518518,1.5714285714285716,-0.2988505747126436,0.0,-1.1797752808988762,1.5714285714285716,-0.284090909090909,-0.4634146341463414,0.3039999999999999,-0.3918918918918919,0.3150684931506848,-0.125,-0.7126436781609196,-0.5219780219780223,-1.1148325358851674,-0.4853019625310808,-0.8743466161445822,0
-0.2506185083084498,-0.5211021218084602,0.1746411483253576,-0.6539325842696646,-0.25,0.7142857142857143,-0.4285714285714285,-1.0,0.0,-0.5,0.1617052554208013,1.0394973070017954,0.5,-0.5,0.2224938875305629,-0.2665036674816621,-0.2857142857142857,-0.8571428571428571,0.1428571428571428,-0.125,0.5,-0.3773584905660375,-0.5968492660221983,0.5,0.5,0.32,0.1481481481481481,0.0,-0.1839080459770114,0.0,0.1123595505617977,0.0,-0.6931818181818181,-0.0162601626016259,-0.5440000000000003,0.2297297297297296,0.2465753424657535,0.1458333333333333,-1.4482758620689653,-0.9230769230769234,-0.923444976076555,-0.4853019625310808,-0.8743466161445822,1
-0.2539203323607074,0.4860063446036634,-0.3038277511961737,0.6943820224719094,-0.5,2.0,-0.1428571428571428,0.1428571428571428,-0.5,1.0,-0.2976846747519293,0.5985637342908438,-0.5,0.5,0.2004889975550119,-0.0220048899755509,0.2857142857142857,-0.1428571428571428,-0.4285714285714285,-0.375,2.5,0.3773584905660375,0.1990691013247403,-0.5,0.5,0.88,0.0925925925925925,0.0,0.0,2.705882352941176,2.696629213483145,0.0,0.1704545454545456,0.5934959349593493,0.896,-0.2027027027027024,2.356164383561643,0.7916666666666666,0.2241379310344831,-0.3406593406593408,-0.6889952153110046,-0.4853019625310808,-0.8743466161445822,1
-0.2712598803862642,-0.1357707790882399,-0.282296650717704,-0.0808988764044955,-0.125,-0.2857142857142857,0.7142857142857143,-0.1428571428571428,0.0,2.0,-0.4355016538037484,-0.1996409335727109,0.0,-0.5,-0.5110024449877744,-0.1784841075794627,0.5714285714285714,-0.2857142857142857,0.5714285714285714,-0.75,-0.5,-0.0649056603773584,0.5116362334407447,-0.5,0.0,0.16,-0.037037037037037,0.0,-0.96551724137931,0.8235294117647058,1.47191011235955,0.0,-0.9431818181818182,-0.4634146341463414,1.144,-0.3918918918918919,2.205479452054794,0.1875,-1.2816091954022988,-1.0659340659340664,-2.090909090909091,-0.4853019625310808,-0.8743466161445822,1
-0.2712598803862642,0.0987105408452594,-0.8468899521531099,-0.8786516853932597,-1.0,0.0,-0.4285714285714285,-0.8571428571428571,0.0,0.0,-0.8030135979419329,0.5985637342908438,-0.5,-0.5,-0.4229828850855748,-1.2004889975550117,-0.2857142857142857,-0.1428571428571428,-0.2857142857142857,1.125,-0.5,-0.110943396226415,-0.5968492660221983,-0.5,-2.0,0.76,0.2777777777777778,2.2142857142857144,1.4827586206896552,1.823529411764706,0.6629213483146065,2.2142857142857144,1.4772727272727273,-0.4634146341463414,-0.3600000000000002,-0.3918918918918919,0.1917808219178084,0.4583333333333333,-0.9942528735632185,-0.7912087912087915,-0.9521531100478468,-0.4853019625310808,-0.8743466161445822,0
-0.2712598803862642,-0.2344524041687221,-0.4138755980861243,0.1438202247191014,-0.5,-0.1428571428571428,-1.0,-0.4285714285714285,0.5,0.0,0.6670341786108048,0.1055655296229802,0.5,0.5,0.5770171149144251,1.9999999999999956,0.1428571428571428,1.2857142857142858,-0.7142857142857143,-0.125,1.5,0.5550943396226414,0.5968492660221981,0.5,2.0,-0.18,-0.3333333333333333,0.0,0.2643678160919541,1.8823529411764708,1.910112359550561,0.0,0.2727272727272727,-0.4634146341463414,-0.6160000000000002,-0.3918918918918919,1.2739726027397256,0.1666666666666666,-1.2643678160919538,-1.0494505494505495,-0.8708133971291866,-0.4853019625310808,-0.8743466161445822,0
0.0064800424383509,-0.2535612906844312,-0.2607655502392343,-0.3685393258426984,-0.25,-0.5714285714285714,-0.5714285714285714,-0.2857142857142857,0.5,0.0,0.2995222344726204,-0.3590664272890484,0.5,0.0,-0.2444987775061117,0.2665036674816621,0.1428571428571428,-0.5714285714285714,-0.7142857142857143,-0.125,0.0,0.5550943396226414,-0.3157894736842104,0.5,0.5,1.5,0.5925925925925926,0.0,-0.7816091954022987,0.0588235294117647,-1.0112359550561796,0.0714285714285714,-0.818181818181818,1.2764227642276418,0.3919999999999999,-0.3243243243243243,-0.5342465753424657,0.875,-0.2068965517241376,-1.2142857142857146,-0.7464114832535885,-0.4853019625310808,-0.8743466161445822,1
-0.2075614668367437,-0.3316233719216159,-1.3253588516746413,1.0224719101123612,-1.25,1.0,0.8571428571428571,-1.0,-0.5,1.0,-1.6894524072032338,1.1113105924596052,-1.0,1.5,0.9095354523227386,0.0440097799510996,1.0,0.4285714285714285,-0.2857142857142857,-0.375,0.0,0.580377358490566,0.488363766559255,1.0,0.0,0.08,-0.5185185185185185,0.2857142857142857,0.1149425287356321,0.0588235294117647,1.685393258426966,0.0,-0.0909090909090907,-0.4308943089430895,-0.3280000000000002,-0.1351351351351353,1.4383561643835614,0.6458333333333334,-1.1781609195402298,-0.9450549450549456,-0.5693779904306219,-0.4853019625310808,-0.8743466161445822,2
-0.2712598803862642,0.0790134882632406,-0.6531100478468911,-1.0202247191011264,-0.375,-0.1428571428571428,-0.1428571428571428,-0.7142857142857143,-0.5,-0.5,-0.1760382212421901,0.3590664272890484,-0.5,-0.5,-0.8459657701711497,-0.7775061124694376,0.0,-1.0,-0.4285714285714285,-0.125,-0.5,0.2098113207547168,-0.7672753311851055,-0.5,-0.5,0.46,0.8888888888888888,1.0,3.701149425287356,1.0588235294117647,-0.9999999999999998,1.0,3.670454545454545,-0.4634146341463414,-0.144,-0.3918918918918919,4.863013698630136,-0.5416666666666666,-0.8908045977011493,-0.6923076923076926,-0.9952153110047848,-0.4853019625310808,-0.8743466161445822,0
-0.031938470358701,0.4720276312615125,-0.7177033492822981,-0.674157303370789,-0.125,0.0,1.1428571428571428,-0.4285714285714285,0.0,-0.5,-0.5931642778390297,0.1996409335727109,-1.0,-1.0,-0.7775061124694371,0.1784841075794606,-0.1428571428571428,-0.5714285714285714,-0.4285714285714285,-0.25,-0.5,0.110943396226415,-0.2237737200143214,-1.0,0.0,1.58,2.074074074074074,0.0,-0.6321839080459769,3.1176470588235294,1.0112359550561796,0.0,0.3977272727272729,0.9186991869918696,1.584,0.810810810810811,0.0273972602739725,-0.7083333333333334,-3.068965517241379,-3.708791208791209,-0.9999999999999998,-0.4853019625310808,-0.8743466161445822,2
-0.2712598803862642,-0.4638540517184826,-0.8923444976076557,-1.5528089887640486,-0.25,-0.8571428571428571,1.0,0.8571428571428571,0.0,-0.5,-0.6332230797500917,-1.1113105924596052,-1.0,-1.5,0.9095354523227386,0.1100244498777502,0.8571428571428571,-0.4285714285714285,-1.4285714285714286,0.375,0.0,1.6649056603773582,-0.4883637665592553,1.0,0.0,0.58,-0.4074074074074074,0.0,-1.1034482758620687,0.0,0.1348314606741572,0.0,-1.0795454545454544,-0.4634146341463414,0.376,-0.3918918918918919,0.7397260273972602,1.0416666666666667,-1.3563218390804597,-1.1373626373626378,-0.2966507177033492,-0.4853019625310808,-0.8743466161445822,2
-0.2712598803862642,-0.0840471286617376,-0.4784688995215314,-0.7550561797752826,0.5,0.5714285714285714,-0.2857142857142857,-0.2857142857142857,-0.5,-0.5,0.4913634693127528,0.3903052064631958,-1.0,-0.5,-1.1784841075794632,0.1784841075794606,-0.8571428571428571,0.1428571428571428,-0.1428571428571428,0.5,0.0,-0.8086792452830186,-0.1990691013247403,-0.5,-0.5,-0.56,0.6851851851851852,0.3571428571428571,1.6551724137931034,0.0,-0.4831460674157303,0.3571428571428571,1.6477272727272727,-0.4634146341463414,1.84,-0.3918918918918919,1.7945205479452055,-1.375,-0.8505747126436781,-0.6538461538461542,-2.1483253588516744,-0.4853019625310808,-0.8743466161445822,1
-0.2712598803862642,-0.0580172089184917,0.4354066985645919,0.224719101123595,-0.25,0.0,-0.2857142857142857,-1.0,0.0,0.0,0.0400588019110621,0.7694793536804311,0.5,0.5,-0.0684596577017105,0.2885085574572108,-0.2857142857142857,-0.7142857142857143,-0.1428571428571428,-0.25,0.0,-0.2098113207547168,-0.3580379520229143,0.5,0.5,0.12,0.7037037037037037,6.142857142857143,2.5402298850574705,9.0,2.8651685393258415,6.142857142857143,2.522727272727272,-0.4634146341463414,-0.2640000000000003,-0.3918918918918919,-0.273972602739726,-0.6875,-0.8390804597701149,-0.6428571428571432,-0.880382775119617,-0.4853019625310808,-0.8743466161445822,1
-0.2712598803862642,0.0606881818337548,-0.5430622009569384,-0.9191011235955084,-0.625,0.0,-0.1428571428571428,-0.5714285714285714,0.0,-0.5,-0.4355016538037484,0.3166965888689406,-0.5,-0.5,-0.6234718826405868,-0.4009779951100252,-0.5714285714285714,-0.2857142857142857,0.0,-0.625,0.0,-0.5550943396226414,0.3580379520229143,-0.5,0.0,0.8,1.6666666666666667,7.42857142857143,-0.4137931034482757,5.0,2.0337078651685387,7.42857142857143,-0.3977272727272727,-0.4634146341463414,-0.5040000000000001,-0.3918918918918919,2.2328767123287667,-1.0625,-1.4367816091954024,-1.2142857142857149,-0.8899521531100478,-0.4853019625310808,-0.8743466161445822,0
-0.265162032982539,-0.4032356921344829,0.1961722488038273,-0.0202247191011243,-0.375,-0.2857142857142857,0.7142857142857143,-1.0,0.5,0.5,-0.6273428886438808,0.5985637342908438,1.0,0.5,0.0660146699266507,0.3985330073349611,0.0,-0.2857142857142857,-1.0,0.375,0.0,0.8086792452830188,-0.389187253848908,0.5,0.5,-0.48,-0.2962962962962963,0.0,1.4022988505747125,0.0,1.876404494382022,0.0,1.318181818181818,-0.4552845528455285,-0.5600000000000004,-0.2972972972972974,-0.0273972602739725,-0.1875,-0.8275862068965517,-0.6373626373626377,-0.6363636363636361,-0.4853019625310808,-0.8743466161445822,1
-0.2712598803862642,-0.1896273378793248,0.3038277511961716,-0.1011235955056179,0.875,-0.1428571428571428,0.0,-0.5714285714285714,1.0,-0.5,0.4571848585079017,0.2244165170556553,1.0,0.0,0.3325183374083134,0.2004889975550115,-0.2857142857142857,-0.4285714285714285,-0.2857142857142857,-0.125,0.5,-0.110943396226415,-0.1990691013247403,1.0,1.0,0.7,1.0925925925925926,0.0714285714285714,-0.5517241379310343,2.235294117647059,0.8539325842696625,0.0714285714285714,-0.534090909090909,-0.4634146341463414,1.352,-0.3918918918918919,0.9589041095890408,-0.5208333333333334,-0.5229885057471262,-0.3406593406593408,-1.583732057416268,-0.4853019625310808,-0.8743466161445822,1
-0.2712598803862642,-0.3956131067341649,-0.6961722488038284,-0.2449438202247194,-0.75,-1.0,0.4285714285714285,0.1428571428571428,0.0,-0.5,-0.8846012495406099,-1.0771992818671454,-0.5,0.0,-1.400977995110024,-1.5110024449877733,-1.0,-0.7142857142857143,-0.2857142857142857,0.25,-0.5,-0.943396226415094,-0.6595059076262082,-1.0,-2.0,0.92,2.259259259259259,0.3571428571428571,-0.1724137931034482,1.5882352941176472,-0.6853932584269663,0.3571428571428571,-0.1590909090909091,-0.4634146341463414,0.0239999999999997,-0.3918918918918919,-0.136986301369863,-1.6041666666666667,-1.408045977011494,-1.186813186813187,-1.526315789473684,-0.4853019625310808,-0.8743466161445822,1
-0.2712598803862642,-0.1309416218261702,0.3253588516746392,0.1842696629213482,1.75,0.2857142857142857,-0.7142857142857143,-1.1428571428571428,0.5,0.5,1.156927600147005,1.0771992818671456,1.0,1.0,-0.1784841075794609,0.6210268948655235,0.7142857142857143,-0.1428571428571428,-0.5714285714285714,0.0,1.0,0.6860377358490563,-0.0852130325814535,0.0,1.5,-0.34,-0.1851851851851851,0.0714285714285714,-0.6666666666666664,3.7647058823529416,-0.5505617977528089,0.0714285714285714,-0.6477272727272726,-0.4634146341463414,-0.152,-0.3918918918918919,-0.6164383561643835,-0.1666666666666666,0.3218390804597706,0.467032967032967,0.0191387559808611,0.7907757369376989,-0.6121059825476626,1
-0.2712598803862642,-0.3547094595630082,-0.3038277511961737,-0.7550561797752826,-0.5,-0.8571428571428571,0.1428571428571428,0.1428571428571428,0.0,0.0,-0.4762954796030869,-0.8976660682226213,0.5,-1.0,0.8655256723716388,0.1100244498777502,1.0,-0.1428571428571428,-1.0,-0.875,1.0,1.1679245283018864,0.7672753311851056,0.5,1.0,0.12,-0.4259259259259259,0.0,0.5517241379310345,0.0,-0.4044943820224719,0.0,0.5568181818181818,-0.4634146341463414,-0.4800000000000003,-0.3918918918918919,0.3835616438356165,0.5833333333333334,-0.3620689655172412,-0.1868131868131871,0.0191387559808611,0.6513724827222223,-0.758758122692791,0
-0.1103255025585451,-0.0811322879396277,-0.3253588516746413,0.123595505617977,-0.125,-0.2857142857142857,-0.4285714285714285,-0.1428571428571428,0.0,0.5,0.2561558250643145,-0.1996409335727109,-0.5,0.5,2.5550122249388787,0.0440097799510996,1.1428571428571428,-0.2857142857142857,-1.1428571428571428,0.25,0.0,1.3475471698113204,-0.3254564983888291,4.0,0.0,0.06,-0.5370370370370371,1.0,-0.6321839080459769,0.2941176470588235,0.4157303370786515,3.3571428571428577,-0.0568181818181818,-0.2682926829268291,-0.5760000000000002,0.2702702702702702,-0.1506849315068492,0.6458333333333334,-0.0344827586206893,-0.0054945054945059,-0.0239234449760765,0.6513724827222223,-0.758758122692791,2
-0.2712598803862642,-0.3655203087423906,0.653110047846889,1.9213483146067432,-0.25,0.5714285714285714,-0.7142857142857143,-1.1428571428571428,1.5,3.5,0.4571848585079017,1.161579892280072,2.0,4.0,-0.3349633251833732,0.2444987775061111,-0.5714285714285714,0.1428571428571428,0.5714285714285714,0.875,0.5,-0.8086792452830186,-0.3580379520229143,0.0,0.0,-0.22,0.7037037037037037,1.142857142857143,2.390804597701149,3.7647058823529416,0.9438202247191008,1.142857142857143,2.3749999999999996,-0.4634146341463414,-0.4240000000000001,-0.3918918918918919,0.9315068493150686,-1.0416666666666667,-0.425287356321839,-0.2472527472527476,0.0,0.6513724827222223,-0.758758122692791,2
-0.2712598803862642,-0.2382612414153297,0.0861244019138745,1.0022471910112367,-0.125,-0.1428571428571428,-1.2857142857142858,-1.2857142857142858,0.5,0.5,1.4355016538037488,1.1425493716337525,0.5,1.0,0.2444987775061138,0.3325183374083127,0.0,0.2857142857142857,-1.2857142857142858,-1.0,0.0,1.2577358490566035,1.1188686000716077,1.5,0.5,-0.56,-0.4444444444444444,0.0,-0.1839080459770114,0.2941176470588235,-0.0561797752808988,0.0,-0.1704545454545454,-0.4634146341463414,-0.1280000000000002,-0.3918918918918919,-0.5890410958904108,-0.1041666666666666,0.0,0.1593406593406588,0.2057416267942582,0.485301962531081,-0.8743466161445821,1
-0.060251292549807,-0.4818740358401169,-1.3708133971291872,0.8786516853932597,-0.75,2.0,-0.1428571428571428,-0.4285714285714285,-0.5,1.0,-0.5931642778390297,0.8976660682226213,-2.0,1.0,-0.4229828850855748,1.2224938875305602,-0.8571428571428571,0.4285714285714285,-0.2857142857142857,-1.25,2.0,-0.7256603773584904,1.551378446115288,0.5,2.5,-0.18,0.5925925925925926,0.7142857142857143,1.7701149425287357,0.9411764705882354,-0.1123595505617977,2.2142857142857144,0.5681818181818183,-0.4146341463414633,-0.24,1.027027027027027,0.041095890410959,-0.875,-0.1896551724137929,0.0109890109890107,0.2296650717703347,0.485301962531081,-0.8743466161445821,1
-0.2712598803862642,0.3930259570108257,0.3708133971291849,0.3887640449438208,0.125,0.5714285714285714,-0.2857142857142857,-1.1428571428571428,0.5,0.5,0.2995222344726204,1.161579892280072,1.0,1.0,-0.0220048899755487,-0.711491442542787,0.0,-0.2857142857142857,-1.0,0.75,0.0,0.8086792452830188,-0.5506623702112423,0.0,-1.0,-0.54,0.1851851851851851,0.0714285714285714,-0.4137931034482757,0.0588235294117647,-0.7303370786516852,0.0714285714285714,-0.3977272727272727,-0.4634146341463414,-0.56,-0.3918918918918919,-0.3698630136986302,-0.7916666666666666,0.235632183908046,0.3846153846153842,0.4688995215311003,0.485301962531081,-0.8743466161445821,1
-0.0178668631330151,-0.1764323111994937,-1.0861244019138767,0.9191011235955064,-1.25,1.8571428571428572,0.0,-1.4285714285714286,0.0,1.0,-1.5714810731348767,1.6456014362657094,-0.5,1.5,-0.0220048899755487,-0.0904645476772612,-0.4285714285714285,0.0,-0.1428571428571428,-0.625,0.5,-0.3328301886792452,0.5266738274257071,0.5,0.0,0.08,0.1481481481481481,0.0,0.1149425287356321,0.0,0.4044943820224715,0.0,0.4659090909090908,-0.0243902439024393,-0.4160000000000004,0.0135135135135134,-0.7123287671232875,-0.1041666666666666,-0.2643678160919537,-0.1373626373626377,-0.110047846889952,0.299363122973358,-0.9541392564000488,2
0.2133196897791276,0.204228094049186,-0.3923444976076568,0.0202247191011223,0.25,0.8571428571428571,-0.8571428571428571,-0.5714285714285714,0.5,0.0,0.9048144064682104,0.7026929982046679,0.0,0.0,0.5550122249388764,-0.4889975550122245,2.2857142857142856,-0.5714285714285714,-0.8571428571428571,0.625,0.0,1.2781132075471695,-0.7006802721088433,0.0,0.0,-0.6,0.2222222222222222,0.0,0.5632183908045979,0.0,-0.5730337078651686,0.0,-0.5113636363636364,0.4878048780487801,0.0159999999999996,0.891891891891892,-0.6986301369863013,-0.8958333333333334,0.0344827586206897,-0.4505494505494507,-0.3205741626794258,0.299363122973358,-0.9541392564000488,0
-0.2547510196256857,-0.2210303296195837,1.1746411483253576,0.0,0.125,0.0,-0.5714285714285714,0.4285714285714285,1.5,0.0,0.5446527012127894,-0.2991023339317774,2.0,0.0,-0.5110024449877744,-0.0904645476772612,0.1428571428571428,0.2857142857142857,-0.5714285714285714,-0.25,0.0,0.4192452830188677,0.3254564983888291,-0.5,0.0,0.2,0.2037037037037037,2.2142857142857144,2.0344827586206895,0.0,-0.2359550561797753,5.785714285714286,1.659090909090909,-0.2682926829268293,0.0399999999999998,0.0405405405405404,1.506849315068493,-0.0416666666666666,-0.8448275862068964,-0.5164835164835169,-0.1387559808612442,0.299363122973358,-0.9541392564000488,2
-0.1749357312445461,0.2214203826170084,0.588516746411482,0.0202247191011223,1.375,-0.5714285714285714,-1.1428571428571428,-0.8571428571428571,1.0,0.5,1.4634325615582506,0.163375224416517,1.0,0.5,0.2885085574572136,0.6430317848410745,1.2857142857142858,-0.1428571428571428,-0.7142857142857143,-0.75,0.0,0.981132075471698,0.5968492660221981,1.5,0.5,-0.62,0.0,0.0,0.1149425287356321,0.7647058823529412,1.0898876404494378,0.0,0.318181818181818,-0.3008130081300813,0.7360000000000001,-0.1621621621621623,0.219178082191781,-0.6666666666666666,0.8275862068965522,0.8406593406593406,-0.0909090909090908,0.299363122973358,-0.9541392564000488,0
-0.1470501140082089,-0.4208198644191105,-0.0215311004784697,0.7348314606741582,-0.25,1.0,-0.8571428571428571,-0.5714285714285714,0.0,0.0,0.6387357589121648,0.7479353680430882,-0.5,0.5,0.8655256723716388,0.2885085574572108,0.1428571428571428,0.0,-1.0,-0.875,0.5,0.8803773584905656,0.8353025420694591,0.5,1.0,-0.4,-0.6296296296296297,0.8571428571428572,-0.1034482758620687,0.0,-0.0898876404494382,0.0,-0.7840909090909091,0.138211382113821,-0.0400000000000001,0.4324324324324325,0.1095890410958905,0.2708333333333333,-0.1666666666666666,0.2747252747252743,0.4449760765550237,0.1011683219874327,-0.994869323391895,2
-0.2712598803862642,0.0801420860875715,0.0861244019138745,0.4696629213483144,-0.25,1.0,-1.0,-1.4285714285714286,1.5,1.0,0.8507901506798972,1.5956912028725316,1.5,1.5,0.0220048899755509,-0.288508557457213,1.1428571428571428,0.1428571428571428,-0.7142857142857143,0.375,0.5,0.943396226415094,-0.1378446115288219,1.0,0.0,0.14,-0.5555555555555556,0.0,-0.6436781609195401,0.0,-0.2134831460674157,0.0,-0.625,-0.4634146341463414,-0.1360000000000004,-0.3918918918918919,-0.232876712328767,0.75,-0.040229885057471,0.1208791208791206,0.4928229665071768,0.1011683219874327,-0.994869323391895,2
-0.1103255025585451,-0.5308591347622114,-1.6746411483253587,-0.3056179775280905,-0.875,0.0,-0.2857142857142857,-0.5714285714285714,-0.5,0.0,-0.6806321205439175,0.3166965888689406,-1.5,-0.5,0.4669926650366746,-0.3569682151589233,-1.2857142857142858,-0.7142857142857143,1.0,0.5,0.0,-1.6883018867924524,-0.7672753311851055,0.5,0.0,0.06,0.7037037037037037,0.1428571428571428,0.5862068965517242,0.0,0.98876404494382,0.0,1.4886363636363635,-0.1138211382113822,-0.5440000000000002,0.6756756756756754,-0.1917808219178084,-0.75,-0.2816091954022984,0.1263736263736262,-0.2488038277511961,-0.101168321987432,-0.9948693233918952,1
-0.2712598803862642,-0.4193744765434726,0.999999999999998,0.3056179775280885,1.625,2.142857142857143,-1.1428571428571428,-0.8571428571428571,1.0,0.5,1.4869533259830947,1.196768402154399,1.5,1.0,0.3765281173594131,0.843520782396086,1.0,0.8571428571428571,-0.2857142857142857,-0.875,0.0,0.580377358490566,1.10812746151092,0.0,0.5,-0.34,-0.4259259259259259,0.0714285714285714,0.0344827586206897,0.0,-0.9775280898876404,0.0714285714285714,0.0454545454545454,-0.4634146341463414,-0.4560000000000003,-0.3918918918918919,0.4657534246575343,0.1041666666666666,0.3965517241379314,0.5384615384615383,0.2631578947368421,-0.101168321987432,-0.9948693233918952,1
0.0841627327646225,0.5560406450367013,-1.1315789473684223,-0.2449438202247194,-1.125,0.7142857142857143,2.0,-0.5714285714285714,-0.5,1.0,-1.6229327453142226,0.6527827648114901,-1.5,0.0,-0.4009779951100239,-0.2444987775061133,-0.1428571428571428,-0.5714285714285714,0.8571428571428571,0.0,0.0,-0.5803773584905658,-0.3977801646974578,0.0,0.5,-0.1,0.0185185185185185,0.2142857142857143,0.4367816091954023,0.0,-0.3595505617977528,0.0,0.3863636363636363,1.0162601626016257,0.5999999999999998,-0.3243243243243243,0.1232876712328767,-0.1458333333333333,0.7298850574712646,-0.1428571428571433,-0.0909090909090908,-0.101168321987432,-0.9948693233918952,2
-0.2712598803862642,-0.397932026731491,-0.2607655502392343,0.6134831460674158,0.875,-0.1428571428571428,-1.2857142857142858,-0.8571428571428571,-0.5,1.5,1.5762587284086735,0.5131059245960504,-0.5,2.0,0.2885085574572136,2.533007334963322,-0.2857142857142857,1.0,-1.0,-1.0,3.5,0.6290566037735846,1.278553526673827,1.5,4.0,-0.22,-0.5370370370370371,0.0,1.172413793103448,0.0,1.1573033707865166,0.0,1.1704545454545452,-0.4634146341463414,0.1679999999999997,-0.3918918918918919,-0.7260273972602735,0.3541666666666667,-0.0114942528735629,0.1483516483516481,0.698564593301435,-0.2993631229733582,-0.9541392564000488,2
0.6201369132466815,0.3918344457435707,0.0645933014354048,-0.4696629213483164,-0.875,-0.8571428571428571,-0.2857142857142857,0.2857142857142857,0.0,0.5,-0.6806321205439175,-0.9504488330341114,0.5,0.0,-1.4229828850855748,-0.0440097799510996,-1.0,-0.1428571428571428,0.7142857142857143,-0.875,-0.5,-1.2909433962264143,0.7672753311851056,-1.5,0.0,-0.42,0.1851851851851851,0.0,0.6551724137931033,0.7058823529411765,-0.1123595505617977,0.0,-0.2613636363636362,0.6991869918699185,0.0799999999999998,0.7027027027027023,-0.547945205479452,-0.6666666666666666,0.0689655172413794,-0.5604395604395607,0.368421052631579,-0.2993631229733582,-0.9541392564000488,0
-0.0872376998332703,-0.4818740358401169,-0.3038277511961737,0.348314606741572,-0.5,2.0,0.5714285714285714,-0.8571428571428571,0.5,0.0,-0.6806321205439175,1.176301615798923,-0.5,0.0,-0.9559902200489002,-0.4449877750611248,-0.4285714285714285,-1.0,-0.5714285714285714,-0.25,0.5,0.0,-0.6885069817400644,-1.0,0.5,0.02,0.5925925925925926,0.0,0.7471264367816091,0.1176470588235294,-0.4606741573033708,0.2142857142857143,-0.2727272727272727,-0.1951219512195121,-0.3520000000000003,0.8243243243243242,-0.547945205479452,-0.6666666666666666,0.1724137931034483,0.5054945054945053,0.4162679425837322,-0.2993631229733582,-0.9541392564000488,1
0.3361648777447039,-0.3200056831158764,-0.8253588516746424,0.4292134831460676,-0.75,2.2857142857142856,0.8571428571428571,-0.8571428571428571,0.0,0.0,-1.0305034913634692,1.2161579892280072,0.0,0.0,-1.4229828850855748,0.0220048899755487,-1.0,-0.8571428571428571,2.4285714285714284,1.875,0.0,-1.5215094339622637,-1.2126745435016109,-1.0,0.0,0.34,0.7407407407407407,1.5714285714285716,-0.9310344827586206,0.0,0.4494382022471909,0.0,-0.0568181818181818,1.5528455284552845,1.0799999999999998,0.6216216216216215,-0.1095890410958902,-0.5,0.3563218390804599,-0.862637362637363,-0.6889952153110046,-0.4853019625310808,-0.8743466161445822,1
0.1714263099089782,-0.2210303296195837,-0.5645933014354081,0.1438202247191014,-0.5,0.0,-0.2857142857142857,-1.2857142857142858,-0.5,1.0,-0.1903711870635794,1.196768402154399,-0.5,1.5,0.7995110024449881,-0.5330073349633242,-0.1428571428571428,0.0,0.5714285714285714,-0.5,-0.5,-0.471698113207547,0.3977801646974578,1.0,-0.5,-0.38,0.2037037037037037,0.0,-0.8965517241379308,0.0,0.5168539325842693,0.0,0.3295454545454546,1.5934959349593494,1.4,1.0405405405405403,-0.493150684931507,-0.6458333333333334,-0.908045977011494,0.6813186813186809,0.6889952153110049,-0.4853019625310808,-0.8743466161445822,0
-0.2712598803862642,-0.4628545365829436,-0.129186602870814,0.0808988764044935,-0.375,0.0,-0.4285714285714285,-1.4285714285714286,0.0,0.5,0.0543917677324514,1.4689407540394976,0.5,0.5,-0.4009779951100239,1.26650366748166,0.7142857142857143,0.1428571428571428,-0.2857142857142857,-0.625,1.5,0.471698113207547,0.5968492660221981,-1.0,2.0,-0.56,0.0925925925925925,20.78571428571429,1.229885057471264,0.0,0.4157303370786515,20.78571428571429,1.227272727272727,-0.4634146341463414,-0.1600000000000003,-0.3918918918918919,0.191780821917808,-0.7083333333333334,-0.4827586206896551,-0.3021978021978026,-0.6459330143540669,-0.4853019625310808,-0.8743466161445822,0
-0.1031410117749566,-0.1764323111994937,-0.282296650717704,0.1842696629213482,-0.875,1.2857142857142858,0.4285714285714285,-0.7142857142857143,-0.5,1.0,-1.0407938257993383,0.9335727109515262,0.0,1.5,0.0660146699266507,-0.0440097799510996,0.1428571428571428,-0.5714285714285714,0.5714285714285714,-0.125,0.5,-0.290188679245283,-0.3157894736842104,0.5,0.5,0.1,0.1481481481481481,0.0,1.0229885057471266,0.0,0.1685393258426966,0.0,0.5909090909090909,-0.3495934959349595,-0.4160000000000004,0.1216216216216216,-0.273972602739726,-0.0833333333333333,0.3390804597701153,0.4175824175824172,0.6411483253588516,-0.4853019625310808,-0.8743466161445822,1
-0.2712598803862642,-0.2620633338231239,-1.0861244019138767,0.0808988764044935,-0.75,-0.1428571428571428,0.1428571428571428,-1.1428571428571428,-0.5,1.5,-0.7570746049246598,0.8976660682226213,-1.5,1.5,0.5770171149144251,0.843520782396086,-0.8571428571428571,0.0,-0.2857142857142857,-0.875,0.0,-0.7256603773584904,0.8353025420694591,0.5,0.5,0.14,-0.6296296296296297,0.1428571428571428,-0.3103448275862068,5.117647058823529,-0.4494382022471909,0.1428571428571428,-0.2954545454545454,-0.4634146341463414,-0.1280000000000001,-0.3918918918918919,-0.589041095890411,0.8333333333333334,0.6149425287356324,0.7472527472527469,0.2488038277511962,-0.651372482722222,-0.7587581226927911,0
-0.1749357312445461,0.1334033471944289,0.7392344497607636,0.5528089887640447,0.25,1.7142857142857142,-0.8571428571428571,-1.2857142857142858,-0.5,1.0,0.9048144064682104,1.496229802513465,0.0,1.0,-0.4889975550122256,-1.0440097799510997,0.7142857142857143,-1.4285714285714286,0.0,-0.125,0.0,0.2901886792452828,-1.4647332617257427,-0.5,-0.5,-0.62,-0.0185185185185185,0.0714285714285714,-0.0689655172413792,0.0,-0.1235955056179776,0.0,0.3863636363636363,-0.2682926829268293,-0.16,0.1351351351351351,-0.1643835616438355,-0.6458333333333334,0.1091954022988509,0.1318681318681314,0.6028708133971292,-0.651372482722222,-0.7587581226927911,0
-0.1470501140082089,-0.0631219654633012,-0.5861244019138756,-0.0202247191011243,-0.25,-0.1428571428571428,-0.8571428571428571,-1.0,-0.5,0.0,0.6387357589121648,0.6904847396768404,-0.5,-0.5,1.0880195599022018,0.0,0.1428571428571428,1.0,-0.8571428571428571,-0.625,1.0,0.7075471698113206,0.8950948800572859,1.5,1.0,-0.4,-0.5555555555555556,0.0,-0.1264367816091953,0.7647058823529412,0.7303370786516852,0.0,-0.1477272727272726,0.0975609756097558,0.2319999999999999,-0.3513513513513515,0.3424657534246575,0.1875,0.5977011494252877,1.1098901098901095,0.0191387559808615,-0.651372482722222,-0.7587581226927911,1
0.5773936860420177,-0.2091682223475229,-0.9784688995215324,0.2651685393258418,-0.875,1.0,0.4285714285714285,-0.2857142857142857,-0.5,0.0,-1.0407938257993383,0.5522441651705567,-1.5,0.0,-0.5110024449877744,-1.0904645476772612,0.8571428571428571,-1.2857142857142858,0.5714285714285714,1.625,-0.5,0.060754716981132,-1.5148585750089507,-1.0,-1.5,-0.36,-0.1851851851851851,11.142857142857144,0.1379310344827585,0.0,-0.2921348314606742,0.0,0.7840909090909091,0.3658536585365848,-0.1120000000000004,0.3648648648648649,0.5205479452054795,-0.1875,0.8505747126436781,0.4120879120879121,0.4354066985645933,-0.7907757369376986,-0.6121059825476627,1
0.8440597690049007,0.6656759182941511,0.1961722488038273,-1.3887640449438228,-1.125,-1.0,1.4285714285714286,0.7142857142857143,-0.5,-0.5,-1.5714810731348767,-1.2283662477558348,0.0,-1.5,-0.6234718826405868,-0.6674816625916873,-0.2857142857142857,-0.5714285714285714,-1.0,-0.375,0.0,0.6290566037735846,-0.1192266380236304,-0.5,-0.5,0.3,-0.2222222222222222,0.8571428571428572,-0.275862068965517,1.352941176470588,-0.7640449438202246,1.0714285714285714,1.0795454545454546,-0.284552845528455,1.2799999999999998,1.2027027027027026,1.452054794520548,0.5416666666666666,0.4712643678160921,0.6538461538461534,-0.7129186602870812,-0.7907757369376986,-0.6121059825476627,0
-0.2712598803862642,-0.1663120612049825,0.1100478468899506,0.9393258426966288,0.25,2.0,-0.8571428571428571,-1.2857142857142858,1.0,1.0,0.9048144064682104,1.5192100538599644,1.5,1.5,1.6894865525672376,-0.4229828850855739,0.7142857142857143,-0.2857142857142857,0.7142857142857143,0.75,0.0,-0.060754716981132,-0.5506623702112423,1.0,0.0,-0.34,0.0185185185185185,0.0,0.4942528735632184,1.5882352941176472,0.7977528089887637,0.0,0.5,-0.4634146341463414,0.8399999999999999,-0.3918918918918919,-0.356164383561644,-0.3958333333333333,0.6839080459770118,0.8131868131868131,-0.2727272727272726,-0.7907757369376986,-0.6121059825476627,1
-0.2712598803862642,-0.1387941443275054,0.15311004784689,-0.2651685393258438,0.25,0.5714285714285714,-0.7142857142857143,-0.5714285714285714,0.5,1.0,0.7486218302094818,0.5985637342908438,1.0,0.5,-0.0904645476772614,-0.977995110024449,-0.2857142857142857,-0.5714285714285714,0.7142857142857143,-0.5,0.0,-0.6290566037735847,0.0,-0.5,-1.0,-0.46,0.5925925925925926,14.214285714285714,0.7586206896551725,0.0,-0.5168539325842697,14.214285714285714,0.7613636363636365,-0.4634146341463414,0.9280000000000004,-0.3918918918918919,0.767123287671233,-1.1666666666666667,-0.5229885057471262,-0.3406593406593408,0.7272727272727273,-0.8978045395707417,-0.4403941515576342,1
-0.2712598803862642,-0.1755779872681725,-0.15311004784689,-0.2449438202247194,1.0,1.1428571428571428,-0.8571428571428571,-1.4285714285714286,0.0,-0.5,1.1304667401690554,1.6064631956912032,-0.5,-0.5,0.4449877750611258,-1.645476772616134,0.2857142857142857,-1.0,-0.2857142857142857,-0.375,-0.5,0.2694339622641509,-0.5968492660221983,0.5,-1.5,-0.22,-0.037037037037037,1.0,0.9310344827586208,0.0,-0.6853932584269663,1.0,0.931818181818182,-0.4634146341463414,0.3279999999999997,-0.3918918918918919,1.178082191780822,-0.2083333333333333,-0.3160919540229885,-0.1428571428571433,0.54066985645933,-0.8978045395707417,-0.4403941515576342,1
0.2579824367069805,0.0763996505964642,-0.7177033492822981,-0.0606741573033711,-0.875,-0.8571428571428571,-0.4285714285714285,-0.1428571428571428,-0.5,-0.5,-0.5692760014700476,-0.769479353680431,-0.5,0.0,1.0,-0.7775061124694376,1.0,-0.8571428571428571,-0.1428571428571428,0.625,0.0,0.4890566037735849,-0.9377013963480128,0.5,0.0,-0.24,0.2222222222222222,0.0,-0.2413793103448275,0.0,-0.9550561797752808,0.1428571428571428,-0.7272727272727273,1.9593495934959344,1.392,0.2027027027027027,-0.4931506849315069,-0.5208333333333334,0.632183908045977,-0.873626373626374,-0.6459330143540669,-0.8978045395707417,-0.4403941515576342,0
-0.0872376998332703,-0.3728176469807158,0.1961722488038273,-0.2853932584269681,0.625,-0.4285714285714285,-0.2857142857142857,0.4285714285714285,0.5,0.5,0.5446527012127894,-0.598563734290844,0.5,-0.5,-0.9339853300733492,-0.3789731051344743,-0.7142857142857143,-0.5714285714285714,0.2857142857142857,-0.5,1.0,-0.8384905660377356,0.0,-1.0,1.0,0.02,-0.2592592592592592,0.0,0.0459770114942531,3.2941176470588234,-0.0224719101123596,4.357142857142857,-0.7499999999999999,0.1138211382113818,0.1759999999999999,0.5675675675675677,0.1506849315068492,0.2916666666666667,0.2298850574712644,0.7692307692307688,0.904306220095694,-0.8978045395707417,-0.4403941515576342,2
-0.199716539484612,-0.0811322879396277,-0.15311004784689,0.348314606741572,-0.25,-1.2857142857142858,0.2857142857142857,1.0,-0.5,0.0,-0.3303932377802278,-1.6064631956912032,-0.5,0.5,-0.5574572127139361,0.2665036674816621,-0.8571428571428571,-0.4285714285714285,1.1428571428571428,-0.875,1.0,-1.2305660377358487,0.5968492660221981,0.5,1.5,0.86,-0.5370370370370371,0.1428571428571428,0.2413793103448277,9.588235294117649,0.438202247191011,0.0714285714285714,0.7272727272727273,0.2520325203252032,0.9839999999999997,0.1756756756756755,-0.4383561643835615,1.4791666666666667,0.9540229885057472,0.5879120879120873,-0.1339712918660285,-0.8978045395707417,-0.4403941515576342,2
-0.2547510196256857,-0.1102814683773657,-0.2607655502392343,-0.449438202247192,0.0,0.7142857142857143,-0.1428571428571428,-0.2857142857142857,-0.5,-0.5,0.1157662624035284,0.4488330341113106,0.0,-1.0,-0.4229828850855748,-0.5110024449877755,-0.4285714285714285,-0.5714285714285714,-0.1428571428571428,-0.375,-0.5,-0.3328301886792452,-0.1192266380236304,0.0,-0.5,0.2,-0.4444444444444444,0.0,0.2528735632183907,0.0,0.3370786516853932,0.0,0.1249999999999999,-0.2439024390243902,1.5360000000000005,-0.2297297297297298,-0.465753424657534,0.6875,-0.8333333333333331,-0.6208791208791211,0.8325358851674639,-0.968077118866204,-0.2506525322587213,2
-0.2712598803862642,-0.3233950711563327,0.2822966507177019,-0.1213483146067423,-0.25,-0.2857142857142857,0.1428571428571428,-0.5714285714285714,-0.5,0.0,-0.2517456817346561,0.1195691202872531,0.0,0.5,-0.2224938875305629,0.7775061124694354,0.0,-0.2857142857142857,-0.5714285714285714,0.5,0.5,0.3328301886792449,-0.4475474400286429,0.0,1.0,-0.56,0.2037037037037037,0.4285714285714286,1.2988505747126435,11.588235294117649,0.9101123595505614,0.4285714285714286,1.2954545454545454,-0.4634146341463414,0.3199999999999999,-0.3918918918918919,-0.328767123287671,-0.8333333333333334,-0.7126436781609196,-0.5219780219780223,0.2057416267942582,-0.968077118866204,-0.2506525322587213,1
0.3394674263174337,-0.2620633338231239,-0.8038277511961727,0.9191011235955064,-0.75,0.1428571428571428,0.0,-0.8571428571428571,0.5,1.0,-0.6806321205439175,0.6732495511669659,-1.0,1.5,0.2444987775061138,0.5550122249388729,0.4285714285714285,-1.0,-0.8571428571428571,-0.25,0.0,0.8384905660377354,-0.6885069817400644,0.0,0.5,-0.5,-0.6296296296296297,0.0,0.8620689655172413,0.2941176470588235,0.2808988764044943,0.0,-0.7727272727272726,0.6585365853658538,1.2320000000000004,1.5540540540540535,0.547945205479452,0.1666666666666666,0.9425287356321844,0.3021978021978018,-0.291866028708134,-0.9987165071710528,-0.0506491688387135,0
-0.1470501140082089,-0.452760012943232,0.1315789473684203,-0.55056179775281,-0.125,-0.1428571428571428,-0.7142857142857143,-1.0,1.5,-0.5,0.5446527012127894,0.6904847396768404,1.0,-0.5,-0.8459657701711497,-1.0440097799510997,-0.7142857142857143,-0.8571428571428571,0.2857142857142857,0.0,-0.5,-0.8384905660377356,-0.6713211600429645,0.0,-1.5,-0.4,0.037037037037037,0.5,-0.379310344827586,0.0,-0.7865168539325841,19.142857142857142,-0.3863636363636363,0.0487804878048778,0.3440000000000001,-0.3648648648648647,-0.2876712328767125,-0.4791666666666667,0.1264367816091955,-0.065934065934066,0.9186602870813396,-0.9987165071710528,-0.0506491688387135,0
0.6386875070474994,0.2354600951280511,-0.3038277511961737,-0.6539325842696646,0.375,-0.2857142857142857,-0.4285714285714285,-1.0,0.5,-0.5,0.5446527012127894,0.5985637342908438,0.0,-0.5,-0.6234718826405868,-1.26650366748166,0.1428571428571428,-0.7142857142857143,0.0,-0.125,-0.5,0.0,-0.4475474400286429,0.5,-2.0,-0.14,0.2407407407407407,0.6428571428571429,-0.2183908045977009,0.0,1.6404494382022463,0.0,0.0113636363636363,1.3577235772357716,0.112,-0.1351351351351353,1.2602739726027394,-0.4375,0.3793103448275863,-0.7087912087912092,-0.0909090909090911,-0.9987165071710528,-0.0506491688387135,0
-0.1031410117749566,-0.3247877726498663,0.15311004784689,-0.2651685393258438,0.125,-0.8571428571428571,-0.5714285714285714,0.2857142857142857,0.0,-0.5,0.5446527012127894,-0.9504488330341114,0.5,0.0,-0.0684596577017105,-0.5110024449877755,-0.7142857142857143,0.5714285714285714,0.0,0.0,0.0,-0.7075471698113206,0.275331185105621,0.0,-0.5,0.1,-0.0185185185185185,1.7142857142857144,-0.5632183908045975,1.823529411764706,-0.4606741573033708,0.0,0.8863636363636361,1.341463414634146,0.2159999999999999,1.3108108108108103,0.8493150684931505,0.1041666666666666,1.2298850574712648,0.115384615384615,0.5550239234449761,-0.9987165071710528,-0.0506491688387135,1
-0.1749357312445461,0.0082909573148093,-0.5215311004784686,0.6943820224719094,0.0,0.4285714285714285,-0.7142857142857143,-1.0,0.0,-0.5,0.6210951855935319,0.9504488330341117,0.0,0.0,-0.2885085574572115,0.0440097799510996,-0.5714285714285714,0.0,0.1428571428571428,0.5,0.5,-0.6290566037735847,-0.2753311851056212,-0.5,0.5,-0.62,0.1481481481481481,0.0714285714285714,0.2758620689655174,0.0,0.7303370786516852,0.0,0.0340909090909091,0.4878048780487802,-0.2480000000000004,-0.0945945945945944,0.1232876712328767,-0.8333333333333334,0.6206896551724137,0.1098901098901095,0.6794258373205743,-0.9987165071710528,-0.0506491688387135,1
-0.0136468617455039,-0.0121963944509939,0.1100478468899506,-1.3887640449438228,-0.125,-1.0,1.0,2.4285714285714284,-0.5,0.0,-0.544285189268651,-1.4477558348294437,-0.5,-1.0,-0.1124694376528124,-0.6674816625916873,0.5714285714285714,-1.0,-0.8571428571428571,-0.5,-0.5,0.8935849056603772,-0.4883637665592553,0.0,-0.5,0.9,-0.3148148148148148,0.0,0.2528735632183907,4.705882352941177,2.3146067415730327,0.0,-0.4318181818181816,2.032520325203252,1.368,0.432432432432432,2.616438356164383,1.2708333333333333,0.9137931034482762,-0.6538461538461542,-0.3971291866028708,-0.9884683243281114,0.1514277775045766,2
0.0822297791227199,-0.2668456788655916,0.588516746411482,0.1033707865168526,1.25,0.4285714285714285,-1.0,-1.0,0.0,1.0,1.3101800808526278,0.9504488330341117,0.5,1.5,0.6430317848410758,-0.955990220048898,1.0,-0.8571428571428571,-0.8571428571428571,0.25,-0.5,1.0290566037735849,-0.7955603293949157,0.5,-1.0,-0.34,-0.2592592592592592,0.0,0.0229885057471265,0.1176470588235294,0.2921348314606738,0.0714285714285714,-0.2272727272727272,0.9837398373983738,0.0319999999999998,-0.081081081081081,-0.0958904109589042,-0.0833333333333333,-0.3505747126436778,0.8021978021978019,0.3349282296650717,-0.848644257494751,0.5289640103269624,1
-0.13272688166812,-0.4382640144232029,-1.0430622009569372,1.471910112359551,-1.0,0.7142857142857143,1.5714285714285714,0.7142857142857143,-0.5,0.5,-1.4461595001837555,-0.0578096947935368,-0.5,1.0,0.2444987775061138,-0.0904645476772612,0.8571428571428571,1.1428571428571428,-0.7142857142857143,-0.875,0.0,0.8577358490566034,1.1675617615467235,1.5,-0.5,0.12,-0.2962962962962963,0.3571428571428571,0.482758620689655,0.4117647058823529,-0.5617977528089886,4.071428571428572,-0.3068181818181817,-0.1300813008130081,-0.6160000000000002,0.5540540540540537,-0.4657534246575343,0.4375,-0.1551724137931032,-0.2142857142857146,-0.0622009569377989,-0.848644257494751,0.5289640103269624,2
0.0130795117148856,-0.4858670801319916,1.499999999999999,0.1438202247191014,0.25,0.4285714285714285,0.1428571428571428,-0.8571428571428571,1.0,0.5,0.0852627710400587,0.7978456014362656,1.5,1.0,-0.7334963325183373,-0.2444987775061133,-0.7142857142857143,-0.1428571428571428,-0.8571428571428571,-0.5,0.0,0.0,0.3157894736842103,-0.5,0.0,-0.46,0.2037037037037037,1.8571428571428577,0.8620689655172413,0.0,-0.797752808988764,0.2857142857142857,-0.7613636363636362,0.0162601626016261,-0.12,1.5405405405405403,-0.7260273972602738,-0.7291666666666666,0.5057471264367819,0.3186813186813185,0.15311004784689,-0.72479278722912,0.6889669190756865,2
-0.2277640716500081,0.4192171443691861,-0.3253588516746413,0.3685393258426964,0.25,0.0,-1.1428571428571428,-0.7142857142857143,0.5,1.5,1.2796765894891586,0.4488330341113106,0.5,2.0,0.0220048899755509,-0.2444987775061133,0.2857142857142857,0.4285714285714285,-0.5714285714285714,-0.5,0.5,0.4966037735849057,0.5968492660221981,0.0,0.0,-0.54,-0.2222222222222222,0.0,-0.5172413793103448,0.8823529411764706,-0.4044943820224719,0.0,-0.6477272727272726,-0.1626016260162601,0.472,-0.2162162162162164,-0.4383561643835617,-0.3333333333333333,0.0977011494252875,0.0494505494505489,-0.54066985645933,-0.72479278722912,0.6889669190756865,0
0.615574839204865,0.2738169257221069,-0.3038277511961737,0.1842696629213482,-0.5,-1.1428571428571428,0.5714285714285714,1.2857142857142858,0.5,-0.5,-0.6806321205439175,-1.4689407540394976,0.0,0.0,-0.6454767726161378,-0.6454767726161363,-0.4285714285714285,0.0,0.1428571428571428,0.0,0.5,-0.4966037735849055,0.0,0.0,0.5,0.3,0.2407407407407407,0.8571428571428572,-0.7241379310344825,0.0,-0.2471910112359551,0.0,-0.5,0.024390243902439,-0.1920000000000003,-0.1486486486486488,-0.4246575342465752,0.0208333333333333,-0.1149425287356322,0.3791208791208786,-0.1387559808612439,-0.72479278722912,0.6889669190756865,2
0.1491831729842909,-0.5248571906194948,1.1100478468899506,-0.5932584269662935,0.75,-0.8571428571428571,-0.5714285714285714,1.1428571428571428,0.5,0.5,0.810731348768835,-1.170915619389587,1.0,0.5,-0.3569682151589241,-0.7555012224938866,-0.1428571428571428,-0.8571428571428571,0.0,-0.125,0.5,-0.1886792452830187,-0.5968492660221983,0.0,-1.0,-0.48,-0.5555555555555556,1.6428571428571428,-0.379310344827586,0.0,0.595505617977528,0.0,0.4886363636363635,0.5691056910569106,0.208,0.6216216216216213,-0.5890410958904105,0.1041666666666666,0.770114942528736,0.1978021978021975,0.1770334928229666,-0.72479278722912,0.6889669190756865,1
0.1897552658395452,-0.2008411298282056,-0.7392344497607657,0.1438202247191014,0.0,0.4285714285714285,-0.1428571428571428,-0.8571428571428571,0.5,0.0,0.1157662624035284,0.7978456014362656,0.0,0.0,1.2665036674816628,-0.9339853300733494,1.7142857142857142,-1.0,0.8571428571428571,0.25,-0.5,0.2418867924528303,-0.9477264590046542,1.0,-1.5,-0.58,-0.4259259259259259,3.714285714285715,-0.3908045977011492,8.411764705882353,-0.2471910112359551,0.9285714285714288,-0.6704545454545454,0.3333333333333331,-0.0240000000000003,-0.0405405405405404,-0.2191780821917807,-0.1458333333333333,0.5229885057471265,0.1208791208791206,0.110047846889952,-0.5712682150947924,0.8207634412072763,0
0.005678680200966,-0.0326754754658735,0.4354066985645919,-0.4696629213483164,0.0,-0.4285714285714285,-0.2857142857142857,-0.1428571428571428,1.0,0.0,0.2219772142594634,-0.3166965888689408,1.0,0.0,0.9095354523227386,-0.4669926650366736,0.7142857142857143,0.0,-1.4285714285714286,-0.75,0.0,1.6509433962264146,0.6713211600429645,2.5,0.0,-0.38,-0.6666666666666666,0.0,-0.8390804597701147,0.0,0.1235955056179772,0.0,-0.5795454545454545,0.861788617886179,-0.2,-0.1081081081081082,0.1232876712328765,0.3333333333333333,-0.1551724137931032,0.9065934065934066,0.3588516746411483,-0.5712682150947924,0.8207634412072763,2
-0.2712598803862642,-0.3518861522612154,0.1100478468899506,0.2651685393258418,-0.75,-0.1428571428571428,-0.7142857142857143,0.0,0.0,-0.5,-0.0679897096655639,-0.1795332136445242,0.5,0.0,0.3545232273838644,0.2004889975550115,0.7142857142857143,-0.1428571428571428,-0.2857142857142857,-0.75,1.5,0.471698113207547,0.5968492660221981,0.0,1.0,-0.56,-0.4629629629629629,0.8571428571428572,0.471264367816092,0.2352941176470588,-0.3258426966292134,0.8571428571428572,0.4772727272727273,-0.4634146341463414,0.5279999999999999,-0.3918918918918919,0.1917808219178082,-0.0833333333333333,-0.3563218390804595,-0.1813186813186815,0.6267942583732058,-0.3943558551133187,0.9189578116202306,1
0.0682932763116188,0.0495394728403002,-0.217703349282297,0.1438202247191014,-0.25,0.2857142857142857,0.8571428571428571,-0.7142857142857143,1.0,0.0,-0.5825064314590223,0.5985637342908438,0.5,0.5,-0.5574572127139361,0.2665036674816621,-0.7142857142857143,0.7142857142857143,0.8571428571428571,-0.375,0.5,-1.0290566037735849,0.5968492660221981,-0.5,0.5,0.1,-0.074074074074074,0.0714285714285714,-0.7241379310344825,0.8235294117647058,-0.0112359550561799,0.0,0.0340909090909091,0.0650406504065038,-0.0400000000000001,0.4864864864864864,-0.7260273972602738,0.1666666666666666,-0.2643678160919537,0.2637362637362636,0.3636363636363636,-0.3943558551133187,0.9189578116202306,2
-0.1228430685870205,-0.4169672450113909,0.2607655502392343,1.0426966292134834,-0.625,1.0,0.8571428571428571,-0.7142857142857143,0.0,0.5,-0.9033443586916572,0.858527827648115,0.5,1.0,0.4889975550122256,0.6674816625916852,1.4285714285714286,1.4285714285714286,0.1428571428571428,-1.0,0.0,0.471698113207547,1.342642320085929,0.5,0.5,-0.48,-0.4074074074074074,0.0714285714285714,-0.4367816091954021,0.0,0.1685393258426966,0.0,0.3409090909090911,-0.2601626016260162,0.5760000000000001,0.5135135135135136,-0.5753424657534245,-0.0625,-0.2643678160919537,-0.0879120879120883,0.7320574162679424,0.3943558551133185,0.9189578116202306,2
0.4765293129671051,-0.2510137174450845,0.3708133971291849,-0.674157303370789,0.0,-0.4285714285714285,-0.2857142857142857,0.1428571428571428,0.0,0.5,0.2219772142594634,-0.4725314183123878,0.5,0.0,-0.6014669926650359,0.6430317848410745,-1.2857142857142858,-0.5714285714285714,0.2857142857142857,-0.75,0.5,-1.6173584905660372,0.2982456140350878,-0.5,1.0,0.36,-0.0555555555555555,0.0,0.6781609195402301,0.0,0.4606741573033704,0.0,-0.0454545454545454,0.3333333333333331,0.1519999999999999,0.4729729729729732,-0.1095890410958905,0.4166666666666667,0.1724137931034483,-0.1703296703296708,-0.2870813397129186,0.3943558551133185,0.9189578116202306,0
0.2382592496473656,0.277361457376156,-0.3038277511961737,1.0831460674157305,-0.25,1.7142857142857142,1.2857142857142858,0.8571428571428571,3.5,1.0,-0.7243660418963614,0.2301615798922802,0.5,1.0,0.6650366748166269,0.8875305623471856,0.7142857142857143,0.5714285714285714,-1.0,-1.25,2.0,1.092452830188679,1.5664160401002505,1.0,2.5,-0.36,-0.6666666666666666,0.2142857142857143,-0.6666666666666664,0.0,0.5617977528089886,0.5714285714285715,0.2727272727272727,0.0406504065040648,0.2080000000000001,0.7027027027027025,-0.36986301369863,0.3541666666666667,0.1091954022988509,-0.0769230769230772,0.8229665071770336,0.3943558551133185,0.9189578116202306,0
0.4540397683550061,0.2806881664758744,0.4138755980861243,-0.7550561797752826,0.125,-0.7142857142857143,-0.7142857142857143,-0.8571428571428571,0.5,-0.5,0.6887173833149578,0.0,1.0,-0.5,0.8655256723716388,0.2224938875305624,0.4285714285714285,0.7142857142857143,0.0,-0.625,1.5,0.1573584905660375,0.8138202649480841,2.0,1.5,0.32,-0.2962962962962963,0.1428571428571428,-0.689655172413793,0.5882352941176471,-0.5056179775280898,0.0,0.318181818181818,1.1463414634146338,0.56,0.7837837837837835,0.2191780821917805,0.6458333333333334,0.9770114942528736,0.0054945054945051,0.1387559808612439,0.5712682150947923,0.8207634412072763,2
0.1420953655863066,-0.2113586380682347,0.2392344497607646,-0.5932584269662935,-0.125,-0.7142857142857143,0.4285714285714285,0.8571428571428571,0.5,-0.5,-0.3076074972436602,-0.9791741472172352,0.5,-0.5,0.4205378973105129,0.1784841075794606,-0.7142857142857143,-0.8571428571428571,-0.2857142857142857,-0.75,0.0,-0.5392452830188679,0.0,1.0,0.5,0.02,-0.6111111111111112,2.0714285714285716,-0.5402298850574712,1.5294117647058825,0.7191011235955053,0.0,0.056818181818182,0.170731707317073,0.5119999999999997,0.2972972972972974,0.0821917808219175,0.6875,0.8160919540229887,0.5109890109890108,0.0334928229665073,0.5712682150947923,0.8207634412072763,2
0.0822297791227199,-0.2589950911935538,0.4999999999999989,0.3685393258426964,0.375,1.4285714285714286,-0.1428571428571428,0.1428571428571428,0.5,0.5,0.3314957736126426,0.4488330341113106,0.5,0.5,0.3325183374083134,0.6430317848410745,-0.1428571428571428,0.5714285714285714,-0.4285714285714285,-0.875,2.0,0.110943396226415,1.036519871106337,1.0,1.0,-0.34,-0.6666666666666666,0.0,-0.1264367816091953,0.2941176470588235,0.6516853932584269,6.071428571428572,2.386363636363636,1.48780487804878,0.2799999999999999,2.581081081081081,1.3013698630136985,0.375,-0.408045977011494,1.0879120879120878,0.4354066985645933,0.9377521321470804,0.3473052528448203,0
-0.2712598803862642,-0.3448345476132183,1.1746411483253576,0.3056179775280885,-0.25,-0.7142857142857143,-0.5714285714285714,-0.2857142857142857,1.5,0.5,0.2995222344726204,-0.5131059245960504,2.0,1.0,0.3105134474327624,0.843520782396086,-0.2857142857142857,0.2857142857142857,0.1428571428571428,0.0,1.5,-0.3773584905660375,0.1493018259935551,0.5,2.0,-0.56,-0.2962962962962963,1.7142857142857144,1.367816091954023,0.1176470588235294,0.7415730337078648,1.7142857142857144,1.3636363636363638,-0.4634146341463414,-0.4080000000000002,-0.3918918918918919,-0.0410958904109585,-0.2708333333333333,-0.3160919540229885,-0.1428571428571433,0.1004784688995215,0.9884683243281114,0.1514277775045767,1
-0.2712598803862642,-0.2113586380682347,0.1100478468899506,1.1033707865168547,1.0,-0.1428571428571428,-0.5714285714285714,-0.7142857142857143,0.5,1.5,0.8875413450937157,0.3590664272890484,0.5,2.0,0.2444987775061138,0.5770171149144239,-0.8571428571428571,0.4285714285714285,0.0,-0.25,0.5,-0.8803773584905659,0.389187253848908,1.0,0.5,-0.56,-0.4074074074074074,1.2142857142857144,-0.0344827586206895,0.0,0.5393258426966292,1.2142857142857144,-0.0227272727272726,-0.4634146341463414,0.9439999999999996,-0.3918918918918919,-0.0410958904109587,-0.1458333333333333,-0.436781609195402,-0.2582417582417584,0.8086124401913874,0.7907757369376989,-0.6121059825476626,0
-0.1536256305737202,-0.2800123727184551,1.5454545454545447,0.123595505617977,0.5,-0.1428571428571428,-0.5714285714285714,-0.7142857142857143,2.0,-0.5,0.7195883866225655,0.3590664272890484,2.5,0.0,1.044009779951102,0.955990220048898,1.1428571428571428,0.4285714285714285,-0.5714285714285714,-1.0,1.5,0.8301886792452827,1.158252774794128,1.0,2.0,-0.34,-0.6666666666666666,8.357142857142858,0.5632183908045979,0.0,-0.1235955056179776,8.642857142857142,0.6250000000000001,-0.0731707317073172,-0.2160000000000004,-0.3243243243243243,0.123287671232877,0.375,-0.3793103448275859,0.0604395604395601,-0.0382775119617223,0.9377521321470804,0.3473052528448203,2
-0.1015102303671225,-0.4488650132722509,0.717703349282296,1.1640449438202258,0.0,0.4285714285714285,-0.8571428571428571,-0.4285714285714285,0.0,1.0,0.7894156560088202,0.4272890484739677,0.5,1.5,1.3765281173594133,0.132029339853299,1.2857142857142858,0.5714285714285714,-1.2857142857142858,-0.375,0.0,1.5275471698113203,0.5449337629788756,1.0,0.0,-0.48,-0.6296296296296297,0.0714285714285714,-0.1379310344827585,0.0,-0.5393258426966292,0.0,-0.8522727272727272,0.2682926829268291,-0.2560000000000001,0.4729729729729729,-0.3561643835616437,0.1875,-0.6264367816091954,-0.4945054945054949,-0.478468899521531,0.9884683243281114,0.1514277775045767,2
-0.142120140699129,-0.4195721185085288,-0.8038277511961727,1.4516853932584288,-0.5,0.7142857142857143,0.0,-0.7142857142857143,0.0,2.0,-0.3921352443954427,0.7694793536804311,-0.5,2.5,-0.6674816625916866,0.7995110024449863,0.1428571428571428,0.0,0.5714285714285714,-0.875,0.0,-0.290188679245283,0.8353025420694591,-0.5,0.5,-0.34,-0.5370370370370371,0.1428571428571428,1.114942528735632,0.0,-0.6067415730337078,0.0,-0.7272727272727273,-0.1707317073170731,-0.2320000000000002,1.7972972972972971,-0.5890410958904108,0.2291666666666666,-0.6494252873563218,-0.2637362637362639,-0.7416267942583731,0.8978045395707416,-0.4403941515576344,1
0.0216456237189979,-0.43326264920846,0.0645933014354048,0.8786516853932597,-0.125,1.1428571428571428,-0.4285714285714285,-0.5714285714285714,0.5,0.5,0.2561558250643145,0.7899461400359067,0.5,1.0,0.5330073349633254,1.3545232273838592,0.7142857142857143,1.1428571428571428,0.0,-1.125,0.5,0.2901886792452828,1.4493376297887577,0.5,1.0,-0.62,-0.6296296296296297,0.0,0.1724137931034482,0.0,-0.3146067415730337,0.0,-0.6363636363636362,0.2276422764227642,-0.4400000000000001,0.5810810810810809,-0.3424657534246575,0.0416666666666666,-0.7068965517241378,-0.0494505494505497,-0.6555023923444975,0.8978045395707416,-0.4403941515576344,2
-0.2712598803862642,-0.1319562537420343,-1.1315789473684223,-1.7775280898876438,-0.25,-1.0,-1.1428571428571428,0.0,-0.5,-0.5,1.1014332965821392,-1.0258527827648116,-1.0,-2.0,-0.0220048899755487,0.2004889975550115,0.5714285714285714,1.5714285714285714,0.2857142857142857,-0.625,1.0,0.0698113207547168,1.0229144289294665,0.0,1.0,0.22,0.4629629629629629,0.5714285714285715,-0.2413793103448275,0.0,0.1011235955056178,0.5714285714285715,-0.2272727272727272,-0.4634146341463414,-0.3280000000000002,-0.3918918918918919,-0.3287671232876712,-0.3125,0.7528735632183909,0.8791208791208788,0.6172248803827753,0.9680771188662044,-0.2506525322587204,1
0.4835084945407124,0.5129644452026476,-0.5430622009569384,-1.0629213483146098,0.25,-0.1428571428571428,-0.7142857142857143,0.0,-0.5,0.0,0.7486218302094818,-0.1795332136445242,-0.5,-1.0,-1.2909535452322731,-0.8239608801955992,-0.5714285714285714,-0.8571428571428571,0.4285714285714285,-0.25,-0.5,-0.7547169811320753,-0.5116362334407447,-2.0,-1.0,2.22,0.5,0.1428571428571428,-0.2183908045977009,0.0588235294117647,0.235955056179775,0.5714285714285715,-0.2272727272727272,1.3008130081300806,-0.3840000000000004,-0.3648648648648647,-0.1643835616438357,1.7291666666666667,0.7528735632183909,-0.3131868131868133,0.5167464114832534,0.9680771188662044,-0.2506525322587204,2
0.5211215443431122,0.3501471819819887,-0.8038277511961727,0.0808988764044935,0.0,0.0,-1.2857142857142858,-0.2857142857142857,-0.5,0.0,1.4634325615582506,0.0944344703770197,-0.5,0.5,-0.9559902200489002,-0.1124694376528121,-0.8571428571428571,-0.2857142857142857,0.0,-0.75,-0.5,-0.8803773584905659,0.5116362334407447,-0.5,0.0,-0.28,1.7222222222222223,2.5714285714285716,0.3103448275862068,5.411764705882352,-0.842696629213483,0.0,0.0340909090909091,0.1300813008130083,-0.2480000000000003,-0.0540540540540543,0.2876712328767122,-2.25,0.3965517241379314,0.4560439560439559,0.1387559808612439,0.8978045395707416,-0.4403941515576344,1
0.6787000984754546,-0.2452796989090318,0.3253588516746392,0.2853932584269661,-0.5,0.1428571428571428,0.0,-1.1428571428571428,0.5,1.5,-0.3921352443954427,1.0258527827648114,1.0,2.0,0.2224938875305629,-0.7334963325183357,0.4285714285714285,-1.2857142857142858,-0.8571428571428571,0.0,-0.5,0.8384905660377354,-1.2395273899033297,0.5,-0.5,-0.52,0.5185185185185185,0.0,-0.2643678160919538,0.0,0.2247191011235954,0.0,-0.3636363636363635,1.7967479674796745,-0.4000000000000001,-0.2567567567567568,-0.0136986301369862,-1.1458333333333333,0.6839080459770118,-0.7142857142857147,0.937799043062201,0.8978045395707416,-0.4403941515576344,1
-0.1113577464727241,0.2144355124806266,-0.15311004784689,-1.0629213483146098,-0.5,0.0,-0.1428571428571428,-0.4285714285714285,0.0,0.0,-0.2976846747519293,0.1996409335727109,0.5,-0.5,-0.3789731051344751,0.3545232273838614,0.4285714285714285,-0.5714285714285714,0.2857142857142857,0.75,0.5,0.0,-0.7457930540637305,-0.5,1.0,-0.12,-0.2407407407407407,0.0,-0.3563218390804596,0.0,0.4719101123595504,0.0,-0.5909090909090908,-0.1300813008130083,1.152,-0.0945945945945947,0.5616438356164383,0.125,0.8390804597701151,0.934065934065934,-0.3301435406698563,0.7907757369376989,-0.6121059825476626,1
0.6278946330073841,-0.0203022100755457,-0.4354066985645941,-0.8786516853932597,-0.25,-0.1428571428571428,-0.4285714285714285,-0.1428571428571428,-0.5,-0.5,0.1617052554208013,-0.0944344703770197,-0.5,-0.5,-1.2224938875305629,0.1907090464547659,0.0,-0.2857142857142857,-0.5714285714285714,-0.625,2.0,0.3328301886792449,0.3580379520229143,-1.0,0.5,0.5,0.2962962962962963,3.5714285714285716,0.5172413793103448,0.0,-0.4269662921348314,0.0,0.4431818181818182,2.5284552845528445,-0.0320000000000001,-0.2972972972972974,0.273972602739726,0.1666666666666666,1.017241379310345,-0.8901098901098903,0.8612440191387559,0.6513724827222223,-0.758758122692791,2
-0.2712598803862642,0.2433688771625153,-0.1076555023923443,-1.0629213483146098,0.25,-0.1428571428571428,0.0,-1.2857142857142858,0.5,-0.5,0.1716280779125324,1.1425493716337525,0.5,-1.0,-1.2444987775061118,-0.4889975550122245,-0.4285714285714285,0.2857142857142857,-0.1428571428571428,-0.75,-0.5,-0.3328301886792452,0.7955603293949156,-0.5,-0.5,0.22,1.962962962962963,0.0,-0.2643678160919538,0.0,-0.0449438202247191,0.0,-0.2499999999999999,-0.4634146341463414,0.8639999999999999,-0.3918918918918919,-0.4794520547945205,-2.0,0.6781609195402302,0.8076923076923075,-0.2918660287081338,0.485301962531081,-0.8743466161445821,1
0.7214157238198362,-0.1319562537420343,0.4999999999999989,-1.2674157303370803,-0.125,-0.5714285714285714,-0.4285714285714285,0.4285714285714285,0.0,-0.5,0.2561558250643145,-0.7181328545780971,0.5,-2.0,-0.977995110024449,-0.0440097799510996,0.0,0.4285714285714285,0.2857142857142857,0.25,-0.5,-0.2460377358490564,0.066237021124239,-0.5,0.0,0.64,0.4629629629629629,0.0,0.1379310344827585,0.0,-0.2921348314606742,0.0,-0.2499999999999999,-0.1382113821138212,-0.2479999999999998,0.0810810810810808,-0.7260273972602738,0.125,0.6781609195402302,0.5879120879120877,0.8133971291866028,0.485301962531081,-0.8743466161445821,2
-0.1606228641243638,-0.2452796989090318,-0.1961722488038294,-0.6134831460674178,-0.875,-0.7142857142857143,-0.2857142857142857,0.5714285714285714,0.0,-0.5,-0.6806321205439175,-0.8976660682226213,0.5,0.0,-1.0,0.2004889975550115,-0.7142857142857143,0.2857142857142857,0.0,-0.75,0.0,-0.7075471698113206,0.7955603293949156,-0.5,0.5,1.04,0.5185185185185185,18.571428571428573,-0.3448275862068965,2.1764705882352944,0.5617977528089886,1.2857142857142858,-0.2954545454545454,-0.1219512195121952,-0.1680000000000002,-0.3513513513513512,0.315068493150685,0.4791666666666667,0.6149425287356324,0.978021978021978,1.019138755980861,0.299363122973358,-0.9541392564000488,0
0.5211215443431122,0.1412183847187405,0.6100478468899517,-0.7550561797752826,0.5,0.1428571428571428,-0.1428571428571428,-1.4285714285714286,0.0,-0.5,0.3914002205071666,1.496229802513465,0.5,-0.5,0.3545232273838644,0.0,0.2857142857142857,-1.2857142857142858,-0.2857142857142857,-0.25,0.5,0.2694339622641509,-1.1392767633369136,0.5,1.0,-0.28,0.8148148148148148,0.0,0.6436781609195403,0.0,0.2584269662921348,0.0,-0.0113636363636363,0.1951219512195121,-0.1440000000000003,0.3918918918918919,-0.3972602739726025,-1.2291666666666667,0.4770114942528738,0.6978021978021975,0.9186602870813396,0.299363122973358,-0.9541392564000488,0
0.5122868413194539,0.2144355124806266,0.3492822966507173,-1.000000000000002,-0.625,-0.5714285714285714,-0.1428571428571428,0.8571428571428571,-0.5,-0.5,-0.4355016538037484,-0.858527827648115,0.0,-1.0,-0.4889975550122256,-0.4009779951100252,-1.0,0.2857142857142857,0.2857142857142857,0.25,-0.5,-1.1792452830188676,0.0,-0.5,-0.5,2.0,-0.2407407407407407,0.0,-0.0229885057471263,0.0,0.3820224719101121,0.0,-0.5568181818181818,0.1544715447154465,1.6960000000000002,0.2567567567567568,0.410958904109589,2.3333333333333335,1.0229885057471269,1.192307692307692,-0.5023923444976076,0.1011683219874327,-0.994869323391895,2
0.6278946330073841,0.2694635964006942,-0.9784688995215324,-0.4089887640449452,-0.5,-0.1428571428571428,0.0,-0.5714285714285714,-0.5,-0.5,-0.3921352443954427,0.2244165170556553,-0.5,-0.5,-0.3569682151589241,-0.0904645476772612,0.5714285714285714,0.0,-0.4285714285714285,-0.125,-0.5,0.5147169811320752,0.0852130325814537,-0.5,0.0,0.5,1.4074074074074074,0.0,-0.0804597701149424,0.0,2.5505617977528083,0.0,-0.1249999999999999,2.2601626016260155,-0.32,-0.3243243243243243,2.5342465753424657,-1.0833333333333333,0.9252873563218396,-0.7967032967032971,0.9282296650717702,-0.101168321987432,-0.9948693233918952,1
-0.2712598803862642,0.5129644452026476,1.0215311004784675,-0.1011235955056179,0.625,0.4285714285714285,0.0,-0.1428571428571428,1.5,0.5,0.3561190738699007,0.2341113105924597,1.5,0.5,-0.4449877750611237,0.5770171149144239,-0.5714285714285714,-0.1428571428571428,-0.2857142857142857,-0.5,0.0,-0.3773584905660375,0.3157894736842103,-0.5,0.5,0.22,0.5,0.2857142857142857,-0.2528735632183907,0.0,0.1797752808988761,0.2857142857142857,-0.2386363636363635,-0.4634146341463414,-0.512,-0.3918918918918919,-0.219178082191781,-0.3541666666666667,0.522988505747127,0.6593406593406593,0.401913875598086,-0.2993631229733582,-0.9541392564000488,0
0.1032365626301597,0.2677254890074106,0.3038277511961716,-0.9797752808988776,-0.25,0.0,-0.5714285714285714,0.2857142857142857,0.0,0.0,0.2995222344726204,-0.2341113105924595,0.5,-0.5,-1.2665036674816628,-1.26650366748166,0.0,-0.5714285714285714,0.7142857142857143,-0.125,-0.5,-0.4354716981132074,-0.3157894736842104,-1.5,-0.5,0.6,1.962962962962963,0.0,0.1609195402298852,5.352941176470588,-0.0674157303370787,0.0,-0.1136363636363636,-0.2113821138211381,0.5039999999999999,-0.0540540540540538,-0.6712328767123288,-1.6041666666666667,0.4080459770114943,0.7197802197802194,-0.3014354066985646,-0.2993631229733582,-0.9541392564000488,0
0.5581356603856545,0.2859918422482154,0.0215311004784675,-0.9393258426966308,-0.375,-0.1428571428571428,0.1428571428571428,0.1428571428571428,0.5,-0.5,-0.3579566335905916,-0.2563734290843807,0.5,-0.5,0.0660146699266507,0.689486552567236,-0.1428571428571428,0.5714285714285714,-1.0,-0.25,0.0,0.7256603773584904,0.4475474400286429,0.0,0.5,1.94,-0.3518518518518518,2.428571428571429,-0.8045977011494252,0.0,0.2921348314606738,0.0,-0.2954545454545454,-0.2601626016260164,0.128,0.1891891891891892,-0.0136986301369864,2.3958333333333335,0.2701149425287358,0.4890109890109885,0.909090909090909,-0.4853019625310808,-0.8743466161445822,0
0.1122083857372382,0.5177032466007022,-0.5430622009569384,-1.000000000000002,-0.75,-0.7142857142857143,0.4285714285714285,0.0,0.0,-0.5,-0.8846012495406099,-0.6732495511669659,0.0,-0.5,-0.5110024449877744,-0.7334963325183357,-0.4285714285714285,-0.4285714285714285,0.5714285714285714,-0.875,-0.5,-0.6860377358490565,0.5968492660221981,-1.0,-0.5,0.66,1.3148148148148149,1.2142857142857144,-0.0689655172413792,3.8823529411764706,0.0561797752808988,0.0,-0.4886363636363635,0.0894308943089427,-0.2480000000000001,0.1216216216216214,-0.0684931506849315,-0.8125,0.7931034482758624,1.082417582417582,0.803827751196172,-0.4853019625310808,-0.8743466161445822,2
0.5247672089342637,0.1852888285310695,-1.3253588516746413,-0.9393258426966308,0.0,-0.1428571428571428,-0.2857142857142857,0.5714285714285714,0.0,-0.5,0.2219772142594634,-0.4488330341113106,-0.5,-0.5,-0.4229828850855748,0.3325183374083127,-0.8571428571428571,0.1428571428571428,-0.2857142857142857,-0.25,0.0,-0.7256603773584904,0.2556390977443609,0.0,0.5,1.96,0.8148148148148148,7.642857142857143,-0.7241379310344825,0.0,0.3146067415730337,0.2142857142857143,-0.5681818181818181,0.3333333333333332,-0.184,-0.2297297297297298,0.3424657534246577,1.1041666666666667,0.5977011494252877,0.1923076923076919,0.9952153110047844,-0.4853019625310808,-0.8743466161445822,1
-0.1606228641243638,0.4645592609053813,-0.5645933014354081,-0.1842696629213502,0.25,-0.8571428571428571,-0.7142857142857143,-0.4285714285714285,0.0,0.0,0.7486218302094818,-0.598563734290844,0.0,0.5,0.2885085574572136,0.0880195599021993,0.7142857142857143,0.0,-0.5714285714285714,-0.75,0.0,0.6860377358490563,0.6713211600429645,1.0,0.5,1.04,-0.5740740740740741,3.2857142857142856,-0.4252873563218389,0.0,-0.7640449438202246,0.2142857142857143,-0.5681818181818181,-0.1707317073170731,1.224,-0.2027027027027027,-0.5342465753424658,1.7083333333333333,0.5977011494252877,0.9285714285714282,-0.5741626794258372,-0.4853019625310808,-0.8743466161445822,0
0.6095227588401095,0.1257557673351199,0.4999999999999989,-0.5303370786516876,0.375,-1.0,-0.5714285714285714,0.2857142857142857,0.0,-0.5,0.6670341786108048,-1.1220825852782763,0.5,-0.5,-1.4669926650366747,-0.0660146699266505,-0.7142857142857143,-0.2857142857142857,0.5714285714285714,-0.625,-0.5,-0.943396226415094,0.3580379520229143,-1.0,0.0,-0.16,1.4814814814814814,2.285714285714286,0.3678160919540229,0.0,1.1797752808988762,0.2857142857142857,-0.3863636363636363,1.73170731707317,0.376,0.5135135135135134,1.178082191780822,-1.8541666666666667,0.6551724137931039,-0.697802197802198,-0.0191387559808615,-0.651372482722222,-0.7587581226927911,1
0.5122868413194539,-0.4307312863333923,-0.8923444976076557,0.3280898876404496,-0.625,-0.5714285714285714,0.5714285714285714,-0.2857142857142857,-0.5,-0.5,-0.8030135979419329,-0.3590664272890484,-0.5,0.0,0.2004889975550119,0.3765281173594123,0.7142857142857143,0.2857142857142857,-0.8571428571428571,-1.0,0.0,0.943396226415094,1.1188686000716077,1.0,0.5,2.0,-0.2037037037037037,0.0,0.4022988505747126,0.0,0.0898876404494382,0.0,0.0,0.0406504065040648,-0.5760000000000003,0.0945945945945944,-0.6164383561643832,2.2916666666666665,0.6609195402298851,1.1318681318681316,0.7751196172248804,-0.651372482722222,-0.7587581226927911,2
0.1445975727965197,0.4222893160441822,0.2392344497607646,0.3887640449438208,0.75,-0.4285714285714285,-0.7142857142857143,0.1428571428571428,0.5,0.0,0.9342153619992652,-0.4725314183123878,0.0,0.5,-0.5110024449877744,0.132029339853299,0.1428571428571428,0.0,-0.8571428571428571,-0.125,-0.5,0.7075471698113206,0.0852130325814537,-0.5,0.0,-0.02,-0.1481481481481481,0.0,-0.6091954022988504,0.0,-0.696629213483146,0.5714285714285715,-0.2045454545454544,0.3495934959349595,2.2800000000000007,0.0675675675675675,-0.1780821917808217,0.125,1.0229885057471269,0.9285714285714282,-0.8516746411483253,-0.7907757369376986,-0.6121059825476627,1
0.3530813268327121,-0.5961335372776473,-0.6076555023923453,0.44943820224719,-0.75,0.0,1.0,0.0,0.5,-0.5,-1.0701947813303931,-0.0854578096947935,0.0,0.0,-0.0904645476772614,-0.6234718826405855,-0.7142857142857143,0.1428571428571428,0.0,-0.5,-0.5,-0.7075471698113206,0.4711779448621555,0.5,-0.5,1.8,1.2592592592592593,0.0,0.0689655172413794,1.4705882352941178,-0.4157303370786517,0.6428571428571429,0.1704545454545456,-0.2764227642276425,-0.6000000000000006,-0.2837837837837837,-0.0684931506849312,0.4375,1.0517241379310345,1.038461538461538,0.8947368421052632,-0.7907757369376986,-0.6121059825476627,2
0.2625185375649044,0.2821352714025262,-0.6315789473684214,0.1842696629213482,0.625,0.0,-0.5714285714285714,-0.5714285714285714,0.0,0.0,0.7673649393605292,0.3166965888689406,0.0,0.5,-1.7555012224938882,-0.3789731051344743,-0.4285714285714285,0.4285714285714285,-0.2857142857142857,-0.375,-0.5,-0.2358490566037735,0.488363766559255,-2.0,-0.5,0.42,1.4074074074074074,0.0,0.1264367816091955,0.0,0.6516853932584269,0.5714285714285715,-0.2045454545454544,0.1707317073170728,-0.0480000000000004,0.0135135135135134,0.315068493150685,-1.1666666666666667,1.0229885057471269,0.7967032967032963,0.8564593301435405,-0.7907757369376986,-0.6121059825476627,1
0.4723448107053747,0.4069867005258143,-0.6746411483253587,0.1842696629213482,-0.625,-0.2857142857142857,0.8571428571428571,0.4285714285714285,0.0,0.0,-0.9033443586916572,-0.4897666068222622,0.0,0.5,0.9559902200489002,-0.9339853300733494,-0.1428571428571428,-0.5714285714285714,-0.5714285714285714,-0.125,-0.5,0.2358490566037735,-0.3157894736842104,2.0,-0.5,1.68,0.3703703703703703,0.0,0.1379310344827585,0.0,-0.3146067415730337,0.6428571428571429,0.1704545454545456,0.3008130081300813,2.2159999999999997,-0.3648648648648645,-0.191780821917808,1.3125,1.0517241379310345,1.1868131868131866,-0.7894736842105262,-0.7907757369376986,-0.6121059825476627,1
0.0990667074946832,-0.4998189471606039,-0.1961722488038294,0.2853932584269661,-0.75,-0.1428571428571428,-0.1428571428571428,-0.7142857142857143,0.0,0.0,-0.5931642778390297,0.3590664272890484,0.0,0.5,-0.80195599022005,-0.5110024449877755,0.0,0.2857142857142857,-0.7142857142857143,-0.75,0.0,0.471698113207547,0.7955603293949156,0.0,0.0,0.6,0.8703703703703703,0.0,0.3678160919540229,2.411764705882353,-0.4606741573033708,0.0,0.4545454545454547,0.2195121951219509,-0.5840000000000002,-0.2972972972972969,0.3287671232876715,-0.375,0.9827586206896556,0.6483516483516483,0.8277511961722486,-0.9987165071710528,-0.0506491688387135,0
-0.1113577464727241,0.246833346309839,0.3923444976076546,0.1033707865168526,0.125,0.7142857142857143,-0.7142857142857143,-0.8571428571428571,0.5,1.0,0.6887173833149578,0.8976660682226213,1.0,1.0,-0.2444987775061117,0.9339853300733472,0.7142857142857143,-0.2857142857142857,-0.4285714285714285,-0.5,1.5,0.5743396226415093,0.2237737200143214,-0.5,2.0,-0.12,0.3703703703703703,0.0,-0.0804597701149424,0.2352941176470588,-0.7640449438202246,0.0,-0.5454545454545453,-0.2032520325203247,1.888,0.1756756756756755,-0.506849315068493,-0.5625,0.770114942528736,0.972527472527472,-0.8277511961722488,-0.9987165071710528,-0.0506491688387135,2
-0.2712598803862642,0.4811085529780324,-0.5000000000000011,0.9595505617977532,0.0,0.8571428571428571,-1.0,-0.1428571428571428,0.0,1.5,0.9819919147372288,0.4143626570915618,0.0,1.5,-0.2224938875305629,-0.5330073349633242,0.2857142857142857,-0.5714285714285714,1.2857142857142858,0.5,-0.5,-0.471698113207547,-0.6509129967776583,0.5,-1.0,0.22,1.3148148148148149,0.0,-0.4597701149425287,34.05882352941177,1.044943820224719,0.0,-0.4431818181818182,-0.4634146341463414,-0.1040000000000003,-0.3918918918918919,1.082191780821918,-1.2708333333333333,0.7758620689655173,0.9010989010989008,0.7703349282296651,-0.9884683243281114,0.1514277775045766,1
0.3933647996592785,0.2502074806213902,-0.8923444976076557,-0.4696629213483164,0.0,-0.8571428571428571,0.1428571428571428,-0.2857142857142857,0.0,-0.5,-0.0679897096655639,-0.6904847396768404,-0.5,0.0,-0.1784841075794609,-0.6234718826405855,-0.2857142857142857,-0.7142857142857143,0.5714285714285714,0.625,0.0,-0.5743396226415093,-0.8138202649480843,0.5,0.0,0.98,1.462962962962963,0.0,0.482758620689655,0.0,0.842696629213483,0.0,-0.2159090909090909,0.4959349593495931,0.32,0.4459459459459458,0.5616438356164385,-0.6458333333333334,0.3045977011494256,1.0989010989010983,1.0526315789473684,-0.9884683243281114,0.1514277775045766,2
0.6787000984754546,0.2698216751299761,-0.8038277511961727,0.1842696629213482,-0.625,0.7142857142857143,0.0,-0.5714285714285714,0.5,0.5,-0.5273796398382946,0.6527827648114901,0.0,1.0,-0.4889975550122256,0.0880195599021993,-0.2857142857142857,-0.4285714285714285,-0.5714285714285714,0.0,0.5,0.1256603773584905,-0.2824919441460795,0.0,0.5,-0.52,1.7037037037037035,0.0,-0.0804597701149424,26.529411764705884,1.5280898876404487,0.0714285714285714,-0.1249999999999999,1.5121951219512193,0.0479999999999998,-0.3243243243243243,1.287671232876712,-2.4791666666666665,0.7011494252873566,-0.5054945054945059,0.2153110047846889,-0.9377521321470804,0.3473052528448203,1
0.5211215443431122,0.4643416203739795,0.0215311004784675,-0.0202247191011243,-0.5,-0.1428571428571428,-0.2857142857142857,-1.0,-0.5,-0.5,-0.1903711870635794,0.6904847396768404,0.0,0.0,-0.4229828850855748,-0.4669926650366736,-1.0,-0.7142857142857143,0.0,-0.25,-0.5,-1.0781132075471695,-0.3580379520229143,0.0,-0.5,-0.28,0.5,0.0,1.7241379310344829,0.0,1.0224719101123592,0.0,-0.0113636363636363,0.2764227642276419,-0.2240000000000001,1.6621621621621618,0.5342465753424656,-0.875,0.3620689655172416,0.9505494505494504,0.6985645933014354,-0.9377521321470804,0.3473052528448203,1
0.1445975727965197,0.4135675223560919,0.588516746411482,0.224719101123595,0.0,1.0,0.0,-0.8571428571428571,1.0,0.5,0.019478133039324,0.9791741472172356,1.0,0.0,0.6430317848410758,0.5770171149144239,0.2857142857142857,0.4285714285714285,-0.5714285714285714,-0.625,0.0,0.4966037735849057,0.7160759040458285,0.5,0.5,-0.02,-0.2407407407407407,0.0,-0.2183908045977009,1.8823529411764708,1.1011235955056178,0.8571428571428572,0.1136363636363638,0.4552845528455283,2.0240000000000005,-0.0135135135135134,0.4794520547945205,0.2291666666666666,0.9252873563218396,0.9395604395604392,-0.7799043062200957,-0.848644257494751,0.5289640103269624,0
0.250829380926785,-0.5961335372776473,0.1746411483253576,-0.5932584269662935,0.625,0.8571428571428571,-0.7142857142857143,-0.7142857142857143,0.5,0.0,0.8945240720323413,0.8161579892280071,1.0,0.0,0.5550122249388764,-0.1124694376528121,0.5714285714285714,-0.8571428571428571,-0.7142857142857143,0.0,0.0,0.7547169811320751,-0.6713211600429645,0.5,0.5,0.42,1.2592592592592593,0.0,-0.2183908045977009,0.0,-0.2921348314606742,0.2857142857142857,-0.1704545454545454,0.3414634146341461,-0.5920000000000003,-0.3513513513513515,-0.6301369863013697,-1.0,1.0057471264367817,0.7637362637362632,0.8516746411483251,-0.848644257494751,0.5289640103269624,0
-0.2213946820733086,0.2447039026189729,0.4999999999999989,-0.4696629213483164,0.875,0.1428571428571428,0.2857142857142857,-1.1428571428571428,0.5,0.0,0.2995222344726204,1.0258527827648114,0.5,0.0,0.2224938875305629,-0.2004889975550115,0.0,-0.4285714285714285,1.0,0.5,0.0,-0.5392452830188679,-0.5449337629788756,0.5,0.5,0.22,1.462962962962963,0.0,-0.2298850574712643,0.0,0.8988764044943818,0.7142857142857143,0.0795454545454546,0.105691056910569,-0.5600000000000004,-0.0405405405405404,0.273972602739726,-1.4375,0.9252873563218396,0.7582417582417581,0.7846889952153112,-0.3943558551133187,0.9189578116202306,1
0.1390166725098255,0.246833346309839,-0.0215311004784697,-0.1842696629213502,0.0,-0.7142857142857143,0.5714285714285714,-0.2857142857142857,3.5,0.0,-0.2884968761484747,-0.5131059245960504,0.5,0.0,0.0660146699266507,-0.2665036674816621,-0.7142857142857143,0.5714285714285714,0.1428571428571428,-0.375,-0.5,-0.7769811320754716,0.5449337629788756,0.5,-0.5,0.6,0.3703703703703703,0.0,-0.0804597701149424,0.0,0.235955056179775,0.0,-0.3522727272727272,-0.3658536585365851,1.448,-0.0540540540540541,-0.0136986301369864,0.1875,0.7011494252873566,0.8956043956043955,-0.6220095693779903,-0.3943558551133187,0.9189578116202306,1
0.5653273271486595,-0.5266915790551708,-0.2607655502392343,0.0202247191011223,0.125,-0.4285714285714285,-1.2857142857142858,-0.4285714285714285,0.5,-0.5,1.4869533259830947,-0.1195691202872531,1.0,0.0,-0.2444987775061117,0.5330073349633242,-0.4285714285714285,0.4285714285714285,0.1428571428571428,-0.625,0.0,-0.4966037735849055,0.7160759040458285,0.5,0.5,-0.28,1.2592592592592593,0.0,1.804597701149425,0.0,-0.1797752808988765,0.0,-0.1022727272727273,0.1219512195121952,-0.1840000000000003,1.8648648648648647,-0.684931506849315,-1.7291666666666667,0.5689655172413797,0.571428571428571,0.971291866028708,-0.2012985200886611,0.9795299412524944,1
0.6095227588401095,0.4645592609053813,0.4999999999999989,0.5101123595505612,0.25,0.2857142857142857,0.2857142857142857,-0.5714285714285714,2.0,0.0,0.0055126791620729,0.472531418312388,0.5,0.5,0.7334963325183373,-0.7555012224938866,1.5714285714285714,-0.7142857142857143,-1.0,-0.125,0.5,1.2830188679245278,-0.4475474400286429,0.5,0.0,-0.16,-0.5740740740740741,0.0,0.0689655172413794,0.0,-0.5842696629213483,0.0,-0.1022727272727273,1.48780487804878,0.4479999999999997,-0.1756756756756755,-0.1917808219178082,0.4583333333333333,0.5689655172413797,-0.6153846153846155,-0.1339712918660285,-0.2012985200886611,0.9795299412524944,1
0.1522991849016399,0.3360856673170531,0.1746411483253576,-0.0202247191011243,-0.125,0.1428571428571428,-0.1428571428571428,0.4285714285714285,0.0,3.5,0.0286659316427784,-0.2154398563734291,0.5,0.5,-0.2444987775061117,-0.2004889975550115,-0.4285714285714285,0.1428571428571428,-1.0,-1.25,0.5,0.5147169811320752,1.5148585750089507,1.0,1.0,0.6,-0.3518518518518518,0.0,0.0229885057471265,0.0,1.4157303370786511,0.2142857142857143,-0.4772727272727271,0.0162601626016258,-0.1600000000000003,0.2162162162162161,1.5753424657534243,1.0,0.6839080459770118,0.6208791208791208,1.08133971291866,0.3943558551133185,0.9189578116202306,2
-0.2712598803862642,0.3861677625427354,0.7392344497607636,0.4696629213483144,0.75,1.1428571428571428,-1.2857142857142858,0.1428571428571428,0.5,0.5,1.565233370084528,0.3590664272890484,1.0,0.5,-0.7555012224938883,0.5770171149144239,0.1428571428571428,0.2857142857142857,0.5714285714285714,0.125,2.0,-0.290188679245283,0.0716075904045829,0.5,0.5,0.22,-0.2407407407407407,1.2142857142857144,-0.3333333333333331,0.2352941176470588,1.3146067415730334,1.2142857142857144,-0.318181818181818,-0.4634146341463414,0.904,-0.3918918918918919,1.2602739726027394,0.4791666666666667,0.6379310344827591,0.7692307692307693,-0.3492822966507177,0.5712682150947923,0.8207634412072763,0
-0.2712598803862642,-0.1319562537420343,-0.3684210526315786,0.6943820224719094,-0.375,1.0,-0.8571428571428571,-1.4285714285714286,0.0,0.5,0.5446527012127894,1.5956912028725316,-1.0,1.0,-0.80195599022005,0.2444987775061111,-0.1428571428571428,-0.1428571428571428,0.5714285714285714,-0.25,0.0,-0.471698113207547,0.0941639813820264,-1.0,0.5,0.22,0.4629629629629629,0.0,-0.2643678160919538,0.0,-0.1573033707865168,0.0,-0.2499999999999999,-0.4634146341463414,-0.2960000000000002,-0.3918918918918919,-0.6164383561643835,-0.3125,0.6666666666666672,0.7967032967032968,0.6411483253588516,0.8486442574947509,0.5289640103269624,0
0.5653273271486595,0.3861677625427354,0.3708133971291849,-0.3056179775280905,0.5,-0.4285714285714285,-0.1428571428571428,-1.0,1.0,1.0,0.3914002205071666,0.489766606822262,1.0,1.0,0.2444987775061138,-0.7775061124694376,-0.8571428571428571,0.0,-0.4285714285714285,0.5,0.5,-0.6290566037735847,-0.2753311851056212,1.0,0.5,-0.28,-0.2407407407407407,0.0,0.9080459770114944,0.0,-0.7528089887640449,0.0,-0.4545454545454545,0.0162601626016258,1.136,1.2297297297297298,-0.410958904109589,-0.0416666666666666,0.6781609195402302,0.6263736263736259,-0.4545454545454545,0.9377521321470804,0.3473052528448203,0
-0.2712598803862642,0.1617460326626363,-0.6076555023923453,-1.1438202247191034,0.0,-0.5714285714285714,0.5714285714285714,0.8571428571428571,-0.5,0.0,-0.2884968761484747,-0.858527827648115,-1.0,-1.0,-0.7775061124694371,-1.9339853300733472,-1.0,-0.7142857142857143,0.4285714285714285,0.75,-0.5,-1.2207547169811317,-0.8560687432867882,-0.5,-3.0,1.9,1.6111111111111112,0.0,0.1379310344827585,0.8823529411764706,-0.2247191011235954,0.0,0.1477272727272726,-0.4634146341463414,-0.2320000000000002,-0.3918918918918919,-0.3287671232876715,0.1458333333333333,-1.7241379310344829,-1.4890109890109893,-0.9665071770334926,-0.9884683243281114,0.1514277775045766,0
-0.2712598803862642,0.2517474598361932,-1.6746411483253587,-0.8786516853932597,-0.875,-0.7142857142857143,0.7142857142857143,0.7142857142857143,0.0,-0.5,-1.131936787945608,-0.9403949730700182,-1.5,-1.0,-2.9779951100244513,-0.4009779951100252,-0.7142857142857143,-1.0,1.0,0.75,-0.5,-1.0664150943396222,-1.10812746151092,-4.0,-1.0,2.54,1.3703703703703705,0.0,0.9655172413793104,0.0,1.8988764044943816,0.0,0.965909090909091,-0.4634146341463414,1.2160000000000002,-0.3918918918918919,0.4246575342465755,1.0833333333333333,-1.1666666666666663,-0.9560439560439564,-2.0382775119617222,-0.9884683243281114,0.1514277775045766,2
-0.2622417249287955,0.1706179621362504,-0.1746411483253597,-0.7955056179775294,-0.25,-1.0,-0.1428571428571428,0.4285714285714285,-0.5,0.0,-0.0679897096655639,-1.161579892280072,0.0,-0.5,0.1760391198044012,-0.5550122249388751,-0.1428571428571428,0.0,-0.2857142857142857,0.375,-0.5,0.0,-0.2148227712137486,0.0,-1.0,1.84,1.6666666666666667,0.0,-0.4482758620689653,0.1764705882352941,0.4831460674157303,0.0,0.2954545454545454,-0.186991869918699,2.1519999999999997,0.4729729729729727,-0.4931506849315065,0.0208333333333333,-0.425287356321839,-0.4340659340659344,-1.9808612440191384,-0.3943558551133187,0.9189578116202306,1
-0.2712598803862642,0.2517474598361932,0.2607655502392343,-2.8179775280898927,-0.875,-0.7142857142857143,2.142857142857143,1.0,0.5,-0.5,-1.3987504593899298,-1.014721723518851,0.5,-4.0,-0.1344743276283612,-1.645476772616134,2.142857142857143,-1.0,-1.0,0.5,0.0,1.3664150943396225,-1.036519871106337,-0.5,-1.5,1.58,2.259259259259259,4.071428571428572,3.28735632183908,0.0,-0.2584269662921348,4.071428571428572,3.261363636363636,-0.4634146341463414,1.144,-0.3918918918918919,3.4657534246575334,-0.9166666666666666,-2.298850574712644,-2.038461538461539,-0.6220095693779903,-0.3943558551133187,0.9189578116202306,2
-0.197031589073533,-0.2204227607393961,0.2822966507177019,-0.4089887640449452,-0.125,-0.1428571428571428,0.1428571428571428,-0.5714285714285714,0.5,0.0,-0.1554575523704518,0.2244165170556553,1.0,-0.5,0.3325183374083134,-0.288508557457213,0.4285714285714285,-0.4285714285714285,0.2857142857142857,0.125,0.0,0.0,-0.3580379520229143,0.5,0.0,0.08,0.0185185185185185,2.5,1.1839080459770115,0.2352941176470588,-0.3258426966292134,0.4285714285714286,0.3295454545454546,-0.3495934959349595,-0.1920000000000003,0.6216216216216215,0.0136986301369862,0.0416666666666666,-0.2873563218390805,-0.1923076923076927,-0.4641148325358851,0.20129852008866,0.9795299412524944,1
-0.2712598803862642,-0.4386428698459841,-0.282296650717704,0.5303370786516856,-0.5,0.5714285714285714,-0.2857142857142857,0.0,-0.5,0.5,-0.1903711870635794,0.2154398563734293,-0.5,1.0,1.1320293398533017,-0.4889975550122245,0.8571428571428571,-0.2857142857142857,-1.4285714285714286,-0.125,0.0,1.6649056603773582,-0.0941639813820264,2.0,0.0,0.32,-0.4259259259259259,0.0,0.2413793103448277,19.941176470588236,-0.7752808988764044,0.0,0.2500000000000001,-0.4634146341463414,-0.5040000000000002,-0.3918918918918919,0.4657534246575343,0.7916666666666666,-0.1494252873563215,0.0164835164835163,-0.0574162679425838,0.3943558551133185,0.9189578116202306,1
-0.2712598803862642,-0.1942999681031286,-0.0215311004784697,-0.5303370786516876,0.375,-0.7142857142857143,-1.0,0.1428571428571428,0.5,0.5,1.1209114296214628,-0.739317773788151,0.5,0.0,-0.5574572127139361,0.0880195599021993,0.1428571428571428,-0.4285714285714285,-0.1428571428571428,-0.5,0.0,0.0898113207547171,0.1192266380236304,-1.0,0.5,0.48,0.0,9.357142857142858,-0.057471264367816,15.352941176470589,0.393258426966292,9.357142857142858,-0.0454545454545454,-0.4634146341463414,0.616,-0.3918918918918919,-0.191780821917808,0.4791666666666667,0.1091954022988509,0.2637362637362636,-0.617224880382775,0.3943558551133185,0.9189578116202306,2
-0.2712598803862642,-0.0772284846870029,-1.3038277511961716,0.0808988764044935,-0.625,-0.1428571428571428,-0.5714285714285714,-0.2857142857142857,-0.5,-0.5,-0.0679897096655639,0.0,-1.0,0.0,-3.823960880195601,-1.2885085574572108,-1.1428571428571428,-1.4285714285714286,1.1428571428571428,1.125,-0.5,-1.5275471698113203,-1.6197636949516647,-5.0,-2.0,1.9,3.2222222222222223,12.428571428571429,2.2298850574712645,0.0,-0.5730337078651686,12.428571428571429,2.215909090909091,-0.4634146341463414,0.5119999999999997,-0.3918918918918919,2.589041095890411,-1.6666666666666667,-0.8563218390804598,-0.6593406593406598,0.2009569377990431,0.3943558551133185,0.9189578116202306,1
-0.1749357312445461,-0.5248571906194948,0.0215311004784675,0.2651685393258418,-0.5,-0.1428571428571428,-0.7142857142857143,-1.2857142857142858,0.0,0.0,0.2381477398015438,1.1425493716337525,0.5,0.5,0.9779951100244512,-0.2004889975550115,0.1428571428571428,0.4285714285714285,-1.1428571428571428,0.125,1.0,1.078113207547169,0.1378446115288219,1.0,1.0,-0.62,-0.5555555555555556,0.0,0.2068965517241379,1.2941176470588236,0.6966292134831458,0.0,0.3068181818181819,-0.3414634146341462,-0.2160000000000002,-0.2837837837837837,-0.2465753424657535,-0.0416666666666666,0.3390804597701153,0.4450549450549447,0.0717703349282296,0.3943558551133185,0.9189578116202306,0
-0.2622417249287955,-0.2268977472820549,0.3253588516746392,-0.1640449438202258,-0.625,-0.1428571428571428,-0.5714285714285714,-0.2857142857142857,0.5,-0.5,-0.0679897096655639,0.0,1.0,0.0,-0.2004889975550119,-0.2224938875305624,-0.5714285714285714,0.0,1.0,-0.75,0.0,-0.943396226415094,0.6713211600429645,0.0,-0.5,1.84,0.7592592592592593,0.0,-0.5747126436781609,0.0588235294117647,0.1460674157303371,0.0,0.409090909090909,0.1544715447154471,-0.3360000000000001,0.7567567567567567,-0.4657534246575345,1.0416666666666667,0.4942528735632189,0.9065934065934066,0.3875598086124402,0.3943558551133185,0.9189578116202306,2
-0.2422618688992531,0.8341881085523709,0.0215311004784675,-0.7348314606741582,0.25,-0.7142857142857143,-0.7142857142857143,1.7142857142857142,1.0,0.5,0.7486218302094818,-1.154039497307002,0.5,-1.0,-0.8679706601466985,0.689486552567236,-0.7142857142857143,-0.4285714285714285,1.1428571428571428,1.0,-0.5,-1.1007547169811316,-0.7293233082706765,-1.0,0.0,0.88,0.6851851851851852,0.0,0.5747126436781609,0.7058823529411765,-0.2584269662921348,0.0,-0.2954545454545454,0.1300813008130077,1.2639999999999996,0.6486486486486485,-0.684931506849315,0.125,0.2586206896551724,0.5549450549450546,-0.880382775119617,0.3943558551133185,0.9189578116202306,0
-0.2712598803862642,0.1974348209797261,-0.346889952153111,0.4089887640449432,-1.0,0.7142857142857143,0.0,-0.5714285714285714,-0.5,0.0,-1.0573318632855566,0.6527827648114901,0.0,0.5,0.3325183374083134,-1.0440097799510997,1.1428571428571428,-1.2857142857142858,-0.7142857142857143,-0.25,-0.5,0.943396226415094,-1.1392767633369136,0.0,-0.5,0.76,0.1666666666666666,0.1428571428571428,-0.3448275862068965,0.0,0.4494382022471909,0.1428571428571428,-0.3295454545454546,-0.4634146341463414,1.808,-0.3918918918918919,0.219178082191781,0.5833333333333334,-1.0459770114942528,-0.8406593406593409,0.8181818181818181,0.3943558551133185,0.9189578116202306,2
-0.2712598803862642,0.5952606147339247,0.653110047846889,-0.4898876404494388,-0.125,-0.7142857142857143,1.1428571428571428,0.0,0.5,0.5,-0.5931642778390297,-0.6732495511669659,1.0,0.5,-1.0464547677261615,-2.26650366748166,-0.4285714285714285,-1.4285714285714286,-0.4285714285714285,2.375,-0.5,-0.1256603773584905,-1.6745435016111705,-1.0,-3.0,0.8,3.0555555555555554,0.0,-0.8965517241379308,0.0,0.5730337078651682,0.0,-0.8749999999999999,-0.4634146341463414,-0.2800000000000006,-0.3918918918918919,1.0273972602739725,-2.625,0.7126436781609196,0.8406593406593401,0.4210526315789472,0.3943558551133185,0.9189578116202306,1
-0.1989200444222149,-0.4814807944349563,-1.282296650717704,0.0606741573033691,-1.25,0.0,0.8571428571428571,0.4285714285714285,-0.5,0.5,-1.6894524072032338,-0.2991023339317774,-2.0,0.5,-1.2909535452322731,0.0440097799510996,-1.0,-1.0,0.0,2.25,0.0,-1.0781132075471695,-1.3562477622627995,-1.0,0.5,1.06,0.5925925925925926,0.0,-0.7126436781609193,0.5294117647058824,-0.797752808988764,0.0,-0.409090909090909,-0.1544715447154469,-0.4480000000000002,-0.0540540540540541,-0.3013698630136985,0.4166666666666667,0.5919540229885061,0.516483516483516,0.5167464114832534,0.3943558551133185,0.9189578116202306,0
0.0022295501260132,-0.5047480868174091,-1.6961722488038284,-0.8584269662921372,-0.875,-0.5714285714285714,1.1428571428571428,0.5714285714285714,0.0,-0.5,-1.237412715913267,-0.769479353680431,-2.0,-1.0,2.022004889975551,-0.5330073349633242,1.7142857142857142,0.1428571428571428,-1.4285714285714286,-0.75,0.5,1.7226415094339618,0.7372001432151806,3.0,0.0,1.28,0.1481481481481481,0.0,0.3448275862068965,0.0,0.4269662921348314,0.0,-0.9090909090909092,1.2764227642276418,-0.5920000000000003,1.108108108108108,0.8904109589041097,1.1458333333333333,0.4712643678160921,-0.5659340659340664,0.4066985645933014,0.5712682150947923,0.8207634412072763,2
-0.2712598803862642,-0.2045222823597425,-0.346889952153111,-2.860674157303376,-1.125,-1.0,3.4285714285714284,2.857142857142857,-0.5,-0.5,-1.701212789415656,-1.4786355475763018,-1.0,-4.5,0.6650366748166269,-0.1564792176039118,0.4285714285714285,2.0,0.2857142857142857,-0.875,0.0,0.0,1.2964554242749728,0.0,-0.5,3.48,2.259259259259259,9.0,-0.7816091954022987,0.1764705882352941,0.2584269662921348,9.0,-0.7613636363636362,-0.4634146341463414,-0.3040000000000002,-0.3918918918918919,0.5068493150684933,1.0625,0.2413793103448277,0.3901098901098898,0.4449760765550237,0.5712682150947923,0.8207634412072763,2
-0.218732081372822,-0.5158913368793918,0.564593301435406,1.3280898876404497,0.75,0.8571428571428571,-1.1428571428571428,-1.4285714285714286,0.0,3.0,1.3825799338478504,1.5842010771992825,0.5,3.0,-0.0220048899755487,0.821515892420535,0.4285714285714285,0.5714285714285714,0.2857142857142857,-0.875,1.5,0.0,1.036519871106337,-0.5,1.5,-0.38,-0.2592592592592592,0.4285714285714286,-0.8045977011494252,0.0,0.8651685393258424,0.2142857142857143,-0.5795454545454545,-0.1382113821138212,-0.4640000000000002,-0.1486486486486486,1.0273972602739725,-0.125,0.4540229885057475,0.3736263736263734,0.3157894736842105,0.5712682150947923,0.8207634412072763,2
-0.2712598803862642,-0.0403743623870889,0.0645933014354048,0.2449438202247194,0.25,-0.8571428571428571,0.4285714285714285,2.0,2.0,0.5,-0.0679897096655639,-1.3001795332136443,0.0,0.5,-1.4889975550122256,-0.6674816625916873,-0.5714285714285714,-1.1428571428571428,1.4285714285714286,1.0,0.0,-1.0483018867924525,-1.3018259935553167,-1.0,-1.0,1.58,1.648148148148148,3.2857142857142856,0.7126436781609193,0.0,0.5168539325842693,3.2857142857142856,0.7159090909090907,-0.4634146341463414,0.2879999999999998,-0.3918918918918919,-0.547945205479452,-0.2291666666666666,-0.0919540229885054,0.0714285714285712,0.7033492822966508,0.5712682150947923,0.8207634412072763,1
-0.2712598803862642,0.0207503218397793,0.0215311004784675,-0.0404494382022487,-0.375,-0.7142857142857143,-0.4285714285714285,1.5714285714285714,1.0,-0.5,0.0543917677324514,-1.1303411131059249,1.0,0.0,-0.977995110024449,-2.4009779951100207,-0.2857142857142857,-1.2857142857142858,0.5714285714285714,0.75,0.0,-0.5743396226415093,-1.413175796634443,-0.5,-1.5,2.1,2.5,0.4285714285714286,0.9195402298850572,0.0,-0.1573033707865168,0.4285714285714286,0.9204545454545452,-0.4634146341463414,0.4559999999999998,-0.3918918918918919,0.5205479452054792,-0.6458333333333334,-0.7298850574712642,-0.5384615384615388,0.2727272727272728,0.5712682150947923,0.8207634412072763,1
-0.2712598803862642,-0.0907672382368891,-0.9784688995215324,0.1640449438202238,-0.625,-0.2857142857142857,-0.5714285714285714,0.7142857142857143,-0.5,1.0,-0.0679897096655639,-0.598563734290844,-1.0,1.0,-0.6234718826405868,-0.4229828850855739,-0.5714285714285714,0.7142857142857143,0.1428571428571428,-0.375,0.0,-0.6290566037735847,0.5968492660221981,-1.0,-1.0,0.86,0.4444444444444444,3.0000000000000004,0.7011494252873564,0.0588235294117647,-0.4044943820224719,3.0000000000000004,0.7045454545454546,-0.4634146341463414,1.168,-0.3918918918918919,0.5616438356164385,0.375,-0.82183908045977,-0.6263736263736267,0.6220095693779903,0.72479278722912,0.6889669190756866,0
-0.2712598803862642,-0.2048609918448122,-0.4569377990430637,1.2269662921348317,-0.5,1.4285714285714286,-0.1428571428571428,-1.4285714285714286,0.5,1.5,-0.2976846747519293,1.6244165170556557,0.5,2.0,2.599022004889976,1.7555012224938844,1.2857142857142858,0.2857142857142857,-1.2857142857142858,-0.875,2.0,1.5275471698113203,0.9477264590046544,5.0,2.5,0.14,-0.6111111111111112,4.0,0.5172413793103448,1.411764705882353,1.5955056179775275,4.0,0.5227272727272726,-0.4634146341463414,0.3439999999999998,-0.3918918918918919,0.589041095890411,0.8125,0.4425287356321841,0.5824175824175821,-0.1770334928229664,0.72479278722912,0.6889669190756866,1
-0.1964249946628249,-0.359173850549054,-1.0430622009569372,0.3685393258426964,-0.625,2.7142857142857144,0.7142857142857143,-1.0,-0.5,-0.5,-0.8555678059536933,1.360143626570916,-1.5,-0.5,1.2665036674816628,2.37897310513447,0.5714285714285714,2.857142857142857,-1.0,-1.0,4.0,1.0483018867924527,1.4744002864303616,1.5,4.5,-0.34,-0.4629629629629629,0.0,-0.0114942528735631,0.0,0.235955056179775,0.0,-0.1704545454545454,0.1788617886178859,0.104,-0.1891891891891892,-0.2328767123287672,0.1458333333333333,0.522988505747127,1.093406593406593,0.0334928229665073,0.72479278722912,0.6889669190756866,0
-0.2712598803862642,-0.2159086405945506,-0.8708133971291881,-0.8786516853932597,-0.5,-0.5714285714285714,0.7142857142857143,0.8571428571428571,-0.5,-0.5,-0.7361264241087835,-0.858527827648115,-0.5,-2.0,-1.0904645476772614,0.3985330073349611,-0.2857142857142857,1.4285714285714286,0.8571428571428571,-0.625,1.0,-0.6792452830188678,0.9946294307196564,-1.5,1.0,2.34,1.1296296296296295,0.1428571428571428,0.1954022988505746,0.0588235294117647,-0.3820224719101123,0.1428571428571428,0.2045454545454544,-0.4634146341463414,-0.1440000000000002,-0.3918918918918919,-0.0684931506849317,1.1458333333333333,-0.5057471264367814,-0.3241758241758245,0.1004784688995215,0.72479278722912,0.6889669190756866,2
-0.2712598803862642,0.5153268935605563,-2.0430622009569372,-1.757303370786519,-0.875,-0.5714285714285714,0.5714285714285714,-0.4285714285714285,0.0,-0.5,-1.0889378904814404,-0.2563734290843807,-1.5,-2.5,0.8875305623471897,0.4229828850855739,1.0,0.0,-0.4285714285714285,0.0,-0.5,0.6792452830188679,0.0,1.5,0.0,1.5,0.3333333333333333,0.0,0.3678160919540229,0.0588235294117647,1.1011235955056178,0.0,0.3749999999999998,-0.4634146341463414,1.44,-0.3918918918918919,0.164383561643836,1.1666666666666667,0.8505747126436785,0.9725274725274724,-0.492822966507177,0.72479278722912,0.6889669190756866,1
-0.2712598803862642,-0.4457358271727478,-0.3253588516746413,-1.1033707865168567,-0.125,-0.1428571428571428,0.7142857142857143,-0.4285714285714285,0.0,0.5,-0.4355016538037484,0.1055655296229802,-0.5,0.0,1.599022004889976,0.5550122249388729,3.4285714285714284,1.1428571428571428,-1.2857142857142858,-0.375,-0.5,1.6769811320754713,0.7293233082706765,1.0,0.0,0.96,0.2777777777777778,0.1428571428571428,-0.8045977011494252,0.0,-0.3595505617977528,0.1428571428571428,-0.7840909090909091,-0.4634146341463414,-0.3520000000000002,-0.3918918918918919,-0.2191780821917807,0.6666666666666666,0.8275862068965522,0.9505494505494504,0.5598086124401914,0.72479278722912,0.6889669190756866,1
-0.2712598803862642,-0.1569632865324563,-0.6076555023923453,0.8179775280898884,-0.625,0.1428571428571428,0.0,-1.1428571428571428,0.0,0.5,-0.5273796398382946,1.0258527827648114,0.0,1.0,-0.5574572127139361,1.110024449877748,0.4285714285714285,0.7142857142857143,-0.5714285714285714,-1.25,1.5,0.5660377358490566,1.5796634443250983,-0.5,2.0,-0.5,-0.4259259259259259,0.0,0.6206896551724139,7.470588235294118,0.6966292134831458,0.0,0.6250000000000001,-0.4634146341463414,-0.6400000000000006,-0.3918918918918919,-0.63013698630137,-0.0625,0.0517241379310348,0.2087912087912086,0.0956937799043062,0.8486442574947509,0.5289640103269624,1
-0.2712598803862642,-0.1168046689155993,0.1100478468899506,-0.2651685393258438,-0.5,-0.4285714285714285,0.4285714285714285,-0.4285714285714285,0.5,-0.5,-0.6192576258728408,-0.1195691202872531,0.5,-0.5,-0.2665036674816627,0.0880195599021993,0.0,-0.5714285714285714,-0.7142857142857143,-0.75,0.0,0.471698113207547,0.2982456140350878,0.0,0.5,0.32,-0.6666666666666666,0.1428571428571428,0.5287356321839082,0.0,-0.2696629213483146,0.1428571428571428,0.5340909090909092,-0.4634146341463414,-0.6560000000000004,-0.3918918918918919,0.1917808219178082,1.0625,0.1264367816091955,0.2802197802197799,0.3205741626794259,0.8486442574947509,0.5289640103269624,0
-0.2622417249287955,0.4319398925475017,-0.6746411483253587,0.3056179775280885,-0.5,-0.5714285714285714,0.8571428571428571,-0.7142857142857143,-0.5,0.5,-0.7872105843439909,0.0,-1.0,1.0,-1.0464547677261615,-0.288508557457213,-0.7142857142857143,-1.1428571428571428,-1.0,-0.125,-0.5,0.2098113207547168,-0.9638381668456856,-0.5,0.0,1.84,0.6111111111111112,0.4285714285714286,-0.4022988505747126,0.1176470588235294,-0.0786516853932585,0.0,0.6704545454545454,0.0650406504065039,1.12,0.8648648648648649,0.1232876712328767,1.2083333333333333,0.5287356321839083,0.7582417582417578,-0.5693779904306219,0.8486442574947509,0.5289640103269624,0
-0.2712598803862642,-0.4769556145858206,-0.2392344497607667,-0.1438202247191014,0.0,-0.1428571428571428,-1.0,-0.4285714285714285,-0.5,0.5,0.9819919147372288,0.1055655296229802,-0.5,0.5,-0.4889975550122256,0.0440097799510996,-0.1428571428571428,0.4285714285714285,-0.1428571428571428,-1.0,0.5,-0.0992452830188678,1.158252774794128,-1.0,0.5,0.16,0.3518518518518518,0.0,-0.3103448275862068,0.0588235294117647,-0.1235955056179776,0.0,-0.2954545454545454,-0.4634146341463414,-0.5680000000000002,-0.3918918918918919,-0.5205479452054795,-0.25,0.6149425287356324,0.7472527472527469,0.5119617224880384,0.8486442574947509,0.5289640103269624,1
-0.2701272244682421,-0.3566182957698583,-1.15311004784689,-3.595505617977534,-0.75,-1.1428571428571428,0.0,1.1428571428571428,-0.5,-0.5,-0.6806321205439175,-1.4535008976660684,-1.0,-5.0,-2.0684596577017125,-2.48899755501222,-1.2857142857142858,-1.4285714285714286,1.5714285714285714,0.625,0.0,-1.7226415094339618,-1.579663444325098,-3.0,-3.0,3.58,2.2962962962962963,0.0,0.0459770114942531,0.0,0.4606741573033704,0.0,0.3636363636363637,0.1788617886178859,-0.3600000000000006,-0.0270270270270271,-0.6027397260273974,1.125,0.9022988505747128,0.5879120879120877,0.9234449760765548,0.8486442574947509,0.5289640103269624,2
-0.2712598803862642,-0.4541080536662977,0.6100478468899517,-0.2651685393258438,0.625,-0.5714285714285714,-0.4285714285714285,1.0,0.5,0.0,0.6512311650128629,-0.8976660682226213,1.0,0.0,0.0440097799510997,0.3105134474327617,-0.8571428571428571,1.0,-0.8571428571428571,-0.625,0.0,-0.2098113207547168,0.8950948800572859,0.5,0.0,0.92,0.1666666666666666,0.0,-0.4367816091954021,0.0,0.2584269662921348,0.0,-0.4204545454545453,-0.4634146341463414,0.024,-0.3918918918918919,0.0958904109589042,0.75,0.5229885057471265,0.659340659340659,1.0574162679425836,0.8486442574947509,0.5289640103269624,2
-0.1989200444222149,-0.1949940724072277,-0.2392344497607667,-1.2044943820224747,-1.0,-1.2857142857142858,0.7142857142857143,0.7142857142857143,0.0,-0.5,-1.292907019478133,-1.584201077199282,0.0,-2.0,1.5110024449877766,0.7334963325183357,1.8571428571428572,-0.1428571428571428,-1.4285714285714286,0.875,0.5,1.7294339622641506,-0.5116362334407447,2.0,1.0,1.06,0.6481481481481481,0.0,-0.2183908045977009,0.0,0.0561797752808988,4.214285714285714,-0.1022727272727273,-0.2113821138211381,-0.2320000000000002,-0.2702702702702705,-0.5342465753424656,0.3541666666666667,0.4540229885057475,0.6318681318681315,0.8468899521531101,0.8486442574947509,0.5289640103269624,2
-0.2712598803862642,0.0560888505899838,-1.4138755980861244,-1.0426966292134854,-1.25,-0.4285714285714285,1.8571428571428572,-0.4285714285714285,-0.5,0.0,-1.7522969496508634,-0.1195691202872531,-2.0,-1.0,-0.6894865525672376,-1.3129584352078216,0.7142857142857143,-1.1428571428571428,-1.1428571428571428,0.0,-0.5,1.2577358490566035,-1.0229144289294665,0.0,-1.0,3.4,0.5925925925925926,0.0,0.7126436781609193,0.0,-0.9550561797752808,0.0,0.7159090909090907,-0.4634146341463414,-0.4720000000000002,-0.3918918918918919,1.246575342465753,2.8541666666666665,0.563218390804598,0.6978021978021975,0.7942583732057417,0.8486442574947509,0.5289640103269624,2
-0.2712598803862642,0.0036239729839157,-1.8277511961722488,-0.9797752808988776,-0.25,-0.2857142857142857,-0.2857142857142857,0.5714285714285714,-0.5,-0.5,0.0400588019110621,-0.5464991023339318,-1.5,-0.5,0.3985330073349641,0.6430317848410745,-0.1428571428571428,0.2857142857142857,-1.1428571428571428,0.25,2.0,0.943396226415094,0.0,1.0,0.0,2.8,2.259259259259259,0.0,-0.4597701149425287,0.0,0.0337078651685393,0.0,-0.4431818181818182,-0.4634146341463414,-0.2880000000000001,-0.3918918918918919,-0.150684931506849,0.3541666666666667,-0.0344827586206893,0.1263736263736262,0.2440191387559809,0.9377521321470804,0.3473052528448203,0
-0.2607113630151635,0.4478529632688384,-0.064593301435407,1.7775280898876418,-0.125,1.7142857142857142,-0.4285714285714285,-1.4285714285714286,0.0,2.5,0.2561558250643145,1.6391382405745063,0.5,3.0,0.3985330073349641,0.132029339853299,-0.7142857142857143,0.2857142857142857,0.4285714285714285,0.25,2.0,-0.8935849056603772,0.0,1.0,0.0,0.26,1.3703703703703705,15.785714285714288,-0.3448275862068965,0.0,-0.2808988764044943,7.928571428571429,0.3977272727272729,-0.4227642276422767,-0.264,0.4729729729729732,0.041095890410959,-1.2916666666666667,0.1494252873563223,0.3296703296703293,-0.0574162679425838,0.9377521321470804,0.3473052528448203,2
-0.2075323968719142,-0.2671797301923024,-0.935406698564593,0.5303370786516856,0.125,1.0,0.1428571428571428,-1.2857142857142858,-0.5,0.0,0.0117603822124222,1.4172351885098746,-1.5,0.5,0.0440097799510997,0.3985330073349611,0.7142857142857143,-0.7142857142857143,-0.8571428571428571,-0.625,0.5,0.943396226415094,0.0,-0.5,1.0,-0.38,-0.6296296296296297,1.7142857142857144,-0.0919540229885056,0.2352941176470588,0.235955056179775,0.0,0.659090909090909,0.4065040650406499,1.008,0.4864864864864862,-0.273972602739726,0.2916666666666667,0.9367816091954022,0.467032967032967,-0.1626794258373204,0.9377521321470804,0.3473052528448203,0
-0.2712598803862642,-0.2007282223830333,0.6315789473684192,0.0202247191011223,-0.375,-0.2857142857142857,-0.1428571428571428,-0.5714285714285714,1.0,1.0,-0.1760382212421901,0.1195691202872531,1.5,1.0,-1.134474327628361,-0.288508557457213,-1.0,-1.2857142857142858,-0.2857142857142857,2.875,-0.5,-0.943396226415094,-1.5911206587898314,-1.0,-1.0,2.1,3.1296296296296298,0.0,-0.5747126436781609,2.6470588235294117,-0.9550561797752808,0.0,-0.5568181818181818,-0.4634146341463414,-0.5120000000000002,-0.3918918918918919,-0.2876712328767123,-1.3541666666666667,-0.46551724137931,-0.2857142857142858,-0.0861244019138754,0.9377521321470804,0.3473052528448203,1
0.0022295501260132,0.0836819771222027,-0.5861244019138756,-1.5932584269662955,-0.5,-0.8571428571428571,0.0,1.0,-0.5,0.0,-0.3921352443954427,-1.1425493716337525,-0.5,-2.0,-0.1784841075794609,-1.5110024449877733,0.5714285714285714,-0.7142857142857143,-0.8571428571428571,1.25,0.0,0.8935849056603772,-0.994629430719656,-1.0,-1.0,1.28,1.648148148148148,0.0,-0.4367816091954021,0.0,0.9325842696629212,2.0,0.1249999999999999,0.6097560975609756,-0.1200000000000003,0.2567567567567566,0.26027397260274,-0.5416666666666666,0.3390804597701153,-0.2417582417582421,0.8181818181818181,0.9377521321470804,0.3473052528448203,0
-0.2712598803862642,0.413545115427357,-0.2607655502392343,-0.8786516853932597,-0.25,-0.7142857142857143,0.4285714285714285,1.1428571428571428,0.5,0.0,-0.4020580668871736,-1.0473967684021543,0.0,-1.0,0.9779951100244512,-2.134474327628358,0.7142857142857143,-1.0,-0.4285714285714285,0.25,-0.5,0.5743396226415093,-0.9477264590046542,0.5,-2.5,0.84,0.5555555555555556,0.3571428571428571,0.1034482758620692,0.0,-0.1910112359550562,0.3571428571428571,0.1136363636363638,-0.4634146341463414,2.1040000000000005,-0.3918918918918919,-0.4109589041095887,0.2291666666666666,-1.189655172413793,-0.9780219780219784,0.8755980861244017,0.9377521321470804,0.3473052528448203,0
-0.2712598803862642,-0.368587722775565,0.588516746411482,-0.1011235955056179,0.0,0.4285714285714285,0.2857142857142857,0.2857142857142857,1.0,0.0,-0.14773980154355,0.0,1.5,-0.5,-0.2444987775061117,-0.5110024449877755,-0.7142857142857143,-0.5714285714285714,0.5714285714285714,-0.375,-0.5,-0.943396226415094,-0.1192266380236304,0.5,-1.0,-0.18,-0.2962962962962963,15.714285714285715,0.471264367816092,4.411764705882353,0.9999999999999996,15.714285714285715,0.4772727272727273,-0.4634146341463414,0.1279999999999997,-0.3918918918918919,-0.082191780821918,0.125,0.1379310344827589,0.291208791208791,-0.3014354066985644,0.9377521321470804,0.3473052528448203,2
-0.1470501140082089,-0.3554707411362898,-0.3923444976076568,1.0831460674157305,-0.125,0.5714285714285714,0.0,-1.0,0.0,1.5,-0.0679897096655639,0.9974865350089768,0.0,1.5,0.1540342298288502,2.577017114914419,0.1428571428571428,1.1428571428571428,-0.2857142857142857,-1.125,4.5,0.188679245283019,1.4493376297887577,-0.5,5.0,-0.4,-0.6111111111111112,0.0714285714285714,0.3448275862068965,2.058823529411765,0.1685393258426966,10.785714285714286,-0.6704545454545454,0.146341463414634,-0.2720000000000002,0.8243243243243242,0.2876712328767125,0.25,-0.5344827586206895,0.0604395604395601,-0.2870813397129186,0.9884683243281114,0.1514277775045767,0
-0.2095864401405781,-0.4300000517414063,-0.2607655502392343,-0.9797752808988776,-0.125,-0.5714285714285714,0.0,0.5714285714285714,0.0,-0.5,-0.0679897096655639,-0.769479353680431,0.0,-1.5,-0.2885085574572115,-0.4009779951100252,-0.1428571428571428,-0.5714285714285714,0.0,-0.25,0.5,-0.1886792452830187,-0.2237737200143214,0.5,0.5,-0.34,0.037037037037037,0.0,0.3103448275862068,0.0,-0.5505617977528089,10.0,-0.0909090909090907,-0.089430894308943,-0.4080000000000002,0.0945945945945942,-0.2191780821917807,-0.4166666666666667,0.5402298850574716,0.9285714285714282,0.3540669856459329,0.9884683243281114,0.1514277775045767,1
-0.2712598803862642,-0.1676233565284084,-1.870813397129186,-1.0629213483146098,-1.0,-0.7142857142857143,0.5714285714285714,0.2857142857142857,-0.5,0.5,-1.2568908489525907,-0.7978456014362658,-2.0,-0.5,0.7995110024449881,-1.11246943765281,0.0,-0.4285714285714285,0.0,0.75,-0.5,-0.0898113207547169,-0.6444683136412458,1.0,-1.5,1.82,1.1296296296296295,0.0,0.7701149425287355,2.1764705882352944,0.7415730337078648,0.0,0.7727272727272726,-0.4634146341463414,0.3519999999999999,-0.3918918918918919,-0.7534246575342465,0.6041666666666666,-1.2413793103448276,-1.0274725274725278,-0.2153110047846889,0.9884683243281114,0.1514277775045767,2
-0.2712598803862642,-0.0509001254353845,-0.4784688995215314,-0.9191011235955084,0.0,-0.5714285714285714,-0.1428571428571428,-0.7142857142857143,0.0,-0.5,0.1157662624035284,0.0,0.0,-1.0,0.4205378973105129,-0.2665036674816621,0.5714285714285714,-0.1428571428571428,-1.0,0.5,0.0,1.0483018867924527,-0.3580379520229143,1.0,-0.5,0.86,0.7962962962962963,0.0,-0.3218390804597699,0.0,-0.7191011235955055,0.0,-0.3068181818181817,-0.4634146341463414,1.312,-0.3918918918918919,-0.273972602739726,-0.0208333333333333,-0.7988505747126436,-0.6043956043956048,0.7272727272727273,0.9884683243281114,0.1514277775045767,1
-0.2575970992112058,-0.4297673694858105,-0.0861244019138767,-0.6539325842696646,-0.25,-0.5714285714285714,0.1428571428571428,0.1428571428571428,0.0,-0.5,-0.2517456817346561,-0.598563734290844,0.0,-1.0,-1.134474327628361,1.5770171149144216,-0.8571428571428571,3.2857142857142856,0.4285714285714285,-1.125,0.5,-1.0483018867924525,1.5911206587898314,-1.0,1.0,0.58,0.2777777777777778,0.3571428571428571,-1.1264367816091951,0.0,0.0561797752808988,1.2857142857142858,-0.6136363636363636,-0.3495934959349595,-0.4320000000000002,0.1891891891891889,0.082191780821918,0.2708333333333333,0.3390804597701153,0.4065934065934061,0.2009569377990431,0.9884683243281114,0.1514277775045767,1
-0.2712598803862642,-0.1270013997777094,-0.8038277511961727,-0.8179775280898904,0.0,-0.4285714285714285,0.0,0.5714285714285714,-0.5,-0.5,0.019478133039324,-0.6527827648114902,-1.0,-0.5,1.022004889975551,-0.6014669926650368,0.5714285714285714,0.1428571428571428,-1.1428571428571428,0.375,0.0,1.2207547169811317,-0.1378446115288219,2.0,-1.0,2.34,-0.1851851851851851,0.2857142857142857,-0.3448275862068965,4.11764705882353,-0.1910112359550562,0.2857142857142857,-0.3295454545454546,-0.4634146341463414,-0.6400000000000001,-0.3918918918918919,-0.5616438356164383,2.625,-0.0517241379310344,0.1098901098901095,0.1818181818181816,0.9884683243281114,0.1514277775045767,2
-0.2712598803862642,0.0908719489616085,-0.1076555023923443,0.7348314606741582,0.25,1.0,-0.2857142857142857,-0.4285714285714285,-0.5,1.0,0.3693495038588755,0.6463195691202875,-0.5,1.5,-0.2224938875305629,0.2885085574572108,1.1428571428571428,0.2857142857142857,-0.4285714285714285,0.125,1.0,0.7256603773584904,0.0716075904045829,-0.5,1.0,0.46,-0.074074074074074,1.0,1.735632183908046,0.0,-0.4044943820224719,1.0,1.7272727272727273,-0.4634146341463414,0.4159999999999997,-0.3918918918918919,1.7945205479452055,0.5416666666666666,-0.4597701149425285,-0.2802197802197805,0.4736842105263156,0.9987165071710528,-0.0506491688387126,2
-0.2712598803862642,-0.2880403346163194,-1.3038277511961716,-0.1438202247191014,-0.5,0.2857142857142857,0.7142857142857143,-0.4285714285714285,0.0,0.0,-0.7361264241087835,0.3590664272890484,-1.5,0.0,-0.6894865525672376,0.3545232273838614,0.4285714285714285,-0.1428571428571428,-0.1428571428571428,0.0,0.5,0.2460377358490566,-0.0852130325814535,0.5,1.0,-0.48,-0.0185185185185185,5.428571428571429,0.6321839080459769,4.411764705882353,-0.3820224719101123,5.428571428571429,0.6363636363636362,-0.4634146341463414,-0.2480000000000001,-0.3918918918918919,0.4520547945205477,-0.5,-0.3678160919540229,-0.1923076923076927,0.15311004784689,0.9987165071710528,-0.0506491688387126,1
-0.2547510196256857,0.4830523945619918,-0.8468899521531099,0.3685393258426964,0.125,-0.2857142857142857,0.4285714285714285,-0.5714285714285714,0.0,0.5,-0.1414920984932009,0.1195691202872531,-1.0,1.0,0.2885085574572136,-2.0220048899755465,-0.2857142857142857,-1.0,0.2857142857142857,0.375,0.0,-0.4490566037735847,-0.994629430719656,0.5,-1.5,0.2,1.2962962962962965,7.7857142857142865,0.4252873563218389,0.0,0.2584269662921348,6.714285714285715,0.8295454545454544,-0.3089430894308943,1.048,0.081081081081081,-0.0958904109589044,-1.2708333333333333,-0.7126436781609196,-0.6263736263736267,0.6411483253588516,0.9987165071710528,-0.0506491688387126,1
-0.2712598803862642,0.1017835718623046,-1.1315789473684223,-1.3280898876404517,-0.75,-1.2857142857142858,0.0,1.7142857142857142,-0.5,-0.5,-0.6806321205439175,-1.6456014362657092,-1.0,-2.0,-1.1564792176039125,-0.1784841075794627,0.7142857142857143,-1.1428571428571428,0.5714285714285714,0.5,0.0,0.0,-1.1933404940923735,-1.5,0.0,3.4,0.8888888888888888,0.0,1.0459770114942528,5.705882352941177,-0.4606741573033708,0.0,1.0454545454545454,-0.4634146341463414,0.3519999999999999,-0.3918918918918919,1.041095890410959,2.5208333333333335,0.8333333333333334,0.9560439560439556,0.1435406698564593,0.9680771188662044,-0.2506525322587204,0
-0.2296124126721144,-0.3235435283306564,0.3708133971291849,-0.0404494382022487,-0.25,-0.8571428571428571,-0.1428571428571428,-0.8571428571428571,0.0,0.0,-0.0679897096655639,-0.1996409335727109,0.5,0.5,-0.4669926650366746,-0.6234718826405855,-0.2857142857142857,-0.5714285714285714,-0.4285714285714285,0.625,-0.5,0.0,-0.7006802721088433,0.0,-1.0,0.28,1.6111111111111112,0.0,0.0114942528735633,0.0,-0.2696629213483146,0.2142857142857143,0.056818181818182,-0.1544715447154471,-0.4879999999999999,-0.3513513513513512,-0.3835616438356162,-1.5416666666666667,0.5689655172413797,0.6923076923076921,0.7607655502392346,0.9680771188662044,-0.2506525322587204,1
-0.2712598803862642,0.0149131037285636,0.870813397129186,-0.5707865168539343,0.875,-0.5714285714285714,-0.8571428571428571,-0.1428571428571428,1.5,0.0,1.1014332965821392,-0.4488330341113106,2.0,0.0,-0.8239608801955988,0.1784841075794606,-1.0,-0.5714285714285714,-0.4285714285714285,0.25,0.5,-0.8577358490566036,-0.5370569280343717,0.0,0.5,-0.5,0.2037037037037037,0.0,1.252873563218391,2.1764705882352944,0.4269662921348314,0.0,1.25,-0.4634146341463414,0.2639999999999998,-0.3918918918918919,0.2054794520547945,-0.7708333333333334,0.5114942528735635,0.6483516483516483,-0.0717703349282296,0.9680771188662044,-0.2506525322587204,1
-0.2691650097622802,0.14867172817593,-0.217703349282297,-1.9820224719101165,-0.125,-1.2857142857142858,-1.0,1.5714285714285714,0.5,-0.5,0.9213524439544286,-1.6391382405745063,1.0,-3.0,0.4205378973105129,-1.26650366748166,0.0,-0.7142857142857143,-0.8571428571428571,-0.625,-0.5,0.6290566037735846,0.0,1.0,-1.0,2.58,1.6666666666666667,0.0,2.0344827586206895,0.5294117647058824,0.3146067415730337,0.0,1.9204545454545452,-0.3577235772357723,0.592,-0.2702702702702705,1.150684931506849,0.7916666666666666,0.5862068965517243,0.7912087912087907,-0.2057416267942584,0.9680771188662044,-0.2506525322587204,2
-0.2712598803862642,-0.0727599792192386,0.0430622009569372,-0.7146067415730358,-0.125,0.7142857142857143,-0.7142857142857143,-1.1428571428571428,0.5,0.0,0.5446527012127894,1.196768402154399,1.0,0.0,-0.1344743276283612,1.4889975550122223,0.7142857142857143,1.7142857142857142,0.5714285714285714,-1.25,1.5,0.0,1.6408879341210167,1.5,2.0,0.74,0.6481481481481481,2.285714285714286,-0.6206896551724136,4.352941176470589,0.2022471910112359,2.285714285714286,-0.6022727272727271,-0.4634146341463414,-0.448,-0.3918918918918919,0.2465753424657535,0.0208333333333333,0.1264367816091955,0.2802197802197799,0.4449760765550237,0.9680771188662044,-0.2506525322587204,2
-0.2712598803862642,0.0499444482482354,-0.8708133971291881,0.573033707865169,-0.25,0.8571428571428571,-0.1428571428571428,-0.5714285714285714,-0.5,0.5,-0.0679897096655639,0.7026929982046679,-0.5,1.0,0.4449877750611258,-1.0684596577017105,-0.2857142857142857,-0.8571428571428571,-0.4285714285714285,-0.875,-0.5,0.0,0.1990691013247403,0.0,-0.5,0.92,0.6111111111111112,0.8571428571428572,0.6206896551724139,0.9411764705882354,1.4494382022471906,0.8571428571428572,0.6250000000000001,-0.4634146341463414,-0.2000000000000001,-0.3918918918918919,0.287671232876712,0.25,-0.0747126436781607,0.0879120879120876,-0.2822966507177034,0.9680771188662044,-0.2506525322587204,1
-0.2712598803862642,-0.1590199145796603,-0.9138755980861254,0.0404494382022467,0.0,0.0,-0.1428571428571428,-0.2857142857142857,0.0,0.5,0.1157662624035284,0.0944344703770197,-0.5,1.0,0.1100244498777505,-0.1784841075794627,0.4285714285714285,0.0,-0.5714285714285714,-1.0,-0.5,0.5660377358490566,1.0229144289294665,1.5,-0.5,0.1,0.0555555555555555,0.0,0.1494252873563219,1.5882352941176472,0.5168539325842693,0.0,0.1590909090909091,-0.4634146341463414,0.1999999999999997,-0.3918918918918919,-0.2876712328767125,0.0208333333333333,-0.4425287356321837,-0.2637362637362639,0.3588516746411483,0.9680771188662044,-0.2506525322587204,2
-0.2712598803862642,-0.1757522068175296,0.1315789473684203,0.123595505617977,-0.25,-1.0,0.1428571428571428,0.0,0.5,0.0,-0.2517456817346561,-1.0258527827648116,0.5,0.5,-1.0904645476772614,-0.5110024449877755,-0.4285714285714285,-0.2857142857142857,0.2857142857142857,-0.125,-0.5,-0.5660377358490566,-0.0941639813820264,-1.5,-1.0,-0.26,0.3518518518518518,0.0,-0.4597701149425287,3.647058823529412,-0.3370786516853932,0.0,-0.4431818181818182,-0.4634146341463414,-0.6640000000000005,-0.3918918918918919,-0.602739726027397,-0.6875,-0.5344827586206895,-0.3516483516483519,-0.2727272727272726,0.9680771188662044,-0.2506525322587204,0
-0.2392583982427041,-0.3261909075511381,-1.282296650717704,-0.5932584269662935,-0.875,0.4285714285714285,1.1428571428571428,-0.5714285714285714,-0.5,0.0,-1.237412715913267,0.5385996409335728,-2.0,-0.5,0.0440097799510997,-0.288508557457213,-0.2857142857142857,-0.1428571428571428,-1.1428571428571428,-0.625,0.0,0.8577358490566034,0.4475474400286429,0.0,0.0,-0.36,-0.6666666666666666,4.285714285714286,0.1264367816091955,0.0,-0.1348314606741573,0.6428571428571429,-0.7045454545454544,-0.1544715447154472,0.9520000000000004,0.6081081081081081,-0.041095890410959,0.3541666666666667,-0.4885057471264368,-0.5164835164835169,0.7703349282296651,0.9680771188662044,-0.2506525322587204,2
-0.2639021568793493,0.1530668123168198,0.3492822966507173,-0.2449438202247194,0.0,0.5714285714285714,-0.5714285714285714,-0.8571428571428571,-0.5,-0.5,0.4726203601617054,0.850269299820467,0.0,-1.0,-0.4889975550122256,0.0,0.4285714285714285,-0.1428571428571428,-0.5714285714285714,-0.5,0.0,0.5660377358490566,0.3157894736842103,-0.5,0.5,1.88,0.1481481481481481,0.0,2.482758620689655,1.2352941176470589,1.5393258426966288,0.0714285714285714,2.5795454545454537,-0.3577235772357723,-0.4080000000000002,-0.2567567567567568,0.4520547945205475,1.7708333333333333,0.235632183908046,0.4560439560439559,0.1004784688995212,0.8978045395707416,-0.4403941515576344,2
-0.2712598803862642,-0.3840800819842523,-0.3923444976076568,-1.7168539325842724,-0.875,-0.1428571428571428,-0.1428571428571428,-0.4285714285714285,-0.5,-0.5,-0.7747151782432928,0.1055655296229802,0.0,-1.5,-0.4889975550122256,-1.1564792176039096,-0.8571428571428571,-1.1428571428571428,0.8571428571428571,-0.25,-0.5,-1.1679245283018864,-0.8950948800572859,-0.5,-1.0,2.8,3.1296296296296298,0.0,-0.5632183908045975,1.8823529411764708,-1.044943820224719,0.0,-0.5454545454545453,-0.4634146341463414,0.1519999999999997,-0.3918918918918919,-0.1643835616438355,-0.625,0.0,0.1593406593406588,-0.2296650717703349,0.8978045395707416,-0.4403941515576344,1
-0.2712598803862642,-0.290844985260453,-0.5000000000000011,0.2853932584269661,-0.25,-0.1428571428571428,-0.8571428571428571,-1.1428571428571428,-0.5,0.5,0.6387357589121648,0.8976660682226213,0.0,1.0,1.0,0.7114914425427848,1.0,-0.4285714285714285,-1.0,-0.25,1.0,1.1679245283018864,-0.1052631578947367,0.5,1.5,2.54,1.851851851851852,2.0714285714285716,0.3678160919540229,4.588235294117647,-0.0224719101123596,2.0714285714285716,0.3749999999999998,-0.4634146341463414,-0.5040000000000001,-0.3918918918918919,-0.3013698630136987,0.5416666666666666,0.1264367816091955,0.2802197802197799,0.0669856459330142,0.8978045395707416,-0.4403941515576344,2
-0.2712598803862642,-0.2981060524298779,-0.6076555023923453,-0.3056179775280905,-0.875,-0.7142857142857143,-0.1428571428571428,0.5714285714285714,0.5,0.5,-0.7747151782432928,-0.8976660682226213,0.5,0.5,-0.4889975550122256,-0.8899755501222476,-0.8571428571428571,0.1428571428571428,-1.0,0.0,-0.5,0.0,0.0776942355889726,0.0,-1.5,-0.22,-0.4444444444444444,0.2857142857142857,0.4022988505747126,0.0588235294117647,2.0337078651685387,0.2857142857142857,0.409090909090909,-0.4634146341463414,-0.1440000000000003,-0.3918918918918919,1.2602739726027394,0.25,-0.4195402298850573,-0.2417582417582421,0.1722488038277509,0.8978045395707416,-0.4403941515576344,2
-0.2712598803862642,-0.1276136366224544,-0.15311004784689,0.8179775280898884,-0.125,0.7142857142857143,-0.2857142857142857,-0.4285714285714285,0.0,0.0,0.1363469312752665,0.5464991023339318,0.0,0.5,-0.5574572127139361,0.0880195599021993,0.4285714285714285,0.2857142857142857,-0.2857142857142857,-0.75,1.0,0.3430188679245281,0.7955603293949156,0.0,0.5,0.7,0.7222222222222222,11.214285714285715,-0.0229885057471263,0.0,0.7865168539325841,11.214285714285715,-0.0113636363636363,-0.4634146341463414,0.4159999999999997,-0.3918918918918919,0.2465753424657535,-0.1041666666666666,0.1551724137931036,0.3076923076923074,0.9856459330143535,0.8978045395707416,-0.4403941515576344,2
-0.2712598803862642,-0.323171463979661,-0.6315789473684214,0.5528089887640447,-0.25,0.1428571428571428,-0.8571428571428571,0.1428571428571428,0.0,1.0,0.6387357589121648,-0.0779174147217235,-0.5,1.5,0.0,0.0220048899755487,-0.8571428571428571,0.5714285714285714,-1.0,-0.75,0.0,0.0,0.8950948800572859,0.0,-0.5,-0.18,-0.6296296296296297,17.071428571428573,1.4597701149425284,0.0,0.0674157303370784,17.071428571428573,1.4545454545454544,-0.4634146341463414,-0.5360000000000003,-0.3918918918918919,0.8904109589041095,0.5,-0.1724137931034483,-0.0054945054945059,0.0,0.8978045395707416,-0.4403941515576344,0
0.0022295501260132,0.4491793820974007,-0.0215311004784697,-0.55056179775281,-0.625,-0.4285714285714285,0.1428571428571428,-0.1428571428571428,-0.5,-0.5,-0.6085997794928334,-0.3166965888689408,0.0,-0.5,0.0660146699266507,0.3765281173594123,-0.4285714285714285,-0.8571428571428571,0.2857142857142857,0.375,0.5,-0.5660377358490566,-0.8478338703902613,0.5,1.0,1.28,1.3703703703703705,0.0,-0.6666666666666664,0.0,1.5730337078651682,6.071428571428572,0.2386363636363635,-0.3658536585365854,-0.5200000000000001,0.662162162162162,0.904109589041096,-0.2291666666666666,0.2586206896551724,0.4505494505494503,0.5119617224880384,0.8978045395707416,-0.4403941515576344,0
-0.2712598803862642,-0.049520733288783,-0.8923444976076557,-1.757303370786519,-0.625,-1.0,0.1428571428571428,0.4285714285714285,-0.5,-0.5,-0.6085997794928334,-1.161579892280072,-0.5,-2.0,-2.0904645476772616,-0.7555012224938866,-0.4285714285714285,0.0,0.7142857142857143,-0.125,-0.5,-0.7384905660377356,0.0852130325814537,-3.0,-1.0,1.82,2.074074074074074,4.642857142857143,1.2068965517241377,0.5882352941176471,0.1235955056179772,4.642857142857143,1.2045454545454544,-0.4634146341463414,0.2799999999999997,-0.3918918918918919,0.5205479452054795,-0.4583333333333333,-0.8793103448275861,-0.6813186813186817,0.0430622009569377,0.7907757369376989,-0.6121059825476626,1
-0.2712598803862642,0.0449958406777825,0.2607655502392343,0.6539325842696626,0.0,0.0,-0.5714285714285714,0.0,0.0,0.5,0.4726203601617054,-0.0854578096947935,0.5,1.0,1.3325183374083134,0.9999999999999978,0.8571428571428571,0.4285714285714285,-0.5714285714285714,-1.0,1.5,0.7384905660377356,1.158252774794128,3.0,2.0,1.32,-0.1851851851851851,0.0714285714285714,-0.2413793103448275,1.7647058823529411,0.2696629213483144,0.0714285714285714,-0.2272727272727272,-0.4634146341463414,-0.3520000000000002,-0.3918918918918919,-0.1232876712328767,1.5625,-0.0574712643678161,0.1043956043956039,0.3492822966507175,0.7907757369376989,-0.6121059825476626,2
-0.2712598803862642,-0.5140207171983372,-0.3253588516746413,-0.1011235955056179,0.0,0.4285714285714285,0.1428571428571428,-0.4285714285714285,-0.5,-0.5,-0.0679897096655639,0.4272890484739677,-0.5,-0.5,1.5110024449877766,-0.7995110024449863,2.2857142857142856,0.1428571428571428,-1.1428571428571428,0.25,0.0,1.4966037735849052,-0.0716075904045829,1.0,-1.0,0.46,0.0925925925925925,0.5,1.942528735632184,0.4705882352941177,2.4382022471910108,0.5,1.9318181818181817,-0.4634146341463414,-0.6080000000000002,-0.3918918918918919,-0.082191780821918,0.3541666666666667,-0.4310344827586205,-0.252747252747253,-0.3349282296650717,0.7907757369376989,-0.6121059825476626,1
-0.2571216983213727,-0.2969247969179668,-0.282296650717704,1.0224719101123612,-0.375,0.7142857142857143,-0.4285714285714285,-0.5714285714285714,0.5,1.5,0.0543917677324514,0.6527827648114901,0.5,1.5,-1.601466992665038,-0.711491442542787,-1.0,0.2857142857142857,0.5714285714285714,-0.125,0.5,-1.2577358490566035,0.2334407447189403,-2.5,0.5,-0.46,-0.0185185185185185,0.0,0.4597701149425287,0.0,0.0112359550561797,0.1428571428571428,0.4545454545454547,-0.3983739837398373,-0.5600000000000004,-0.3783783783783787,-0.2465753424657532,-0.4791666666666667,-0.2586206896551724,-0.1318681318681321,0.0382775119617223,0.7907757369376989,-0.6121059825476626,0
-0.2264442483841061,-0.1605847064450917,-0.346889952153111,0.0606741573033691,0.375,0.1428571428571428,-0.1428571428571428,-0.2857142857142857,0.0,-0.5,0.3314957736126426,0.1795332136445244,0.0,-0.5,0.1760391198044012,-0.2004889975550115,0.7142857142857143,-0.1428571428571428,0.1428571428571428,-0.125,0.0,0.2098113207547168,0.0,0.5,0.0,-0.56,-0.4074074074074074,0.3571428571428571,1.0689655172413792,0.0,0.9550561797752808,0.5,1.4659090909090908,-0.1707317073170732,0.8399999999999999,0.081081081081081,-0.178082191780822,-0.1458333333333333,-0.5172413793103446,-0.1373626373626377,0.6794258373205743,0.7907757369376989,-0.6121059825476626,0
-0.2712598803862642,-0.4639702632931276,-0.2607655502392343,0.4292134831460676,-0.5,-0.2857142857142857,-0.2857142857142857,1.0,0.0,0.0,-0.1903711870635794,-0.6904847396768404,-0.5,0.5,0.5550122249388764,-1.26650366748166,0.7142857142857143,-0.5714285714285714,-1.1428571428571428,0.5,0.0,1.2577358490566035,-0.6509129967776583,2.5,-1.5,0.12,-0.5370370370370371,1.2142857142857144,1.4827586206896552,1.1176470588235294,0.191011235955056,1.2142857142857144,1.4772727272727273,-0.4634146341463414,-0.3280000000000004,-0.3918918918918919,0.767123287671233,0.7083333333333334,-0.4712643678160917,-0.2912087912087914,0.0191387559808611,0.7907757369376989,-0.6121059825476626,0
-0.2712598803862642,-0.1228274149093215,-0.4784688995215314,-1.1235955056179792,0.125,-0.8571428571428571,-0.7142857142857143,0.4285714285714285,-0.5,-0.5,0.6887173833149578,-0.9974865350089768,-0.5,-1.0,0.4449877750611258,-0.4229828850855739,-0.5714285714285714,0.0,-0.7142857142857143,-0.25,0.0,0.0,0.1790189760114573,1.0,0.0,0.4,0.7037037037037037,8.571428571428571,0.4367816091954023,0.0,0.1797752808988761,8.571428571428571,0.4431818181818182,-0.4634146341463414,0.0159999999999999,-0.3918918918918919,-0.465753424657534,-0.3958333333333333,0.166666666666667,0.3186813186813185,-0.2105263157894737,0.7907757369376989,-0.6121059825476626,1
-0.2712598803862642,-0.5639323497594646,-1.0215311004784695,0.3056179775280885,-0.625,0.5714285714285714,-0.5714285714285714,-1.0,-0.5,0.5,-0.0679897096655639,0.9974865350089768,-1.0,1.0,0.0880195599022017,-0.0220048899755509,-0.7142857142857143,-0.2857142857142857,0.1428571428571428,0.0,0.0,-0.7769811320754716,-0.1790189760114571,0.5,0.0,0.96,0.4444444444444444,0.0,-0.1034482758620687,12.176470588235292,-0.2808988764044943,0.0,-0.0909090909090907,-0.4634146341463414,0.2240000000000001,-0.3918918918918919,-0.547945205479452,0.4791666666666667,0.6091954022988512,0.7417582417582418,0.0334928229665073,0.7907757369376989,-0.6121059825476626,0
-0.0779457197415552,0.0324009720645569,0.2177033492822949,-0.2853932584269681,0.0,1.1428571428571428,0.1428571428571428,-0.4285714285714285,0.0,-0.5,-0.0679897096655639,0.6904847396768404,0.5,-0.5,-1.0,0.2665036674816621,-1.0,-0.4285714285714285,2.142857142857143,0.25,0.0,-1.4966037735849054,-0.4260651629072681,-1.0,0.5,0.02,1.2962962962962965,0.0,-0.482758620689655,0.2941176470588235,0.8988764044943818,0.0,0.5227272727272726,0.7804878048780486,0.3279999999999999,0.7837837837837835,-0.2602739726027395,-1.4583333333333333,-0.2873563218390805,0.725274725274725,0.5645933014354065,0.7907757369376989,-0.6121059825476626,1
-0.2712598803862642,-0.4180157075289002,-0.5215311004784686,-0.3460674157303373,0.125,-0.1428571428571428,0.7142857142857143,0.0,0.0,0.0,-0.2723263506063945,-0.1795332136445242,-0.5,0.5,0.3985330073349641,-0.3349633251833746,-0.1428571428571428,-0.1428571428571428,0.4285714285714285,-0.125,0.0,-0.4101886792452829,0.0,0.0,0.0,0.14,-0.4629629629629629,1.7857142857142858,0.1724137931034482,0.0,0.5730337078651682,1.7857142857142858,0.1818181818181817,-0.4634146341463414,-0.7280000000000005,-0.3918918918918919,-0.2465753424657535,0.6458333333333334,0.3045977011494256,0.4505494505494503,0.3588516746411483,0.7907757369376989,-0.6121059825476626,0
-0.2712598803862642,-0.1179738755039189,0.3708133971291849,-0.2044943820224726,-0.125,0.7142857142857143,0.5714285714285714,0.5714285714285714,1.0,2.0,-0.3741271591326716,0.0,1.5,1.5,-0.1784841075794609,-1.1784841075794603,0.0,0.5714285714285714,-0.2857142857142857,0.5,0.5,0.0992452830188678,0.0,0.0,-1.5,0.8,0.8888888888888888,0.0,-0.4712643678160919,5.176470588235294,-0.6179775280898875,0.0,-0.4545454545454545,-0.4634146341463414,-0.1600000000000003,-0.3918918918918919,-0.5753424657534247,-0.1875,0.3333333333333332,0.4780219780219774,0.0334928229665073,0.6513724827222223,-0.758758122692791,0
-0.2712598803862642,0.4217246263993293,-1.1100478468899528,0.3280898876404496,-0.25,-0.2857142857142857,0.0,-0.4285714285714285,0.5,-0.5,-0.1646453509739064,0.0,-0.5,0.0,-1.2444987775061118,-0.4889975550122245,-1.1428571428571428,-0.4285714285714285,0.0,-0.375,-0.5,-1.3064150943396224,0.0,-1.5,0.0,0.76,1.6111111111111112,0.5,1.4252873563218391,0.4117647058823529,0.640449438202247,0.5,1.4204545454545456,-0.4634146341463414,1.24,-0.3918918918918919,0.1506849315068495,-1.0416666666666667,-0.7873563218390803,-0.5934065934065936,0.69377990430622,0.6513724827222223,-0.758758122692791,0
-0.1699116536678451,-0.0215438187941255,0.3253588516746392,-0.0404494382022487,-0.625,-0.2857142857142857,-0.7142857142857143,-1.1428571428571428,0.0,0.5,0.0992282249173099,0.8161579892280071,0.5,0.0,-0.8899755501222495,-0.8459657701711479,-0.5714285714285714,-1.1428571428571428,0.0,-0.375,0.5,-0.5550943396226414,-0.8138202649480843,-1.0,0.0,-0.62,0.2037037037037037,0.0,0.7586206896551725,0.0,-0.3483146067415731,0.0,-0.1818181818181817,0.4065040650406502,-0.4640000000000002,0.7297297297297297,-0.5753424657534245,-0.8958333333333334,0.4482758620689658,1.1758241758241754,0.3779904306220095,0.6513724827222223,-0.758758122692791,1
-0.2712598803862642,0.0560888505899838,-0.7822966507177029,0.0404494382022467,0.375,0.0,0.0,-0.8571428571428571,-0.5,0.5,0.2381477398015438,0.5985637342908438,-1.5,1.0,-0.7334963325183373,-1.0904645476772612,-0.1428571428571428,-0.8571428571428571,-0.1428571428571428,-0.125,-0.5,-0.0992452830188678,-0.5968492660221983,0.0,-1.0,0.74,3.0555555555555554,0.5,-0.586206896551724,0.0,0.9550561797752808,0.5,-0.5681818181818181,-0.4634146341463414,-0.4560000000000003,-0.3918918918918919,1.1232876712328768,-2.6875,0.1609195402298853,0.3131868131868129,0.4688995215311003,0.6513724827222223,-0.758758122692791,1
-0.2296124126721144,-0.5012622918374394,0.4569377990430616,0.348314606741572,0.0,-0.1428571428571428,-1.1428571428571428,-0.2857142857142857,1.0,0.0,1.2043366409408305,0.0,1.5,0.5,0.0660146699266507,-0.8239608801955992,0.0,-0.2857142857142857,-0.2857142857142857,-0.25,-0.5,0.0992452830188678,0.0,0.5,-0.5,0.28,0.7592592592592593,0.0714285714285714,0.1034482758620692,4.11764705882353,0.5617977528089886,0.0,-0.2954545454545454,-0.3821138211382111,0.1439999999999998,0.0945945945945947,0.315068493150685,-0.5833333333333334,0.5402298850574716,0.7197802197802194,0.0239234449760765,0.6513724827222223,-0.758758122692791,1
-0.2392583982427041,-0.192497498823179,-0.8038277511961727,-1.2044943820224747,-0.75,-0.8571428571428571,-0.5714285714285714,1.0,-0.5,-0.5,-0.2352076442484378,-1.1425493716337525,-0.5,-2.0,0.9339853300733516,0.955990220048898,0.1428571428571428,1.0,-0.7142857142857143,-0.875,1.5,0.5550943396226414,1.1392767633369136,1.0,2.0,-0.36,-0.5555555555555556,0.0,-0.8850574712643676,0.0,0.2022471910112359,0.0,-0.7727272727272726,-0.0325203252032519,-0.1039999999999999,-0.2837837837837837,0.452054794520548,0.2291666666666666,0.3218390804597702,0.1758241758241752,0.8133971291866028,0.6513724827222223,-0.758758122692791,1
-0.2691650097622802,-0.3577030166456434,-0.9569377990430628,-0.2044943820224726,-0.25,0.0,-0.5714285714285714,-1.1428571428571428,0.0,0.5,0.2995222344726204,0.9666068222621186,-0.5,1.0,-0.8679706601466985,-1.11246943765281,-1.0,-0.8571428571428571,-0.1428571428571428,-0.125,-0.5,-1.0158490566037732,-0.5968492660221983,-1.0,-1.0,2.58,3.2222222222222223,0.0,0.7011494252873564,0.0,-0.5842696629213483,0.0,0.5340909090909092,-0.3008130081300813,-0.1520000000000003,-0.1891891891891892,0.5753424657534247,-0.9583333333333334,0.4137931034482761,0.6648351648351646,0.0956937799043062,0.6513724827222223,-0.758758122692791,1
-0.2712598803862642,-0.4769556145858206,-0.6315789473684214,-1.0831460674157325,-0.5,-0.4285714285714285,0.7142857142857143,0.2857142857142857,-0.5,0.0,-0.7361264241087835,-0.5385996409335728,0.0,-1.5,0.1540342298288502,0.0880195599021993,-0.4285714285714285,0.2857142857142857,-0.2857142857142857,-0.5,1.5,-0.2358490566037735,0.5370569280343717,0.5,1.5,0.48,0.0555555555555555,0.0,-0.7356321839080457,4.235294117647059,0.4269662921348314,0.0,-0.7159090909090907,-0.4634146341463414,-0.2960000000000004,-0.3918918918918919,0.6575342465753425,0.4166666666666667,0.0402298850574714,0.1978021978021975,0.4066985645933014,0.6513724827222223,-0.758758122692791,0
-0.2712598803862642,-0.4953690729732522,0.653110047846889,0.123595505617977,0.5,-0.1428571428571428,-0.4285714285714285,0.0,-0.5,0.5,0.6001470047776553,-0.1795332136445242,0.0,0.5,-0.3569682151589241,-0.8679706601466989,-0.1428571428571428,0.0,-0.5714285714285714,-0.25,0.0,0.2358490566037735,0.1790189760114573,-0.5,-0.5,-0.26,0.0,1.5714285714285716,0.6551724137931033,0.1764705882352941,0.4831460674157303,1.5714285714285716,0.659090909090909,-0.4634146341463414,-0.5840000000000003,-0.3918918918918919,-0.575342465753425,-0.2916666666666667,-0.5287356321839078,-0.3461538461538464,-0.1818181818181816,0.6513724827222223,-0.758758122692791,1
-0.2712598803862642,0.4596348823825057,-0.064593301435407,-0.0202247191011243,-0.25,-0.4285714285714285,0.5714285714285714,0.2857142857142857,0.0,0.0,-0.4674751929437706,-0.5385996409335728,0.0,0.5,0.3325183374083134,-0.5110024449877755,0.7142857142857143,0.2857142857142857,-1.1428571428571428,-0.5,-0.5,1.2577358490566035,0.5370569280343717,0.5,-0.5,1.58,0.1481481481481481,1.2142857142857144,1.7816091954022986,2.7647058823529416,0.7865168539325841,1.2142857142857144,1.7727272727272725,-0.4634146341463414,-0.6880000000000001,-0.3918918918918919,0.3972602739726025,1.4583333333333333,0.195402298850575,0.346153846153846,0.2535885167464113,0.485301962531081,-0.8743466161445821,1
-0.2712598803862642,0.8651581075931754,-0.3684210526315786,-0.2449438202247194,-0.375,-0.1428571428571428,0.0,0.2857142857142857,0.0,0.5,-0.2723263506063945,-0.326391382405745,0.0,0.0,-0.1784841075794609,-0.5794621026894858,-0.2857142857142857,0.2857142857142857,-0.2857142857142857,-0.25,0.5,-0.110943396226415,0.3254564983888291,0.5,0.0,0.84,0.7222222222222222,5.571428571428572,0.7701149425287355,0.4117647058823529,1.5168539325842694,5.571428571428572,0.7727272727272726,-0.4634146341463414,1.128,-0.3918918918918919,0.1917808219178084,0.0416666666666666,-1.0862068965517242,-0.8791208791208796,0.3779904306220095,0.485301962531081,-0.8743466161445821,0
-0.2639021568793493,0.0161557306899849,-0.5430622009569384,0.3280898876404496,-1.0,0.1428571428571428,0.7142857142857143,-0.7142857142857143,-0.5,-0.5,-1.292907019478133,0.5281867145421903,-0.5,0.0,0.2004889975550119,0.0440097799510996,0.5714285714285714,-0.7142857142857143,-0.2857142857142857,0.0,-0.5,0.4101886792452829,-0.5266738274257071,0.0,0.0,1.88,1.0925925925925926,0.8571428571428572,0.5517241379310345,0.0588235294117647,-0.393258426966292,0.0714285714285714,0.5227272727272726,-0.2845528455284554,0.5199999999999998,-0.3513513513513512,0.328767123287671,0.7083333333333334,0.7586206896551726,0.7637362637362632,-0.0191387559808611,0.485301962531081,-0.8743466161445821,1
-0.2712598803862642,-0.368587722775565,-0.5000000000000011,-0.5707865168539343,-0.125,-0.8571428571428571,-0.7142857142857143,-0.2857142857142857,-0.5,0.5,0.5446527012127894,-0.6904847396768404,-0.5,0.5,-0.1784841075794609,-0.5794621026894858,-0.7142857142857143,-0.2857142857142857,0.1428571428571428,-0.875,0.0,-0.7769811320754716,0.6885069817400644,0.0,-0.5,-0.22,-0.2592592592592592,0.9285714285714288,1.0459770114942528,0.8823529411764706,1.0898876404494378,0.9285714285714288,1.0454545454545454,-0.4634146341463414,-1.4210854715202004e-16,-0.3918918918918919,-0.6575342465753425,0.0416666666666666,-0.6091954022988503,-0.4230769230769232,0.1004784688995215,0.485301962531081,-0.8743466161445821,1
-0.2712598803862642,-0.3103652227628425,-0.0430622009569394,-0.0808988764044955,0.125,-0.8571428571428571,-0.7142857142857143,-1.0,0.0,0.0,0.6887173833149578,0.0,0.0,0.0,-0.0904645476772614,-0.5110024449877755,-0.7142857142857143,-1.0,-0.1428571428571428,-0.875,0.0,-0.6290566037735847,0.0,0.5,0.0,-0.58,-0.4444444444444444,0.0,-0.2183908045977009,0.0,0.0561797752808988,0.0,-0.2045454545454544,-0.4634146341463414,0.1679999999999999,-0.3918918918918919,-0.410958904109589,-0.125,-0.3563218390804599,-0.1813186813186819,0.4114832535885168,0.485301962531081,-0.8743466161445821,2
-0.1428397615052155,-0.1051236681373607,-0.0430622009569394,1.1438202247191014,-0.375,0.8571428571428571,-0.5714285714285714,-0.5714285714285714,0.5,2.5,0.1944138184490998,0.7026929982046679,1.0,3.0,-0.3569682151589241,-2.1124694376528077,0.0,-0.5714285714285714,-0.1428571428571428,0.625,-0.5,0.0,-0.7006802721088433,-0.5,-3.0,-0.1,2.074074074074074,0.5714285714285715,0.482758620689655,5.764705882352942,1.4494382022471906,0.0714285714285714,0.3409090909090911,0.7967479674796744,1.5039999999999998,-0.2162162162162166,0.6301369863013695,-2.4583333333333335,0.8045977011494253,0.0769230769230764,-0.5693779904306219,0.299363122973358,-0.9541392564000488,1
-0.2712598803862642,0.0036239729839157,-1.1315789473684223,-0.4696629213483164,0.375,-0.1428571428571428,0.4285714285714285,-1.0,0.5,-0.5,0.0,0.6904847396768404,-1.0,0.0,-0.3569682151589241,-0.3349633251833746,0.7142857142857143,-1.0,-1.2857142857142858,-0.25,-0.5,1.4430188679245275,-0.6885069817400644,0.5,0.0,2.54,2.5,0.0,0.7356321839080461,0.1764705882352941,-0.5617977528089886,0.0,0.7386363636363638,-0.4634146341463414,-0.2879999999999998,-0.3918918918918919,0.7945205479452055,-0.1875,0.2298850574712644,0.3791208791208786,0.5598086124401914,0.299363122973358,-0.9541392564000488,1
-0.2712598803862642,-0.2880403346163194,-0.8468899521531099,-1.5528089887640486,-0.75,-1.0,0.7142857142857143,0.5714285714285714,0.5,0.0,-0.9867695700110252,-1.196768402154399,0.0,-2.5,-0.2885085574572115,0.5330073349633242,-0.1428571428571428,0.5714285714285714,-0.1428571428571428,-1.0,2.5,-0.0992452830188678,1.1933404940923735,0.0,2.5,0.08,-0.5370370370370371,0.5,1.103448275862069,0.0,-0.49438202247191,0.5,1.1022727272727273,-0.4634146341463414,-0.3760000000000001,-0.3918918918918919,1.1506849315068493,0.6666666666666666,-0.586206896551724,-0.4010989010989013,-0.3062200956937798,0.299363122973358,-0.9541392564000488,2
-0.2712598803862642,-0.1676233565284084,-1.2607655502392343,0.2449438202247194,-0.625,0.1428571428571428,-0.2857142857142857,-0.7142857142857143,-0.5,0.0,-0.3303932377802278,0.5281867145421903,-1.0,0.5,-0.4449877750611237,-0.8459657701711479,0.0,-0.7142857142857143,-0.1428571428571428,0.0,-0.5,0.0,-0.5266738274257071,0.5,-0.5,1.32,1.5925925925925926,0.0,-0.4367816091954021,3.411764705882353,0.8988764044943818,0.0,-0.4204545454545453,-0.4634146341463414,0.2319999999999996,-0.3918918918918919,0.8767123287671232,-0.4375,-0.3448275862068966,-0.1703296703296708,-0.7368421052631577,0.299363122973358,-0.9541392564000488,0
-0.2575970992112058,-0.0988819696363981,-0.4354066985645941,0.0,-0.375,-0.7142857142857143,0.2857142857142857,0.1428571428571428,0.0,0.0,-0.4355016538037484,-0.739317773788151,0.0,0.5,-0.3789731051344751,0.4229828850855739,0.5714285714285714,-0.7142857142857143,0.7142857142857143,-0.625,0.5,-0.1256603773584905,0.0,-0.5,1.0,0.58,0.7037037037037037,0.8571428571428572,-0.5517241379310343,0.1176470588235294,0.2134831460674155,0.3571428571428571,-0.3295454545454546,-0.3089430894308944,0.0239999999999999,-0.1486486486486488,-0.0684931506849315,-0.2083333333333333,-0.0344827586206893,0.0219780219780215,-0.3827751196172248,0.299363122973358,-0.9541392564000488,1
-0.2264442483841061,-0.1608742811247331,0.2392344497607646,-0.3258426966292149,0.0,0.5714285714285714,-0.4285714285714285,-0.2857142857142857,-0.5,0.0,0.3403160602719589,0.3903052064631958,0.0,0.0,-0.9559902200489002,-0.4669926650366736,-0.2857142857142857,0.1428571428571428,-0.8571428571428571,0.5,0.0,0.4354716981132072,-0.1990691013247403,0.0,-0.5,-0.56,0.037037037037037,0.0,-0.5632183908045975,0.0,0.6292134831460671,0.0,-0.2272727272727272,-0.0325203252032523,-0.0480000000000001,-0.0135135135135137,0.3150684931506847,-0.6458333333333334,-0.6724137931034481,-0.1923076923076927,0.0191387559808615,0.299363122973358,-0.9541392564000488,2
-0.1480345459811367,-0.2956989024423823,0.2177033492822949,0.2853932584269661,-0.75,-0.1428571428571428,-0.2857142857142857,0.4285714285714285,0.0,0.0,-0.4920984932010289,-0.3903052064631958,0.0,0.0,0.1320293398533014,0.1540342298288499,-0.4285714285714285,0.5714285714285714,0.0,0.125,0.5,-0.4192452830188677,0.1990691013247403,0.0,0.5,-0.4,-0.4074074074074074,0.0714285714285714,0.4137931034482759,0.0,0.0112359550561797,0.0,-0.7613636363636362,-0.2276422764227643,0.944,1.0135135135135134,0.2054794520547945,0.0208333333333333,-0.5287356321839078,-0.3406593406593408,0.7320574162679427,0.299363122973358,-0.9541392564000488,1
-0.2712598803862642,-0.2007282223830333,-1.196172248803827,-0.5303370786516876,-1.125,-0.8571428571428571,0.7142857142857143,0.8571428571428571,0.0,-0.5,-1.4733553840499816,-1.1113105924596052,-0.5,-0.5,0.2665036674816627,0.977995110024447,0.4285714285714285,0.8571428571428571,0.4285714285714285,-0.875,0.0,-0.069811320754717,1.10812746151092,1.0,0.5,3.48,1.851851851851852,0.0,-1.172413793103448,16.294117647058822,0.5505617977528087,0.0,-1.1477272727272725,-0.4634146341463414,-0.0479999999999999,-0.3918918918918919,1.328767123287671,1.5208333333333333,-0.1034482758620688,0.0604395604395601,-0.3875598086124402,0.299363122973358,-0.9541392564000488,2
-0.2712598803862642,-0.4457358271727478,0.4999999999999989,-0.449438202247192,0.625,0.2857142857142857,0.5714285714285714,-0.8571428571428571,0.0,-0.5,0.0543917677324514,0.7393177737881508,0.5,-0.5,-0.2224938875305629,-0.977995110024449,0.2857142857142857,-0.7142857142857143,-0.4285714285714285,-0.625,-0.5,0.3773584905660375,0.0,0.0,-1.0,0.4,0.7962962962962963,2.0714285714285716,0.2873563218390804,0.0,0.3033707865168538,2.0714285714285716,0.2954545454545454,-0.4634146341463414,-0.2400000000000003,-0.3918918918918919,-0.7123287671232875,-0.5,0.2701149425287358,0.4175824175824172,0.6889952153110046,0.299363122973358,-0.9541392564000488,2
-0.0779457197415552,-0.126103717319971,0.5215311004784686,0.2044943820224706,0.125,0.1428571428571428,-0.7142857142857143,0.0,1.0,0.0,0.6887173833149578,0.0,1.5,0.5,0.5330073349633254,-0.2665036674816621,-0.7142857142857143,0.0,-0.7142857142857143,0.0,-0.5,-0.171698113207547,0.0,1.5,-0.5,0.02,0.3333333333333333,0.0714285714285714,1.172413793103448,0.0,0.7752808988764042,0.0,1.227272727272727,0.6260162601626013,-0.7200000000000004,-0.3243243243243243,-0.2465753424657535,-0.375,-0.6896551724137929,0.2362637362637361,-0.4832535885167462,0.299363122973358,-0.9541392564000488,0
-0.2712598803862642,0.464965386888778,-1.4784688995215314,-1.000000000000002,-0.75,-1.0,0.2857142857142857,2.142857142857143,-0.5,-0.5,-0.8246968026460859,-1.4240574506283663,-1.5,-1.0,-1.022004889975551,1.4889975550122223,-0.5714285714285714,2.142857142857143,-0.8571428571428571,-1.0,0.5,0.171698113207547,1.4199785177228783,-1.5,1.0,1.5,0.0925925925925925,0.3571428571428571,-0.0804597701149424,0.1764705882352941,0.1011235955056178,0.3571428571428571,-0.0681818181818181,-0.4634146341463414,0.5520000000000003,-0.3918918918918919,-0.5205479452054795,1.4375,0.3505747126436787,0.4945054945054945,-0.3779904306220096,0.299363122973358,-0.9541392564000488,2
-0.2571216983213727,-0.4639603993232579,-0.346889952153111,-0.2651685393258438,0.5,-0.2857142857142857,-0.7142857142857143,-0.5714285714285714,0.5,0.5,0.8507901506798972,0.1195691202872531,0.0,0.5,-0.4449877750611237,-0.2004889975550115,0.0,-0.5714285714285714,-0.2857142857142857,-0.375,0.0,0.0992452830188678,-0.1192266380236304,0.0,-0.5,-0.46,0.0185185185185185,0.2857142857142857,-0.1264367816091953,0.0,-0.8314606741573032,0.0,-0.2386363636363635,-0.3821138211382114,-0.6640000000000005,-0.2432432432432433,-0.0547945205479452,-0.5208333333333334,-0.574712643678161,-0.4340659340659344,-0.4210526315789472,0.299363122973358,-0.9541392564000488,1
-0.2547510196256857,0.0495394728403002,1.088516746411483,-1.0202247191011264,0.125,-0.5714285714285714,-0.5714285714285714,-0.8571428571428571,1.5,-0.5,0.5446527012127894,0.163375224416517,1.5,-1.5,-0.2444987775061117,0.5990220048899748,-0.1428571428571428,0.1428571428571428,-0.5714285714285714,-0.75,1.0,0.2358490566037735,0.7372001432151806,0.0,1.5,0.2,-0.074074074074074,0.0714285714285714,1.1954022988505748,3.4705882352941178,0.5168539325842693,0.0,0.5454545454545453,-0.3008130081300815,-0.2240000000000002,0.3783783783783787,-0.7534246575342465,0.2708333333333333,-0.5919540229885056,-0.296703296703297,-0.6985645933014354,-0.8978045395707417,-0.4403941515576342,1
-0.2712598803862642,-0.3064520452261257,-0.2607655502392343,-0.7955056179775294,-0.25,-0.7142857142857143,-0.2857142857142857,0.5714285714285714,-0.5,0.5,0.0400588019110621,-0.8976660682226213,-0.5,0.0,0.0220048899755509,-0.288508557457213,0.8571428571428571,0.5714285714285714,-0.4285714285714285,-0.75,0.5,0.6290566037735846,0.8950948800572859,0.5,0.0,0.08,-0.5185185185185185,0.1428571428571428,0.0344827586206897,0.0,-0.1797752808988765,0.1428571428571428,0.0454545454545454,-0.4634146341463414,-0.4080000000000002,-0.3918918918918919,-0.506849315068493,0.6458333333333334,-0.971264367816092,-0.7692307692307696,-0.5885167464114831,-0.968077118866204,-0.2506525322587213,2
-0.2607113630151635,0.1394592150293137,-0.5215311004784686,0.224719101123595,0.5,0.7142857142857143,-0.4285714285714285,-1.1428571428571428,0.0,0.0,0.6001470047776553,1.196768402154399,-0.5,0.5,0.0660146699266507,-0.4889975550122245,0.0,-1.1428571428571428,-0.1428571428571428,0.5,-0.5,0.0,-1.1933404940923735,1.0,-0.5,0.26,1.648148148148148,0.2857142857142857,0.1264367816091955,0.0,0.393258426966292,0.0714285714285714,0.3409090909090911,-0.3658536585365853,1.4720000000000004,-0.1486486486486486,-0.6575342465753425,-1.6041666666666667,-0.8448275862068964,-0.6813186813186817,0.7846889952153112,-0.968077118866204,-0.2506525322587213,2
-0.2712598803862642,-0.290844985260453,1.2392344497607646,0.1640449438202238,1.125,0.4285714285714285,-1.1428571428571428,0.4285714285714285,0.5,1.5,1.4355016538037488,-0.066427289048474,1.0,1.0,-0.2665036674816627,-1.0904645476772612,-0.4285714285714285,0.4285714285714285,-1.0,0.25,0.5,0.5147169811320752,0.066237021124239,0.5,-1.0,2.1,2.259259259259259,1.0,-0.057471264367816,0.5294117647058824,-0.0561797752808988,1.0,-0.0454545454545454,-0.4634146341463414,-0.5200000000000002,-0.3918918918918919,-0.73972602739726,-0.375,-1.0747126436781609,-0.8681318681318684,-0.5980861244019138,-0.968077118866204,-0.2506525322587213,2
-0.2712598803862642,-0.4639702632931276,0.0430622009569372,-0.3460674157303373,-0.375,-0.1428571428571428,-0.1428571428571428,-0.1428571428571428,0.0,0.0,-0.1760382212421901,-0.0944344703770197,0.5,0.0,-1.1124694376528124,-0.4669926650366736,-0.2857142857142857,-0.1428571428571428,0.7142857142857143,-0.25,0.0,-0.6290566037735847,0.0941639813820264,-0.5,0.0,-0.48,0.0185185185185185,0.0,-0.7126436781609193,1.1764705882352942,0.640449438202247,0.0,-0.6931818181818181,-0.4634146341463414,-0.4880000000000001,-0.3918918918918919,0.8904109589041095,-0.5416666666666666,-0.7816091954022988,-0.5879120879120883,-0.3349282296650717,-0.968077118866204,-0.2506525322587213,1
-0.1850891814761173,-0.048944689879083,1.5215311004784666,-0.0404494382022487,2.875,-0.2857142857142857,-0.5714285714285714,-0.7142857142857143,0.5,0.5,1.2183020948180816,0.2563734290843807,1.0,1.0,0.0,-1.2224938875305602,0.4285714285714285,-0.7142857142857143,-0.5714285714285714,-0.375,-0.5,0.5660377358490566,-0.2556390977443609,0.0,-1.0,-0.1,1.1296296296296295,0.2857142857142857,0.9770114942528736,0.0,-0.3483146067415731,9.428571428571429,1.2727272727272727,-0.0813008130081302,-0.1120000000000003,-0.0405405405405404,1.178082191780822,-1.3958333333333333,-0.614942528735632,-0.2802197802197805,-0.6794258373205743,-0.968077118866204,-0.2506525322587213,0
-0.2712598803862642,-0.323171463979661,-0.3923444976076568,-0.0404494382022487,0.375,0.2857142857142857,-1.1428571428571428,-0.8571428571428571,-0.5,0.0,1.3101800808526278,0.7393177737881508,-0.5,0.0,-0.9559902200489002,-0.2004889975550115,-0.7142857142857143,-0.8571428571428571,0.0,0.125,0.0,-0.7075471698113206,-0.7372001432151808,-1.0,0.0,-0.58,-0.2592592592592592,0.0,-0.6206896551724136,0.0588235294117647,0.0112359550561797,0.0,-0.6022727272727271,-0.4634146341463414,-0.4560000000000004,-0.3918918918918919,0.0136986301369862,-0.3333333333333333,-0.6724137931034481,-0.4835164835164838,-0.5693779904306219,-0.968077118866204,-0.2506525322587213,1
-0.2712598803862642,-0.2981060524298779,0.3708133971291849,-0.1640449438202258,-1.125,-0.7142857142857143,0.5714285714285714,-0.1428571428571428,0.0,0.0,-1.4461595001837555,-0.598563734290844,0.5,0.5,1.022004889975551,-0.4449877750611248,0.1428571428571428,-0.1428571428571428,-0.8571428571428571,-0.75,-0.5,0.7075471698113206,0.5968492660221981,1.0,-0.5,-0.38,-0.2962962962962963,0.5,-0.379310344827586,0.0,0.1235955056179772,0.5,-0.3636363636363635,-0.4634146341463414,-0.4560000000000002,-0.3918918918918919,-0.1369863013698632,-0.0833333333333333,-0.9482758620689654,-0.7472527472527476,-0.4545454545454545,-0.968077118866204,-0.2506525322587213,1
-0.2712598803862642,0.2083951631007269,-0.4569377990430637,-0.0606741573033711,-0.5,-0.1428571428571428,0.7142857142857143,0.4285714285714285,0.5,0.0,-0.7361264241087835,-0.3903052064631958,0.5,0.0,-0.5330073349633254,0.1784841075794606,0.0,0.4285714285714285,-0.1428571428571428,-0.25,0.0,0.0,0.389187253848908,-1.0,0.0,1.58,1.0925925925925926,0.0,-0.5747126436781609,0.2941176470588235,0.3595505617977526,0.0,-0.5568181818181818,-0.4634146341463414,0.6719999999999999,-0.3918918918918919,0.3835616438356165,0.3958333333333333,-0.0114942528735629,0.1483516483516481,-0.7511961722488038,-0.968077118866204,-0.2506525322587213,1
-0.2712598803862642,-0.3840800819842523,-1.3923444976076569,-1.1235955056179792,-1.125,-1.1428571428571428,1.4285714285714286,0.5714285714285714,-0.5,0.0,-1.5714810731348767,-1.3730700179533215,-1.0,-0.5,-1.134474327628361,-0.3789731051344743,-0.8571428571428571,0.5714285714285714,-0.5714285714285714,-1.125,0.5,-0.5147169811320754,1.3691371285356244,-0.5,0.5,3.48,2.5,0.0,-0.9425287356321838,0.3529411764705882,-0.696629213483146,0.0,-0.9204545454545452,-0.4634146341463414,-0.064,-0.3918918918918919,-0.4657534246575343,0.7916666666666666,-0.9540229885057472,-0.7527472527472532,-0.2248803827751195,-0.968077118866204,-0.2506525322587213,2
-0.2712598803862642,-0.049520733288783,-0.8253588516746424,-0.4089887640449452,-0.625,0.0,3.4285714285714284,-0.1428571428571428,-0.5,0.0,-1.3542815141492095,0.0,-1.0,-0.5,-0.7555012224938883,-0.4669926650366736,-0.4285714285714285,-0.1428571428571428,0.2857142857142857,-0.125,0.5,-0.5660377358490566,0.0,0.0,0.5,2.34,1.5925925925925926,0.8571428571428572,0.2413793103448277,3.5294117647058822,1.910112359550561,0.8571428571428572,0.2500000000000001,-0.4634146341463414,-0.5280000000000001,-0.3918918918918919,1.301369863013698,0.625,-1.1091954022988506,-0.9010989010989016,-0.6985645933014354,-0.968077118866204,-0.2506525322587213,0
-0.2712598803862642,-0.1228274149093215,-0.5861244019138756,-0.4292134831460696,-0.5,0.5714285714285714,0.7142857142857143,0.7142857142857143,0.5,-0.5,-0.7361264241087835,-0.1195691202872531,-0.5,-0.5,-1.1784841075794632,0.5770171149144239,-0.7142857142857143,0.7142857142857143,0.2857142857142857,0.375,0.0,-0.8384905660377356,0.1192266380236304,-1.5,0.5,0.86,0.2777777777777778,0.2857142857142857,-0.7241379310344825,0.0588235294117647,-0.2696629213483146,0.2857142857142857,-0.7045454545454544,-0.4634146341463414,-0.0800000000000001,-0.3918918918918919,-0.2054794520547945,0.5625,-1.2758620689655171,-1.060439560439561,-0.5023923444976076,-0.9987165071710528,-0.0506491688387135,0
-0.1536256305737202,-0.3439268881338697,-1.1746411483253598,0.0404494382022467,-0.125,-0.4285714285714285,0.7142857142857143,0.0,0.5,-0.5,-0.4355016538037484,-0.3989228007181328,-1.5,0.0,-1.4889975550122256,0.3105134474327617,-0.5714285714285714,0.0,-1.0,-0.5,-0.5,0.3773584905660375,0.3977801646974578,-2.0,0.0,-0.34,-0.6111111111111112,0.0,-0.0804597701149424,1.5294117647058825,-0.0561797752808988,0.0,-0.5113636363636364,-0.2682926829268291,-0.3440000000000002,0.1351351351351351,-0.1780821917808217,0.3125,-0.3563218390804595,-0.0824175824175828,-0.2296650717703349,-0.9987165071710528,-0.0506491688387135,1
-0.1989200444222149,0.1811874635766426,-0.4354066985645941,-0.2449438202247194,-1.0,0.0,0.4285714285714285,-0.2857142857142857,-0.5,0.0,-1.2164645350973904,0.0944344703770197,0.0,0.0,-1.8679706601467008,-0.7555012224938866,-0.8571428571428571,-0.2857142857142857,0.8571428571428571,-0.125,0.0,-1.1679245283018864,-0.0941639813820264,-2.0,0.0,1.06,3.0555555555555554,0.0,-0.2528735632183907,0.0,0.0224719101123594,0.0714285714285714,-0.4659090909090908,-0.3577235772357723,1.016,-0.1216216216216216,-0.136986301369863,-2.3541666666666665,-0.942528735632184,-0.8131868131868134,0.4306220095693779,-0.9987165071710528,-0.0506491688387135,1
-0.2346825984540947,-0.4301401764908569,0.4999999999999989,0.2044943820224706,0.5,-0.7142857142857143,0.0,-0.4285714285714285,2.0,0.0,0.2995222344726204,-0.414362657091562,1.5,0.0,0.3765281173594131,-0.977995110024449,-0.8571428571428571,-0.4285714285714285,-0.7142857142857143,-0.75,0.0,-0.3773584905660375,0.413175796634443,2.0,0.0,-0.4,0.037037037037037,0.0,-0.528735632183908,0.0588235294117647,-0.6516853932584269,0.0,-0.6477272727272726,-0.2926829268292684,-0.6240000000000003,-0.2297297297297298,-0.7397260273972602,-0.4791666666666667,-0.942528735632184,-0.8571428571428574,-0.6842105263157895,-0.9987165071710528,-0.0506491688387135,2
-0.2712598803862642,0.1479517113334181,-0.8708133971291881,0.3056179775280885,-0.625,0.0,-0.1428571428571428,-0.8571428571428571,0.5,0.5,-0.4355016538037484,0.5985637342908438,0.5,1.0,0.4669926650366746,-0.9119804400977986,1.5714285714285714,-0.2857142857142857,-1.0,-0.625,0.0,1.2830188679245278,0.3580379520229143,0.5,-0.5,1.9,2.2962962962962963,0.0,-0.8390804597701147,14.117647058823527,2.258426966292134,0.0,-0.818181818181818,-0.4634146341463414,1.408,-0.3918918918918919,3.013698630136986,-0.625,-1.2413793103448276,-1.0274725274725278,0.4162679425837322,-0.9987165071710528,-0.0506491688387135,1
-0.2575970992112058,-0.5493427618886513,-0.0215311004784697,-0.4089887640449452,0.5,-0.2857142857142857,-0.4285714285714285,0.1428571428571428,1.0,0.0,0.6001470047776553,-0.3590664272890484,0.5,0.0,0.8875305623471897,-0.2444987775061133,0.4285714285714285,0.1428571428571428,-0.8571428571428571,-0.375,0.0,0.8384905660377354,0.3580379520229143,1.5,0.0,0.58,0.7962962962962963,0.1428571428571428,-0.689655172413793,0.0,-0.5056179775280898,0.0714285714285714,-1.159090909090909,-0.3983739837398374,0.0559999999999996,0.1891891891891889,0.0547945205479452,-0.3125,-1.0402298850574712,-0.8791208791208796,-0.2248803827751197,-0.9987165071710528,-0.0506491688387135,1
-0.2712598803862642,-0.0727599792192386,0.1961722488038273,0.348314606741572,0.25,0.0,-1.0,0.4285714285714285,-0.5,1.0,1.0804851157662625,-0.2991023339317774,0.0,1.5,1.1784841075794632,-0.7334963325183357,1.0,0.4285714285714285,-1.0,-0.125,-0.5,1.1679245283018864,0.2982456140350878,2.0,-1.5,0.8,0.5925925925925926,0.2142857142857143,1.64367816091954,0.0588235294117647,-0.8764044943820224,0.2142857142857143,1.6363636363636362,-0.4634146341463414,0.7920000000000003,-0.3918918918918919,2.260273972602739,0.1458333333333333,0.3160919540229885,0.461538461538461,-0.5502392344497608,-0.9987165071710528,-0.0506491688387135,1
-0.2037738669161781,-0.3647933983484608,0.3923444976076546,0.3056179775280885,-0.75,-0.5714285714285714,-0.5714285714285714,-0.8571428571428571,0.5,0.0,-0.2352076442484378,0.163375224416517,1.0,0.5,0.5110024449877766,-0.7555012224938866,-1.0,-0.8571428571428571,-0.1428571428571428,-0.625,-0.5,-1.0158490566037732,-0.1629072681704259,0.5,-0.5,-0.62,-0.4259259259259259,0.0,0.8045977011494252,13.176470588235292,-0.8539325842696629,2.9285714285714284,1.1022727272727273,-0.2520325203252033,0.3759999999999998,-0.0405405405405404,1.589041095890411,-0.1875,0.0459770114942531,0.346153846153846,-0.5263157894736842,-0.9884683243281114,0.1514277775045766,2
-0.2712598803862642,-0.1590199145796603,0.15311004784689,0.0606741573033691,-0.125,-0.4285714285714285,-0.5714285714285714,-0.2857142857142857,0.5,0.0,0.3914002205071666,-0.2244165170556553,0.0,0.5,-0.7775061124694371,-0.3789731051344743,0.1428571428571428,-0.2857142857142857,-0.2857142857142857,-0.5,-0.5,0.188679245283019,0.2237737200143214,-0.5,-0.5,0.16,0.0,0.0,-0.5747126436781609,0.4705882352941177,-0.8764044943820224,0.0,-0.5568181818181818,-0.4634146341463414,-0.2640000000000004,-0.3918918918918919,-0.3835616438356165,0.1458333333333333,-0.7126436781609196,-0.5219780219780223,-0.5263157894736842,-0.9884683243281114,0.1514277775045766,1
-0.2712598803862642,-0.1715580576381526,-1.8277511961722488,-1.3887640449438228,-0.625,-0.7142857142857143,0.2857142857142857,0.1428571428571428,0.0,-0.5,-0.6806321205439175,-0.739317773788151,-1.5,-1.5,-1.2224938875305629,-0.2665036674816621,-1.0,-0.2857142857142857,1.2857142857142858,-0.5,0.0,-1.3947169811320752,0.2237737200143214,-1.5,0.0,1.5,-0.074074074074074,0.0714285714285714,0.2183908045977013,1.5882352941176472,0.6853932584269659,0.0714285714285714,0.2272727272727274,-0.4634146341463414,1.184,-0.3918918918918919,-0.164383561643836,1.625,0.2586206896551724,0.4065934065934061,-0.8325358851674639,-0.9884683243281114,0.1514277775045766,2
-0.2547510196256857,-0.5259425163805426,0.2392344497607646,1.0224719101123612,1.125,0.2857142857142857,-1.0,-0.7142857142857143,1.0,1.5,1.290334435869166,0.5985637342908438,1.5,1.5,-0.2224938875305629,0.5110024449877733,-0.4285714285714285,-0.8571428571428571,-0.2857142857142857,-0.625,1.0,-0.2358490566037735,-0.1629072681704259,0.0,1.5,0.2,0.3333333333333333,0.3571428571428571,-0.3103448275862068,0.1764705882352941,0.7752808988764042,0.0,-0.659090909090909,-0.1544715447154472,-0.3840000000000001,0.0405405405405404,1.013698630136986,-0.1875,-1.1264367816091954,-0.8076923076923079,-0.5598086124401913,-0.9884683243281114,0.1514277775045766,1
-0.2712598803862642,0.0499444482482354,-0.4569377990430637,-1.0426966292134854,0.0,-0.1428571428571428,-0.5714285714285714,-0.1428571428571428,0.5,0.5,0.4726203601617054,-0.0944344703770197,0.0,-0.5,-1.3129584352078243,0.0440097799510996,-1.0,-0.1428571428571428,0.0,-0.25,1.0,-1.0781132075471695,0.0941639813820264,-1.0,0.5,0.76,0.7592592592592593,0.0,0.2183908045977013,0.0,-0.5056179775280898,0.0,0.2272727272727274,-0.4634146341463414,-0.0640000000000002,-0.3918918918918919,0.1095890410958905,-0.0833333333333333,-0.8908045977011493,-0.6923076923076926,-0.6602870813397129,-0.9884683243281114,0.1514277775045766,1
-0.2712598803862642,-0.1757522068175296,-0.9784688995215324,-0.5932584269662935,-0.625,-0.4285714285714285,0.0,0.5714285714285714,0.5,-0.5,-0.5273796398382946,-0.6527827648114902,0.0,0.0,-0.3349633251833732,0.7334963325183357,-0.1428571428571428,0.5714285714285714,0.0,-0.5,-0.5,-0.1886792452830187,0.6509129967776582,0.5,0.0,0.48,-0.3333333333333333,0.0,0.057471264367816,0.4117647058823529,-0.7528089887640449,0.0,0.0681818181818181,-0.4634146341463414,-0.1760000000000001,-0.3918918918918919,0.2191780821917807,0.8541666666666666,-0.8850574712643678,-0.6868131868131873,-0.6363636363636364,-0.9884683243281114,0.1514277775045766,1
-0.2579466932422027,-0.1426810437594571,-0.1961722488038294,-0.2449438202247194,1.125,-0.2857142857142857,0.2857142857142857,-0.2857142857142857,0.5,0.5,0.3914002205071666,-0.1055655296229802,0.0,0.5,-0.5330073349633254,-0.0904645476772612,-0.1428571428571428,-0.1428571428571428,-0.4285714285714285,-0.375,0.0,0.110943396226415,0.1990691013247403,-0.5,0.0,0.88,0.5555555555555556,0.0,0.4597701149425287,0.0,-0.6292134831460674,0.0,0.8068181818181818,-0.2926829268292682,0.752,0.0135135135135134,0.958904109589041,0.2708333333333333,0.7931034482758624,0.89010989010989,-0.1291866028708135,-0.9884683243281114,0.1514277775045766,1
-0.2712598803862642,0.0149131037285636,-1.0,-0.898876404494384,-0.625,-0.5714285714285714,-0.7142857142857143,0.0,-0.5,-0.5,0.0992282249173099,-0.5281867145421903,-1.0,-1.0,-0.3789731051344751,0.9119804400977986,0.0,0.0,-1.1428571428571428,-0.625,0.5,1.0158490566037732,0.5266738274257071,-0.5,1.0,0.32,-0.5555555555555556,0.0,-0.4367816091954021,0.0,1.0561797752808986,0.0,-0.4204545454545453,-0.4634146341463414,0.6399999999999998,-0.3918918918918919,1.0684931506849311,0.9375,-0.8965517241379308,-0.697802197802198,0.2440191387559805,-0.9884683243281114,0.1514277775045766,2
-0.2622417249287955,-0.3474608902223512,-0.4569377990430637,-1.224719101123597,-0.625,-1.1428571428571428,0.1428571428571428,0.0,0.5,-0.5,-0.6085997794928334,-1.243087971274686,0.0,-1.5,0.3985330073349641,0.5330073349633242,0.1428571428571428,0.0,-1.1428571428571428,-1.125,1.0,1.078113207547169,1.2395273899033294,1.0,1.5,1.84,0.1666666666666666,0.0,0.5977011494252872,0.0,0.4719101123595504,0.0714285714285714,0.5340909090909092,-0.4390243902439026,0.0959999999999999,-0.3108108108108111,-0.7123287671232875,1.7083333333333333,0.4597701149425288,0.6153846153846148,-0.0143540669856457,-0.9884683243281114,0.1514277775045766,1
-0.191673518383415,-0.3150496133683507,-0.4138755980861243,-0.4898876404494388,0.5,0.7142857142857143,-0.1428571428571428,-0.5714285714285714,0.0,0.0,0.3914002205071666,0.6527827648114901,-0.5,-0.5,-0.7555012224938883,-0.5550122249388751,-0.5714285714285714,-0.1428571428571428,-0.2857142857142857,-0.125,-0.5,-0.3773584905660375,0.0,-0.5,-1.0,0.26,1.0925925925925926,2.0714285714285716,-0.4137931034482757,0.0,0.7303370786516852,0.0,-0.0795454545454544,-0.0081300813008129,0.2799999999999999,-0.0135135135135134,0.2602739726027397,-0.9791666666666666,-0.4310344827586205,-0.5604395604395608,-0.8660287081339713,-0.9377521321470804,0.3473052528448203,0
-0.2712598803862642,-0.5633895556421135,0.1459330143540668,-0.0606741573033711,-0.75,0.8571428571428571,-0.8571428571428571,-0.4285714285714285,0.5,1.0,0.1363469312752665,0.5985637342908438,1.0,0.5,0.7555012224938883,0.1100244498777502,1.1428571428571428,-0.4285714285714285,-0.2857142857142857,-0.25,0.0,0.6290566037735846,-0.1052631578947367,0.5,0.5,-0.46,-0.5370370370370371,0.5,-0.3908045977011492,0.8235294117647058,-0.0898876404494382,0.5,-0.3749999999999998,-0.4634146341463414,-0.6320000000000002,-0.3918918918918919,-0.3835616438356165,0.1041666666666666,-0.867816091954023,-0.6703296703296707,-0.4928229665071768,-0.9377521321470804,0.3473052528448203,1
-0.2712598803862642,-0.537060076734872,-1.15311004784689,-0.9595505617977552,-1.0,-0.7142857142857143,1.7142857142857142,0.0,-0.5,-0.5,-1.464535097390665,-0.6732495511669659,-1.0,-1.0,-0.0220048899755487,0.4449877750611227,0.0,-1.2857142857142858,-0.5714285714285714,0.375,0.0,0.3328301886792449,-1.342642320085929,0.5,0.5,-0.18,-0.4444444444444444,1.2142857142857144,-0.5747126436781609,2.823529411764706,-0.7303370786516852,1.2142857142857144,-0.5568181818181818,-0.4634146341463414,-0.4240000000000001,-0.3918918918918919,-0.5616438356164385,0.2916666666666667,-0.7356321839080459,-0.5439560439560442,-0.2583732057416267,-0.9377521321470804,0.3473052528448203,2
-0.2712598803862642,-0.3247510949576606,-0.6076555023923453,0.8584269662921352,-0.5,0.1428571428571428,0.0,-0.8571428571428571,0.0,0.5,-0.3921352443954427,0.6732495511669659,-0.5,1.0,0.8435207823960879,-0.3349633251833746,1.7142857142857142,0.4285714285714285,-1.1428571428571428,-1.125,-0.5,1.433962264150943,1.342642320085929,1.0,-0.5,-0.22,-0.6296296296296297,0.2857142857142857,-0.1034482758620687,0.0,0.1123595505617977,0.2857142857142857,-0.0909090909090907,-0.4634146341463414,-0.5360000000000001,-0.3918918918918919,-0.4794520547945205,0.4583333333333333,-0.7241379310344827,-0.5329670329670333,-0.3157894736842105,-0.9377521321470804,0.3473052528448203,1
-0.2712598803862642,-0.0403743623870889,0.0,-0.0202247191011243,-0.25,0.0,0.7142857142857143,-0.1428571428571428,0.5,0.5,-0.5273796398382946,0.0,0.5,1.0,-0.0684596577017105,-0.4009779951100252,-0.1428571428571428,-0.5714285714285714,-0.7142857142857143,0.5,0.5,0.3773584905660375,-0.6509129967776583,0.5,0.5,1.88,1.3703703703703705,0.3571428571428571,3.0574712643678157,0.0,0.3146067415730337,0.3571428571428571,3.0340909090909083,-0.4634146341463414,0.2559999999999998,-0.3918918918918919,2.493150684931506,0.3958333333333333,0.0114942528735633,0.17032967032967,0.3014354066985644,-0.9377521321470804,0.3473052528448203,1
-0.2712598803862642,0.0207503218397793,-0.0215311004784697,-1.1235955056179792,-0.25,-0.8571428571428571,-0.7142857142857143,-0.5714285714285714,0.5,0.0,0.4571848585079017,-0.4897666068222622,1.0,-0.5,-0.4449877750611237,1.3325183374083105,0.5714285714285714,1.2857142857142858,0.1428571428571428,-1.125,0.5,0.1452830188679244,1.4647332617257427,-0.5,1.0,2.8,1.851851851851852,0.2142857142857143,-0.4367816091954021,0.0588235294117647,-0.2921348314606742,0.2142857142857143,-0.4204545454545453,-0.4634146341463414,-0.3760000000000003,-0.3918918918918919,-0.5753424657534247,0.8125,-0.8103448275862069,-0.6153846153846158,-0.7894736842105262,-0.9377521321470804,0.3473052528448203,0
-0.2712598803862642,-0.2045222823597425,0.3492822966507173,-0.3258426966292149,0.125,-0.4285714285714285,0.5714285714285714,-1.0,0.5,0.5,-0.2094818081587649,0.489766606822262,0.5,0.5,-0.9119804400978004,-1.3569682151589233,-0.7142857142857143,-1.2857142857142858,-0.2857142857142857,1.125,-0.5,-0.5392452830188679,-1.4647332617257427,-1.0,-1.0,2.54,3.1296296296296298,0.0,-0.6206896551724136,4.058823529411765,-1.1011235955056178,0.0,-0.6022727272727271,-0.4634146341463414,-0.2640000000000002,-0.3918918918918919,-0.1643835616438355,-0.8958333333333334,-0.7758620689655173,-0.5824175824175829,-0.5311004784688995,-0.9377521321470804,0.3473052528448203,1
-0.2712598803862642,-0.2159086405945506,-0.6531100478468911,-0.0808988764044955,-0.25,0.4285714285714285,1.1428571428571428,-0.5714285714285714,1.0,0.5,-0.6806321205439175,0.5385996409335728,0.0,0.0,-0.6894865525672376,-0.7775061124694376,-0.5714285714285714,-0.7142857142857143,-0.5714285714285714,2.875,-0.5,-0.1452830188679244,-1.2531328320802002,0.0,-1.0,1.32,2.074074074074074,0.0714285714285714,0.2528735632183907,0.1764705882352941,-0.1797752808988765,0.0714285714285714,0.2613636363636362,-0.4634146341463414,-0.2880000000000001,-0.3918918918918919,-0.2465753424657535,-0.9791666666666666,-0.925287356321839,-0.7252747252747257,-0.937799043062201,-0.9377521321470804,0.3473052528448203,1
-0.2712598803862642,-0.1494972946422663,-0.3923444976076568,-1.1033707865168567,-0.25,-0.2857142857142857,1.1428571428571428,0.7142857142857143,0.0,0.5,-0.6806321205439175,-0.598563734290844,-0.5,-0.5,-0.6894865525672376,-0.2004889975550115,-0.8571428571428571,-0.2857142857142857,-0.8571428571428571,-0.375,-0.5,-0.2098113207547168,0.1052631578947367,-1.0,-0.5,0.12,-0.0185185185185185,0.0,0.1609195402298852,0.0,-0.7191011235955055,0.0,0.1704545454545456,-0.4634146341463414,-0.5600000000000002,-0.3918918918918919,0.3013698630136987,0.125,-0.8793103448275861,-0.6813186813186817,-0.6220095693779903,-0.9377521321470804,0.3473052528448203,2
-0.2712598803862642,0.3959259116514861,-0.4354066985645941,-0.7752808988764069,-0.5,-0.4285714285714285,-0.5714285714285714,0.2857142857142857,0.0,0.5,0.0735023888276369,-0.5385996409335728,0.0,0.0,-0.5794621026894871,1.621026894865521,1.1428571428571428,3.2857142857142856,-0.2857142857142857,-0.625,0.5,0.6290566037735846,1.2531328320802002,0.0,1.0,1.82,-0.1851851851851851,7.000000000000001,4.045977011494252,0.0,-0.7640449438202246,7.000000000000001,4.011363636363636,-0.4634146341463414,0.0079999999999998,-0.3918918918918919,4.986301369863013,2.0833333333333335,-1.1724137931034484,-0.961538461538462,-0.3636363636363636,-0.9377521321470804,0.3473052528448203,1
-0.2712598803862642,-0.3518861522612154,-0.0861244019138767,-1.449438202247194,0.375,-0.5714285714285714,-0.4285714285714285,-1.0,-0.5,-0.5,0.5446527012127894,0.3590664272890484,-0.5,-2.0,0.4889975550122256,0.5770171149144239,0.0,0.5714285714285714,-0.8571428571428571,-0.125,2.0,0.6290566037735846,0.3580379520229143,-0.5,1.5,-0.56,-0.4629629629629629,1.2142857142857144,1.310344827586207,0.0588235294117647,0.9550561797752808,1.2142857142857144,1.306818181818182,-0.4634146341463414,-0.5440000000000003,-0.3918918918918919,-0.36986301369863,-0.0833333333333333,-0.7241379310344827,-0.5329670329670333,-0.5215311004784687,-0.848644257494751,0.5289640103269624,0
-0.2712598803862642,-0.3845534287108976,-0.3923444976076568,0.2651685393258418,-0.75,-0.8571428571428571,0.0,-0.7142857142857143,0.0,1.5,-0.6806321205439175,-0.3590664272890484,0.5,2.0,0.3765281173594131,-1.1344743276283609,-0.4285714285714285,-0.1428571428571428,0.4285714285714285,0.5,0.5,-0.6290566037735847,-0.3580379520229143,0.5,-1.5,0.14,-0.4074074074074074,7.285714285714286,-0.1034482758620687,3.941176470588235,-0.1910112359550562,7.285714285714286,-0.0909090909090907,-0.4634146341463414,-0.3280000000000002,-0.3918918918918919,-0.6575342465753422,0.5833333333333334,-0.454022988505747,-0.2747252747252751,0.0334928229665073,-0.848644257494751,0.5289640103269624,2
-0.2712598803862642,0.5952606147339247,-1.6315789473684217,-1.797752808988768,-1.0,-0.8571428571428571,1.5714285714285714,0.8571428571428571,0.0,-0.5,-1.4461595001837555,-1.1113105924596052,-2.0,-2.0,0.3765281173594131,0.2665036674816621,-0.2857142857142857,0.2857142857142857,1.0,-1.0,-0.5,-0.7256603773584904,1.1188686000716077,1.0,0.0,3.4,0.6481481481481481,0.0,0.4942528735632184,0.0,-0.6853932584269663,0.0,0.5,-0.4634146341463414,0.1359999999999998,-0.3918918918918919,0.6575342465753425,2.7916666666666665,0.2758620689655171,0.4230769230769224,-0.1913875598086124,-0.848644257494751,0.5289640103269624,2
-0.2712598803862642,-0.0509001254353845,-0.7392344497607657,0.7348314606741582,-0.875,0.4285714285714285,0.0,-0.8571428571428571,-0.5,1.0,-0.8555678059536933,0.7978456014362656,-0.5,1.5,-0.0220048899755487,-0.5330073349633242,-0.7142857142857143,-0.5714285714285714,0.2857142857142857,0.5,0.5,-0.8384905660377356,-0.6509129967776583,0.0,-0.5,0.96,0.7037037037037037,70.35714285714286,0.1494252873563219,0.3529411764705882,0.3483146067415727,70.35714285714286,0.1590909090909091,-0.4634146341463414,0.5279999999999999,-0.3918918918918919,-0.493150684931507,0.1875,-0.1781609195402295,-0.0109890109890111,-0.8038277511961722,-0.848644257494751,0.5289640103269624,2
-0.2701272244682421,-0.0784720143801002,-0.6076555023923453,-0.8786516853932597,-0.875,-1.0,1.5714285714285714,-0.1428571428571428,-0.5,-0.5,-1.3175303197353911,-0.9666068222621186,-0.5,-1.0,0.0440097799510997,-0.8239608801955992,-0.4285714285714285,-0.7142857142857143,-0.1428571428571428,-0.25,0.5,-0.3328301886792452,-0.3580379520229143,0.5,0.5,3.58,1.6666666666666667,1.0,-0.7701149425287355,1.8823529411764708,-0.1123595505617977,0.7857142857142858,-0.0909090909090907,-0.0406504065040648,0.512,0.3918918918918919,-0.7534246575342465,1.8333333333333333,-0.2298850574712644,-0.3461538461538466,-0.8373205741626794,-0.848644257494751,0.5289640103269624,2
-0.2712598803862642,-0.5633827322901573,-0.5645933014354081,1.0022471910112367,0.875,1.0,-0.2857142857142857,-1.0,-0.5,1.5,0.6387357589121648,1.1113105924596052,-1.0,2.0,1.1320293398533017,-0.3789731051344743,1.5714285714285714,-1.1428571428571428,-1.1428571428571428,0.25,-0.5,1.4150943396226412,-1.1188686000716077,2.0,0.0,0.74,0.8888888888888888,4.857142857142858,-0.2873563218390804,0.6470588235294118,-0.1573033707865168,4.857142857142858,-0.2727272727272727,-0.4634146341463414,-0.0400000000000001,-0.3918918918918919,-0.5890410958904108,-0.25,-0.540229885057471,-0.3571428571428574,-0.0478468899521531,-0.848644257494751,0.5289640103269624,2
-0.2712598803862642,-0.4396501242973115,0.1746411483253576,-1.1640449438202278,0.25,-0.7142857142857143,-0.7142857142857143,0.2857142857142857,0.0,-0.5,0.7486218302094818,-0.7978456014362658,0.0,-1.5,0.2004889975550119,0.0440097799510996,0.0,0.5714285714285714,-1.0,-0.5,1.0,0.8086792452830188,0.6509129967776582,0.5,0.5,0.4,0.4444444444444444,0.0,-0.3678160919540229,2.5294117647058822,-0.595505617977528,0.0,-0.3522727272727272,-0.4634146341463414,-0.296,-0.3918918918918919,-0.4794520547945205,-0.1041666666666666,-0.1149425287356322,0.0494505494505489,-0.15311004784689,-0.848644257494751,0.5289640103269624,1
-0.1919195479358189,-0.4956983860098759,0.8038277511961706,-0.4292134831460696,0.25,0.0,0.1428571428571428,-1.1428571428571428,1.5,-0.5,0.0852627710400587,0.9666068222621186,2.0,-0.5,-0.1124694376528124,0.4669926650366736,-0.8571428571428571,-0.8571428571428571,-0.4285714285714285,-0.625,0.5,-0.6290566037735847,-0.1629072681704259,-0.5,1.0,-0.5,-0.6666666666666666,0.0,0.8390804597701149,0.0,0.3707865168539326,0.0,0.3409090909090911,-0.0975609756097563,-0.456,0.2027027027027024,-0.684931506849315,0.2083333333333333,-0.218390804597701,0.1978021978021975,-0.0669856459330142,-0.72479278722912,0.6889669190756865,2
-0.2712598803862642,-0.1942999681031286,-1.1100478468899528,-0.7955056179775294,-0.375,0.1428571428571428,0.5714285714285714,-0.2857142857142857,0.0,0.5,-0.5692760014700476,0.1795332136445244,-1.5,-0.5,-0.3789731051344751,-0.9339853300733494,-0.2857142857142857,-0.7142857142857143,0.0,-0.125,0.5,-0.2977358490566038,-0.4475474400286429,0.5,0.0,0.1,0.3518518518518518,3.5714285714285716,0.2873563218390804,6.470588235294118,-0.4044943820224719,3.5714285714285716,0.2954545454545454,-0.4634146341463414,-0.5360000000000001,-0.3918918918918919,0.0684931506849315,-0.3125,-0.8735632183908044,-0.6758241758241761,-0.4401913875598085,-0.72479278722912,0.6889669190756865,0
-0.2712598803862642,-0.1093385157096092,-0.6315789473684214,-0.3887640449438208,0.0,-0.1428571428571428,-0.2857142857142857,0.0,0.0,1.0,0.2219772142594634,-0.1795332136445242,-0.5,0.5,0.6650366748166269,0.2224938875305624,0.5714285714285714,-0.1428571428571428,-0.4285714285714285,-0.625,0.5,0.5147169811320752,0.4475474400286429,1.5,0.0,-0.26,0.0555555555555555,7.285714285714286,0.6436781609195403,9.352941176470589,0.6629213483146065,7.285714285714286,0.6477272727272728,-0.4634146341463414,0.3839999999999997,-0.3918918918918919,-0.6986301369863015,-0.3541666666666667,-1.0114942528735629,-0.8076923076923079,-0.0047846889952153,-0.72479278722912,0.6889669190756865,2
-0.2712598803862642,0.1974348209797261,-0.4784688995215314,0.2853932584269661,-0.625,0.1428571428571428,-0.2857142857142857,-1.1428571428571428,-0.5,0.5,-0.3303932377802278,1.0258527827648114,-0.5,1.0,0.0,-0.4009779951100252,0.7142857142857143,0.0,-0.1428571428571428,-0.625,0.5,0.3773584905660375,0.5266738274257071,0.5,0.0,0.28,0.6111111111111112,0.0,0.471264367816092,0.1764705882352941,1.1573033707865166,0.0,0.4772727272727273,-0.4634146341463414,1.0320000000000005,-0.3918918918918919,0.1095890410958905,-0.4166666666666667,0.3103448275862072,0.4560439560439559,-0.6985645933014354,-0.72479278722912,0.6889669190756865,1
-0.0865629416731602,-0.1441310550519262,1.1315789473684204,-1.2044943820224747,0.125,-1.0,0.1428571428571428,1.2857142857142858,2.0,-0.5,0.0117603822124222,-1.3271095152603234,2.5,-1.5,-0.1344743276283612,0.3105134474327617,0.2857142857142857,1.2857142857142858,-0.4285714285714285,-1.0,1.0,0.3773584905660375,1.3233082706766917,0.5,1.5,0.02,0.0925925925925925,2.7142857142857144,-0.8850574712643676,0.2352941176470588,1.3820224719101122,3.714285714285715,-0.2613636363636362,-0.0406504065040652,-0.3040000000000003,0.3243243243243243,1.273972602739726,-0.1041666666666666,-0.867816091954023,-0.5494505494505498,-0.8038277511961722,-0.72479278722912,0.6889669190756865,0
-0.233106100597229,-0.4796561953384748,0.0215311004784675,0.3887640449438208,-0.375,-1.0,-0.8571428571428571,-0.1428571428571428,0.5,0.0,0.5446527012127894,-0.9666068222621186,0.5,0.5,-0.80195599022005,-0.955990220048898,0.1428571428571428,-0.7142857142857143,0.2857142857142857,-0.75,-0.5,-0.1573584905660377,0.1629072681704259,-2.0,-1.0,-0.36,0.2037037037037037,6.571428571428571,1.252873563218391,1.2352941176470589,1.280898876404494,10.642857142857144,0.6477272727272728,-0.3008130081300813,-0.4560000000000003,0.3243243243243243,0.054794520547945,-0.625,-1.1666666666666663,-0.8461538461538465,-0.6363636363636364,-0.72479278722912,0.6889669190756865,1
-0.2712598803862642,-0.237028223420264,0.0430622009569372,-1.287640449438205,-0.125,-1.0,0.7142857142857143,0.0,0.0,-0.5,-0.4355016538037484,-1.0258527827648116,-0.5,-1.0,0.4669926650366746,-0.4009779951100252,-0.2857142857142857,-0.7142857142857143,-0.7142857142857143,0.0,0.5,0.2694339622641509,-0.5266738274257071,0.5,0.0,0.92,1.6111111111111112,15.42857142857143,1.310344827586207,0.0,0.1573033707865166,15.42857142857143,1.306818181818182,-0.4634146341463414,0.5279999999999999,-0.3918918918918919,0.6027397260273974,-0.875,-0.396551724137931,-0.2197802197802202,0.5933014354066984,-0.72479278722912,0.6889669190756865,1
-0.2712598803862642,0.5153268935605563,-0.5861244019138756,-0.2853932584269681,-0.375,-0.4285714285714285,0.2857142857142857,-0.2857142857142857,0.0,0.0,-0.4355016538037484,-0.2244165170556553,-0.5,0.0,-1.7334963325183372,-1.8019559902200464,0.1428571428571428,-0.7142857142857143,0.1428571428571428,0.125,0.0,-0.0818867924528301,-0.5968492660221983,-2.5,-1.5,0.46,1.2962962962962965,0.1428571428571428,1.2873563218390802,0.0,-0.6516853932584269,0.1428571428571428,1.284090909090909,-0.4634146341463414,0.496,-0.3918918918918919,1.561643835616438,-1.0,-0.8735632183908044,-0.6758241758241761,0.1770334928229666,-0.72479278722912,0.6889669190756865,1
-0.2712598803862642,0.413545115427357,-0.6746411483253587,-0.5707865168539343,-0.5,-0.1428571428571428,0.2857142857142857,-0.4285714285714285,0.0,0.0,-0.5516354281514148,0.1055655296229802,-0.5,-0.5,-0.1344743276283612,-0.3105134474327617,0.2857142857142857,-0.4285714285714285,1.2857142857142858,-0.125,0.0,-0.471698113207547,-0.1990691013247403,0.0,0.0,0.7,0.6851851851851852,30.78571428571429,1.160919540229885,0.2941176470588235,-0.8876404494382021,30.78571428571429,1.1590909090909092,-0.4634146341463414,1.616,-0.3918918918918919,1.698630136986301,-0.0625,0.0977011494252875,0.2527472527472524,-1.2248803827751196,-0.72479278722912,0.6889669190756865,0
-0.2582413504896452,3.2819295970776743,-0.282296650717704,-0.0606741573033711,-0.125,0.8571428571428571,-0.1428571428571428,-1.0,0.5,-0.5,0.0286659316427784,1.0771992818671456,0.0,-0.5,-0.3789731051344751,0.3545232273838614,-0.7142857142857143,-0.2857142857142857,-1.2857142857142858,-0.625,-0.5,0.8086792452830188,0.3580379520229143,0.0,0.0,0.54,-0.2222222222222222,0.0,2.0344827586206895,5.294117647058823,-0.0337078651685393,0.0,2.011363636363636,-0.3414634146341463,0.976,-0.3783783783783782,1.6849315068493145,0.7916666666666666,0.6724137931034485,0.8846153846153844,-0.3636363636363635,-0.7907757369376986,-0.6121059825476627,2
1.0119922048989456,-0.2823852789064008,-0.7607655502392354,-0.0808988764044955,0.0,0.5714285714285714,-0.2857142857142857,-0.5714285714285714,1.0,-0.5,0.2219772142594634,0.5985637342908438,0.0,-0.5,0.0,-0.9999999999999978,-0.2857142857142857,-0.7142857142857143,-1.1428571428571428,0.25,-0.5,0.8577358490566034,-0.6595059076262082,1.0,-1.0,-0.56,-0.2777777777777778,5.642857142857143,2.597701149425286,0.0,0.0112359550561797,0.0,1.4886363636363635,2.195121951219512,0.8639999999999999,0.905405405405405,0.9999999999999998,-0.2916666666666667,0.3103448275862072,-1.340659340659341,-0.5980861244019138,-0.8978045395707417,-0.4403941515576342,1
1.5107931267057433,0.7590024624231156,0.4999999999999989,0.5932584269662915,0.25,1.4285714285714286,-1.1428571428571428,-1.0,0.0,1.0,1.2796765894891586,1.196768402154399,0.5,1.0,0.2665036674816627,0.2151589242053788,0.1428571428571428,-0.8571428571428571,-0.4285714285714285,-0.875,0.5,0.2977358490566036,0.1990691013247403,0.5,1.0,-0.28,-0.5185185185185185,0.0,0.8620689655172413,1.8823529411764708,0.7752808988764042,0.0,1.409090909090909,0.1788617886178856,2.440000000000001,0.2567567567567568,-0.0273972602739725,0.2708333333333333,0.5402298850574716,1.1098901098901093,-1.3492822966507176,-0.8978045395707417,-0.4403941515576342,2
3.012586253253839,-0.4745642231110609,1.3277511961722477,0.674157303370787,0.375,0.2857142857142857,-0.4285714285714285,-1.2857142857142858,2.0,1.0,0.5446527012127894,1.282226211849192,2.5,1.5,-0.5794621026894871,-0.7775061124694376,0.2857142857142857,-0.7142857142857143,-1.1428571428571428,-0.25,0.0,1.1320754716981132,-0.3580379520229143,-0.5,0.0,-0.6,0.3888888888888889,0.0,0.5287356321839082,0.0,-0.3707865168539326,0.0,0.5,0.4471544715447154,-0.176,-0.3513513513513512,0.273972602739726,-1.0833333333333333,0.4137931034482761,-0.0604395604395609,0.110047846889952,-0.968077118866204,-0.2506525322587213,2
0.8656913232942545,0.5288953869994125,1.0430622009569372,-0.5707865168539343,0.0,-0.4285714285714285,0.8571428571428571,-0.1428571428571428,0.5,0.0,-0.4083057699375229,-0.3166965888689408,1.0,-0.5,-1.9119804400978004,0.3105134474327617,-0.5714285714285714,0.0,0.4285714285714285,-0.375,-0.5,-0.7547169811320753,0.2824919441460793,-2.0,0.0,-0.22,0.3703703703703703,0.4285714285714286,2.160919540229885,1.1764705882352942,2.235955056179775,0.0,0.0340909090909091,2.3008130081300804,-0.0080000000000002,2.1216216216216215,1.9589041095890416,-0.6666666666666666,0.1379310344827589,-1.576923076923077,-0.2200956937799043,-0.968077118866204,-0.2506525322587213,0
0.9579895290710824,2.8072171038559484,-0.3038277511961737,0.6943820224719094,0.625,1.7142857142857142,0.1428571428571428,-1.1428571428571428,-0.5,0.5,0.2723263506063949,1.3644524236983844,-1.0,1.0,-0.2665036674816627,-0.3349633251833746,0.0,-0.5714285714285714,-0.7142857142857143,-0.625,0.5,0.471698113207547,0.1378446115288219,0.5,0.5,-0.58,-0.1666666666666666,2.7142857142857144,1.5747126436781609,0.0,1.1011235955056178,0.0,-0.0795454545454544,1.7154471544715444,1.184,1.567567567567567,0.7123287671232877,-0.4375,0.2126436781609197,-1.1098901098901104,-0.8708133971291865,-0.968077118866204,-0.2506525322587213,1
0.9330100502846596,2.324950376716095,-0.8708133971291881,-0.224719101123597,-0.75,-0.2857142857142857,-0.5714285714285714,0.0,0.0,-0.5,-0.2352076442484378,-0.2833034111310594,-0.5,-0.5,-0.3349633251833732,-0.711491442542787,0.7142857142857143,-0.7142857142857143,-1.0,-0.5,0.5,1.092452830188679,-0.1378446115288219,0.5,0.0,-0.48,-0.1296296296296296,4.357142857142857,1.114942528735632,0.1176470588235294,-0.7191011235955055,0.0,-0.534090909090909,1.642276422764227,2.336,1.567567567567567,-0.547945205479452,-0.375,0.1264367816091955,-1.1428571428571432,-1.631578947368421,-0.9987165071710528,-0.0506491688387135,1
1.0429230468356936,3.246545227305856,-0.1746411483253597,0.2853932584269661,0.125,-0.2857142857142857,-0.5714285714285714,-0.2857142857142857,1.0,0.0,0.5446527012127894,-0.1055655296229802,1.0,0.5,0.3985330073349641,1.110024449877748,-0.8571428571428571,0.4285714285714285,0.5714285714285714,0.25,0.5,-1.092452830188679,0.066237021124239,0.5,1.0,-0.62,0.2592592592592592,0.8571428571428572,1.471264367816092,2.9411764705882355,-0.4382022471910112,0.0,-0.0568181818181818,0.983739837398374,-0.3119999999999999,1.4189189189189189,-0.315068493150685,-0.9583333333333334,0.3390804597701153,-0.4945054945054949,0.1291866028708135,-0.9987165071710528,-0.0506491688387135,1
1.1114384054729094,0.4613090753132442,0.2177033492822949,0.0202247191011223,-0.5,2.142857142857143,-0.8571428571428571,-1.1428571428571428,0.5,0.5,0.4332965821389195,1.4107719928186715,1.0,0.5,-0.1124694376528124,-0.0220048899755509,-1.0,-0.5714285714285714,0.1428571428571428,0.375,1.0,-1.132075471698113,-0.5968492660221983,0.5,1.0,-0.52,-0.4444444444444444,0.0,-0.3678160919540229,6.705882352941177,0.98876404494382,0.0,-0.6931818181818181,0.0487804878048781,2.184,0.0135135135135134,1.315068493150685,-0.0625,0.2183908045977014,0.0439560439560438,-1.464114832535885,-0.9987165071710528,-0.0506491688387135,0
0.8103312964283428,1.7061009961325404,-0.1961722488038294,-0.2853932584269681,0.625,-0.2857142857142857,-0.5714285714285714,0.0,0.0,1.0,0.7673649393605292,-0.2833034111310594,0.5,0.0,-0.6234718826405868,-0.0220048899755509,-0.8571428571428571,-0.7142857142857143,0.5714285714285714,-0.25,-0.5,-1.092452830188679,-0.3580379520229143,-0.5,0.0,-0.4,-0.3703703703703703,0.0,-0.1724137931034482,21.705882352941178,3.168539325842696,0.0,-0.534090909090909,2.398373983739837,0.496,0.0540540540540538,3.780821917808219,-0.0208333333333333,0.1264367816091955,-1.6538461538461542,-0.5311004784688995,-0.9987165071710528,-0.0506491688387135,2
0.8537769134536541,0.7471804814701916,-0.9569377990430628,0.2651685393258418,-0.875,0.5714285714285714,-0.5714285714285714,0.1428571428571428,-0.5,0.5,-0.4355016538037484,0.1382405745062836,-1.0,0.5,-0.8899755501222495,0.977995110024447,-0.7142857142857143,0.8571428571428571,-0.4285714285714285,-1.125,0.0,-0.4354716981132074,1.4131757966344431,-0.5,0.5,-0.36,0.1111111111111111,0.1428571428571428,0.3678160919540229,0.0588235294117647,-0.4157303370786517,0.0,-0.6704545454545454,2.146341463414633,-0.3840000000000004,0.8513513513513512,-0.4246575342465752,-0.5208333333333334,0.2988505747126438,-1.318681318681319,0.6267942583732055,-0.9884683243281114,0.1514277775045766,1
1.159081997101885,1.0407929211557418,0.5430622009569362,-0.1438202247191014,-0.25,-0.1428571428571428,-1.2857142857142858,-0.4285714285714285,1.5,-0.5,1.402058066887174,0.1055655296229802,2.0,-0.5,0.2004889975550119,-1.2885085574572108,-0.5714285714285714,-1.1428571428571428,-1.0,0.625,-0.5,0.3773584905660375,-1.22484783387039,1.0,-1.5,-0.5,0.5185185185185185,7.500000000000001,0.9885057471264368,0.1176470588235294,-0.2134831460674157,0.0,-0.1818181818181817,0.5121951219512194,-0.0560000000000002,1.0,-0.7397260273972602,-1.125,0.3908045977011497,-0.1263736263736266,0.8995215311004783,-0.9884683243281114,0.1514277775045766,1
2.6069425177705954,0.3709953582148398,0.4999999999999989,0.9393258426966288,0.375,0.8571428571428571,-0.5714285714285714,-1.1428571428571428,2.0,1.0,0.6670341786108048,1.2283662477558348,2.0,1.5,0.7995110024449881,0.6430317848410745,-0.4285714285714285,0.4285714285714285,-0.4285714285714285,-0.375,1.5,-0.1256603773584905,0.488363766559255,1.0,1.5,-0.54,0.0555555555555555,19.214285714285715,-0.1379310344827585,1.352941176470588,0.2471910112359549,0.0,-0.4545454545454545,0.0081300813008128,1.68,0.0,0.1232876712328767,-0.6458333333333334,0.2988505747126438,0.4010989010989009,-1.095693779904306,-0.9884683243281114,0.1514277775045766,1
2.953689610209396,1.3840817187673726,0.2392344497607646,0.348314606741572,-0.875,0.2857142857142857,0.0,0.0,0.5,0.5,-0.8555678059536933,0.0779174147217237,1.0,1.0,0.5990220048899761,0.3545232273838614,0.4285714285714285,-0.4285714285714285,-1.1428571428571428,-0.75,0.0,1.1792452830188676,0.413175796634443,0.5,0.5,-0.24,-0.0925925925925925,0.0,1.64367816091954,0.0,-0.7752808988764044,0.0,-0.5795454545454545,-0.2764227642276422,1.5599999999999998,2.243243243243243,-0.5342465753424658,-0.1666666666666666,0.4137931034482761,0.6813186813186809,-0.9282296650717702,-0.9884683243281114,0.1514277775045766,0
0.9378664015749968,3.284438917358023,0.3253588516746392,0.1640449438202238,-0.375,0.1428571428571428,0.1428571428571428,-0.4285714285714285,0.5,0.0,-0.3579566335905916,0.2833034111310591,1.0,0.5,0.5110024449877766,-0.4009779951100252,-0.7142857142857143,-0.8571428571428571,-1.0,-1.125,-0.5,0.2098113207547168,0.7672753311851056,1.0,0.0,-0.46,-0.2222222222222222,6.142857142857143,0.7241379310344828,0.7058823529411765,-0.5617977528089886,0.0,-0.1249999999999999,1.9756097560975605,1.024,0.6216216216216215,-0.2465753424657535,-0.25,0.5574712643678164,-0.9560439560439564,-0.4880382775119616,-0.9377521321470804,0.3473052528448203,0
1.0626024615261365,-0.2823852789064008,-0.129186602870814,-0.5932584269662935,-0.875,0.2857142857142857,-0.8571428571428571,-0.8571428571428571,0.0,-0.5,-0.0679897096655639,0.7393177737881508,0.0,-0.5,-1.5354523227383874,-0.0220048899755509,-0.7142857142857143,-0.4285714285714285,-0.1428571428571428,-1.0,0.5,-0.6290566037735847,0.8138202649480841,-2.0,1.0,0.12,-0.2777777777777778,2.0714285714285716,1.5402298850574714,0.0,-0.1123595505617977,0.0,-0.1249999999999999,1.991869918699186,1.048,1.5810810810810811,-0.7123287671232875,0.4166666666666667,0.5574712643678164,-0.9670329670329674,-0.5023923444976076,-0.9377521321470804,0.3473052528448203,2
-0.2712598803862642,1.407483918082511,-1.4138755980861244,-0.2651685393258438,-0.875,0.0,-0.7142857142857143,-0.2857142857142857,-0.5,0.5,-0.2723263506063945,0.0944344703770197,-1.0,0.0,-0.1564792176039122,0.5770171149144239,0.1428571428571428,0.2857142857142857,-0.4285714285714285,-1.125,0.0,0.2977358490566036,1.3129251700680271,-1.0,0.5,0.54,-0.3518518518518518,0.0,0.0689655172413794,0.0,0.8651685393258424,0.0,0.0795454545454546,-0.4634146341463414,-0.2320000000000002,-0.3918918918918919,0.232876712328767,0.9375,0.522988505747127,0.6593406593406593,0.904306220095694,-0.9377521321470804,0.3473052528448203,2
0.7000949770363659,-0.4859787800781971,-0.064593301435407,-0.2044943820224726,-0.625,-0.4285714285714285,0.0,-0.4285714285714285,-0.5,0.0,-0.5273796398382946,-0.1195691202872531,0.0,0.5,-0.3349633251833732,-0.6014669926650368,-1.1428571428571428,0.1428571428571428,0.1428571428571428,-1.0,-0.5,-1.3475471698113204,1.074113856068743,0.5,-0.5,0.08,0.3888888888888889,0.2142857142857143,-0.8045977011494252,0.0,0.4606741573033704,0.0,-0.3522727272727272,3.4308943089430883,-0.6080000000000002,0.1216216216216216,0.2602739726027395,-0.375,0.6091954022988507,-1.8901098901098905,0.5311004784688992,-0.848644257494751,0.5289640103269624,1
3.012586253253839,3.3312258676062267,-0.346889952153111,1.247191011235956,0.125,0.5714285714285714,-1.1428571428571428,-0.5714285714285714,0.0,2.0,1.2443954428518926,0.5985637342908438,-0.5,2.5,0.3545232273838644,-0.1344743276283631,0.0,-0.1428571428571428,-0.7142857142857143,-0.5,0.0,0.471698113207547,0.3157894736842103,0.0,-0.5,-0.6,-0.5,0.0,1.0804597701149423,0.0,-0.4831460674157303,0.0,-0.2159090909090909,-0.1463414634146343,0.6319999999999997,1.148648648648649,-0.452054794520548,-0.0833333333333333,0.6264367816091958,0.6978021978021972,-0.1961722488038276,-0.848644257494751,0.5289640103269624,1
0.9537447633401084,0.6756805715996507,1.4569377990430616,-0.2853932584269681,1.25,0.8571428571428571,-0.8571428571428571,0.0,1.5,-0.5,1.181550900404263,0.3324955116696589,1.5,-1.0,0.2004889975550119,1.132029339853299,-0.4285714285714285,0.0,0.2857142857142857,0.625,0.5,-0.5660377358490566,-0.3315431435732187,0.0,1.0,-0.58,-0.2962962962962963,0.0,0.2298850574712643,0.5882352941176471,0.4044943820224715,0.0,-0.1704545454545454,2.5772357723577226,2.032,0.0945945945945944,-0.0273972602739727,-0.2916666666666667,0.6551724137931039,-1.2692307692307696,-1.009569377990431,-0.848644257494751,0.5289640103269624,1
0.7419928176209077,2.8072171038559484,0.2822966507177019,-1.8382022471910149,0.25,-0.5714285714285714,-0.4285714285714285,0.4285714285714285,-0.5,0.0,0.4832782065417128,-0.7181328545780971,0.0,-2.0,-1.4229828850855748,-0.288508557457213,-0.8571428571428571,-0.1428571428571428,1.4285714285714286,-0.625,2.0,-1.2830188679245278,0.4475474400286429,-1.5,0.5,0.5,-0.1666666666666666,4.571428571428572,1.6551724137931034,0.0,0.7303370786516852,0.0,-0.4545454545454545,1.284552845528455,0.8239999999999998,2.108108108108108,0.7123287671232877,0.6875,0.6896551724137931,-0.3626373626373631,-0.2583732057416267,-0.848644257494751,0.5289640103269624,2
0.9340942207348316,0.9652484421963512,0.4999999999999989,-0.8179775280898904,-0.375,-0.7142857142857143,1.2857142857142858,-0.7142857142857143,0.0,0.0,-0.8166115398750458,-0.163375224416517,0.5,-0.5,0.1760391198044012,0.2885085574572108,-0.2857142857142857,-0.5714285714285714,-0.8571428571428571,-0.875,0.5,0.4354716981132072,0.488363766559255,0.0,1.0,-0.48,-0.5740740740740741,4.285714285714286,1.011494252873563,0.0,0.2921348314606738,0.0,0.6136363636363636,2.504065040650406,0.5040000000000001,0.081081081081081,-0.3972602739726025,0.125,0.7241379310344833,-1.1538461538461542,-0.0382775119617223,-0.72479278722912,0.6889669190756865,2
0.6859795012736962,2.324950376716095,0.15311004784689,-0.1842696629213502,-0.75,-1.0,-0.2857142857142857,0.1428571428571428,-0.5,0.0,-0.4920984932010289,-1.0771992818671454,0.0,0.5,-0.4229828850855748,-0.3569682151589233,1.2857142857142858,0.5714285714285714,-0.4285714285714285,-0.875,0.5,0.7686792452830187,1.036519871106337,-0.5,0.5,-0.38,-0.1296296296296296,0.0,-0.6666666666666664,2.705882352941176,-0.2022471910112359,0.0,0.659090909090909,2.5528455284552836,2.3040000000000003,1.1621621621621618,0.2602739726027395,-0.2708333333333333,0.5574712643678164,-1.3461538461538467,-1.2535885167464114,-0.72479278722912,0.6889669190756865,1
1.4901416284686746,1.0296374214466917,-0.217703349282297,0.4696629213483144,-0.75,0.4285714285714285,-0.2857142857142857,-1.1428571428571428,-0.5,0.0,-0.4920984932010289,1.1220825852782763,0.0,0.5,-0.9119804400978004,0.1784841075794606,-0.4285714285714285,-0.7142857142857143,-0.2857142857142857,-0.875,0.5,-0.2358490566037735,0.3580379520229143,-0.5,1.0,0.0,0.5185185185185185,19.000000000000004,0.1724137931034482,0.4117647058823529,0.6629213483146065,0.0,1.4772727272727273,2.0162601626016254,-0.36,1.148648648648649,0.1917808219178084,-0.6041666666666666,0.6436781609195404,-0.9010989010989016,0.9282296650717704,-0.5712682150947924,0.8207634412072763,2
0.9281019414243308,0.378227628824738,-0.1746411483253597,-0.898876404494384,-0.375,-0.7142857142857143,-0.5714285714285714,-0.4285714285714285,-0.5,-0.5,0.1944138184490998,-0.414362657091562,-0.5,-0.5,-0.4229828850855748,0.7775061124694354,-1.0,-0.5714285714285714,1.1428571428571428,-0.375,0.5,-1.372075471698113,-0.1192266380236304,-1.0,1.0,0.22,0.0555555555555555,15.357142857142858,-0.4482758620689653,0.0,0.1460674157303371,0.0,1.511363636363636,0.2276422764227641,2.640000000000001,1.9189189189189184,0.8630136986301365,0.1458333333333333,0.7298850574712646,0.3901098901098898,-1.311004784688995,-0.5712682150947924,0.8207634412072763,0
2.606093983966834,0.6583584361339438,0.8038277511961706,0.4696629213483144,1.0,0.5714285714285714,-1.0,-0.7142857142857143,0.5,2.0,1.268283719220875,0.7181328545780968,1.0,2.0,0.4205378973105129,-0.9119804400977986,-0.5714285714285714,-1.0,-0.4285714285714285,-0.625,-0.5,-0.2694339622641509,-0.3580379520229143,0.5,-1.0,-0.54,-0.4259259259259259,5.142857142857143,-0.1609195402298848,0.2941176470588235,-0.3146067415730337,0.0,1.5340909090909092,0.3414634146341461,2.8160000000000007,1.608108108108108,1.452054794520548,-0.1041666666666666,0.8563218390804601,0.4340659340659336,-1.311004784688995,-0.5712682150947924,0.8207634412072763,1
1.1577682433597478,3.0564859495907224,0.2607655502392343,0.5101123595505612,-0.25,-0.1428571428571428,-0.4285714285714285,-1.4285714285714286,1.0,1.5,0.1617052554208013,1.436265709156194,0.5,2.0,0.3105134474327624,0.3105134474327617,-0.2857142857142857,-1.0,-0.8571428571428571,-0.125,0.5,0.4354716981132072,-0.7672753311851055,0.0,1.0,-0.5,-0.3148148148148148,0.0,0.3563218390804599,0.0,0.9775280898876402,0.0,1.5454545454545452,1.56910569105691,-0.4960000000000006,1.0135135135135132,-0.1095890410958905,-0.1875,0.82183908045977,-0.4285714285714288,0.6411483253588519,-0.5712682150947924,0.8207634412072763,1
1.0626024615261365,0.8422446092102549,-0.064593301435407,-0.1213483146067423,-0.25,-0.8571428571428571,0.8571428571428571,-1.0,-0.5,0.0,-0.5825064314590223,0.0,-1.0,0.0,0.3765281173594131,1.0880195599021971,-0.4285714285714285,-0.1428571428571428,-0.1428571428571428,-0.75,2.5,-0.3328301886792452,0.5968492660221981,0.0,2.0,0.12,-0.6111111111111112,0.0,-0.6781609195402296,0.0,-0.6853932584269663,0.0,0.0340909090909091,2.943089430894308,2.168,0.4324324324324323,0.0958904109589042,0.7916666666666666,0.5977011494252877,-1.5714285714285718,-1.138755980861244,-0.3943558551133187,0.9189578116202306,2
-0.2582413504896452,0.7451018516031472,-1.0430622009569372,-1.3280898876404517,-0.375,-0.8571428571428571,0.2857142857142857,-0.8571428571428571,0.0,-0.5,-0.4355016538037484,-0.1996409335727109,-1.0,-1.0,0.0440097799510997,0.3985330073349611,-1.1428571428571428,-0.4285714285714285,0.4285714285714285,0.0,0.5,-1.4150943396226412,-0.2824919441460795,0.0,1.0,0.54,-0.5185185185185185,0.0,0.1149425287356321,0.0,-0.6179775280898875,0.0,0.0227272727272728,-0.2845528455284554,2.0640000000000005,-0.2702702702702705,0.0,1.125,0.7528735632183909,0.7692307692307693,-0.9473684210526316,-0.3943558551133187,0.9189578116202306,2
3.16713030837916,1.398324078575662,-0.7607655502392354,0.3887640449438208,0.375,-0.7142857142857143,-1.1428571428571428,-1.0,0.0,0.5,1.3101800808526278,0.1996409335727109,0.0,1.0,0.2665036674816627,-0.1784841075794627,0.2857142857142857,0.0,-0.4285714285714285,-0.375,-0.5,0.3773584905660375,0.2824919441460793,1.0,-1.0,-0.14,-0.3518518518518518,17.428571428571427,-0.7816091954022987,0.0,0.4269662921348314,0.0,0.0340909090909091,1.48780487804878,-0.4000000000000003,0.554054054054054,-0.2465753424657532,0.2291666666666666,0.5977011494252877,-0.5879120879120883,0.8660287081339709,-0.3943558551133187,0.9189578116202306,2
0.7354741382449246,0.7743284908001531,-0.5000000000000011,0.2651685393258418,-0.125,0.4285714285714285,-0.1428571428571428,-0.5714285714285714,-0.5,-0.5,0.0286659316427784,0.5385996409335728,-0.5,0.0,0.9095354523227386,1.555012224938873,1.5714285714285714,1.4285714285714286,-0.2857142857142857,-0.875,1.5,0.7547169811320751,1.2173290368779088,0.5,1.5,0.5,-0.6296296296296297,2.357142857142857,1.4367816091954022,0.0,0.0337078651685393,0.0,-0.5454545454545453,1.3089430894308942,1.976,1.9594594594594592,-0.0273972602739725,1.2083333333333333,0.5287356321839083,-0.5329670329670333,-1.0813397129186602,-0.2012985200886611,0.9795299412524944,1
-0.1500385475546981,3.3312258676062267,-0.217703349282297,-0.3887640449438208,0.375,-1.1428571428571428,-0.2857142857142857,0.1428571428571428,-0.5,0.5,0.4332965821389195,-1.282226211849192,-1.0,0.5,-1.2444987775061118,0.3325183374083127,-0.8571428571428571,-0.1428571428571428,-1.1428571428571428,-0.625,-0.5,0.2694339622641509,0.4475474400286429,-1.0,0.0,0.52,-0.5,0.0,0.4367816091954023,0.0,0.4606741573033704,0.0,0.1477272727272726,-0.0406504065040648,0.256,-0.0405405405405404,-0.3424657534246575,1.0833333333333333,0.53448275862069,0.3846153846153842,-0.0478468899521531,-0.2012985200886611,0.9795299412524944,2
0.6994164007700346,3.107445587233972,0.2607655502392343,-0.0606741573033711,-0.375,-0.5714285714285714,0.5714285714285714,-0.1428571428571428,0.5,-0.5,-0.5692760014700476,-0.4488330341113106,1.0,0.0,0.2004889975550119,-0.288508557457213,-1.0,0.1428571428571428,-1.0,-1.125,0.0,-0.2694339622641509,1.278553526673827,1.0,-0.5,0.08,-0.6481481481481481,0.0714285714285714,-0.1379310344827585,8.411764705882353,0.595505617977528,0.0,0.1818181818181817,3.455284552845528,-0.4320000000000002,-0.0270270270270271,-0.2191780821917805,0.7916666666666666,0.5919540229885061,-1.9230769230769236,0.7177033492822966,-0.2012985200886611,0.9795299412524944,2
2.746001280824314,0.6822821775918277,0.3923444976076546,-1.3887640449438228,-0.25,-0.8571428571428571,0.0,1.4285714285714286,0.0,0.0,-0.1646453509739064,-1.220825852782765,0.5,-1.5,0.1100244498777505,0.1784841075794606,-0.1428571428571428,-0.5714285714285714,1.4285714285714286,0.25,-0.5,-0.7547169811320753,-0.5370569280343717,-0.5,0.0,-0.08,-0.2962962962962963,0.0,-0.0804597701149424,0.3529411764705882,0.4494382022471909,0.0,-0.318181818181818,0.6910569105691057,2.272,-0.0945945945945947,0.2054794520547945,0.2291666666666666,0.522988505747127,-0.120879120879121,-1.2631578947368418,-0.2012985200886611,0.9795299412524944,1
2.320107477848471,0.9652484421963512,-0.9569377990430628,-0.4696629213483164,-0.875,1.2857142857142858,0.1428571428571428,-0.4285714285714285,0.0,-0.5,-0.9253950753399484,0.7314183123877918,-1.5,-0.5,0.3985330073349641,0.1540342298288499,-0.2857142857142857,-0.4285714285714285,-0.2857142857142857,-0.75,-0.5,-0.110943396226415,0.413175796634443,1.0,0.0,-0.04,-0.5740740740740741,0.2142857142857143,1.6091954022988504,10.647058823529411,0.6966292134831458,0.0,-0.1022727272727273,3.5447154471544704,0.632,1.635135135135135,0.2465753424657535,0.5833333333333334,0.563218390804598,-2.0109890109890114,-0.2488038277511961,0.20129852008866,0.9795299412524944,2
0.6859795012736962,0.7527423317771895,0.6315789473684192,0.1438202247191014,0.0,-0.7142857142857143,-0.8571428571428571,-0.4285714285714285,1.5,-0.5,0.7894156560088202,-0.414362657091562,1.5,0.0,-0.8459657701711497,0.5770171149144239,-0.1428571428571428,-0.4285714285714285,-0.4285714285714285,1.0,0.0,0.110943396226415,-0.7293233082706765,-1.0,0.5,-0.38,-0.5370370370370371,1.9285714285714288,-0.2988505747126436,0.0588235294117647,-0.0224719101123596,0.0,-0.409090909090909,2.837398373983739,2.168,-0.2432432432432433,-0.2602739726027397,0.1875,0.4885057471264368,-1.604395604395605,-1.2296650717703348,0.20129852008866,0.9795299412524944,0
0.9349980876671908,2.6496362420636363,-0.5645933014354081,-0.1640449438202258,-0.25,-0.2857142857142857,0.5714285714285714,-0.7142857142857143,1.0,-0.5,-0.4674751929437706,0.2563734290843807,0.0,-0.5,0.4889975550122256,0.8875305623471856,-0.1428571428571428,1.1428571428571428,-0.8571428571428571,-1.0,0.5,0.5392452830188679,1.3018259935553167,0.5,1.0,0.22,-0.5925925925925926,0.1428571428571428,-0.3448275862068965,9.823529411764708,-0.3820224719101123,0.0,0.5340909090909092,-0.24390243902439,-0.2480000000000001,0.6351351351351352,0.3287671232876712,0.875,0.6609195402298851,0.7307692307692306,0.3588516746411483,0.3943558551133185,0.9189578116202306,1
1.4901416284686746,1.0040909552091146,-0.346889952153111,-0.2044943820224726,0.75,-0.7142857142857143,-0.4285714285714285,-0.4285714285714285,0.5,-0.5,0.6975376699742745,-0.414362657091562,-0.5,0.0,0.4889975550122256,0.3325183374083127,0.5714285714285714,-0.2857142857142857,-0.4285714285714285,-0.5,1.0,0.5147169811320752,0.2237737200143214,1.0,0.5,0.0,-0.5555555555555556,0.0,-0.3103448275862068,0.0,-0.1348314606741573,0.0,0.5454545454545453,4.105691056910568,1.264,0.6081081081081079,0.0410958904109587,0.6041666666666666,0.5287356321839083,-2.423076923076924,-0.6555023923444977,0.3943558551133185,0.9189578116202306,1
0.5981359810765193,0.6583584361339438,0.2177033492822949,-0.4696629213483164,0.375,-1.0,-0.1428571428571428,1.1428571428571428,1.0,-0.5,0.3314957736126426,-1.3055655296229804,0.0,-1.0,-0.5110024449877744,0.3985330073349611,-0.7142857142857143,-0.7142857142857143,-0.2857142857142857,-0.375,0.0,-0.5392452830188679,-0.2556390977443609,-0.5,0.5,0.16,-0.4259259259259259,0.2857142857142857,0.1609195402298852,0.1764705882352941,-0.5393258426966292,0.0,0.6250000000000001,2.97560975609756,2.832,0.1486486486486486,0.63013698630137,0.625,0.6666666666666672,-1.5274725274725278,-1.478468899521531,0.3943558551133185,0.9189578116202306,2
1.18299439655378,3.0476972986279933,0.3253588516746392,-0.9191011235955084,-0.5,-0.4285714285714285,1.0,-0.2857142857142857,1.0,0.5,-0.8335170893054022,-0.2244165170556553,0.5,-0.5,-0.6674816625916866,0.2885085574572108,-0.2857142857142857,-0.4285714285714285,0.4285714285714285,-0.75,-0.5,-0.5147169811320754,0.413175796634443,-1.0,0.0,0.66,-0.3148148148148148,1.5714285714285716,0.1724137931034482,0.4117647058823529,1.3820224719101122,0.0,0.3295454545454546,0.1382113821138212,-0.064,-0.2162162162162161,0.5616438356164385,1.0208333333333333,0.5919540229885061,1.1208791208791204,0.2009569377990431,0.3943558551133185,0.9189578116202306,2
3.000360685042496,2.8145584432611623,1.1746411483253576,0.1033707865168526,1.25,-1.0,-1.0,-1.0,0.5,0.5,1.3101800808526278,-0.2563734290843807,1.0,1.0,0.4889975550122256,0.4669926650366736,-0.4285714285714285,-0.2857142857142857,-0.2857142857142857,-0.125,0.0,-0.2358490566037735,-0.0941639813820264,0.5,0.5,-0.6,-0.1666666666666666,0.0,-0.0344827586206895,0.0588235294117647,-0.1235955056179776,0.0,0.6022727272727271,-0.1219512195121955,0.3199999999999998,0.351351351351351,0.095890410958904,-0.4583333333333333,0.5344827586206895,0.4395604395604395,-0.0861244019138754,0.5712682150947923,0.8207634412072763,1
0.9537447633401084,0.4880348959322001,-0.15311004784689,0.7550561797752806,-0.875,1.5714285714285714,-0.7142857142857143,-0.2857142857142857,-0.5,0.5,-0.2723263506063945,0.7181328545780968,-0.5,0.5,-0.4229828850855748,0.3325183374083127,-1.0,-0.4285714285714285,1.4285714285714286,0.375,0.5,-1.4150943396226412,-0.4883637665592553,-1.0,1.0,-0.58,-0.0185185185185185,1.0,-0.1149425287356321,0.0,0.3258426966292132,0.0,0.1931818181818183,3.097560975609755,2.912,-0.0405405405405404,-0.5616438356164385,-0.6041666666666666,0.574712643678161,-1.6978021978021982,-1.602870813397129,0.72479278722912,0.6889669190756866,1
1.001036567738811,1.4012232230883437,0.7822966507177029,0.2651685393258418,0.875,-0.4285714285714285,-0.8571428571428571,-0.1428571428571428,1.0,-0.5,1.1014332965821392,-0.3166965888689408,1.5,0.0,0.1540342298288502,0.2444987775061111,0.5714285714285714,0.1428571428571428,-0.7142857142857143,-0.375,1.0,0.7547169811320751,0.3580379520229143,0.5,1.0,-0.56,-0.3518518518518518,1.142857142857143,0.6206896551724139,0.0,0.4044943820224715,0.0,0.2045454545454544,2.666666666666666,-0.3040000000000004,0.1081081081081084,-0.4794520547945205,-0.2083333333333333,0.5919540229885056,-1.3901098901098905,0.6028708133971292,0.72479278722912,0.6889669190756866,1
1.7701949506311792,0.4795145200399762,-0.5215311004784686,-0.7752808988764069,-0.875,0.1428571428571428,-0.2857142857142857,-1.0,0.5,-0.5,-0.6806321205439175,0.83770197486535,0.5,-0.5,0.5330073349633254,0.7114914425427848,0.1428571428571428,0.0,0.0,-0.875,1.5,0.0,0.8353025420694591,0.0,1.5,-0.3,-0.4444444444444444,9.857142857142858,0.6781609195402301,0.0588235294117647,-1.044943820224719,0.0,-0.0113636363636363,2.121951219512195,2.312,0.4324324324324325,0.4794520547945205,0.1666666666666666,0.4137931034482761,-1.1923076923076927,-1.3779904306220094,0.8486442574947509,0.5289640103269624,0
2.606093983966834,1.3719864389939151,-0.0861244019138767,0.3685393258426964,0.5,-0.1428571428571428,-0.5714285714285714,-0.8571428571428571,-0.5,0.0,0.7195883866225655,0.5131059245960504,-0.5,0.5,0.2224938875305629,-0.288508557457213,0.2857142857142857,0.8571428571428571,0.0,-0.5,0.5,0.0818867924528303,0.7457930540637308,0.5,-0.5,-0.54,-0.0925925925925925,2.5714285714285716,-0.1609195402298848,0.0,-0.3595505617977528,0.0,0.1704545454545456,-0.3089430894308944,3.4959999999999996,-0.0135135135135134,-0.1369863013698627,-0.4791666666666667,0.4540229885057475,0.4890109890109885,-2.052631578947368,0.8486442574947509,0.5289640103269624,1
1.1152382142227086,0.8728686944067976,-0.1746411483253597,0.2853932584269661,-0.625,-0.2857142857142857,-0.8571428571428571,-0.2857142857142857,0.5,0.5,0.2995222344726204,-0.1055655296229802,0.5,1.0,0.0220048899755509,-0.1564792176039118,-0.2857142857142857,-0.7142857142857143,-1.0,-0.375,0.0,0.6290566037735846,-0.2556390977443609,-0.5,0.0,-0.52,-0.6666666666666666,0.8571428571428572,1.0229885057471266,1.823529411764706,-0.696629213483146,0.0,0.2727272727272727,0.8943089430894309,1.552,0.5000000000000001,0.3972602739726028,0.1875,0.6436781609195404,-0.1428571428571433,-0.7320574162679425,0.9377521321470804,0.3473052528448203,0
1.1577682433597478,0.6561995072798587,-0.0430622009569394,0.3685393258426964,0.0,0.5714285714285714,0.2857142857142857,-0.4285714285714285,0.0,0.5,-0.14773980154355,0.489766606822262,-0.5,1.0,-0.3129584352078244,-0.5330073349633242,0.4285714285714285,-0.8571428571428571,-0.2857142857142857,-0.25,-0.5,0.3430188679245281,-0.5116362334407447,0.5,-0.5,-0.5,-0.4259259259259259,0.5714285714285715,-0.7816091954022987,0.0,-0.9213483146067416,0.0,0.6363636363636362,1.577235772357723,3.368,1.27027027027027,1.1095890410958902,-0.0625,0.7183908045977012,-0.5329670329670333,-1.755980861244019,0.9377521321470804,0.3473052528448203,1
0.9363515599039584,3.1093101814428405,0.9138755980861232,0.8179775280898884,-0.25,0.2857142857142857,0.4285714285714285,-0.8571428571428571,1.0,0.5,-0.4020580668871736,0.7393177737881508,1.0,1.0,0.1320293398533014,1.26650366748166,-0.2857142857142857,1.4285714285714286,-1.2857142857142858,-1.0,0.5,1.1320754716981132,1.342642320085929,0.5,1.0,-0.46,-0.6481481481481481,0.0,-0.689655172413793,3.1764705882352944,2.617977528089887,0.0,1.2386363636363635,3.2357723577235764,0.4959999999999997,1.8783783783783785,0.9726027397260276,0.2291666666666666,0.3620689655172416,-1.9945054945054947,1.2057416267942584,0.9680771188662044,-0.2506525322587204,0
0.6859795012736962,2.6376882536429753,0.588516746411482,0.4089887640449432,0.0,0.1428571428571428,0.1428571428571428,0.0,1.5,-0.5,-0.0679897096655639,0.0,1.0,0.0,1.0,-0.0220048899755509,0.7142857142857143,0.5714285714285714,-0.5714285714285714,-0.625,-0.5,0.6860377358490563,0.7672753311851056,1.5,-0.5,-0.38,-0.5925925925925926,3.714285714285715,-0.5057471264367814,9.411764705882351,-0.2247191011235954,0.0,1.125,2.3414634146341458,-0.6720000000000003,1.5270270270270268,0.8493150684931505,0.25,0.2931034482758621,-1.4560439560439564,0.3827751196172248,0.9680771188662044,-0.2506525322587204,0
1.120538132820424,1.008926202712114,0.1315789473684203,-0.1640449438202258,-1.0,-0.5714285714285714,-0.4285714285714285,-1.0,1.0,0.5,-0.8030135979419329,0.3590664272890484,1.5,0.5,1.4449877750611255,0.0220048899755487,0.4285714285714285,0.0,-0.4285714285714285,0.125,0.0,0.4490566037735847,-0.0776942355889724,2.5,-0.5,-0.52,-0.5555555555555556,3.5714285714285716,1.8390804597701147,2.058823529411765,-0.2584269662921348,0.0,1.7954545454545452,-0.0325203252032523,0.3439999999999998,-0.3513513513513512,1.698630136986301,0.0625,0.1264367816091955,-0.0109890109890111,-0.4401913875598085,0.8978045395707416,-0.4403941515576344,1
1.001036567738811,0.7628753320239166,1.196172248803827,0.7348314606741582,-0.5,1.1428571428571428,-0.8571428571428571,-1.0,1.0,1.0,0.4332965821389195,1.1425493716337525,1.5,1.5,1.1100244498777505,-0.0904645476772612,0.8571428571428571,-1.0,0.1428571428571428,-0.75,-0.5,0.2694339622641509,-0.1990691013247403,1.0,-0.5,-0.56,-0.6296296296296297,0.0,-0.482758620689655,0.0,-0.4831460674157303,0.3571428571428571,1.9659090909090904,2.861788617886178,2.248,2.5,2.1780821917808213,0.1041666666666666,0.0919540229885058,-2.0000000000000004,-1.6076555023923444,0.8978045395707416,-0.4403941515576344,2
3.012586253253839,0.4724488343106389,0.3253588516746392,0.0404494382022467,0.0,-0.2857142857142857,-1.2857142857142858,-1.2857142857142858,2.5,0.5,1.4634325615582506,1.0771992818671456,0.5,0.5,0.9779951100244512,0.6674816625916852,-0.5714285714285714,0.0,1.0,0.0,1.5,-0.943396226415094,0.0,1.0,1.0,-0.6,-0.4444444444444444,0.0,0.2298850574712643,0.0,-0.8651685393258426,0.0,-0.0340909090909089,-0.1544715447154472,2.584,-0.0675675675675678,0.2328767123287672,-0.1458333333333333,-0.0114942528735629,0.3571428571428567,-1.894736842105263,0.485301962531081,-0.8743466161445821,1
0.941952014837373,0.9549366657501412,0.1961722488038273,0.9393258426966288,-0.375,0.8571428571428571,0.5714285714285714,0.1428571428571428,0.5,1.0,-0.5692760014700476,0.2563734290843807,0.5,1.0,0.4205378973105129,0.2004889975550115,-0.2857142857142857,-1.1428571428571428,0.0,-0.5,1.0,-0.2977358490566038,-0.7160759040458288,0.5,1.5,-0.58,-0.5740740740740741,2.5714285714285716,-0.5517241379310343,9.764705882352942,2.303370786516853,0.0,-0.4659090909090908,3.0406504065040645,-0.2800000000000002,-0.3108108108108109,2.6438356164383556,0.0208333333333333,0.0747126436781611,-2.1373626373626378,0.0430622009569377,0.299363122973358,-0.9541392564000488,1
0.6859795012736962,0.9592425945840402,-0.4784688995215314,0.8179775280898884,-0.375,-0.5714285714285714,-0.1428571428571428,1.0,-0.5,2.0,-0.1760382212421901,-0.8976660682226213,-1.5,1.0,-0.8239608801955988,0.3985330073349611,-0.1428571428571428,-0.4285714285714285,0.1428571428571428,0.0,0.0,-0.2694339622641509,-0.2824919441460795,-1.0,0.5,-0.38,-0.5740740740740741,4.714285714285714,-0.7931034482758618,1.1176470588235294,-0.2921348314606742,0.0,1.3522727272727273,2.6178861788617875,0.0,2.135135135135135,1.2054794520547945,0.2291666666666666,0.2126436781609197,-1.71978021978022,-0.1626794258373208,-0.2993631229733582,-0.9541392564000488,1
3.012586253253839,0.7740122499971009,0.6315789473684192,0.3056179775280885,-0.25,0.1428571428571428,-0.2857142857142857,-1.4285714285714286,1.0,2.5,0.0400588019110621,1.496229802513465,1.5,0.5,0.8655256723716388,0.2665036674816621,0.2857142857142857,-0.4285714285714285,-0.2857142857142857,0.375,0.5,0.2694339622641509,-0.4883637665592553,1.0,0.5,-0.6,-0.6296296296296297,0.0,1.5632183908045976,2.1176470588235294,0.6067415730337076,0.0,1.2727272727272727,-0.2276422764227643,2.6719999999999997,-0.0540540540540541,0.0136986301369864,0.0625,0.2413793103448277,0.549450549450549,-1.7368421052631575,-0.4853019625310808,-0.8743466161445822,0
0.1085773864074481,-0.270278319987796,-0.5861244019138756,0.3280898876404496,-0.5,-0.1428571428571428,-0.2857142857142857,-0.7142857142857143,-0.5,1.0,-0.1903711870635794,0.3590664272890484,-1.0,1.5,0.7334963325183373,-0.8459657701711479,0.1428571428571428,-0.2857142857142857,-0.5714285714285714,-0.5,0.0,0.4192452830188677,0.2237737200143214,1.0,-0.5,-0.62,-0.4074074074074074,0.0,-0.0804597701149424,4.529411764705882,-0.2022471910112359,0.0,0.5340909090909092,0.1707317073170728,-0.4720000000000002,0.3243243243243243,0.1095890410958905,-0.2083333333333333,0.0862068965517241,0.6703296703296697,0.3971291866028706,0.1011683219874327,-0.994869323391895,1
-0.0052292088559541,-0.2140934803931939,0.1961722488038273,0.1438202247191014,0.0,-0.2857142857142857,0.1428571428571428,0.1428571428571428,1.5,0.5,-0.0679897096655639,-0.3590664272890484,1.0,1.0,-0.3569682151589241,-0.5330073349633242,1.0,-0.5714285714285714,-0.4285714285714285,-0.375,-0.5,0.6792452830188679,-0.1192266380236304,0.5,-1.0,-0.38,-0.6666666666666666,0.0,-0.7241379310344825,1.8823529411764708,0.5168539325842693,1.5000000000000002,0.6250000000000001,0.3577235772357723,-0.104,1.1891891891891893,-0.657534246575342,0.3333333333333333,0.1206896551724138,0.3131868131868129,0.6459330143540669,-0.4853019625310808,-0.8743466161445822,0
-0.2225239719733536,-0.2073741325806917,-0.1961722488038294,-1.1033707865168567,-0.25,0.4285714285714285,-0.5714285714285714,0.0,0.0,-0.5,0.2995222344726204,0.149730700179533,0.5,-1.5,-0.1784841075794609,-0.0220048899755509,0.2857142857142857,-0.4285714285714285,-0.4285714285714285,-0.5,0.0,0.3773584905660375,0.1192266380236304,0.5,0.5,-0.02,1.7592592592592593,0.0,-0.4482758620689653,0.0,-0.0449438202247191,1.4285714285714286,-0.5568181818181818,-0.0975609756097564,-0.1840000000000003,-0.2432432432432431,-0.1095890410958902,-2.0208333333333335,0.9482758620689656,1.236263736263736,0.8755980861244017,0.485301962531081,-0.8743466161445821,1
2.7524797171346327,0.1168520611471144,0.0215311004784675,0.4089887640449432,-0.75,-0.7142857142857143,-1.0,-0.5714285714285714,0.5,0.0,0.3914002205071666,-0.2991023339317774,1.0,0.5,-1.200488997555012,-0.2665036674816621,-0.8571428571428571,-0.5714285714285714,0.8571428571428571,0.25,2.5,-1.1679245283018864,-0.5370569280343717,-1.5,0.5,-0.08,1.8703703703703705,15.071428571428571,-0.5172413793103448,0.0,-0.6292134831460674,0.0,-0.2613636363636362,0.0569105691056907,0.4879999999999999,-0.1081081081081079,-0.328767123287671,-2.2083333333333335,0.0977011494252875,0.604395604395604,-0.5502392344497608,0.485301962531081,-0.8743466161445821,1
1.2458447509811872,0.0002251918064915,-1.15311004784689,-0.3258426966292149,-1.0,-0.5714285714285714,1.1428571428571428,0.4285714285714285,-0.5,0.5,-1.3803748621830207,-0.7181328545780971,-1.5,0.5,-1.4229828850855748,-0.288508557457213,-0.5714285714285714,-0.7142857142857143,0.0,-0.25,-0.5,-0.5550943396226414,-0.3580379520229143,-2.0,0.0,1.18,1.1851851851851851,0.0,-0.1609195402298848,1.1764705882352942,-0.4719101123595505,0.0,-0.0227272727272726,3.3821138211382102,1.248,-0.2432432432432433,-0.232876712328767,-0.125,0.2471264367816094,-2.203296703296704,-0.880382775119617,0.485301962531081,-0.8743466161445821,0
0.8631726627256655,0.8571764560451254,0.3038277511961716,-0.2651685393258438,0.625,-0.4285714285714285,-0.2857142857142857,-0.7142857142857143,0.0,0.5,0.5446527012127894,0.1382405745062836,0.5,0.5,-0.1564792176039122,0.132029339853299,0.2857142857142857,-0.7142857142857143,0.1428571428571428,0.0,0.5,0.0,-0.5266738274257071,0.5,1.0,-0.16,1.2222222222222223,0.0,-0.379310344827586,1.0,0.1235955056179772,1.3571428571428572,-0.2499999999999999,1.5121951219512193,-0.5120000000000002,-0.2567567567567568,-0.2739726027397262,-1.5625,0.8908045977011495,-0.3241758241758245,1.0430622009569377,0.299363122973358,-0.9541392564000488,0
0.0195516295906173,-0.1275180921646465,1.088516746411483,0.0606741573033691,1.0,1.5714285714285714,-1.1428571428571428,-0.8571428571428571,1.5,0.0,1.419698640205807,1.1048473967684025,2.0,0.0,-0.0904645476772614,-0.8679706601466989,-0.4285714285714285,0.2857142857142857,-0.8571428571428571,0.0,-0.5,0.3143396226415095,0.1493018259935551,-0.5,-1.0,-0.2,1.0740740740740742,2.9285714285714284,0.3103448275862068,3.5882352941176467,1.4157303370786511,0.0,0.1477272727272726,1.7723577235772352,1.288,-0.1891891891891892,0.821917808219178,-1.4375,0.3735632183908046,-0.9945054945054947,-0.799043062200957,0.299363122973358,-0.9541392564000488,1
0.0580820284401899,-0.2102423132234728,-0.6531100478468911,1.1438202247191014,-0.125,0.7142857142857143,-1.1428571428571428,-1.4285714285714286,0.5,2.5,1.156927600147005,1.5709156193895872,0.0,3.0,-0.6454767726161378,0.0440097799510996,-0.5714285714285714,-0.2857142857142857,-0.7142857142857143,-1.125,0.0,0.0,1.1392767633369136,0.0,0.5,-0.12,1.2592592592592593,0.0,0.2413793103448277,0.0,-0.1460674157303371,4.7857142857142865,-0.6022727272727271,0.0813008130081302,-0.3520000000000002,0.6216216216216215,-0.178082191780822,-1.5625,0.908045977011494,0.9670329670329668,1.0095693779904302,0.299363122973358,-0.9541392564000488,0
-0.189313059213514,1.1662419468608531,0.564593301435406,-0.4089887640449452,-0.625,-0.4285714285714285,1.1428571428571428,0.2857142857142857,0.5,0.0,-0.9867695700110252,-0.5385996409335728,1.0,0.0,-1.134474327628361,0.7555012224938866,-0.4285714285714285,-0.2857142857142857,-0.2857142857142857,-0.75,1.0,-0.2358490566037735,0.5116362334407447,-2.0,1.5,0.72,2.2037037037037037,0.0,-0.1149425287356321,0.0,0.0898876404494382,0.0,0.1477272727272726,-0.3170731707317074,-0.2560000000000003,-0.0945945945945947,-0.712328767123288,-1.75,0.3735632183908046,0.4175824175824172,0.1244019138755981,0.299363122973358,-0.9541392564000488,1
-0.1669580002434406,0.0537693151151124,-1.6746411483253587,-0.9797752808988776,-0.625,-0.8571428571428571,0.2857142857142857,-0.4285714285714285,-0.5,-0.5,-0.6806321205439175,-0.598563734290844,-2.0,-1.0,-0.8239608801955988,-0.1124694376528121,-0.1428571428571428,-0.2857142857142857,0.5714285714285714,0.5,1.0,-0.471698113207547,-0.4475474400286429,-0.5,1.0,0.66,0.5,0.2857142857142857,0.1494252873563219,0.0,0.7191011235955053,1.3571428571428572,-0.2499999999999999,-0.1382113821138212,-0.4080000000000002,0.0945945945945944,0.4520547945205477,0.1041666666666666,0.8908045977011495,1.1208791208791204,0.8564593301435405,0.299363122973358,-0.9541392564000488,2
0.5511159176589417,0.1516693769535631,0.0,0.0202247191011223,0.0,-0.1428571428571428,-0.4285714285714285,-0.1428571428571428,-0.5,0.5,0.3403160602719589,-0.0944344703770197,0.0,0.5,0.4205378973105129,-0.1344743276283631,0.1428571428571428,0.0,0.0,0.25,0.5,0.0,-0.1493018259935553,0.0,0.5,-0.06,0.925925925925926,0.0,1.3448275862068964,0.1764705882352941,-0.4157303370786517,0.0,-0.4659090909090908,1.08130081300813,-2.842170943040401e-16,1.7567567567567564,-0.6712328767123288,-1.125,0.9080459770114946,-0.0164835164835167,0.8660287081339713,0.1011683219874327,-0.994869323391895,0
1.479468031275746,-0.5735323394677094,0.0430622009569372,0.8786516853932597,-0.125,1.1428571428571428,-1.0,-1.1428571428571428,0.0,1.0,0.9213524439544286,1.282226211849192,0.5,1.5,-0.9559902200489002,-0.1124694376528121,-1.0,-0.2857142857142857,-0.8571428571428571,-0.625,-0.5,-0.471698113207547,0.3580379520229143,-1.0,-0.5,0.0,1.0185185185185186,0.0,-0.0689655172413792,0.0,0.2134831460674155,0.0,0.1136363636363638,4.040650406504064,-0.5040000000000004,-0.1891891891891889,-0.6027397260273974,-1.1666666666666667,0.5287356321839083,-2.3791208791208796,0.4210526315789472,0.1011683219874327,-0.994869323391895,1
0.1209045752794052,-0.2104090656328245,-0.15311004784689,-0.3056179775280905,0.125,-0.4285714285714285,0.4285714285714285,-0.2857142857142857,0.0,1.5,-0.1414920984932009,-0.2244165170556553,0.0,1.0,-1.1124694376528124,-0.3349633251833746,-0.7142857142857143,-0.4285714285714285,-0.7142857142857143,-0.125,1.0,-0.171698113207547,-0.1990691013247403,0.0,0.5,-0.28,1.462962962962963,0.0,0.3218390804597701,0.0,0.0337078651685393,0.0,-0.2727272727272727,-0.3170731707317075,-0.6240000000000001,0.3243243243243243,-0.3561643835616435,-1.9583333333333333,0.9425287356321844,1.0714285714285714,0.8755980861244017,0.1011683219874327,-0.994869323391895,1
0.1942360437986937,-0.3397848548230534,-0.2392344497607667,0.8786516853932597,-0.125,0.5714285714285714,-0.2857142857142857,0.0,-0.5,1.0,0.1363469312752665,0.2154398563734293,-0.5,1.5,-0.6894865525672376,-1.3349633251833724,-0.4285714285714285,-1.0,0.0,0.0,0.0,-0.4192452830188677,-0.8353025420694592,0.0,-1.5,0.22,0.8148148148148148,0.0,-0.3563218390804596,0.0,-0.2247191011235954,0.0,-0.2727272727272727,-0.073170731707317,-0.1440000000000003,-0.3108108108108109,-0.6712328767123285,-0.7083333333333334,0.9425287356321844,0.7967032967032963,0.8851674641148325,0.1011683219874327,-0.994869323391895,0
1.4354647432526728,-0.2976813223502895,-0.8708133971291881,1.797752808988766,-1.0,1.7142857142857142,1.2857142857142858,-1.1428571428571428,-0.5,3.0,-1.4042631385520028,1.3644524236983844,-1.0,3.5,-0.4669926650366746,-0.0440097799510996,-1.0,-0.1428571428571428,-0.1428571428571428,-1.0,2.0,-1.0158490566037732,0.9638381668456856,-0.5,-0.5,1.72,0.4814814814814814,2.0714285714285716,0.1034482758620692,0.0,0.0337078651685393,0.0,0.1136363636363638,0.260162601626016,0.6479999999999999,-0.3918918918918919,-0.684931506849315,1.2291666666666667,0.5287356321839083,1.1538461538461535,-0.2870813397129186,0.1011683219874327,-0.994869323391895,2
1.1822383616584191,-0.1378977259720929,-0.5430622009569384,1.2269662921348317,-0.5,2.142857142857143,0.1428571428571428,-1.0,0.0,1.5,-0.4762954796030869,1.3001795332136443,0.0,1.5,0.4669926650366746,-0.288508557457213,0.5714285714285714,0.4285714285714285,-1.2857142857142858,-0.625,-0.5,1.4150943396226412,0.7160759040458285,0.5,-1.0,2.08,0.6666666666666666,2.5,-0.6666666666666664,0.0,0.0674157303370784,0.0,0.0681818181818181,0.203252032520325,1.5679999999999998,0.4594594594594592,-0.726027397260274,1.3958333333333333,0.4770114942528734,0.9120879120879118,-0.880382775119617,0.1011683219874327,-0.994869323391895,2
-0.1640818825914016,0.8847156357901356,0.0645933014354048,0.4696629213483144,-0.375,0.0,-0.7142857142857143,-0.7142857142857143,1.0,1.5,0.3561190738699007,0.4488330341113106,1.0,2.0,-0.8239608801955988,0.0660146699266505,-0.7142857142857143,-0.5714285714285714,-0.8571428571428571,-0.875,0.5,0.0,0.488363766559255,-1.0,0.5,0.42,0.3148148148148148,0.0,-0.1954022988505746,0.6470588235294118,-0.4044943820224719,0.0,-0.1818181818181817,-0.3333333333333332,-0.2000000000000006,-0.3918918918918919,-0.506849315068493,0.0625,0.7586206896551726,0.9725274725274724,0.6794258373205743,-0.101168321987432,-0.9948693233918952,1
-0.1601114342910849,-0.3966497339366148,0.653110047846889,0.7348314606741582,-0.625,0.4285714285714285,0.5714285714285714,-1.2857142857142858,0.5,1.5,-0.8030135979419329,1.316696588868941,1.0,2.0,-1.5110024449877744,-0.3349633251833746,-0.7142857142857143,-0.2857142857142857,0.2857142857142857,0.0,0.5,-0.8384905660377356,-0.1790189760114571,-2.0,-0.5,0.52,0.7777777777777778,0.0,0.4252873563218389,0.0,1.5955056179775275,0.0,1.4318181818181817,-0.0162601626016259,-0.2880000000000001,0.7972972972972973,-0.506849315068493,-0.3541666666666667,0.2758620689655175,0.1208791208791206,0.6650717703349285,-0.101168321987432,-0.9948693233918952,1
-0.1119567966535765,-0.149621340325518,0.3038277511961716,-0.9393258426966308,0.5,0.7142857142857143,0.1428571428571428,-0.2857142857142857,-0.5,0.0,0.2146269753766997,0.4488330341113106,0.0,-1.0,-0.6234718826405868,0.2665036674816621,-0.4285714285714285,0.0,-0.4285714285714285,-0.5,1.0,-0.1256603773584905,0.3977801646974578,0.5,1.5,0.6,1.4074074074074074,0.0,-0.2298850574712643,0.0,0.1348314606741572,0.0,-0.3863636363636363,0.2032520325203251,-0.2240000000000003,-0.1891891891891892,-0.095890410958904,-0.9791666666666666,1.0229885057471264,0.6868131868131865,0.6459330143540669,-0.101168321987432,-0.9948693233918952,1
1.0258929171992623,0.1896466965277308,-1.4569377990430616,0.5303370786516856,-0.875,1.1428571428571428,1.1428571428571428,-0.8571428571428571,-0.5,1.0,-1.237412715913267,1.014721723518851,-2.5,1.0,0.5330073349633254,1.3545232273838592,0.0,0.7142857142857143,-1.0,-0.5,0.5,0.8086792452830188,0.7006802721088433,0.0,1.0,1.24,1.2777777777777777,0.0,-0.4367816091954021,0.8823529411764706,-0.4157303370786517,0.0,1.1818181818181817,0.3902439024390242,3.168,1.5135135135135134,1.1506849315068493,-0.1666666666666666,0.3505747126436783,1.0714285714285712,-1.942583732057416,-0.101168321987432,-0.9948693233918952,1
0.1760099133016355,1.1072454256617177,-0.9569377990430628,1.0224719101123612,-0.5,0.0,0.7142857142857143,0.4285714285714285,-0.5,0.5,-0.7361264241087835,-0.2991023339317774,-1.5,-1.0,-0.1564792176039122,-1.11246943765281,-0.7142857142857143,-1.1428571428571428,1.1428571428571428,0.875,-0.5,-1.1007547169811316,-1.278553526673827,0.0,-1.5,1.66,1.0,1.8571428571428577,-0.3333333333333331,0.0,-0.8089887640449438,0.0,1.7613636363636365,0.4634146341463413,2.704,2.081081081081081,2.328767123287671,0.5833333333333334,0.1609195402298853,-0.3131868131868133,-1.8229665071770331,-0.2993631229733582,-0.9541392564000488,0
-0.2582413504896452,-0.0061931664295002,1.2822966507177018,-0.7550561797752826,0.5,-1.1428571428571428,-0.4285714285714285,0.4285714285714285,1.0,0.0,0.6001470047776553,-1.346499102333932,1.5,-0.5,0.6430317848410758,-1.4449877750611226,1.2857142857142858,-0.7142857142857143,-0.8571428571428571,0.0,0.0,1.1007547169811316,-0.5266738274257071,0.0,-2.0,0.54,1.1851851851851851,0.0,1.7701149425287357,1.0,-1.1348314606741572,0.0,1.818181818181818,-0.3170731707317072,1.208,-0.3243243243243243,2.7945205479452055,-0.7916666666666666,0.0574712643678161,0.3131868131868129,-1.014354066985646,-0.2993631229733582,-0.9541392564000488,1
0.5308901655246722,0.7459717114520399,-0.1961722488038294,0.3280898876404496,-0.125,0.2857142857142857,-0.7142857142857143,-1.1428571428571428,0.5,1.0,0.5446527012127894,1.0771992818671456,1.0,1.5,-1.0904645476772614,-0.3789731051344743,-0.7142857142857143,-0.5714285714285714,-0.1428571428571428,0.0,-0.5,-0.6290566037735847,-0.3977801646974578,-1.0,0.0,-0.52,1.3888888888888888,4.7857142857142865,2.3103448275862064,1.7647058823529411,-0.0674157303370787,1.4285714285714286,0.0113636363636363,0.9105691056910564,-0.0160000000000002,2.3243243243243237,-0.684931506849315,-2.125,0.9367816091954022,0.1263736263736262,0.4497607655502391,-0.2993631229733582,-0.9541392564000488,1
0.3802483998493292,0.6318210892638,-0.282296650717704,-0.1438202247191014,0.0,-0.7142857142857143,-0.5714285714285714,-1.1428571428571428,-0.5,0.5,0.4726203601617054,0.4488330341113106,-0.5,1.0,-0.2224938875305629,0.689486552567236,-0.4285714285714285,0.0,-0.4285714285714285,0.25,1.0,-0.1256603773584905,-0.1493018259935553,0.0,1.5,0.18,0.9814814814814816,0.4285714285714286,-1.068965517241379,3.411764705882353,0.393258426966292,1.4285714285714286,0.0113636363636363,-0.2357723577235775,0.0559999999999996,0.8648648648648646,-0.2602739726027395,-0.9375,0.9367816091954022,0.9010989010989008,0.4066985645933014,-0.2993631229733582,-0.9541392564000488,0
0.1627144481468168,-0.5264961542728063,-1.782296650717703,-0.1640449438202258,-1.125,-0.4285714285714285,0.0,-0.8571428571428571,0.0,-0.5,-1.292907019478133,0.2991023339317775,-1.5,-0.5,0.5770171149144251,0.6430317848410745,1.1428571428571428,-0.7142857142857143,0.4285714285714285,0.875,0.5,0.2358490566037735,-0.8950948800572859,1.0,1.0,1.26,0.5740740740740741,0.0,-0.7126436781609193,0.0,1.3483146067415728,0.0,1.3295454545454546,0.6991869918699184,-0.4640000000000004,2.0135135135135136,-0.684931506849315,0.6458333333333334,0.0344827586206897,-0.5934065934065936,0.3492822966507175,-0.4853019625310808,-0.8743466161445822,0
0.3718625006015238,0.0751240273114223,-1.1315789473684223,-1.1842696629213505,-1.0,-0.8571428571428571,1.5714285714285714,0.8571428571428571,-0.5,-0.5,-1.4461595001837555,-1.1113105924596052,-1.0,-1.5,0.4669926650366746,0.3105134474327617,-0.1428571428571428,0.5714285714285714,-0.5714285714285714,-1.125,0.5,0.2358490566037735,1.3691371285356244,0.0,0.5,2.12,0.4259259259259259,0.0,-0.8850574712643676,0.0,-0.7191011235955055,0.0714285714285714,1.409090909090909,0.6829268292682924,1.608,2.310810810810811,1.7945205479452055,1.7083333333333333,-0.040229885057471,-0.6538461538461542,-1.3349282296650715,-0.4853019625310808,-0.8743466161445822,2
-0.2225239719733536,-0.2387227773668778,0.4784688995215292,-0.1842696629213502,-0.25,-0.1428571428571428,-0.7142857142857143,-0.7142857142857143,0.5,0.0,0.4571848585079017,0.3590664272890484,1.0,0.5,-0.1784841075794609,-0.6014669926650368,0.8571428571428571,-0.1428571428571428,-0.5714285714285714,-1.125,0.5,0.7384905660377356,1.1933404940923735,0.0,0.0,-0.02,-0.2037037037037037,0.0,-0.4367816091954021,0.0,-0.2808988764044943,1.4285714285714286,-0.3409090909090909,-0.1544715447154477,-0.3760000000000003,-0.2972972972972974,-0.6575342465753422,0.1875,0.9425287356321844,1.126373626373626,0.8421052631578947,-0.4853019625310808,-0.8743466161445822,2
0.8631726627256655,-0.4937372825946717,0.15311004784689,0.2853932584269661,1.0,0.8571428571428571,-0.8571428571428571,-0.4285714285714285,0.5,0.0,1.1304667401690554,0.5985637342908438,0.0,0.5,-0.5794621026894871,-1.645476772616134,-0.4285714285714285,-0.7142857142857143,0.0,0.125,-0.5,-0.4192452830188677,-0.5968492660221983,-0.5,-2.0,-0.16,0.5185185185185185,0.0,-0.5172413793103448,0.0,-0.1123595505617977,1.5000000000000002,-0.2045454545454544,1.373983739837398,-0.5120000000000006,-0.0405405405405404,-0.6164383561643835,-0.7708333333333334,0.8908045977011495,-0.2307692307692309,1.0239234449760763,-0.4853019625310808,-0.8743466161445822,0
0.0832148908318012,-0.2073741325806917,-0.0430622009569394,-0.674157303370789,-0.5,-0.5714285714285714,0.8571428571428571,-0.7142857142857143,0.0,0.0,-0.7872105843439909,0.0,0.0,0.0,-0.9339853300733492,-0.2004889975550115,-0.7142857142857143,0.1428571428571428,-0.2857142857142857,-0.375,0.5,-0.5392452830188679,0.3580379520229143,-1.0,0.5,1.46,1.7592592592592593,0.0,-0.3678160919540229,0.0,0.0,1.4285714285714286,-0.3409090909090909,0.0406504065040651,-0.3200000000000003,-0.3783783783783784,-0.3150684931506847,-0.4791666666666667,0.9425287356321844,1.0714285714285714,0.9521531100478472,-0.4853019625310808,-0.8743466161445822,1
0.1209045752794052,-0.0844335646231366,0.3923444976076546,-0.1438202247191014,0.0,0.2857142857142857,-0.1428571428571428,0.2857142857142857,1.0,0.0,0.1157662624035284,-0.0718132854578097,1.5,0.0,-0.0220048899755487,-0.1784841075794627,0.4285714285714285,-0.1428571428571428,-0.7142857142857143,-0.375,-0.5,0.6950943396226414,0.1990691013247403,0.0,-0.5,-0.28,0.1111111111111111,0.0,1.471264367816092,0.0,-0.3146067415730337,0.0,-0.625,0.284552845528455,-0.1920000000000002,2.0945945945945943,-0.3561643835616437,-0.4375,1.074712643678161,0.6813186813186809,0.6698564593301435,-0.651372482722222,-0.7587581226927911,1
-0.0311011840568782,-0.2104090656328245,-0.6531100478468911,-0.7146067415730358,-0.625,-0.4285714285714285,0.4285714285714285,0.0,0.0,0.5,-0.7449467107680997,-0.3989228007181328,0.0,0.0,-1.3789731051344751,-1.1344743276283609,-0.1428571428571428,-0.8571428571428571,0.0,-0.625,0.5,-0.1886792452830187,-0.1629072681704259,-1.5,0.0,0.98,1.462962962962963,0.0,0.1034482758620692,0.0,1.4044943820224716,0.0,-0.625,-0.0406504065040648,-0.1280000000000001,0.4864864864864867,1.7397260273972606,-0.6458333333333334,1.074712643678161,1.0769230769230766,0.6315789473684211,-0.651372482722222,-0.7587581226927911,1
1.0942486095118442,1.322122080242985,-1.1100478468899528,-1.9191011235955084,-0.875,-0.5714285714285714,0.5714285714285714,2.5714285714285716,0.5,-0.5,-1.0889378904814404,-1.1798922800718137,-1.0,-3.0,-1.0,-0.8239608801955992,-0.2857142857142857,-1.1428571428571428,0.1428571428571428,1.0,-0.5,-0.3773584905660375,-1.3018259935553167,-1.0,-1.0,1.34,1.5,0.6428571428571429,0.4367816091954023,7.705882352941177,0.4943820224719098,0.0,1.4886363636363635,0.1463414634146341,0.2719999999999998,0.8513513513513512,0.410958904109589,-0.3125,0.0517241379310348,0.6208791208791208,0.8133971291866028,-0.651372482722222,-0.7587581226927911,2
1.297906804514293,-0.2823852789064008,-0.6315789473684214,-1.1235955056179792,0.375,-0.4285714285714285,1.1428571428571428,-0.2857142857142857,0.0,-0.5,-0.2976846747519293,-0.2244165170556553,-1.0,-2.0,0.5990220048899761,1.1784841075794603,0.0,1.1428571428571428,-1.2857142857142858,-1.125,1.5,1.2577358490566035,1.4493376297887577,1.5,2.0,2.48,-0.2777777777777778,0.0,0.2643678160919541,0.0,-0.0561797752808988,0.0,1.3522727272727273,-0.260162601626016,1.0639999999999998,0.8918918918918918,0.917808219178082,2.875,-0.0229885057471263,0.2747252747252747,-0.9952153110047848,-0.651372482722222,-0.7587581226927911,2
0.0061945730730381,1.7061009961325404,-0.0215311004784697,-0.5101123595505632,0.125,-1.0,-0.2857142857142857,-0.1428571428571428,1.0,-0.5,0.2995222344726204,-0.9666068222621186,1.0,-0.5,0.2885085574572136,1.667481662591683,0.5714285714285714,1.0,-1.0,-0.875,2.0,1.0483018867924527,1.1392767633369136,1.0,2.5,0.62,-0.3703703703703703,0.0,0.3678160919540229,0.0,1.235955056179775,0.0,1.3522727272727273,0.146341463414634,0.5199999999999998,0.7702702702702704,-0.6575342465753425,1.0416666666666667,-0.0229885057471263,-0.2747252747252751,-0.6698564593301435,-0.651372482722222,-0.7587581226927911,1
0.3161945182496844,0.8571764560451254,-0.5000000000000011,-0.8382022471910129,0.0,-0.1428571428571428,-0.4285714285714285,0.5714285714285714,0.5,0.5,0.3403160602719589,-0.4488330341113106,0.5,-0.5,-0.4889975550122256,-0.1784841075794627,-0.8571428571428571,0.1428571428571428,1.1428571428571428,0.125,1.0,-1.2305660377358487,0.0,0.0,0.5,0.64,1.2222222222222223,0.0,1.2068965517241377,0.7058823529411765,1.6179775280898872,1.0714285714285714,-0.2159090909090909,0.0243902439024389,-0.4160000000000003,1.2972972972972971,1.506849315068493,-0.7291666666666666,0.7873563218390807,0.5824175824175821,0.5645933014354065,-0.651372482722222,-0.7587581226927911,1
0.1367104575549543,0.1516693769535631,-0.0861244019138767,-0.6539325842696646,-0.5,-0.4285714285714285,-0.2857142857142857,-0.4285714285714285,-0.5,0.5,-0.1903711870635794,-0.1195691202872531,-0.5,0.5,-0.6234718826405868,0.3985330073349611,-0.7142857142857143,0.0,0.2857142857142857,0.0,-0.5,-0.8384905660377356,0.0,0.0,0.0,1.62,0.925925925925926,0.0,0.3678160919540229,0.0,0.5617977528089886,0.0,-0.534090909090909,0.6341463414634141,-0.2080000000000002,0.6891891891891889,0.6027397260273972,0.625,1.028735632183908,0.4010989010989009,0.8995215311004783,-0.7907757369376986,-0.6121059825476627,2
0.5511159176589417,-0.4314101277216124,0.1100478468899506,0.0,0.25,0.1428571428571428,-0.7142857142857143,-0.5714285714285714,0.0,-0.5,0.7486218302094818,0.3989228007181328,0.0,0.0,-0.1344743276283612,0.3765281173594123,-0.2857142857142857,0.5714285714285714,-0.5714285714285714,0.0,-0.5,0.1256603773584905,0.275331185105621,0.5,0.0,-0.06,0.4629629629629629,1.9285714285714288,1.7011494252873562,0.0,-0.2471910112359551,0.0,-0.534090909090909,1.8780487804878043,-0.2720000000000003,2.256756756756757,-0.3835616438356165,-0.6041666666666666,1.028735632183908,-0.4395604395604399,0.6794258373205739,-0.7907757369376986,-0.6121059825476627,0
-0.237373923727793,1.0351719026480903,-0.9138755980861254,-0.9595505617977552,-0.375,-1.0,0.4285714285714285,-0.8571428571428571,0.0,-0.5,-0.5053289231900034,-0.4488330341113106,-1.0,-1.0,-0.9119804400978004,-0.4889975550122245,-0.7142857142857143,-0.5714285714285714,-0.1428571428571428,0.0,0.0,-0.6290566037735847,-0.3977801646974578,-2.0,0.0,1.2,1.8333333333333333,0.0,1.2413793103448276,0.9411764705882354,-0.943820224719101,0.0,0.6931818181818181,-0.0325203252032523,0.296,0.2567567567567568,1.2054794520547942,-0.8333333333333334,0.0057471264367816,0.115384615384615,0.7894736842105262,-0.7907757369376986,-0.6121059825476627,1
0.1449413556855343,1.3719864389939151,0.9784688995215304,0.348314606741572,-0.125,0.5714285714285714,-0.7142857142857143,-1.2857142857142858,1.5,0.5,0.5446527012127894,1.346499102333932,2.0,0.5,0.5990220048899761,0.1100244498777502,0.4285714285714285,-0.1428571428571428,-0.4285714285714285,-1.0,0.0,0.4490566037735847,0.9638381668456856,1.0,0.5,0.82,-0.0925925925925925,0.0,-0.7931034482758618,1.2941176470588236,0.7752808988764042,0.0,0.6931818181818181,0.4796747967479672,1.928,1.351351351351351,-0.6164383561643835,0.9375,0.0057471264367816,-0.472527472527473,-1.4880382775119616,-0.7907757369376986,-0.6121059825476627,0
-0.0884679761703554,0.8579968435585837,-0.6961722488038284,-1.4696629213483163,-1.0,-0.7142857142857143,0.0,0.2857142857142857,0.0,-0.5,-1.0573318632855566,-0.7978456014362658,-0.5,-2.0,0.2665036674816627,-1.4229828850855717,0.1428571428571428,-1.0,0.0,0.875,-0.5,0.0,-1.1392767633369136,1.0,-2.5,0.94,1.0555555555555556,0.1428571428571428,0.482758620689655,0.0,-0.4382022471910112,0.0,1.659090909090909,0.0081300813008129,0.6479999999999997,1.0,1.753424657534246,-0.2291666666666666,0.0689655172413794,0.5439560439560435,1.0526315789473684,-0.8978045395707417,-0.4403941515576342,0
0.8263019245670029,0.7459717114520399,-0.3253588516746413,-0.2853932584269681,-1.0,-0.4285714285714285,1.8571428571428572,-0.4285714285714285,0.0,0.0,-1.4814406468210215,-0.1195691202872531,0.0,0.0,-1.579462102689487,-1.11246943765281,-1.1428571428571428,-0.8571428571428571,0.1428571428571428,-0.125,-0.5,-1.3475471698113204,-0.5968492660221983,-1.5,-1.0,1.16,1.3888888888888888,4.214285714285714,-0.1724137931034482,14.529411764705882,0.4831460674157303,0.4285714285714286,-0.2613636363636362,0.9105691056910568,0.2319999999999999,-0.2702702702702705,0.178082191780822,-0.375,1.0057471264367817,0.1923076923076919,0.3588516746411483,-0.8978045395707417,-0.4403941515576342,0
1.0494711750901593,0.5996049326446656,-0.6076555023923453,-0.8382022471910129,0.125,-0.7142857142857143,0.7142857142857143,-0.8571428571428571,-0.5,-0.5,-0.2723263506063945,0.0,-1.0,-1.0,0.0220048899755509,-0.2004889975550115,0.2857142857142857,-0.7142857142857143,-0.2857142857142857,-0.375,-0.5,0.2694339622641509,-0.2556390977443609,0.5,0.0,0.44,1.5555555555555556,0.0,-0.1379310344827585,0.0,1.044943820224719,0.0,0.1704545454545456,0.7073170731707317,-0.2159999999999999,-0.0405405405405404,0.3424657534246575,-1.3125,0.9827586206896556,0.3076923076923074,0.6076555023923446,-0.8978045395707417,-0.4403941515576342,1
0.446542459226916,-0.4859787800781971,-0.5645933014354081,0.4089887640449432,0.0,0.0,0.1428571428571428,-1.0,-0.5,-0.5,-0.0679897096655639,0.7694793536804311,-1.0,0.0,0.4449877750611258,0.7334963325183357,0.0,-0.7142857142857143,-1.1428571428571428,0.375,0.5,1.0158490566037732,-0.7160759040458288,0.5,1.0,1.48,0.3888888888888889,0.7142857142857143,-0.7126436781609193,0.0,-0.3483146067415731,0.0,1.568181818181818,4.357723577235771,-0.4480000000000002,2.297297297297298,1.5342465753424654,1.0833333333333333,-0.0459770114942527,-3.1428571428571432,-0.110047846889952,-0.8978045395707417,-0.4403941515576342,2
0.5308901655246722,0.1263549303036751,0.6100478468899517,-0.1842696629213502,0.125,0.0,-1.1428571428571428,-0.8571428571428571,1.0,0.5,1.2443954428518926,0.5985637342908438,1.5,1.0,0.5770171149144251,-0.2224938875305624,1.8571428571428572,0.0,-1.1428571428571428,-0.625,-0.5,1.4513207547169809,0.5266738274257071,0.0,-0.5,-0.52,0.074074074074074,0.0,0.482758620689655,7.0,-0.5168539325842697,0.4285714285714286,-0.2613636363636362,1.8780487804878043,-0.4880000000000001,0.4999999999999996,-0.465753424657534,-0.6458333333333334,1.0057471264367817,-0.4615384615384618,0.8277511961722486,-0.8978045395707417,-0.4403941515576342,0
-0.2605530145983135,1.1193570556904298,0.2822966507177019,1.2044943820224727,-0.125,0.7142857142857143,-0.7142857142857143,-0.5714285714285714,0.0,1.0,0.5446527012127894,0.6527827648114901,0.5,1.5,0.1540342298288502,-0.1784841075794627,0.2857142857142857,-0.8571428571428571,0.0,1.0,-0.5,0.0818867924528303,-1.044396706050841,0.0,0.0,0.54,1.0,0.0,0.3908045977011496,0.0,0.9550561797752808,0.0,0.318181818181818,-0.2764227642276423,3.3440000000000003,-0.2972972972972969,0.0547945205479454,-0.5833333333333334,-0.0804597701149424,0.2087912087912086,-2.406698564593301,-0.968077118866204,-0.2506525322587213,1
0.3161945182496844,0.6736028696160118,0.564593301435406,-0.4696629213483164,-0.25,0.1428571428571428,-0.4285714285714285,-0.5714285714285714,1.0,0.5,0.1617052554208013,0.3989228007181328,1.5,0.5,-0.2004889975550119,0.2224938875305624,0.0,1.1428571428571428,-0.8571428571428571,-0.875,0.5,0.6290566037735846,1.1675617615467235,0.0,0.0,0.64,-0.2407407407407407,0.0,0.2758620689655174,0.0,0.2134831460674155,1.3571428571428572,0.5340909090909092,-0.089430894308943,0.872,-0.0945945945945947,-0.3972602739726025,0.9166666666666666,0.959770114942529,0.8241758241758238,-0.0622009569377989,-0.968077118866204,-0.2506525322587213,0
-0.2225239719733536,-0.2102423132234728,-0.4354066985645941,0.44943820224719,0.375,-0.1428571428571428,0.0,-0.8571428571428571,-0.5,0.5,0.2381477398015438,0.5131059245960504,-0.5,1.0,0.3545232273838644,0.0220048899755487,-0.2857142857142857,-0.5714285714285714,0.0,0.625,0.0,-0.2977358490566038,-0.7006802721088433,1.0,0.0,-0.02,1.2592592592592593,0.0,-0.3908045977011492,0.0,0.3707865168539326,0.7142857142857143,0.1704545454545456,-0.0650406504065042,-0.1760000000000001,0.2567567567567568,-0.4794520547945205,-1.4583333333333333,1.1436781609195406,1.236263736263736,1.014354066985646,-0.968077118866204,-0.2506525322587213,2
1.02980484483336,-0.4919934036974155,-1.3923444976076569,-0.5303370786516876,-0.5,-0.8571428571428571,-0.1428571428571428,1.1428571428571428,-0.5,0.5,-0.2976846747519293,-1.170915619389587,-1.5,0.0,-0.4669926650366746,-0.6014669926650368,-0.7142857142857143,-0.5714285714285714,-0.1428571428571428,0.0,0.0,-0.6290566037735847,-0.3977801646974578,0.0,-0.5,1.42,0.5185185185185185,0.0,0.6436781609195403,0.4117647058823529,0.2921348314606738,0.7142857142857143,0.1704545454545456,0.032520325203252,-0.6560000000000004,0.1756756756756755,-0.575342465753425,0.875,1.1436781609195406,0.9175824175824174,1.07177033492823,-0.968077118866204,-0.2506525322587213,0
0.2689439862281882,-0.1050873464330329,-0.7177033492822981,0.5101123595505612,-0.75,1.2857142857142858,0.0,-0.8571428571428571,-0.5,-0.5,-0.6806321205439175,1.0473967684021543,-0.5,0.0,0.8435207823960879,-0.9119804400977986,0.1428571428571428,-0.5714285714285714,0.1428571428571428,0.5,-0.5,-0.0818867924528301,-0.6509129967776583,0.0,-1.5,1.38,1.4444444444444444,0.0,-1.1379310344827582,0.0,-0.2696629213483146,0.0,0.3977272727272729,1.4308943089430892,-0.3280000000000003,1.4054054054054057,0.0273972602739727,-0.2083333333333333,0.0517241379310348,-1.0714285714285718,-0.1004784688995215,-0.968077118866204,-0.2506525322587213,1
0.0897294644763411,-0.2388443699045016,-1.4784688995215314,-0.9393258426966308,0.0,-0.7142857142857143,-0.2857142857142857,-0.2857142857142857,0.5,-0.5,0.2219772142594634,-0.5131059245960504,-1.0,-1.0,0.3105134474327624,-0.2004889975550115,0.0,0.7142857142857143,0.4285714285714285,-0.5,0.0,-0.3143396226415093,0.7006802721088433,0.5,0.0,2.0,-0.2037037037037037,0.0,0.3908045977011496,0.0,0.3820224719101121,1.3571428571428572,0.5340909090909092,0.203252032520325,-0.1599999999999997,-0.2297297297297298,-0.602739726027397,2.2916666666666665,0.959770114942529,1.2747252747252742,0.909090909090909,-0.968077118866204,-0.2506525322587213,2
2.746001280824314,0.0726588570557418,0.2607655502392343,0.7977528089887641,-0.375,1.5714285714285714,-0.5714285714285714,-1.1428571428571428,0.0,0.5,0.1944138184490998,1.346499102333932,0.5,1.0,1.2224938875305629,0.4449877750611227,0.7142857142857143,-0.2857142857142857,-0.4285714285714285,-0.5,-0.5,0.5743396226415093,0.2237737200143214,1.5,0.0,-0.08,0.4259259259259259,0.1428571428571428,-0.275862068965517,0.0,-0.7415730337078652,0.0,-0.409090909090909,-0.1707317073170732,1.4960000000000002,-0.2162162162162161,-0.36986301369863,-0.5833333333333334,-0.0114942528735629,0.291208791208791,-1.2440191387559807,-0.9987165071710528,-0.0506491688387135,0
0.0195516295906173,-0.5190699504579784,0.4569377990430616,0.4696629213483144,0.375,0.0,-0.1428571428571428,-1.2857142857142858,0.0,1.5,0.3314957736126426,1.196768402154399,0.5,1.5,-0.0220048899755487,0.5550122249388729,-0.8571428571428571,1.0,1.2857142857142858,0.375,1.0,-1.2577358490566035,0.2237737200143214,0.0,1.0,-0.2,0.5740740740740741,5.500000000000001,-0.4252873563218389,0.0,0.2584269662921348,0.0,-0.2045454545454544,1.3089430894308942,-0.2080000000000002,-0.1486486486486486,-0.1643835616438355,-0.875,-0.0517241379310344,-1.0879120879120885,0.2775119617224879,-0.9987165071710528,-0.0506491688387135,1
-0.0311011840568782,-0.1675325060490811,0.6746411483253587,-0.6134831460674178,0.375,-0.5714285714285714,-0.4285714285714285,0.2857142857142857,0.0,0.0,0.5446527012127894,-0.6614003590664272,0.5,0.0,0.0220048899755509,0.4669926650366736,-0.7142857142857143,0.0,-0.8571428571428571,-0.25,1.0,0.0,0.1790189760114573,1.0,1.5,0.98,-0.3518518518518518,0.0,0.4137931034482759,0.0,1.3932584269662915,0.2142857142857143,-0.4659090909090908,-0.089430894308943,-0.4480000000000002,0.6621621621621622,1.5342465753424654,1.3958333333333333,1.2356321839080462,1.0879120879120878,0.956937799043062,-0.9987165071710528,-0.0506491688387135,2
1.2881771745710486,-0.1223804861924339,-0.8708133971291881,-0.5932584269662935,-0.25,0.5714285714285714,0.5714285714285714,1.0,-0.5,0.0,-0.4674751929437706,-0.2244165170556553,-0.5,-1.0,0.1760391198044012,-1.7555012224938844,1.4285714285714286,-1.2857142857142858,-1.0,-0.125,0.0,1.2577358490566035,-1.1933404940923735,0.0,-1.5,2.48,1.0740740740740742,4.0,1.2758620689655171,3.3529411764705883,1.685393258426966,0.0,-0.2613636363636362,1.8292682926829265,0.6399999999999998,1.4324324324324322,1.643835616438356,1.3541666666666667,0.0,-1.3901098901098905,-0.722488038277512,-0.9987165071710528,-0.0506491688387135,2
0.3920949053151426,-0.4048447182897447,-0.217703349282297,-0.6539325842696646,1.0,-0.7142857142857143,0.5714285714285714,0.2857142857142857,1.0,0.0,0.2105843439911797,-0.7978456014362658,0.5,0.0,-0.7334963325183373,-0.1564792176039118,-0.8571428571428571,-0.4285714285714285,0.0,-0.5,0.0,-0.8803773584905659,0.1192266380236304,0.0,0.5,1.1,0.4629629629629629,0.0,0.4022988505747126,0.0,-0.1573033707865168,0.2142857142857143,-0.4659090909090908,0.0406504065040648,0.0879999999999997,0.6486486486486485,-0.3561643835616437,0.6041666666666666,1.2356321839080462,0.9999999999999998,0.6363636363636365,-0.9987165071710528,-0.0506491688387135,1
0.0771138886029338,-0.086999147321143,-0.5645933014354081,-1.348314606741576,-0.5,-0.1428571428571428,0.5714285714285714,0.0,-0.5,-0.5,-0.6806321205439175,-0.1795332136445242,-0.5,-1.5,-1.1564792176039125,-0.0440097799510996,-0.7142857142857143,0.2857142857142857,-0.8571428571428571,-0.625,0.0,0.0,0.6595059076262084,-1.0,0.0,1.68,0.1111111111111111,0.0,0.7011494252873564,0.0,-0.5393258426966292,0.0,-0.3636363636363635,0.1056910569105687,-0.0240000000000003,0.8783783783783783,-0.5616438356164383,1.6041666666666667,0.9942528735632185,1.0439560439560436,0.5502392344497608,-0.9987165071710528,-0.0506491688387135,2
0.1367104575549543,0.3199813520945161,-0.1961722488038294,-0.0808988764044955,0.375,-0.4285714285714285,1.2857142857142858,-0.4285714285714285,0.5,-0.5,-0.3465637633223077,-0.1195691202872531,-0.5,-0.5,-0.3789731051344751,0.1784841075794606,0.1428571428571428,0.2857142857142857,-1.0,-0.75,0.0,0.8803773584905656,0.7955603293949156,0.0,0.0,1.62,-0.1481481481481481,0.0,2.2643678160919536,0.0,-0.9101123595505616,0.0,-0.3636363636363635,0.2195121951219509,1.872,2.716216216216216,-0.1095890410958903,1.8333333333333333,0.9942528735632185,0.978021978021978,-0.6315789473684209,-0.9987165071710528,-0.0506491688387135,1
0.1442626379514637,0.1072906472077234,-0.6961722488038284,-0.0808988764044955,-0.625,-0.4285714285714285,-0.2857142857142857,-0.2857142857142857,-0.5,-0.5,-0.3303932377802278,-0.2244165170556553,-0.5,0.0,-0.9119804400978004,-1.0904645476772612,-0.2857142857142857,-1.1428571428571428,0.5714285714285714,1.25,-0.5,-0.5743396226415093,-1.342642320085929,-1.5,-1.0,1.02,1.8703703703703705,1.9285714285714288,0.8850574712643676,0.0,-0.7752808988764044,0.0,-0.2499999999999999,0.8373983739837396,0.4799999999999999,0.9594594594594592,-0.136986301369863,-1.0625,-0.0114942528735629,-0.7307692307692311,-0.6363636363636361,-0.9987165071710528,-0.0506491688387135,1
1.0494711750901593,0.3468320129741295,0.3253588516746392,-0.5707865168539343,0.0,0.2857142857142857,-0.8571428571428571,0.5714285714285714,1.5,-0.5,0.7894156560088202,-0.1996409335727109,2.0,-1.0,-0.6674816625916866,0.3105134474327617,-0.8571428571428571,-0.2857142857142857,-0.2857142857142857,0.125,-0.5,-0.7256603773584904,-0.2556390977443609,0.0,-0.5,0.44,0.3703703703703703,0.0714285714285714,-0.3103448275862068,0.0,0.6741573033707864,0.0,-0.1818181818181817,0.2845528455284554,1.152,-0.2567567567567568,0.315068493150685,0.0208333333333333,0.8678160919540235,0.4835164835164833,-0.3062200956937798,-0.9884683243281114,0.1514277775045766,0
0.0060534873877494,0.935457254297788,-0.2607655502392343,-0.0202247191011243,-0.75,0.2857142857142857,-0.5714285714285714,-0.4285714285714285,0.5,1.0,-0.2352076442484378,0.3590664272890484,0.5,1.0,-0.2224938875305629,-1.0684596577017105,-0.4285714285714285,-1.0,0.1428571428571428,0.375,0.5,-0.4966037735849055,-0.994629430719656,-0.5,-1.0,0.62,1.148148148148148,0.0,0.1149425287356321,0.0,-0.1797752808988765,0.0,0.6136363636363636,0.284552845528455,1.008,0.1891891891891892,0.178082191780822,-0.6666666666666666,0.2298850574712644,-0.1263736263736266,-0.7511961722488038,-0.9884683243281114,0.1514277775045766,1
0.8263019245670029,0.2970616066449995,-1.1746411483253598,-0.3056179775280905,-0.25,-1.0,-0.7142857142857143,1.7142857142857142,0.0,0.0,0.4571848585079017,-1.3809694793536806,0.0,0.0,-0.2665036674816627,0.689486552567236,-0.2857142857142857,0.1428571428571428,-0.7142857142857143,-1.125,1.0,0.2694339622641509,1.278553526673827,0.0,1.5,1.16,-0.5740740740740741,0.2857142857142857,0.7931034482758622,0.0,-0.7303370786516852,0.5714285714285715,-0.284090909090909,0.6910569105691055,1.48,0.891891891891892,-0.2328767123287672,1.8333333333333333,1.0287356321839085,0.3626373626373623,-0.368421052631579,-0.9884683243281114,0.1514277775045766,2
0.9374788723445436,0.1656904275806653,-0.1746411483253597,-1.5325842696629244,-0.75,-1.1428571428571428,-0.1428571428571428,0.1428571428571428,0.0,-0.5,-0.5931642778390297,-1.282226211849192,0.0,-1.5,-0.7555012224938883,0.5550122249388729,-0.5714285714285714,1.7142857142857142,-0.4285714285714285,-1.0,0.0,-0.2694339622641509,1.3770139634801288,0.0,0.0,1.6,0.074074074074074,2.428571428571429,-0.7126436781609193,0.0,-1.1235955056179772,0.0,-0.1818181818181817,0.4959349593495936,-0.1679999999999998,0.2162162162162161,0.36986301369863,1.5625,0.8678160919540235,0.395604395604395,0.904306220095694,-0.9884683243281114,0.1514277775045766,0
1.7636219017404904,1.322122080242985,-0.282296650717704,0.1842696629213482,-0.625,0.5714285714285714,-0.7142857142857143,-1.0,0.0,1.5,0.0992282249173099,0.9974865350089768,-0.5,1.0,0.2444987775061138,-1.0220048899755487,0.2857142857142857,-0.4285714285714285,-0.5714285714285714,0.125,0.0,0.4966037735849057,-0.3580379520229143,0.5,-1.0,-0.3,1.5,0.1428571428571428,3.724137931034483,0.1764705882352941,0.2921348314606738,0.0,0.6136363636363636,2.4634146341463405,0.3759999999999997,3.2702702702702706,-0.3972602739726025,-2.0208333333333335,0.2298850574712644,-1.5989010989010992,1.0239234449760763,-0.9884683243281114,0.1514277775045766,1
0.7114035415178661,-0.3645277209698545,-1.4784688995215314,-0.0606741573033711,-0.875,0.2857142857142857,0.1428571428571428,-0.2857142857142857,-0.5,0.0,-0.9253950753399484,0.2563734290843807,-2.0,0.5,-0.1564792176039122,0.9119804400977986,-0.1428571428571428,0.5714285714285714,-1.0,0.125,0.5,0.7256603773584904,0.1990691013247403,0.0,1.0,1.78,0.2962962962962963,0.0,0.2413793103448277,0.0,0.0337078651685393,0.5714285714285715,-0.284090909090909,0.105691056910569,0.2399999999999994,0.2432432432432433,-0.3424657534246572,1.5,1.0287356321839085,0.978021978021978,0.803827751196172,-0.9884683243281114,0.1514277775045766,0
0.1405805603107599,-0.5729751363410402,-0.129186602870814,0.9191011235955064,-0.125,0.0,0.8571428571428571,-0.8571428571428571,0.5,1.5,-0.4920984932010289,0.5985637342908438,0.0,2.0,0.4449877750611258,-0.8679706601466989,-0.1428571428571428,-0.4285714285714285,-1.0,0.25,0.0,0.7256603773584904,-0.4260651629072681,0.5,-1.0,0.82,1.0185185185185186,0.0,-0.1609195402298848,0.0,0.5730337078651682,0.0,0.3522727272727272,1.5934959349593494,-0.3120000000000002,0.2027027027027024,-0.452054794520548,-0.3125,0.2931034482758626,-0.9505494505494508,0.1770334928229666,-0.9377521321470804,0.3473052528448203,2
1.4859216938081368,1.035166907020594,-0.217703349282297,0.4696629213483144,0.625,0.4285714285714285,0.0,-0.4285714285714285,0.5,1.0,0.3561190738699007,0.4272890484739677,0.0,1.0,-0.7775061124694371,-0.9339853300733494,-0.8571428571428571,-0.8571428571428571,-0.2857142857142857,-0.125,-0.5,-0.7256603773584904,-0.5968492660221983,-0.5,-2.0,0.0,1.8333333333333333,0.0,-0.2183908045977009,12.470588235294118,-0.7415730337078652,0.0,0.0681818181818181,3.829268292682926,0.1360000000000001,-0.0675675675675678,0.2054794520547945,-2.0833333333333335,0.2586206896551724,-2.494505494505495,0.904306220095694,-0.9377521321470804,0.3473052528448203,0
0.4361008341011624,-0.4047926856205271,-2.1315789473684204,-0.5303370786516876,-1.25,0.1428571428571428,1.0,0.0,-0.5,-0.5,-1.701212789415656,0.0,-1.0,-1.0,0.7334963325183373,-0.6454767726161363,-0.8571428571428571,-1.1428571428571428,-0.7142857142857143,-0.125,0.0,-0.3773584905660375,-0.9638381668456856,0.0,-0.5,1.48,0.7777777777777778,0.0,1.114942528735632,0.0,-0.0449438202247191,0.0,0.3522727272727272,2.7642276422764223,-0.408,0.5135135135135134,-0.3013698630136987,0.6458333333333334,0.3965517241379314,-1.6428571428571432,0.4641148325358852,-0.9377521321470804,0.3473052528448203,0
-0.1601114342910849,0.8672662123432671,0.935406698564593,0.3280898876404496,0.75,0.0,-1.2857142857142858,-1.1428571428571428,0.5,0.5,1.565233370084528,0.9666068222621186,1.0,0.5,-0.5574572127139361,0.2444987775061111,-0.5714285714285714,0.0,-1.0,0.0,0.5,0.3773584905660375,0.0,0.0,1.0,0.52,1.0555555555555556,0.0,0.3218390804597701,0.0588235294117647,0.6292134831460671,0.0,0.3522727272727272,-0.2113821138211381,0.0159999999999996,-0.3648648648648649,-0.3835616438356165,-0.6666666666666666,0.2931034482758626,0.2692307692307688,0.8612440191387559,-0.9377521321470804,0.3473052528448203,0
0.0579747279235776,-0.1287663646803913,0.2392344497607646,0.2044943820224706,-0.125,0.0,-0.1428571428571428,0.4285714285714285,0.0,0.0,0.0286659316427784,-0.2991023339317774,0.5,0.5,0.4449877750611258,-1.1784841075794603,0.4285714285714285,-0.8571428571428571,0.0,-0.75,0.0,0.1573584905660375,0.0,0.5,-1.0,-0.12,0.1111111111111111,0.0,0.2183908045977013,0.0,-0.595505617977528,0.2142857142857143,-0.1363636363636362,-0.048780487804878,-0.1360000000000002,0.0405405405405406,-0.2191780821917807,-0.2708333333333333,0.9827586206896556,0.9615384615384616,0.5598086124401914,-0.72479278722912,0.6889669190756865,1
0.4025873793325251,0.5439011312115867,0.0,-0.2044943820224726,-0.875,1.2857142857142858,1.2857142857142858,0.4285714285714285,0.5,1.0,-1.2664461595001837,0.2721723518850987,1.0,0.5,-0.0440097799510997,-1.4449877750611226,-0.7142857142857143,-1.0,-0.7142857142857143,0.0,-0.5,-0.171698113207547,-0.8353025420694592,0.0,-2.0,1.1,1.5555555555555556,0.5714285714285715,0.5862068965517242,0.3529411764705882,-0.1123595505617977,0.0,-0.2727272727272727,0.2682926829268294,-0.4799999999999997,0.6351351351351352,-0.5342465753424656,-0.625,0.9252873563218396,1.1428571428571428,0.7272727272727273,-0.72479278722912,0.6889669190756865,1
0.927884179343806,0.1263549303036751,-0.0215311004784697,-0.2651685393258438,1.375,0.0,-0.8571428571428571,-0.8571428571428571,0.5,0.5,1.2043366409408305,0.5985637342908438,0.0,0.0,-0.0684596577017105,-0.7775061124694376,-0.2857142857142857,-0.7142857142857143,-1.0,-0.375,0.0,0.6290566037735846,-0.2556390977443609,0.0,0.0,-0.16,0.074074074074074,0.0,-0.5517241379310343,11.058823529411766,-0.8314606741573032,0.1428571428571428,0.0113636363636363,1.9186991869918697,-0.5360000000000003,0.2567567567567566,0.2465753424657532,-0.2708333333333333,1.0402298850574714,-0.4560439560439563,0.8468899521531101,-0.5712682150947924,0.8207634412072763,0
0.0832148908318012,-0.2905328323308277,0.3253588516746392,0.2449438202247194,-0.75,-0.2857142857142857,0.5714285714285714,0.0,1.5,1.5,-0.9382579933847848,-0.2833034111310594,2.0,1.0,-0.8239608801955988,0.7555012224938866,-1.1428571428571428,0.4285714285714285,0.0,-0.5,0.0,-1.3064150943396224,0.5968492660221981,-1.0,0.5,1.46,0.8148148148148148,0.0,0.1034482758620692,0.0,-0.0337078651685393,0.0,-0.4659090909090908,0.3089430894308941,-0.4960000000000003,0.2972972972972974,-0.2054794520547945,0.5833333333333334,1.0804597701149423,1.208791208791209,0.9234449760765548,-0.5712682150947924,0.8207634412072763,2
2.7481854814991165,1.322122080242985,-0.217703349282297,0.2449438202247194,-0.625,-0.2857142857142857,-0.5714285714285714,-0.7142857142857143,0.0,0.0,-0.0679897096655639,0.2563734290843807,0.0,0.5,-1.4669926650366747,0.2224938875305624,-1.0,0.1428571428571428,0.4285714285714285,-0.5,0.0,-1.2207547169811317,0.4711779448621555,-1.0,0.5,-0.08,1.5,0.0,0.2643678160919541,8.058823529411764,-0.2696629213483146,0.0,1.318181818181818,-0.0081300813008128,0.0719999999999999,0.8513513513513512,1.136986301369863,-1.7916666666666667,0.2413793103448277,0.258241758241758,0.8516746411483251,-0.5712682150947924,0.8207634412072763,1
0.2794687621878752,-0.5190699504579784,0.2392344497607646,-0.674157303370789,0.5,-0.7142857142857143,0.2857142857142857,-0.1428571428571428,0.5,-0.5,0.1363469312752665,-0.598563734290844,0.5,-0.5,-0.977995110024449,-0.0440097799510996,-0.1428571428571428,-1.0,0.4285714285714285,1.125,0.0,-0.4101886792452829,-1.1933404940923735,-0.5,0.0,1.38,0.5740740740740741,4.7857142857142865,-0.8735632183908044,0.0,1.3483146067415728,0.0,1.022727272727273,1.333333333333333,-0.3040000000000002,1.8378378378378375,-0.315068493150685,0.7708333333333334,0.1494252873563219,-0.9120879120879124,0.4641148325358852,-0.5712682150947924,0.8207634412072763,0
-0.2712598803862642,-0.1675325060490811,-0.7177033492822981,-0.4089887640449452,0.375,0.5714285714285714,-0.7142857142857143,-0.1428571428571428,-0.5,-0.5,0.8022785740536569,0.2991023339317775,-2.0,-0.5,0.0660146699266507,0.0,0.1428571428571428,-0.8571428571428571,-1.2857142857142858,-0.75,1.0,1.3064150943396222,0.0,1.0,1.0,-0.02,-0.3518518518518518,0.0,-0.689655172413793,0.0,0.9213483146067412,0.0,-0.6704545454545454,-0.4634146341463414,-0.2239999999999998,-0.3918918918918919,1.2054794520547945,0.3541666666666667,0.8965517241379316,1.0164835164835164,0.7129186602870812,-0.3943558551133187,0.9189578116202306,0
-0.2582413504896452,-0.1333517817471961,-0.129186602870814,0.2651685393258418,-0.625,0.0,-0.2857142857142857,-0.8571428571428571,0.0,0.0,-0.3303932377802278,0.5985637342908438,0.5,0.5,1.5110024449877766,0.1540342298288499,0.7142857142857143,1.2857142857142858,-0.1428571428571428,-0.875,0.0,0.3773584905660375,1.1933404940923735,1.5,0.0,0.54,1.0740740740740742,0.0,0.7356321839080461,1.823529411764706,0.3033707865168538,0.0,0.6477272727272728,-0.3983739837398373,0.984,-0.2837837837837837,-0.36986301369863,-0.6666666666666666,-0.0344827586206893,0.17032967032967,-0.956937799043062,-0.3943558551133187,0.9189578116202306,1
0.0061945730730381,-0.1452357545911688,-0.217703349282297,-0.2449438202247194,0.125,-0.7142857142857143,-1.1428571428571428,-0.7142857142857143,1.0,0.5,1.2443954428518926,-0.163375224416517,0.5,0.5,-0.5330073349633254,-0.0660146699266505,-0.2857142857142857,-0.1428571428571428,-0.7142857142857143,0.625,0.5,0.2694339622641509,-0.4131757966344432,-0.5,0.0,0.62,0.6666666666666666,0.0,-0.6436781609195401,3.235294117647059,0.0561797752808988,0.0,-0.0909090909090907,0.7642276422764225,1.0799999999999998,0.2432432432432433,-0.547945205479452,-0.125,-0.0459770114942527,-0.7142857142857147,-1.0239234449760763,-0.3943558551133187,0.9189578116202306,2
0.3161945182496844,-0.0745149598735445,0.0,0.5303370786516856,-0.875,-0.1428571428571428,1.7142857142857142,-0.5714285714285714,0.5,1.0,-1.3403160602719586,0.2244165170556553,0.0,1.5,0.4889975550122256,-0.1344743276283631,0.4285714285714285,0.4285714285714285,0.4285714285714285,1.0,0.5,-0.069811320754717,-0.271392767633369,0.5,-0.5,0.64,1.4074074074074074,0.0,0.8045977011494252,0.0,1.224719101123595,0.0,0.0909090909090907,0.0325203252032517,-0.0960000000000001,0.4594594594594595,0.6575342465753425,-0.9375,0.908045977011494,0.6923076923076921,0.5311004784688995,-0.3943558551133187,0.9189578116202306,1
-0.1640818825914016,-0.4575290986964622,-0.3253588516746413,-0.224719101123597,-0.625,-0.1428571428571428,-0.7142857142857143,-1.0,-0.5,0.0,0.0992282249173099,0.6904847396768404,0.0,0.0,0.0440097799510997,-0.7555012224938866,1.2857142857142858,-1.0,-1.0,0.0,0.5,1.2305660377358485,-0.8353025420694592,-1.0,0.0,0.42,0.4629629629629629,0.0,0.0114942528735633,0.0,-0.2921348314606742,0.0,-0.1249999999999999,-0.317073170731707,-0.4000000000000003,-0.2162162162162161,-0.5753424657534245,-0.1041666666666666,0.8735632183908049,0.9175824175824174,0.6267942583732058,-0.2012985200886611,0.9795299412524944,1
0.5308901655246722,0.8018376620153602,0.7392344497607636,-0.3258426966292149,0.125,-0.2857142857142857,0.1428571428571428,-0.7142857142857143,0.0,0.0,0.0117603822124222,0.2563734290843807,0.5,0.0,0.0660146699266507,0.3985330073349611,0.0,0.0,-0.4285714285714285,-0.875,1.5,0.2098113207547168,0.8353025420694591,0.0,2.0,-0.52,0.3148148148148148,0.0,0.1034482758620692,0.2941176470588235,-0.2134831460674157,0.2142857142857143,0.318181818181818,1.32520325203252,0.0160000000000002,-0.148648648648649,-0.1369863013698632,-0.9166666666666666,1.0402298850574718,-0.0549450549450553,0.5167464114832534,-0.2012985200886611,0.9795299412524944,2
-0.1601114342910849,1.3840817187673726,0.4999999999999989,0.8786516853932597,0.125,1.0,-0.8571428571428571,-1.4285714285714286,-0.5,0.5,0.8507901506798972,1.5956912028725316,0.0,1.0,0.0220048899755509,-0.1564792176039118,0.2857142857142857,0.7142857142857143,-0.8571428571428571,-0.125,0.5,0.7769811320754714,0.413175796634443,0.0,0.0,0.52,-0.0925925925925925,0.0,0.7471264367816091,0.0,-0.842696629213483,0.0,-0.1931818181818181,-0.2439024390243903,2.5759999999999996,0.7297297297297295,0.0136986301369862,0.625,0.2471264367816094,0.2472527472527468,-1.6746411483253587,-0.2012985200886611,0.9795299412524944,0
0.3328637781270499,0.8600197577172701,-0.8253588516746424,1.0426966292134834,-0.625,0.7142857142857143,-0.5714285714285714,-0.4285714285714285,0.0,1.0,-0.0679897096655639,0.5464991023339318,0.0,1.5,0.3545232273838644,-0.5794621026894858,-0.8571428571428571,-0.7142857142857143,0.1428571428571428,-0.875,-0.5,-0.943396226415094,0.3580379520229143,0.0,0.0,0.56,1.0555555555555556,0.0,0.0919540229885058,0.0,-0.943820224719101,0.0,-0.1136363636363636,2.4634146341463405,0.3599999999999997,-0.1351351351351351,0.232876712328767,-0.625,0.1896551724137933,-1.6373626373626378,0.9808612440191388,-0.2012985200886611,0.9795299412524944,1
-0.237373923727793,1.693988525062794,0.2607655502392343,0.3280898876404496,-0.625,-0.1428571428571428,-0.2857142857142857,-1.0,0.0,0.0,-0.3303932377802278,0.6904847396768404,0.5,0.5,0.7775061124694392,-0.2224938875305624,0.5714285714285714,-0.7142857142857143,-1.1428571428571428,-0.75,0.0,1.2207547169811317,0.1629072681704259,1.0,-0.5,1.2,-0.3703703703703703,0.4285714285714286,1.229885057471264,0.0,-0.1797752808988765,0.0,0.9545454545454544,-0.1382113821138212,1.968,-0.0675675675675678,0.589041095890411,1.6458333333333333,0.4425287356321841,0.3626373626373623,-1.1483253588516744,-2.4492935982947064e-16,1.0,2
0.013239227240545,-0.1289832786547309,0.4354066985645919,0.4292134831460676,0.375,0.5714285714285714,-0.1428571428571428,-0.2857142857142857,0.5,0.0,0.3314957736126426,0.3903052064631958,0.5,0.5,0.6894865525672376,-0.6454767726161363,1.0,-0.7142857142857143,-0.5714285714285714,-0.375,-0.5,0.7860377358490566,-0.2556390977443609,0.5,-0.5,-0.2,0.8518518518518519,0.0,-0.2068965517241378,3.411764705882353,-0.5730337078651686,0.0,0.9545454545454544,2.6747967479674783,1.704,0.9729729729729728,1.0684931506849316,-1.1875,0.4425287356321841,-1.538461538461539,-0.9904306220095692,-2.4492935982947064e-16,1.0,0
0.0579747279235776,0.0800458668731126,0.4784688995215292,0.224719101123595,-0.375,0.0,-0.5714285714285714,-0.2857142857142857,0.5,0.0,0.1944138184490998,0.0944344703770197,1.0,0.5,0.2665036674816627,0.0660146699266505,-0.2857142857142857,-1.0,0.0,1.0,0.5,-0.2977358490566038,-1.1675617615467238,1.5,1.0,-0.12,0.925925925925926,0.0,0.0919540229885058,0.0,-0.2696629213483146,0.3571428571428571,-0.0227272727272726,0.2113821138211381,-0.44,-0.2432432432432433,-0.4794520547945205,-1.1875,1.137931034482759,1.0769230769230766,0.8708133971291866,0.3943558551133185,0.9189578116202306,1
0.3246992516729693,-0.2905328323308277,-0.1746411483253597,-0.1438202247191014,0.0,-0.2857142857142857,-0.1428571428571428,-1.0,4.0,-0.5,0.1157662624035284,0.5985637342908438,0.5,0.0,-0.0440097799510997,-0.8459657701711479,-0.4285714285714285,-1.2857142857142858,-0.8571428571428571,0.0,-0.5,0.3143396226415095,-1.2395273899033297,0.5,-1.0,0.18,0.8148148148148148,1.7857142857142858,-0.0114942528735631,0.0,0.6179775280898875,0.0714285714285714,-0.3636363636363635,0.0162601626016261,-0.3919999999999999,0.0405405405405404,0.4657534246575343,-0.75,1.2528735632183912,1.0329670329670328,1.0239234449760768,0.3943558551133185,0.9189578116202306,1
0.2794687621878752,-0.1452357545911688,0.588516746411482,0.224719101123595,0.125,0.7142857142857143,0.7142857142857143,0.1428571428571428,2.5,0.5,-0.2723263506063945,0.1996409335727109,1.0,0.5,0.0660146699266507,-0.5550122249388751,1.1428571428571428,-0.4285714285714285,0.4285714285714285,-0.625,-0.5,0.2358490566037735,0.2556390977443609,0.5,-0.5,1.38,0.6666666666666666,0.0,-0.8390804597701147,2.823529411764706,1.7528089887640443,0.0,2.6136363636363633,2.121951219512195,0.936,3.6891891891891895,0.2328767123287675,0.6666666666666666,-0.2241379310344823,-1.8021978021978025,-1.0861244019138754,0.3943558551133185,0.9189578116202306,2
2.746001280824314,1.3792997048481357,0.4354066985645919,-0.2044943820224726,-0.875,-0.5714285714285714,-0.7142857142857143,-0.7142857142857143,1.5,0.0,-0.2723263506063945,0.0,2.0,0.0,1.0880195599022018,0.0,0.7142857142857143,0.1428571428571428,-0.1428571428571428,-0.75,1.0,0.3773584905660375,0.7372001432151806,1.0,0.0,-0.08,-0.0925925925925925,0.0,0.5057471264367818,0.0,-0.393258426966292,0.0,2.295454545454545,0.105691056910569,1.928,1.729729729729729,2.4657534246575334,0.0,-0.1494252873563215,0.4010989010989009,-1.617224880382775,0.3943558551133185,0.9189578116202306,2
0.2669000228329757,0.8173223618514882,0.0,0.0,0.625,-0.8571428571428571,0.0,1.5714285714285714,0.0,0.5,0.3561190738699007,-1.243087971274686,0.5,0.0,0.2224938875305629,0.0440097799510996,-0.8571428571428571,-0.1428571428571428,-0.2857142857142857,-0.375,-0.5,-0.7256603773584904,0.1990691013247403,1.0,0.0,0.64,0.3148148148148148,0.0,0.3908045977011496,0.1176470588235294,0.6853932584269659,0.0,-0.4545454545454545,0.0243902439024392,0.2,0.6216216216216218,0.6575342465753422,0.2916666666666667,1.0574712643678166,0.8406593406593406,0.4210526315789472,0.5712682150947923,0.8207634412072763,0
0.0195516295906173,1.7061009961325404,0.3492822966507173,0.4089887640449432,0.75,0.5714285714285714,-0.4285714285714285,-0.2857142857142857,2.5,0.5,0.6975376699742745,0.3903052064631958,1.0,0.5,0.2004889975550119,0.7555012224938866,0.1428571428571428,0.4285714285714285,-0.7142857142857143,-1.0,1.0,0.5550943396226414,1.158252774794128,1.0,1.0,-0.2,-0.3703703703703703,0.0,-0.2528735632183907,0.0,0.9999999999999996,0.0,1.8295454545454544,1.9186991869918697,1.096,2.0675675675675675,0.2054794520547945,0.1875,-0.2586206896551724,-1.6978021978021982,-1.2105263157894737,0.5712682150947923,0.8207634412072763,1
-0.2464936012294267,-0.4342742553263611,-0.5215311004784686,-0.674157303370789,-1.0,0.5714285714285714,0.2857142857142857,-0.8571428571428571,2.5,-0.5,-1.1705255420801173,0.850269299820467,0.5,-2.0,-0.0440097799510997,-0.2665036674816621,0.4285714285714285,-0.7142857142857143,-0.4285714285714285,-0.75,-0.5,0.4490566037735847,0.1629072681704259,0.5,0.0,-0.02,0.2962962962962963,0.0,-0.4712643678160919,0.0,0.0786516853932583,0.0,-0.2727272727272727,-0.4146341463414633,-0.4480000000000002,-0.1756756756756757,-0.3013698630136985,-0.375,1.0804597701149428,1.1703296703296702,0.8277511961722486,0.5712682150947923,0.8207634412072763,1
-0.2582413504896452,0.0558180349442251,0.2177033492822949,-0.1213483146067423,-0.5,-0.5714285714285714,0.0,-0.4285714285714285,0.5,0.0,-0.3921352443954427,-0.2563734290843807,0.5,0.5,0.3985330073349641,-0.7775061124694376,0.4285714285714285,-0.7142857142857143,-1.1428571428571428,-0.625,0.0,1.1792452830188676,0.0,0.5,0.0,0.54,0.4259259259259259,0.0,2.1264367816091956,0.0,0.0898876404494382,0.0,1.8295454545454544,-0.3252032520325204,2.120000000000001,-0.0540540540540536,1.3150684931506844,0.0625,-0.1724137931034483,0.0329670329670326,-1.7511961722488036,0.5712682150947923,0.8207634412072763,0
0.1405805603107599,1.3840817187673726,-0.129186602870814,-0.0202247191011243,-0.125,1.1428571428571428,0.1428571428571428,0.4285714285714285,0.0,1.0,-0.1554575523704518,0.2244165170556553,0.5,0.5,0.6894865525672376,1.0660146699266484,-0.1428571428571428,0.5714285714285714,0.0,-0.125,2.0,-0.1886792452830187,0.3580379520229143,0.5,1.0,0.82,-0.0925925925925925,1.2142857142857144,0.6436781609195403,0.5882352941176471,-0.3595505617977528,0.0,1.3522727272727273,0.9105691056910564,1.968,0.4459459459459458,1.287671232876712,0.9375,-0.1091954022988505,-0.873626373626374,-1.6076555023923444,0.9377521321470804,0.3473052528448203,1
-0.2225239719733536,0.0634068467076911,-1.1100478468899528,-0.4898876404494388,-0.875,-1.0,-0.4285714285714285,0.1428571428571428,0.5,2.5,-0.5692760014700476,-1.0771992818671454,0.5,0.5,-0.2665036674816627,-0.1124694376528121,0.1428571428571428,0.0,-0.7142857142857143,-0.25,4.0,0.5550943396226414,0.1790189760114573,1.0,0.5,-0.02,0.074074074074074,0.0,-0.3448275862068965,0.0,-1.0786516853932584,0.0,-0.3409090909090909,0.0487804878048774,-0.5040000000000001,-0.3783783783783784,0.1232876712328766,-0.125,1.224137931034483,1.1703296703296702,0.9808612440191388,0.9884683243281114,0.1514277775045767,1
-0.2712598803862642,-0.2895384692588848,0.5215311004784686,0.2044943820224706,-0.25,-0.4285714285714285,0.5714285714285714,-0.1428571428571428,1.5,0.5,-0.4674751929437706,-0.3166965888689408,0.5,0.5,0.0880195599022017,0.4229828850855739,1.0,0.8571428571428571,-0.4285714285714285,-0.5,2.5,0.6792452830188679,0.7457930540637308,0.5,1.0,0.54,-0.2777777777777778,0.0,1.5287356321839078,0.0,-0.1685393258426966,0.0,1.5227272727272727,-0.4634146341463414,1.416,-0.3918918918918919,1.2602739726027394,0.8541666666666666,-0.028735632183908,0.1318681318681314,-1.2105263157894737,0.9884683243281114,0.1514277775045767,1
0.0702695481043185,0.8317133890453317,0.588516746411482,0.44943820224719,0.25,-0.2857142857142857,-0.2857142857142857,-0.7142857142857143,0.0,0.5,0.3693495038588755,0.2563734290843807,0.5,1.0,1.3105134474327649,0.2004889975550115,0.2857142857142857,-1.0,0.5714285714285714,-0.25,0.5,-0.2098113207547168,-0.6885069817400644,0.5,1.0,-0.12,0.3148148148148148,0.0,0.2988505747126438,0.0,-0.1685393258426966,0.0,-0.3636363636363635,-0.0975609756097564,-0.3360000000000003,0.4054054054054054,-0.4931506849315067,-0.5,1.0287356321839085,1.0714285714285712,0.7177033492822966,0.9884683243281114,0.1514277775045767,0
0.9365213450571728,0.0591669998790977,0.3038277511961716,1.1235955056179792,0.125,0.2857142857142857,0.1428571428571428,0.5714285714285714,1.0,0.5,0.0117603822124222,-0.1996409335727109,-1.0,0.5,-0.6014669926650359,-0.288508557457213,-0.7142857142857143,0.0,0.2857142857142857,-0.625,1.0,-0.8384905660377356,0.5266738274257071,-0.5,1.0,0.44,0.074074074074074,0.5714285714285715,-0.1034482758620687,0.0,-0.8764044943820224,0.1428571428571428,-0.1590909090909091,0.5284552845528453,-0.3760000000000003,-0.3108108108108106,0.095890410958904,0.3541666666666667,1.126436781609196,0.7637362637362632,0.9282296650717702,0.8978045395707416,-0.4403941515576344,0
-0.268176320191617,-0.141715282718039,0.0,0.4898876404494388,0.125,-0.1428571428571428,1.5714285714285714,0.4285714285714285,1.0,1.5,-0.5692760014700476,-0.3903052064631958,0.5,0.5,0.5990220048899761,-0.0660146699266505,1.0,-0.1428571428571428,-0.8571428571428571,0.0,0.0,1.0290566037735849,-0.0852130325814535,1.0,0.5,0.54,0.6666666666666666,0.5,-0.0804597701149424,0.3529411764705882,-0.2808988764044943,0.6428571428571429,0.0681818181818181,-0.4146341463414633,0.2799999999999999,-0.2297297297297298,-0.356164383561644,-0.2083333333333333,-0.3333333333333332,-0.1263736263736266,-0.7846889952153109,0.8978045395707416,-0.4403941515576344,1
-0.2225239719733536,-0.2387227773668778,0.0215311004784675,-1.0426966292134854,0.25,-0.8571428571428571,-0.7142857142857143,-0.5714285714285714,0.0,0.5,0.7486218302094818,-0.4897666068222622,0.5,0.5,0.1100244498777505,0.6674816625916852,0.1428571428571428,0.2857142857142857,0.1428571428571428,-0.375,0.0,-0.0818867924528301,0.4260651629072681,1.0,0.5,-0.02,-0.2037037037037037,0.0,-0.2183908045977009,0.0,-0.6404494382022472,0.8571428571428572,0.0795454545454546,-0.0731707317073168,-0.5519999999999999,-0.0540540540540541,0.0958904109589042,0.1875,1.2471264367816095,1.4505494505494505,1.1913875598086126,0.7907757369376989,-0.6121059825476626,1
-0.1470501140082089,-0.24112461688168,-0.1076555023923443,0.7550561797752806,-0.25,1.1428571428571428,0.1428571428571428,-0.8571428571428571,0.5,-0.5,-0.2517456817346561,1.014721723518851,0.5,0.0,0.7555012224938883,1.3545232273838592,0.2857142857142857,1.5714285714285714,-1.0,-1.25,0.5,0.943396226415094,1.634443250984604,0.0,1.0,-0.4,0.0925925925925925,0.7857142857142858,0.4022988505747126,7.117647058823529,-0.1123595505617977,0.2142857142857143,-0.1590909090909091,-0.2764227642276423,-0.4080000000000003,0.2837837837837837,-0.6712328767123285,-0.5416666666666666,-0.5459770114942529,-0.3901098901098904,-0.5023923444976076,0.299363122973358,-0.9541392564000488,1
0.0086530159941426,-0.2006617219418519,0.564593301435406,0.0606741573033691,0.625,-0.2857142857142857,-0.4285714285714285,-0.4285714285714285,0.0,-0.5,0.6512311650128629,0.0,0.5,0.0,-0.0220048899755487,-1.0904645476772612,-0.2857142857142857,-0.7142857142857143,-0.1428571428571428,-0.625,-0.5,-0.2098113207547168,0.0,-0.5,-1.5,-0.34,0.5555555555555556,0.0,0.0114942528735633,0.0,-0.3483146067415731,5.2857142857142865,1.8522727272727268,0.4959349593495933,-0.0240000000000002,1.783783783783783,1.876712328767123,-1.0,-0.3908045977011493,0.4340659340659336,0.2679425837320571,0.1011683219874327,-0.994869323391895,1
0.189339022273096,-0.3972147385257359,1.3923444976076549,1.1842696629213485,0.625,0.1428571428571428,-0.4285714285714285,-1.0,2.0,2.0,0.6512311650128629,0.83770197486535,2.0,2.5,0.1320293398533014,0.3545232273838614,0.2857142857142857,-0.7142857142857143,0.1428571428571428,-0.125,1.0,0.0,-0.4475474400286429,0.5,1.5,-0.62,-0.4444444444444444,0.0,-0.0689655172413792,0.0,0.0,2.0,1.25,0.2764227642276421,-0.3920000000000002,1.1621621621621625,0.726027397260274,-0.1666666666666666,-0.2126436781609193,0.4560439560439559,0.1961722488038278,0.1011683219874327,-0.994869323391895,1
-0.0337244897630556,-0.4875907294269377,0.8492822966507163,-0.1842696629213502,-0.5,0.2857142857142857,-0.5714285714285714,-1.1428571428571428,1.0,0.0,0.0735023888276369,1.0771992818671456,1.5,-0.5,-0.2444987775061117,0.8655256723716369,-0.8571428571428571,0.2857142857142857,-0.1428571428571428,-0.5,1.5,-0.8086792452830186,0.5370569280343717,0.0,2.0,0.14,-0.4259259259259259,0.0,-0.1149425287356321,11.411764705882351,0.4606741573033704,5.785714285714286,1.3636363636363638,0.2764227642276421,-0.6880000000000002,1.3513513513513515,0.301369863013699,0.6041666666666666,-0.3793103448275859,0.0109890109890107,-0.2440191387559809,0.1011683219874327,-0.994869323391895,2
0.0333552360070476,-0.4723317328525877,0.8038277511961706,-0.9595505617977552,-0.625,-0.5714285714285714,0.8571428571428571,-0.8571428571428571,1.0,0.0,-0.9033443586916572,0.163375224416517,1.5,-0.5,0.1320293398533014,0.7334963325183357,-0.1428571428571428,1.0,-0.4285714285714285,-1.25,1.0,0.110943396226415,1.601861797350519,-0.5,1.5,0.16,-0.6111111111111112,0.0,-0.7471264367816091,0.0588235294117647,0.842696629213483,4.142857142857143,1.0454545454545454,0.7967479674796746,-0.4400000000000002,1.7162162162162162,-0.547945205479452,0.8333333333333334,-0.4655172413793103,0.5659340659340658,-0.2440191387559809,-0.101168321987432,-0.9948693233918952,2
-0.1473865606925089,-0.387930671134237,0.0,-0.5101123595505632,-0.625,-0.7142857142857143,-0.5714285714285714,0.7142857142857143,0.0,0.5,-0.0679897096655639,-0.9403949730700182,0.0,0.5,0.1320293398533014,0.821515892420535,-0.4285714285714285,1.1428571428571428,-0.5714285714285714,-0.125,0.5,0.0,0.5556749015395631,1.0,0.5,0.48,-0.2962962962962963,0.3571428571428571,-0.5057471264367814,0.0,1.0561797752808986,0.3571428571428571,0.2954545454545454,-0.3170731707317071,-0.3280000000000002,0.5405405405405402,0.2054794520547945,0.8125,-0.218390804597701,0.0494505494505489,-0.2488038277511962,-0.101168321987432,-0.9948693233918952,0
-0.085897736180397,-0.5096170295507056,-0.15311004784689,0.5191011235955061,-0.5,0.5714285714285714,0.5714285714285714,0.0,0.5,1.0,-0.6806321205439175,0.2154398563734293,0.5,1.0,1.1784841075794632,0.9119804400977986,1.2857142857142858,0.5714285714285714,-1.2857142857142858,-1.0,1.5,1.5275471698113203,1.1933404940923735,2.0,2.0,0.08,-0.5185185185185185,1.7142857142857144,0.3333333333333335,4.0,1.2696629213483144,5.214285714285714,0.4204545454545455,0.3414634146341462,-0.5280000000000001,-0.2972972972972974,0.315068493150685,0.6458333333333334,-0.3563218390804595,0.3626373626373623,-0.3205741626794258,-0.101168321987432,-0.9948693233918952,2
-0.0823385787123848,-0.4969371958569835,-0.7392344497607657,-0.5707865168539343,-0.125,-0.7142857142857143,-0.8571428571428571,-0.7142857142857143,0.0,0.5,0.7195883866225655,-0.163375224416517,0.0,0.5,0.5110024449877766,1.533007334963322,0.0,1.2857142857142858,-0.5714285714285714,-1.0,1.0,0.3328301886792449,1.3233082706766917,0.0,1.5,-0.18,-0.6296296296296297,0.0,-0.4597701149425287,4.529411764705882,-0.2359550561797753,4.5,-0.0113636363636363,0.1219512195121949,-0.6320000000000005,0.1216216216216216,-0.506849315068493,0.5,-0.3045977011494251,0.2637362637362636,-0.0239234449760765,-0.2993631229733582,-0.9541392564000488,2
0.021475394923129,-0.2225160019021816,1.0430622009569372,-1.1235955056179792,1.375,-0.4285714285714285,-1.2857142857142858,-0.1428571428571428,-0.5,0.5,1.6097023153252483,-0.3166965888689408,0.0,-0.5,1.4449877750611255,-0.6454767726161363,0.5714285714285714,0.0,-1.0,0.375,0.0,1.0483018867924527,-0.2148227712137486,2.0,-1.0,0.4,-0.074074074074074,0.0,-0.689655172413793,2.1176470588235294,0.5730337078651682,4.857142857142858,-0.6136363636363636,0.6260162601626015,-0.3200000000000002,-0.3243243243243243,0.7123287671232875,0.4791666666666667,-0.1264367816091951,0.7747252747252744,0.3110047846889952,-0.2993631229733582,-0.9541392564000488,1
0.3047206238626307,0.2302009123415156,-0.129186602870814,-0.2651685393258438,0.375,-0.2857142857142857,-0.4285714285714285,-0.4285714285714285,0.0,-0.5,0.5446527012127894,0.0,-0.5,0.0,0.2665036674816627,0.821515892420535,0.4285714285714285,0.0,-0.1428571428571428,-0.75,0.5,0.2460377358490566,0.6713211600429645,1.0,1.0,-0.1,0.6481481481481481,0.0,0.6666666666666666,4.294117647058823,-0.0449438202247191,5.714285714285714,-0.4772727272727271,0.6910569105691056,0.4639999999999998,0.9729729729729728,-0.2054794520547945,-0.8541666666666666,-0.1666666666666666,0.78021978021978,0.7464114832535885,-0.4853019625310808,-0.8743466161445822,1
0.2670365331521767,-0.5559404451523917,0.935406698564593,0.123595505617977,0.375,0.2857142857142857,-1.0,0.1428571428571428,1.0,0.0,1.1209114296214628,0.0,1.5,-0.5,0.0220048899755509,0.2665036674816621,1.1428571428571428,0.1428571428571428,-0.8571428571428571,-0.875,0.5,1.0664150943396222,0.8950948800572859,0.5,0.5,-0.5,0.2037037037037037,8.928571428571429,0.7816091954022988,0.0,0.3258426966292132,9.428571428571429,0.6477272727272728,0.138211382113821,-0.2960000000000001,-0.2297297297297298,-0.3972602739726025,-0.7708333333333334,0.1091954022988509,0.0879120879120876,0.5215311004784691,-0.4853019625310808,-0.8743466161445822,1
-0.0343647806582813,-0.180794943832595,-0.7607655502392354,0.0404494382022467,0.125,0.2857142857142857,-0.1428571428571428,0.1428571428571428,-0.5,0.5,0.1944138184490998,0.0,-1.5,0.5,-0.7334963325183373,-0.0440097799510996,-0.4285714285714285,-0.4285714285714285,0.8571428571428571,-0.125,-0.5,-0.7860377358490563,-0.1990691013247403,-0.5,-0.5,-0.38,0.5555555555555556,0.0,0.4942528735632184,0.0,-0.3146067415730337,0.3571428571428571,0.5,0.9512195121951218,1.2160000000000002,-0.3918918918918919,0.2054794520547945,-1.0416666666666667,-0.4367816091954022,0.6978021978021975,0.971291866028708,-0.651372482722222,-0.7587581226927911,0
-0.1055065517208358,-0.4337688576551355,0.2607655502392343,0.0404494382022467,0.625,-0.4285714285714285,0.1428571428571428,-0.5714285714285714,0.0,1.0,0.2723263506063949,0.0,0.0,1.0,0.3985330073349641,0.1100244498777502,-0.7142857142857143,-0.2857142857142857,-1.0,-0.375,-0.5,0.2098113207547168,0.1052631578947367,0.5,-0.5,-0.22,-0.6111111111111112,0.0,0.6551724137931033,0.0,-0.303370786516854,0.2857142857142857,-0.1477272727272726,0.24390243902439,-0.144,0.5675675675675672,-0.5890410958904108,0.4375,-0.0517241379310344,-0.3681318681318683,-0.2966507177033494,-0.7907757369376986,-0.6121059825476627,0
0.0950759365937587,-0.2921206534316706,1.153110047846888,1.3078651685393272,-0.25,0.8571428571428571,0.2857142857142857,-0.5714285714285714,1.0,2.0,-0.3303932377802278,0.7026929982046679,1.5,2.0,0.7555012224938883,0.6430317848410745,1.0,0.7142857142857143,-0.5714285714285714,-0.5,0.0,0.7860377358490566,0.7006802721088433,0.5,0.5,-0.62,-0.4074074074074074,1.142857142857143,-0.0459770114942527,0.0,-0.1797752808988765,2.428571428571429,-0.1249999999999999,-0.1707317073170729,1.4239999999999997,-0.2837837837837837,-0.7123287671232875,-0.2083333333333333,-0.3333333333333332,-0.0934065934065935,1.1818181818181814,-0.7907757369376986,-0.6121059825476627,1
-0.1921140214494436,-0.3961329465791181,-0.1076555023923443,0.0,0.0,-0.5714285714285714,0.8571428571428571,-0.7142857142857143,0.0,0.0,-0.4083057699375229,0.0,0.0,0.0,-0.5794621026894871,0.8875305623471856,-0.8571428571428571,-0.7142857142857143,-0.8571428571428571,0.625,1.0,-0.2098113207547168,-0.8138202649480843,-0.5,1.5,0.48,0.0555555555555555,0.0,-0.8505747126436779,0.0,-0.49438202247191,0.8571428571428572,-0.5909090909090908,-0.2357723577235772,0.2079999999999995,-0.1081081081081082,-0.6164383561643835,0.4166666666666667,0.2356321839080465,0.5384615384615383,0.9282296650717702,-0.7907757369376986,-0.6121059825476627,0
-0.2712598803862642,-0.1514524538537831,-1.1315789473684223,-0.5303370786516876,0.125,-0.7142857142857143,0.1428571428571428,-0.2857142857142857,0.0,-0.5,0.0117603822124222,-0.5131059245960504,0.16665,0.0,-1.0464547677261615,-0.4669926650366736,0.1428571428571428,-0.8571428571428571,1.2857142857142858,-0.25,-0.5,-0.5479245283018866,-0.5116362334407447,0.0,0.0,0.48,0.0925925925925925,0.0,-1.1494252873563218,0.2352941176470588,1.224719101123595,0.0,-1.1249999999999998,-0.4634146341463414,-0.0960000000000002,-0.3918918918918919,2.1232876712328763,0.375,-0.7413793103448275,-0.5494505494505498,-0.2966507177033492,-0.848644257494751,0.5289640103269624,0
-0.2701272244682421,-0.0575255231856076,-2.3923444976076547,-1.3685393258426986,-1.0,-1.1428571428571428,1.1428571428571428,0.7142857142857143,0.0,-0.5,-1.3803748621830207,-1.3964093357271097,0.0625,0.0,-1.2909535452322731,-1.2004889975550117,-0.4285714285714285,-0.4285714285714285,0.5714285714285714,1.0,-0.5,-0.6860377358490565,-0.7293233082706765,0.16665,0.0,3.58,0.7037037037037037,0.0,-0.3678160919540229,10.117647058823527,1.842696629213483,0.0,-0.409090909090909,0.0162601626016258,-0.0800000000000001,-0.3243243243243243,2.0136986301369864,2.9166666666666665,-0.1206896551724134,-0.2802197802197805,-0.3923444976076554,-0.848644257494751,0.5289640103269624,2
-0.2712598803862642,-0.266653390294603,-1.282296650717704,-0.4898876404494388,-1.0,-1.1428571428571428,0.1428571428571428,0.1428571428571428,-0.5,-0.5,-1.117971334068357,-1.282226211849192,0.0,0.25,-1.1124694376528124,0.2885085574572108,0.0,-0.7142857142857143,0.5714285714285714,-0.125,1.5,-0.3773584905660375,-0.4475474400286429,0.125,0.2857,0.74,-0.4259259259259259,6.357142857142858,-1.0804597701149423,0.0,-1.1348314606741572,6.357142857142858,-1.056818181818182,-0.4634146341463414,-0.0880000000000004,-0.3918918918918919,-0.6712328767123288,1.2291666666666667,-0.4999999999999998,-0.3186813186813189,0.0430622009569377,-0.848644257494751,0.5289640103269624,2
-0.2712598803862642,-0.1896273378793248,-0.6315789473684214,-0.6337078651685403,-0.125,-0.4285714285714285,-0.2857142857142857,0.2857142857142857,-0.5,0.0,0.1363469312752665,-0.5385996409335728,0.0,0.16665,0.0440097799510997,0.0220048899755487,-0.5714285714285714,-0.7142857142857143,0.0,2.5,0.5,-0.5550943396226414,-1.2094522019334046,0.25,0.25,0.7,1.0925925925925926,0.1428571428571428,-0.7356321839080457,0.3529411764705882,-0.0337078651685393,0.1428571428571428,-0.7159090909090907,-0.4634146341463414,0.0319999999999997,-0.3918918918918919,0.095890410958904,-0.5208333333333334,-0.2241379310344827,-0.0549450549450553,-0.5454545454545453,-0.848644257494751,0.5289640103269624,1
-0.2712598803862642,0.6805158601293477,-1.5215311004784686,-0.3685393258426984,-1.0,-0.8571428571428571,0.8571428571428571,-0.2857142857142857,0.0,0.5,-1.3252480705622929,-0.6904847396768404,0.125,0.33335,-1.4449877750611255,-0.1784841075794627,-0.4285714285714285,-0.2857142857142857,0.5714285714285714,0.875,0.0,-0.6860377358490565,-0.5968492660221983,0.125,0.25,1.82,1.3703703703703705,9.785714285714286,2.298850574712644,0.0,0.6067415730337076,9.785714285714286,2.284090909090909,-0.4634146341463414,-0.4720000000000002,-0.3918918918918919,1.2328767123287674,0.3333333333333333,-1.1436781609195403,-0.9340659340659344,-0.8181818181818181,-0.848644257494751,0.5289640103269624,0
-0.2712598803862642,-0.4752781815419544,-1.3038277511961716,-0.3887640449438208,0.25,0.2857142857142857,-0.1428571428571428,0.4285714285714285,-0.5,0.0,0.2660786475560456,-0.1382405745062836,0.0,0.25,-0.9339853300733492,-0.0660146699266505,-0.1428571428571428,-0.7142857142857143,0.1428571428571428,-0.875,0.5,-0.2694339622641509,0.3580379520229143,0.16665,0.33335,0.32,-0.4444444444444444,0.0,-0.6206896551724136,0.0,-0.8539325842696629,0.0,-0.6022727272727271,-0.4634146341463414,-0.5840000000000001,-0.3918918918918919,-0.465753424657534,0.8125,-0.5402298850574713,-0.3571428571428575,-0.3444976076555023,-0.848644257494751,0.5289640103269624,2
-0.2712598803862642,-0.2589950911935538,1.0669856459330134,-0.5707865168539343,0.625,-0.7142857142857143,0.5714285714285714,0.1428571428571428,2.5,0.0,0.0543917677324514,-0.739317773788151,0.3,0.16665,0.3545232273838644,0.3105134474327617,0.2857142857142857,-0.4285714285714285,-1.4285714285714286,-0.375,0.5,1.5966037735849057,0.0,0.5,0.5,-0.56,-0.6666666666666666,0.0,-0.7586206896551723,0.0,-1.1123595505617976,0.0,-0.7386363636363635,-0.4634146341463414,0.6159999999999998,-0.3918918918918919,-0.315068493150685,0.1458333333333333,-0.3103448275862064,-0.1373626373626373,0.7177033492822966,-0.848644257494751,0.5289640103269624,2
-0.192844711280987,-0.4427295337365857,0.0,-1.7168539325842724,1.0,-0.5714285714285714,-0.1428571428571428,1.0,1.0,-0.5,0.5883866225652334,-0.8976660682226213,0.2143,0.0,-1.4449877750611255,-0.4669926650366736,-1.0,-1.2857142857142858,1.5714285714285714,1.0,-0.5,-1.433962264150943,-1.4493376297887572,0.1,0.0,0.26,2.259259259259259,0.0,-0.8735632183908044,0.0,-0.8876404494382021,0.0714285714285714,-0.4545454545454545,-0.2357723577235774,-0.5360000000000004,0.081081081081081,-0.2465753424657535,-2.2916666666666665,-0.6781609195402297,-0.3351648351648355,-0.277511961722488,-0.848644257494751,0.5289640103269624,1
-0.2385895744177663,-0.1490263886941853,-0.3684210526315786,-0.7550561797752826,-1.0,-0.2857142857142857,0.5714285714285714,0.8571428571428571,0.5,-0.5,-1.2568908489525907,-0.6463195691202873,0.33335,0.0,-0.8239608801955988,0.6210268948655235,-0.2857142857142857,-0.2857142857142857,0.2857142857142857,-0.125,1.0,-0.4490566037735847,-0.0941639813820264,0.0,0.5,1.06,1.1296296296296295,3.0714285714285716,-0.7011494252873562,0.0,-0.5617977528089886,7.642857142857143,-0.409090909090909,0.0162601626016258,0.032,-0.0675675675675675,-0.589041095890411,-0.1875,-0.3160919540229885,-0.4670329670329674,-0.0574162679425838,-0.848644257494751,0.5289640103269624,2
-0.2712598803862642,0.0725048271089272,-1.3253588516746413,-0.5101123595505632,-0.875,-0.5714285714285714,-0.2857142857142857,0.0,-0.5,-0.5,-0.6806321205439175,-0.5281867145421903,0.0,0.0,-1.1784841075794632,-0.0904645476772612,-0.7142857142857143,0.7142857142857143,1.0,-0.25,0.0,-1.0664150943396222,0.5012531328320802,0.1,0.25,0.84,1.6666666666666667,0.0714285714285714,0.1264367816091955,1.8823529411764708,0.7303370786516852,0.0714285714285714,0.1363636363636364,-0.4634146341463414,0.3839999999999998,-0.3918918918918919,0.0,-1.0208333333333333,-1.488505747126437,-1.263736263736264,-0.401913875598086,-0.848644257494751,0.5289640103269624,0
0.0246820891506933,-0.3647158574333094,0.0430622009569372,-1.0629213483146098,0.375,-0.4285714285714285,-1.1428571428571428,0.1428571428571428,0.5,-0.5,1.3101800808526278,-0.4725314183123878,0.5,0.0,-0.6894865525672376,-1.2004889975550117,-1.1428571428571428,-0.1428571428571428,0.1428571428571428,0.0,-0.5,-1.3475471698113204,-0.0852130325814535,0.0,0.0,2.88,3.185185185185185,0.0714285714285714,1.5057471264367817,0.3529411764705882,0.7752808988764042,3.428571428571429,1.1590909090909092,-0.2926829268292682,-0.6400000000000003,0.0135135135135134,-0.328767123287671,-0.6041666666666666,1.1034482758620692,1.1868131868131866,1.095693779904306,-0.848644257494751,0.5289640103269624,1
-0.2671760083366098,-0.5672099837209328,-0.6531100478468911,-0.6134831460674178,-0.5,-1.2857142857142858,0.1428571428571428,2.0,-0.5,-0.5,-0.4762954796030869,-1.657091561938959,0.0,0.0,-0.977995110024449,-1.8019559902200464,-1.4285714285714286,-1.1428571428571428,2.857142857142857,0.125,-0.5,-1.8867924528301885,-1.074113856068743,0.0,0.0,2.6,3.2037037037037037,1.4285714285714286,0.4022988505747126,0.4705882352941177,1.078651685393258,0.4285714285714286,0.965909090909091,-0.2520325203252034,-0.7680000000000002,0.2702702702702705,-0.575342465753425,-0.9166666666666666,1.1436781609195406,1.2747252747252746,1.1004784688995215,-0.848644257494751,0.5289640103269624,1
-0.2582234755834006,1.0668232459857554,-0.0215311004784697,0.3685393258426964,-0.75,0.4285714285714285,0.0,-0.7142857142857143,-0.5,0.0,-0.6806321205439175,0.6614003590664275,0.0,0.5,-0.5330073349633254,0.0880195599021993,0.2857142857142857,-1.0,-0.7142857142857143,0.25,0.0,0.6290566037735846,-0.9477264590046542,0.0,0.25,0.44,0.8148148148148148,0.0,-0.0459770114942527,8.058823529411764,-0.1573033707865168,0.3571428571428571,0.3522727272727272,-0.1219512195121949,0.3679999999999999,0.0675675675675673,-0.1643835616438357,-0.4791666666666667,0.0229885057471267,0.4120879120879121,0.8468899521531101,-0.848644257494751,0.5289640103269624,1
-0.2712598803862642,-0.2841792217148133,-0.282296650717704,-0.0404494382022487,-0.25,0.4285714285714285,-0.8571428571428571,-0.4285714285714285,0.0,0.0,0.6387357589121648,0.4272890484739677,0.5,0.5,-0.3789731051344751,-0.1344743276283631,-0.7142857142857143,0.2857142857142857,0.7142857142857143,-0.625,1.5,-0.9883018867924528,0.6595059076262084,0.16665,0.4,-0.34,-0.5370370370370371,1.0,-0.528735632183908,0.0,-0.5617977528089886,1.0,-0.5113636363636364,-0.4634146341463414,0.0239999999999996,-0.3918918918918919,-0.7123287671232877,0.2291666666666666,0.3620689655172412,0.5054945054945049,-0.0526315789473684,-0.9377521321470804,0.3473052528448203,2
-0.2057959573814147,0.0406872200272603,0.4354066985645919,-0.0404494382022487,-0.5,2.2857142857142856,0.5714285714285714,-0.5714285714285714,1.0,-0.5,-0.6806321205439175,1.0337522441651708,0.3,0.0,-1.0,-1.6014669926650345,0.5714285714285714,-0.4285714285714285,0.7142857142857143,-0.375,-0.5,-0.1256603773584905,0.0,0.2,0.0,-0.1,-0.6296296296296297,0.0,-0.8505747126436779,0.0,-0.7415730337078652,0.0,-0.1022727272727273,-0.048780487804878,-0.28,0.4729729729729727,0.0,0.5833333333333334,-0.2758620689655171,-0.384615384615385,0.2105263157894739,-0.9377521321470804,0.3473052528448203,2
-0.2712598803862642,0.0515687250574903,-2.8923444976076556,-0.5101123595505632,-0.875,-0.7142857142857143,2.7142857142857144,0.2857142857142857,0.0,-0.5,-1.4601249540610068,-0.7978456014362658,0.05,0.0,0.7555012224938883,0.3765281173594123,0.1428571428571428,0.0,-1.0,-0.75,0.0,0.8803773584905656,0.6713211600429645,0.5,0.5,1.5,1.851851851851852,0.0,-0.7241379310344825,9.235294117647058,0.4494382022471909,0.0,-0.7045454545454544,-0.4634146341463414,1.296,-0.3918918918918919,0.6712328767123288,-0.5416666666666666,0.632183908045977,0.7637362637362632,-0.5885167464114832,-0.9377521321470804,0.3473052528448203,1
2.246051669365628,1.158943540667634,-0.3923444976076568,-0.1213483146067423,-0.25,0.5714285714285714,-0.2857142857142857,-1.1428571428571428,0.5,0.0,0.0400588019110621,1.161579892280072,0.25,0.16665,-1.1124694376528124,0.2004889975550115,-0.8571428571428571,-0.7142857142857143,1.2857142857142858,0.125,0.0,-1.2577358490566035,-0.5968492660221983,0.125,0.5,0.8,0.6111111111111112,15.142857142857144,0.689655172413793,1.411764705882353,0.438202247191011,0.0,0.0227272727272728,-0.4146341463414636,0.3039999999999996,0.4054054054054051,-0.219178082191781,0.125,0.1781609195402299,0.3186813186813185,-0.3732057416267942,-0.9377521321470804,0.3473052528448203,2
-0.2712598803862642,-0.362564531548728,0.1100478468899506,-0.1011235955056179,0.5,0.7142857142857143,-0.4285714285714285,-0.5714285714285714,1.0,0.5,0.6001470047776553,0.6527827648114901,0.375,0.33335,-1.0,0.6430317848410745,-0.2857142857142857,-0.1428571428571428,-0.4285714285714285,-0.25,0.5,0.0,0.0941639813820264,0.125,0.5,0.14,-0.074074074074074,0.0,-0.379310344827586,0.0,-0.4494382022471909,0.0,-0.3636363636363635,-0.4634146341463414,-0.5440000000000003,-0.3918918918918919,-0.6712328767123288,0.2083333333333333,-0.5632183908045976,-0.3791208791208794,-0.4832535885167464,-0.9377521321470804,0.3473052528448203,2
-0.2712598803862642,-0.2035525873916922,-0.8038277511961727,0.224719101123595,-0.25,1.1428571428571428,0.4285714285714285,-1.4285714285714286,0.5,0.5,-0.4020580668871736,1.6064631956912032,0.2,0.33335,-1.3349633251833757,0.8655256723716369,-0.8571428571428571,0.7142857142857143,-0.2857142857142857,-1.125,1.5,-0.7256603773584904,1.392409595417114,0.0,0.5,0.96,1.6111111111111112,16.642857142857146,-0.0919540229885056,0.0,-0.2808988764044943,16.642857142857146,-0.0795454545454544,-0.4634146341463414,0.4639999999999998,-0.3918918918918919,-0.5342465753424658,-0.8333333333333334,-0.3563218390804595,-0.1813186813186815,0.5885167464114831,-0.9377521321470804,0.3473052528448203,1
-0.2712598803862642,-0.1253091004351632,-1.0,-0.5101123595505632,-0.75,-0.1428571428571428,1.8571428571428572,-0.5714285714285714,-0.5,0.0,-1.249173098125689,0.2244165170556553,0.0,0.25,-0.4889975550122256,-1.2224938875305602,0.4285714285714285,-0.8571428571428571,-0.1428571428571428,0.625,-0.5,0.2460377358490566,-0.9377013963480128,0.33335,0.0,0.1,0.2777777777777778,0.0,0.2988505747126438,0.0,-0.5280898876404494,0.0,0.3068181818181819,-0.4634146341463414,-0.1520000000000002,-0.3918918918918919,0.2328767123287672,-0.2291666666666666,-0.925287356321839,-0.7252747252747257,-0.2822966507177032,-0.9377521321470804,0.3473052528448203,1
-0.2712598803862642,-0.3463141749657387,-0.0215311004784697,0.1842696629213482,0.5,0.4285714285714285,-0.5714285714285714,-0.5714285714285714,0.5,0.5,0.7195883866225655,0.5385996409335728,0.2,0.33335,-1.6894865525672376,-0.2224938875305624,-0.5714285714285714,0.2857142857142857,-0.4285714285714285,-0.5,1.0,-0.2694339622641509,0.5370569280343717,0.0,0.375,0.08,0.4444444444444444,1.5000000000000002,-0.2988505747126436,13.470588235294118,-0.7640449438202246,1.5000000000000002,-0.284090909090909,-0.4634146341463414,-0.6400000000000003,-0.3918918918918919,-0.1917808219178082,-0.4375,-0.8103448275862069,-0.6153846153846158,-0.5933014354066984,-0.9377521321470804,0.3473052528448203,0
-0.1252699528643842,-0.0121481461484342,-1.6100478468899515,0.2044943820224706,-1.125,0.4285714285714285,1.8571428571428572,1.1428571428571428,-0.5,1.0,-1.6115398750459389,-0.3368043087971274,0.0,0.3,-0.6014669926650359,0.4669926650366736,-0.5714285714285714,0.8571428571428571,-1.1428571428571428,-1.125,0.0,0.6290566037735846,1.4131757966344431,0.16665,0.5,2.62,2.3518518518518516,1.2857142857142858,0.5977011494252872,2.3529411764705883,-0.6741573033707864,0.5714285714285715,0.0454545454545454,-0.3821138211382117,-0.5440000000000004,0.27027027027027,0.095890410958904,0.0625,1.1379310344827585,1.192307692307692,0.9330143540669856,-0.9377521321470804,0.3473052528448203,2
-0.2712598803862642,1.3574172955840331,-1.7392344497607657,-0.3056179775280905,-1.125,-0.5714285714285714,1.4285714285714286,0.5714285714285714,-0.5,0.0,-1.5714810731348767,-0.769479353680431,0.0,0.16665,-0.5110024449877744,0.7995110024449863,0.5714285714285714,0.7142857142857143,0.2857142857142857,-0.75,2.0,0.0698113207547168,0.9377013963480128,0.2,0.5,1.42,-0.3518518518518518,2.285714285714286,0.1494252873563219,11.529411764705884,0.8764044943820224,2.285714285714286,0.1590909090909091,-0.4634146341463414,-0.4320000000000005,-0.3918918918918919,0.1506849315068495,1.8541666666666667,0.53448275862069,0.6703296703296702,0.7942583732057412,-0.9377521321470804,0.3473052528448203,0
-0.0467780710321422,-0.3304472539101936,-1.2607655502392343,-1.1033707865168567,-0.375,-0.1428571428571428,0.1428571428571428,-0.1428571428571428,0.0,-0.5,-0.3579566335905916,-0.0944344703770197,0.125,0.0,-0.1344743276283612,-0.8679706601466989,-0.8571428571428571,-0.2857142857142857,-0.1428571428571428,0.125,-0.5,-0.8086792452830186,-0.2556390977443609,0.33335,0.0,1.7,1.962962962962963,0.0,-0.6206896551724136,1.9411764705882353,-0.7865168539325841,0.0,0.1818181818181817,-0.0162601626016258,1.992,0.5405405405405402,0.3972602739726025,-0.4583333333333333,1.5689655172413792,1.961538461538461,-0.2248803827751195,-0.9377521321470804,0.3473052528448203,1
-0.1765023351973952,1.1712283979086917,-1.15311004784689,-1.1438202247191034,-0.875,-0.5714285714285714,0.2857142857142857,-1.0,-0.5,0.0,-0.9867695700110252,0.3590664272890484,0.0,0.25,-0.4009779951100239,0.4669926650366736,0.4285714285714285,0.4285714285714285,-0.5714285714285714,-0.625,0.0,0.5660377358490566,0.7160759040458285,0.16665,0.25,1.6,1.7592592592592593,0.0,1.252873563218391,0.5294117647058824,0.5505617977528087,2.9285714285714284,0.1818181818181817,-0.0650406504065036,-0.4800000000000003,0.8783783783783786,-0.273972602739726,-0.3333333333333333,0.7586206896551726,0.6373626373626371,0.9521531100478468,-0.9377521321470804,0.3473052528448203,2
-0.0441094170706298,0.750149222553638,-0.6531100478468911,0.0,-0.75,-0.8571428571428571,-0.4285714285714285,-0.8571428571428571,0.0,1.5,-0.3741271591326716,-0.1996409335727109,0.16665,0.33335,-1.2909535452322731,-2.933985330073345,-0.7142857142857143,-1.1428571428571428,-0.4285714285714285,0.75,-0.5,-0.4354716981132074,-1.2531328320802002,0.0,0.0,-0.12,2.0185185185185186,0.0714285714285714,-0.4942528735632182,0.0,-0.5280898876404494,0.7142857142857143,0.0795454545454546,0.2520325203252029,0.952,0.2702702702702702,-0.0410958904109587,-2.4166666666666665,0.9712643678160924,1.5714285714285712,-0.1004784688995215,-0.9377521321470804,0.3473052528448203,1
-0.2712598803862642,-0.0231004098139158,0.8038277511961706,-0.2044943820224726,-0.25,-0.5714285714285714,-0.4285714285714285,-0.4285714285714285,1.0,-0.5,0.1617052554208013,-0.2563734290843807,0.5,0.25,-2.1344743276283635,-1.533007334963322,-1.0,-1.1428571428571428,0.4285714285714285,1.0,-0.5,-1.2207547169811317,-1.3018259935553167,0.0,0.0,1.94,2.4444444444444446,0.0,0.5057471264367818,0.0,-0.6179775280898875,0.0,0.5113636363636366,-0.4634146341463414,0.632,-0.3918918918918919,0.589041095890411,-0.75,0.4425287356321841,0.5824175824175821,1.3540669856459326,-0.9377521321470804,0.3473052528448203,1
-0.1587313768157497,0.8068476717781705,-0.6531100478468911,0.0,-0.75,-0.8571428571428571,-0.4285714285714285,-0.8571428571428571,0.0,1.5,-0.3741271591326716,-0.1996409335727109,0.16665,0.33335,-1.4449877750611255,-1.7163814180929065,-1.2857142857142858,-1.1428571428571428,0.5714285714285714,0.125,0.5,-1.6509433962264146,-1.074113856068743,0.0,0.2,-0.12,1.2407407407407407,8.357142857142858,-0.5747126436781609,0.6470588235294118,0.3146067415730337,22.214285714285715,-0.5,-0.3089430894308941,0.2479999999999998,-0.3243243243243243,0.26027397260274,-1.5416666666666667,0.8448275862068968,0.862637362637362,0.2153110047846889,-0.9377521321470804,0.3473052528448203,1
-0.2712598803862642,0.6828263766748551,-1.782296650717703,-0.7752808988764069,-1.125,0.1428571428571428,0.1428571428571428,-0.4285714285714285,-0.5,-0.5,-1.3403160602719586,0.2833034111310591,0.0,0.0,-1.5354523227383874,-1.6234718826405854,-0.8571428571428571,-0.4285714285714285,-0.2857142857142857,0.625,0.0,-0.7256603773584904,-0.5968492660221983,0.0,0.08335,1.92,1.9074074074074072,3.0714285714285716,0.3908045977011496,3.1176470588235294,0.0561797752808988,3.0714285714285716,0.3977272727272729,-0.4634146341463414,-0.1920000000000002,-0.3918918918918919,-0.36986301369863,-0.1666666666666666,0.4597701149425288,0.5989010989010984,0.8755980861244017,-0.9377521321470804,0.3473052528448203,1
-0.2691885378455189,0.3097070496570632,0.9569377990430604,0.1640449438202238,0.5,0.8571428571428571,-0.7142857142857143,-0.2857142857142857,1.0,-0.5,0.8507901506798972,0.502692998204668,0.5,0.0,-0.7555012224938883,-0.1124694376528121,-1.2857142857142858,-0.4285714285714285,1.2857142857142858,-0.625,-0.5,-1.7071698113207543,0.2556390977443609,0.0,0.25,1.74,1.9444444444444444,0.8571428571428572,0.2643678160919541,0.7058823529411765,0.7640449438202246,1.4285714285714286,0.0340909090909091,-0.4308943089430893,-0.6080000000000002,-0.1081081081081082,0.1643835616438357,-0.3958333333333333,0.9137931034482762,1.0219780219780217,0.8708133971291866,-0.9377521321470804,0.3473052528448203,1
-0.2494419158213145,1.1562102064212734,-0.3684210526315786,-1.348314606741576,0.25,-0.7142857142857143,-0.2857142857142857,-0.1428571428571428,0.5,-0.5,0.3693495038588755,-0.598563734290844,0.33335,0.0,-2.601466992665038,-1.5574572127139348,-1.0,-1.2857142857142858,-0.7142857142857143,0.5,-0.5,-0.6290566037735847,-1.3691371285356246,0.0,0.0,-0.06,0.9814814814814816,0.0,-0.5632183908045975,0.0,0.3370786516853932,0.0,-0.6818181818181818,-0.0406504065040651,-0.5600000000000004,-0.2297297297297296,0.506849315068493,-1.1875,0.5344827586206895,0.7032967032967031,0.583732057416268,-0.9377521321470804,0.3473052528448203,1
-0.2712598803862642,0.7096743232921636,-0.1076555023923443,-0.5303370786516876,0.25,0.4285714285714285,0.0,0.2857142857142857,2.0,0.0,0.1716280779125324,0.0,0.3125,0.25,-0.1564792176039122,-0.8459657701711479,-0.1428571428571428,-0.8571428571428571,-1.2857142857142858,-0.5,-0.5,1.200754716981132,-0.2982456140350876,0.25,0.0,-0.16,0.925925925925926,0.0,0.3908045977011496,0.0,0.0786516853932583,0.0,0.3977272727272729,-0.4634146341463414,0.2239999999999995,-0.3918918918918919,-0.3972602739726025,-1.2291666666666667,1.0057471264367817,1.1208791208791204,0.3636363636363636,-0.9377521321470804,0.3473052528448203,0
-0.2712598803862642,-0.1382297902742801,0.2607655502392343,-0.7550561797752826,-0.25,-0.5714285714285714,0.7142857142857143,0.4285714285714285,-0.5,-0.5,-0.5273796398382946,-0.7181328545780971,0.25,0.0,-0.2665036674816627,0.0220048899755487,0.1428571428571428,0.1428571428571428,0.8571428571428571,-0.75,-0.5,-0.4041509433962262,0.7372001432151806,0.2,0.25,0.42,0.5,2.0714285714285716,-0.8735632183908044,10.882352941176473,2.5505617977528083,2.0714285714285716,-0.8522727272727272,-0.4634146341463414,-0.5519999999999999,-0.3918918918918919,3.4109589041095885,-0.1458333333333333,0.8678160919540235,0.989010989010989,0.8373205741626794,-0.9377521321470804,0.3473052528448203,1
-0.2712598803862642,0.5346716572980698,-1.1746411483253598,0.674157303370787,-0.875,-1.1428571428571428,1.2857142857142858,-0.4285714285714285,-0.5,1.0,-1.2664461595001837,-1.0771992818671454,0.0,0.5,-1.022004889975551,-0.689486552567236,0.1428571428571428,-0.4285714285714285,0.7142857142857143,0.5,0.5,-0.3494339622641509,-0.5449337629788756,0.125,0.2,-0.52,0.8703703703703703,0.0,-0.528735632183908,1.7058823529411764,-0.1235955056179776,0.0,-0.5113636363636364,-0.4634146341463414,-0.3680000000000001,-0.3918918918918919,-0.2602739726027397,-1.5416666666666667,0.5344827586206895,0.6703296703296697,0.8325358851674639,-0.9377521321470804,0.3473052528448203,1
-0.2712598803862642,-0.2257819548740809,-2.5669856459330145,-0.8382022471910129,-1.125,-1.1428571428571428,1.7142857142857142,0.4285714285714285,-0.5,-0.5,-1.5994119808893787,-1.346499102333932,0.0,0.0,-1.4889975550122256,-0.2224938875305624,-0.5714285714285714,-0.5714285714285714,0.7142857142857143,-0.375,-0.5,-0.8577358490566036,-0.1192266380236304,0.0,0.25,3.48,2.074074074074074,0.0714285714285714,-1.0344827586206895,1.0,0.2247191011235954,0.0714285714285714,-1.011363636363636,-0.4634146341463414,-2.842170943040401e-16,-0.3918918918918919,0.7671232876712327,1.2708333333333333,-0.4712643678160917,-0.2912087912087914,-0.6076555023923444,-0.9884683243281114,0.1514277775045766,2
-0.2712598803862642,-0.3861229975276524,-1.717703349282296,-0.224719101123597,-1.125,1.2857142857142858,0.2857142857142857,-1.2857142857142858,0.0,0.5,-1.3803748621830207,1.4535008976660686,0.08335,0.33335,-0.5330073349633254,-0.6234718826405855,-0.8571428571428571,0.0,-0.2857142857142857,-0.25,0.5,-0.7256603773584904,0.1790189760114573,0.0,0.25,0.16,0.1666666666666666,2.5,0.0344827586206897,0.0,-0.6179775280898875,2.5,0.0454545454545454,-0.4634146341463414,-0.2800000000000002,-0.3918918918918919,0.0273972602739725,-0.0416666666666666,-0.3678160919540229,-0.1923076923076927,0.1339712918660285,-0.9884683243281114,0.1514277775045766,2
-0.2712598803862642,-0.4509798155657238,-0.3923444976076568,0.0202247191011223,-0.625,1.4285714285714286,-0.1428571428571428,-0.4285714285714285,1.0,1.0,-0.4355016538037484,0.7694793536804311,0.2143,0.375,0.1320293398533014,-0.6014669926650368,0.7142857142857143,-0.2857142857142857,-0.7142857142857143,-0.625,0.0,0.8086792452830188,0.3580379520229143,0.2222,0.16665,-0.46,-0.4629629629629629,0.0714285714285714,-0.6666666666666664,1.5294117647058825,0.4494382022471909,0.0714285714285714,-0.6477272727272726,-0.4634146341463414,-0.6480000000000004,-0.3918918918918919,0.6027397260273972,0.0208333333333333,-0.5517241379310344,-0.3681318681318685,-0.4114832535885168,-0.9884683243281114,0.1514277775045766,0
-0.2330918106703413,0.0986789336297552,-1.4138755980861244,-1.1438202247191034,-1.0,-0.2857142857142857,1.5714285714285714,0.1428571428571428,-0.5,1.0,-1.4461595001837555,-0.3590664272890484,0.0,0.25,-0.0440097799510997,-0.1564792176039118,-0.2857142857142857,-0.4285714285714285,-0.1428571428571428,-0.25,0.5,-0.2098113207547168,-0.1052631578947367,0.5,0.25,-0.18,0.7222222222222222,0.8571428571428572,0.8620689655172413,0.0,0.438202247191011,2.6428571428571432,0.7159090909090907,-0.1463414634146343,1.0,-0.2162162162162161,-0.452054794520548,-1.0208333333333333,-0.8620689655172412,-0.4505494505494509,0.4880382775119618,-0.9884683243281114,0.1514277775045766,1
-0.2712598803862642,0.0416258545647292,-0.5430622009569384,-0.224719101123597,-0.25,-0.1428571428571428,0.2857142857142857,1.1428571428571428,-0.5,1.5,-0.3303932377802278,-0.6412926391382405,0.0,0.2857,-0.977995110024449,0.3985330073349611,-0.8571428571428571,-0.1428571428571428,1.1428571428571428,-0.75,0.0,-1.2305660377358487,0.5968492660221981,0.25,0.5,0.92,0.3333333333333333,0.0,-0.96551724137931,0.0,0.2808988764044943,0.0,-0.9431818181818182,-0.4634146341463414,-0.1840000000000002,-0.3918918918918919,0.7534246575342465,0.5625,-0.7701149425287356,-0.5769230769230773,-0.1435406698564593,-0.9884683243281114,0.1514277775045766,1
-0.2712598803862642,-0.1945421902851733,-0.129186602870814,0.123595505617977,-0.25,0.2857142857142857,0.4285714285714285,-0.2857142857142857,-0.5,0.5,-0.4020580668871736,0.2563734290843807,0.0,0.33335,-0.6234718826405868,-0.4229828850855739,0.0,0.1428571428571428,0.2857142857142857,-0.375,0.0,-0.2460377358490564,0.3580379520229143,0.16665,0.25,-0.5,0.0185185185185185,0.0,-0.1149425287356321,0.0,-0.4044943820224719,0.0,-0.1022727272727273,-0.4634146341463414,1.264,-0.3918918918918919,-0.410958904109589,-0.5625,0.9712643678160924,1.0879120879120878,-0.2870813397129186,-0.9884683243281114,0.1514277775045766,1
-0.2712598803862642,-0.4772032840936886,-0.4354066985645941,0.2044943820224706,-0.375,-0.2857142857142857,-0.2857142857142857,-0.2857142857142857,0.0,0.5,-0.0679897096655639,-0.1055655296229802,0.16665,0.33335,-0.1124694376528124,0.7995110024449863,0.0,1.2857142857142858,-1.0,-0.5,1.0,0.8086792452830188,0.861797350519155,0.25,0.1875,-0.26,-0.2962962962962963,4.214285714285714,-0.4252873563218389,3.1176470588235294,0.2134831460674155,4.214285714285714,-0.409090909090909,-0.4634146341463414,-0.4960000000000003,-0.3918918918918919,0.0273972602739725,0.0416666666666666,-0.7758620689655171,-0.5824175824175827,-0.3349282296650717,-0.9884683243281114,0.1514277775045766,1
-0.0698114512752094,-0.1474923271256158,0.4784688995215292,0.5528089887640447,-0.25,0.1428571428571428,0.5714285714285714,-0.5714285714285714,0.0,1.5,-0.4674751929437706,0.3989228007181328,0.5,0.5,-1.134474327628361,1.4229828850855717,0.0,0.4285714285714285,-0.2857142857142857,-0.875,1.5,0.0992452830188678,0.9946294307196564,0.0,0.5,0.26,-0.074074074074074,0.0,0.2988505747126438,0.0,0.0674157303370784,14.714285714285715,0.5568181818181818,0.5121951219512192,-0.6560000000000001,-0.0945945945945947,-0.191780821917808,0.3333333333333333,0.0344827586206897,0.8516483516483513,0.1291866028708135,-0.8978045395707417,-0.4403941515576342,2
1.064076814373972,1.584284345344871,0.5215311004784686,-0.224719101123597,0.625,-0.7142857142857143,-1.1428571428571428,-0.5714285714285714,0.0,-0.5,1.3612642410878355,-0.2991023339317774,0.5,0.25,1.022004889975551,-0.689486552567236,-0.1428571428571428,-0.4285714285714285,0.4285714285714285,0.25,0.5,-0.4101886792452829,-0.4260651629072681,0.5,0.2,0.36,0.2222222222222222,0.0,0.5977011494252872,27.647058823529413,-0.2359550561797753,0.0714285714285714,-0.2159090909090909,1.528455284552845,2.392,0.5810810810810809,-0.7534246575342465,0.1041666666666666,1.0574712643678166,-0.1758241758241759,-0.8899521531100478,-0.8978045395707417,-0.4403941515576342,0
0.0299517285306742,0.0287845362588702,-0.9784688995215324,-1.757303370786519,-0.375,-0.7142857142857143,-0.7142857142857143,-0.4285714285714285,0.5,-0.5,0.3561190738699007,-0.414362657091562,0.2,0.0,-0.0684596577017105,0.2004889975550115,1.4285714285714286,-0.2857142857142857,-0.8571428571428571,-0.625,0.0,1.1320754716981132,0.3580379520229143,0.3,0.5,-0.44,0.6296296296296297,7.500000000000001,-0.7011494252873562,2.705882352941176,-0.1348314606741573,0.0,0.6022727272727271,1.3008130081300808,-0.6880000000000002,1.135135135135135,0.1095890410958902,-1.1875,1.051724137931035,-0.0274725274725278,1.07177033492823,-0.968077118866204,-0.2506525322587213,1
0.0135116840937075,-0.4015880105095373,-0.3038277511961737,-2.022471910112363,-0.125,-1.4285714285714286,0.0,0.4285714285714285,0.0,0.0,-0.0679897096655639,-1.7953321364452426,0.25,0.08335,-0.7775061124694371,-0.4449877750611248,0.1428571428571428,-0.7142857142857143,0.4285714285714285,0.25,0.0,-0.2264150943396225,-0.6595059076262082,0.0,0.125,0.2,0.037037037037037,0.0,0.5172413793103448,0.3529411764705882,-0.3820224719101123,0.5714285714285715,-0.7613636363636362,-0.1788617886178862,0.1759999999999999,1.135135135135135,-0.273972602739726,0.1458333333333333,-0.2413793103448277,-0.2307692307692311,0.5119617224880384,-0.9987165071710528,-0.0506491688387135,2
1.509664930097294,-0.0843661793480613,0.6961722488038262,-0.4089887640449452,-0.375,-1.0,-0.7142857142857143,-0.2857142857142857,1.5,-0.5,0.3561190738699007,-0.8976660682226213,0.5,0.25,-0.4889975550122256,0.3765281173594123,-0.2857142857142857,0.0,-0.4285714285714285,-0.875,1.0,0.0,0.8353025420694591,0.0,0.375,-0.24,0.1296296296296296,2.5,2.1494252873563213,1.1764705882352942,-0.1348314606741573,9.214285714285715,0.875,1.7967479674796745,-0.6560000000000004,1.1081081081081077,0.4383561643835617,-0.4166666666666667,0.8505747126436781,-0.5549450549450552,0.8277511961722486,-0.9987165071710528,-0.0506491688387135,1
